canonicalPrintingId,language,region,canonicalSetId,providerSetIds,collectorNumber,setTotal,providerCardIds,evidenceUsed,exactnessJustification,conflictFlags,auditClassification
pokemon|en|GLOBAL|set:41fc68b7bbfa2cd4|100|unspecified,en,GLOBAL,pokemon|en|GLOBAL|tcgdex:base1,"{""tcgdex"": ""base1""}",100,102,"{""tcgdex"": ""base1-100""}","[{""provider"": ""tcgdex"", ""providerCardId"": ""base1-100"", ""providerSetId"": ""base1"", ""serieId"": ""base"", ""serieName"": ""Base"", ""sourceLanguage"": ""en""}]",Explicit language-scoped provider card/set ID plus canonical set and collector identity; native name is corroborating only.,,exact_catalogue_record
pokemon|en|GLOBAL|set:41fc68b7bbfa2cd4|101|unspecified,en,GLOBAL,pokemon|en|GLOBAL|tcgdex:base1,"{""tcgdex"": ""base1""}",101,102,"{""tcgdex"": ""base1-101""}","[{""provider"": ""tcgdex"", ""providerCardId"": ""base1-101"", ""providerSetId"": ""base1"", ""serieId"": ""base"", ""serieName"": ""Base"", ""sourceLanguage"": ""en""}]",Explicit language-scoped provider card/set ID plus canonical set and collector identity; native name is corroborating only.,,exact_catalogue_record
pokemon|en|GLOBAL|set:41fc68b7bbfa2cd4|102|unspecified,en,GLOBAL,pokemon|en|GLOBAL|tcgdex:base1,"{""tcgdex"": ""base1""}",102,102,"{""tcgdex"": ""base1-102""}","[{""provider"": ""tcgdex"", ""providerCardId"": ""base1-102"", ""providerSetId"": ""base1"", ""serieId"": ""base"", ""serieName"": ""Base"", ""sourceLanguage"": ""en""}]",Explicit language-scoped provider card/set ID plus canonical set and collector identity; native name is corroborating only.,,exact_catalogue_record
pokemon|en|GLOBAL|set:41fc68b7bbfa2cd4|10|unspecified,en,GLOBAL,pokemon|en|GLOBAL|tcgdex:base1,"{""tcgdex"": ""base1""}",10,102,"{""tcgdex"": ""base1-10""}","[{""provider"": ""tcgdex"", ""providerCardId"": ""base1-10"", ""providerSetId"": ""base1"", ""serieId"": ""base"", ""serieName"": ""Base"", ""sourceLanguage"": ""en""}]",Explicit language-scoped provider card/set ID plus canonical set and collector identity; native name is corroborating only.,,exact_catalogue_record
pokemon|en|GLOBAL|set:41fc68b7bbfa2cd4|11|unspecified,en,GLOBAL,pokemon|en|GLOBAL|tcgdex:base1,"{""tcgdex"": ""base1""}",11,102,"{""tcgdex"": ""base1-11""}","[{""provider"": ""tcgdex"", ""providerCardId"": ""base1-11"", ""providerSetId"": ""base1"", ""serieId"": ""base"", ""serieName"": ""Base"", ""sourceLanguage"": ""en""}]",Explicit language-scoped provider card/set ID plus canonical set and collector identity; native name is corroborating only.,,exact_catalogue_record
pokemon|en|GLOBAL|set:41fc68b7bbfa2cd4|12|unspecified,en,GLOBAL,pokemon|en|GLOBAL|tcgdex:base1,"{""tcgdex"": ""base1""}",12,102,"{""tcgdex"": ""base1-12""}","[{""provider"": ""tcgdex"", ""providerCardId"": ""base1-12"", ""providerSetId"": ""base1"", ""serieId"": ""base"", ""serieName"": ""Base"", ""sourceLanguage"": ""en""}]",Explicit language-scoped provider card/set ID plus canonical set and collector identity; native name is corroborating only.,,exact_catalogue_record
pokemon|en|GLOBAL|set:41fc68b7bbfa2cd4|13|unspecified,en,GLOBAL,pokemon|en|GLOBAL|tcgdex:base1,"{""tcgdex"": ""base1""}",13,102,"{""tcgdex"": ""base1-13""}","[{""provider"": ""tcgdex"", ""providerCardId"": ""base1-13"", ""providerSetId"": ""base1"", ""serieId"": ""base"", ""serieName"": ""Base"", ""sourceLanguage"": ""en""}]",Explicit language-scoped provider card/set ID plus canonical set and collector identity; native name is corroborating only.,,exact_catalogue_record
pokemon|en|GLOBAL|set:41fc68b7bbfa2cd4|14|unspecified,en,GLOBAL,pokemon|en|GLOBAL|tcgdex:base1,"{""tcgdex"": ""base1""}",14,102,"{""tcgdex"": ""base1-14""}","[{""provider"": ""tcgdex"", ""providerCardId"": ""base1-14"", ""providerSetId"": ""base1"", ""serieId"": ""base"", ""serieName"": ""Base"", ""sourceLanguage"": ""en""}]",Explicit language-scoped provider card/set ID plus canonical set and collector identity; native name is corroborating only.,,exact_catalogue_record
pokemon|en|GLOBAL|set:41fc68b7bbfa2cd4|15|unspecified,en,GLOBAL,pokemon|en|GLOBAL|tcgdex:base1,"{""tcgdex"": ""base1""}",15,102,"{""tcgdex"": ""base1-15""}","[{""provider"": ""tcgdex"", ""providerCardId"": ""base1-15"", ""providerSetId"": ""base1"", ""serieId"": ""base"", ""serieName"": ""Base"", ""sourceLanguage"": ""en""}]",Explicit language-scoped provider card/set ID plus canonical set and collector identity; native name is corroborating only.,,exact_catalogue_record
pokemon|en|GLOBAL|set:41fc68b7bbfa2cd4|16|unspecified,en,GLOBAL,pokemon|en|GLOBAL|tcgdex:base1,"{""tcgdex"": ""base1""}",16,102,"{""tcgdex"": ""base1-16""}","[{""provider"": ""tcgdex"", ""providerCardId"": ""base1-16"", ""providerSetId"": ""base1"", ""serieId"": ""base"", ""serieName"": ""Base"", ""sourceLanguage"": ""en""}]",Explicit language-scoped provider card/set ID plus canonical set and collector identity; native name is corroborating only.,,exact_catalogue_record
pokemon|en|GLOBAL|set:41fc68b7bbfa2cd4|17|unspecified,en,GLOBAL,pokemon|en|GLOBAL|tcgdex:base1,"{""tcgdex"": ""base1""}",17,102,"{""tcgdex"": ""base1-17""}","[{""provider"": ""tcgdex"", ""providerCardId"": ""base1-17"", ""providerSetId"": ""base1"", ""serieId"": ""base"", ""serieName"": ""Base"", ""sourceLanguage"": ""en""}]",Explicit language-scoped provider card/set ID plus canonical set and collector identity; native name is corroborating only.,,exact_catalogue_record
pokemon|en|GLOBAL|set:41fc68b7bbfa2cd4|18|unspecified,en,GLOBAL,pokemon|en|GLOBAL|tcgdex:base1,"{""tcgdex"": ""base1""}",18,102,"{""tcgdex"": ""base1-18""}","[{""provider"": ""tcgdex"", ""providerCardId"": ""base1-18"", ""providerSetId"": ""base1"", ""serieId"": ""base"", ""serieName"": ""Base"", ""sourceLanguage"": ""en""}]",Explicit language-scoped provider card/set ID plus canonical set and collector identity; native name is corroborating only.,,exact_catalogue_record
pokemon|en|GLOBAL|set:41fc68b7bbfa2cd4|19|unspecified,en,GLOBAL,pokemon|en|GLOBAL|tcgdex:base1,"{""tcgdex"": ""base1""}",19,102,"{""tcgdex"": ""base1-19""}","[{""provider"": ""tcgdex"", ""providerCardId"": ""base1-19"", ""providerSetId"": ""base1"", ""serieId"": ""base"", ""serieName"": ""Base"", ""sourceLanguage"": ""en""}]",Explicit language-scoped provider card/set ID plus canonical set and collector identity; native name is corroborating only.,,exact_catalogue_record
pokemon|en|GLOBAL|set:41fc68b7bbfa2cd4|1|unspecified,en,GLOBAL,pokemon|en|GLOBAL|tcgdex:base1,"{""tcgdex"": ""base1""}",1,102,"{""tcgdex"": ""base1-1""}","[{""provider"": ""tcgdex"", ""providerCardId"": ""base1-1"", ""providerSetId"": ""base1"", ""serieId"": ""base"", ""serieName"": ""Base"", ""sourceLanguage"": ""en""}]",Explicit language-scoped provider card/set ID plus canonical set and collector identity; native name is corroborating only.,,exact_catalogue_record
pokemon|en|GLOBAL|set:41fc68b7bbfa2cd4|20|unspecified,en,GLOBAL,pokemon|en|GLOBAL|tcgdex:base1,"{""tcgdex"": ""base1""}",20,102,"{""tcgdex"": ""base1-20""}","[{""provider"": ""tcgdex"", ""providerCardId"": ""base1-20"", ""providerSetId"": ""base1"", ""serieId"": ""base"", ""serieName"": ""Base"", ""sourceLanguage"": ""en""}]",Explicit language-scoped provider card/set ID plus canonical set and collector identity; native name is corroborating only.,,exact_catalogue_record
pokemon|en|GLOBAL|set:61617aaa87a11426|9|unspecified,en,GLOBAL,pokemon|en|GLOBAL|tcgdex:me04,"{""tcgdex"": ""me04""}",009,86,"{""tcgdex"": ""me04-009""}","[{""provider"": ""tcgdex"", ""providerCardId"": ""me04-009"", ""providerSetId"": ""me04"", ""serieId"": ""me"", ""serieName"": ""Mega Evolution"", ""sourceLanguage"": ""en""}]",Explicit language-scoped provider card/set ID plus canonical set and collector identity; native name is corroborating only.,,exact_catalogue_record
pokemon|en|GLOBAL|set:61617aaa87a11426|99|unspecified,en,GLOBAL,pokemon|en|GLOBAL|tcgdex:me04,"{""tcgdex"": ""me04""}",099,86,"{""tcgdex"": ""me04-099""}","[{""provider"": ""tcgdex"", ""providerCardId"": ""me04-099"", ""providerSetId"": ""me04"", ""serieId"": ""me"", ""serieName"": ""Mega Evolution"", ""sourceLanguage"": ""en""}]",Explicit language-scoped provider card/set ID plus canonical set and collector identity; native name is corroborating only.,,exact_catalogue_record
pokemon|en|GLOBAL|set:61617aaa87a11426|98|unspecified,en,GLOBAL,pokemon|en|GLOBAL|tcgdex:me04,"{""tcgdex"": ""me04""}",098,86,"{""tcgdex"": ""me04-098""}","[{""provider"": ""tcgdex"", ""providerCardId"": ""me04-098"", ""providerSetId"": ""me04"", ""serieId"": ""me"", ""serieName"": ""Mega Evolution"", ""sourceLanguage"": ""en""}]",Explicit language-scoped provider card/set ID plus canonical set and collector identity; native name is corroborating only.,,exact_catalogue_record
pokemon|en|GLOBAL|set:61617aaa87a11426|97|unspecified,en,GLOBAL,pokemon|en|GLOBAL|tcgdex:me04,"{""tcgdex"": ""me04""}",097,86,"{""tcgdex"": ""me04-097""}","[{""provider"": ""tcgdex"", ""providerCardId"": ""me04-097"", ""providerSetId"": ""me04"", ""serieId"": ""me"", ""serieName"": ""Mega Evolution"", ""sourceLanguage"": ""en""}]",Explicit language-scoped provider card/set ID plus canonical set and collector identity; native name is corroborating only.,,exact_catalogue_record
pokemon|en|GLOBAL|set:61617aaa87a11426|96|unspecified,en,GLOBAL,pokemon|en|GLOBAL|tcgdex:me04,"{""tcgdex"": ""me04""}",096,86,"{""tcgdex"": ""me04-096""}","[{""provider"": ""tcgdex"", ""providerCardId"": ""me04-096"", ""providerSetId"": ""me04"", ""serieId"": ""me"", ""serieName"": ""Mega Evolution"", ""sourceLanguage"": ""en""}]",Explicit language-scoped provider card/set ID plus canonical set and collector identity; native name is corroborating only.,,exact_catalogue_record
pokemon|en|GLOBAL|set:61617aaa87a11426|95|unspecified,en,GLOBAL,pokemon|en|GLOBAL|tcgdex:me04,"{""tcgdex"": ""me04""}",095,86,"{""tcgdex"": ""me04-095""}","[{""provider"": ""tcgdex"", ""providerCardId"": ""me04-095"", ""providerSetId"": ""me04"", ""serieId"": ""me"", ""serieName"": ""Mega Evolution"", ""sourceLanguage"": ""en""}]",Explicit language-scoped provider card/set ID plus canonical set and collector identity; native name is corroborating only.,,exact_catalogue_record
pokemon|en|GLOBAL|set:61617aaa87a11426|94|unspecified,en,GLOBAL,pokemon|en|GLOBAL|tcgdex:me04,"{""tcgdex"": ""me04""}",094,86,"{""tcgdex"": ""me04-094""}","[{""provider"": ""tcgdex"", ""providerCardId"": ""me04-094"", ""providerSetId"": ""me04"", ""serieId"": ""me"", ""serieName"": ""Mega Evolution"", ""sourceLanguage"": ""en""}]",Explicit language-scoped provider card/set ID plus canonical set and collector identity; native name is corroborating only.,,exact_catalogue_record
pokemon|en|GLOBAL|set:61617aaa87a11426|93|unspecified,en,GLOBAL,pokemon|en|GLOBAL|tcgdex:me04,"{""tcgdex"": ""me04""}",093,86,"{""tcgdex"": ""me04-093""}","[{""provider"": ""tcgdex"", ""providerCardId"": ""me04-093"", ""providerSetId"": ""me04"", ""serieId"": ""me"", ""serieName"": ""Mega Evolution"", ""sourceLanguage"": ""en""}]",Explicit language-scoped provider card/set ID plus canonical set and collector identity; native name is corroborating only.,,exact_catalogue_record
pokemon|en|GLOBAL|set:61617aaa87a11426|92|unspecified,en,GLOBAL,pokemon|en|GLOBAL|tcgdex:me04,"{""tcgdex"": ""me04""}",092,86,"{""tcgdex"": ""me04-092""}","[{""provider"": ""tcgdex"", ""providerCardId"": ""me04-092"", ""providerSetId"": ""me04"", ""serieId"": ""me"", ""serieName"": ""Mega Evolution"", ""sourceLanguage"": ""en""}]",Explicit language-scoped provider card/set ID plus canonical set and collector identity; native name is corroborating only.,,exact_catalogue_record
pokemon|en|GLOBAL|set:61617aaa87a11426|91|unspecified,en,GLOBAL,pokemon|en|GLOBAL|tcgdex:me04,"{""tcgdex"": ""me04""}",091,86,"{""tcgdex"": ""me04-091""}","[{""provider"": ""tcgdex"", ""providerCardId"": ""me04-091"", ""providerSetId"": ""me04"", ""serieId"": ""me"", ""serieName"": ""Mega Evolution"", ""sourceLanguage"": ""en""}]",Explicit language-scoped provider card/set ID plus canonical set and collector identity; native name is corroborating only.,,exact_catalogue_record
pokemon|en|GLOBAL|set:61617aaa87a11426|90|unspecified,en,GLOBAL,pokemon|en|GLOBAL|tcgdex:me04,"{""tcgdex"": ""me04""}",090,86,"{""tcgdex"": ""me04-090""}","[{""provider"": ""tcgdex"", ""providerCardId"": ""me04-090"", ""providerSetId"": ""me04"", ""serieId"": ""me"", ""serieName"": ""Mega Evolution"", ""sourceLanguage"": ""en""}]",Explicit language-scoped provider card/set ID plus canonical set and collector identity; native name is corroborating only.,,exact_catalogue_record
pokemon|en|GLOBAL|set:61617aaa87a11426|8|unspecified,en,GLOBAL,pokemon|en|GLOBAL|tcgdex:me04,"{""tcgdex"": ""me04""}",008,86,"{""tcgdex"": ""me04-008""}","[{""provider"": ""tcgdex"", ""providerCardId"": ""me04-008"", ""providerSetId"": ""me04"", ""serieId"": ""me"", ""serieName"": ""Mega Evolution"", ""sourceLanguage"": ""en""}]",Explicit language-scoped provider card/set ID plus canonical set and collector identity; native name is corroborating only.,,exact_catalogue_record
pokemon|en|GLOBAL|set:61617aaa87a11426|89|unspecified,en,GLOBAL,pokemon|en|GLOBAL|tcgdex:me04,"{""tcgdex"": ""me04""}",089,86,"{""tcgdex"": ""me04-089""}","[{""provider"": ""tcgdex"", ""providerCardId"": ""me04-089"", ""providerSetId"": ""me04"", ""serieId"": ""me"", ""serieName"": ""Mega Evolution"", ""sourceLanguage"": ""en""}]",Explicit language-scoped provider card/set ID plus canonical set and collector identity; native name is corroborating only.,,exact_catalogue_record
pokemon|en|GLOBAL|set:61617aaa87a11426|88|unspecified,en,GLOBAL,pokemon|en|GLOBAL|tcgdex:me04,"{""tcgdex"": ""me04""}",088,86,"{""tcgdex"": ""me04-088""}","[{""provider"": ""tcgdex"", ""providerCardId"": ""me04-088"", ""providerSetId"": ""me04"", ""serieId"": ""me"", ""serieName"": ""Mega Evolution"", ""sourceLanguage"": ""en""}]",Explicit language-scoped provider card/set ID plus canonical set and collector identity; native name is corroborating only.,,exact_catalogue_record
pokemon|en|GLOBAL|set:61617aaa87a11426|87|unspecified,en,GLOBAL,pokemon|en|GLOBAL|tcgdex:me04,"{""tcgdex"": ""me04""}",087,86,"{""tcgdex"": ""me04-087""}","[{""provider"": ""tcgdex"", ""providerCardId"": ""me04-087"", ""providerSetId"": ""me04"", ""serieId"": ""me"", ""serieName"": ""Mega Evolution"", ""sourceLanguage"": ""en""}]",Explicit language-scoped provider card/set ID plus canonical set and collector identity; native name is corroborating only.,,exact_catalogue_record
pokemon|en|GLOBAL|set:2aa4b649057f50b9|1|unspecified,en,GLOBAL,pokemon|en|GLOBAL|tcgdex:svp,"{""tcgdex"": ""svp""}",001,225,"{""tcgdex"": ""svp-001""}","[{""provider"": ""tcgdex"", ""providerCardId"": ""svp-001"", ""providerSetId"": ""svp"", ""serieId"": ""sv"", ""serieName"": ""Scarlet & Violet"", ""sourceLanguage"": ""en""}]",Explicit language-scoped provider card/set ID plus canonical set and collector identity; native name is corroborating only.,,exact_catalogue_record
pokemon|en|GLOBAL|set:2aa4b649057f50b9|10|unspecified,en,GLOBAL,pokemon|en|GLOBAL|tcgdex:svp,"{""tcgdex"": ""svp""}",010,225,"{""tcgdex"": ""svp-010""}","[{""provider"": ""tcgdex"", ""providerCardId"": ""svp-010"", ""providerSetId"": ""svp"", ""serieId"": ""sv"", ""serieName"": ""Scarlet & Violet"", ""sourceLanguage"": ""en""}]",Explicit language-scoped provider card/set ID plus canonical set and collector identity; native name is corroborating only.,,exact_catalogue_record
pokemon|en|GLOBAL|set:2aa4b649057f50b9|100|unspecified,en,GLOBAL,pokemon|en|GLOBAL|tcgdex:svp,"{""tcgdex"": ""svp""}",100,225,"{""tcgdex"": ""svp-100""}","[{""provider"": ""tcgdex"", ""providerCardId"": ""svp-100"", ""providerSetId"": ""svp"", ""serieId"": ""sv"", ""serieName"": ""Scarlet & Violet"", ""sourceLanguage"": ""en""}]",Explicit language-scoped provider card/set ID plus canonical set and collector identity; native name is corroborating only.,,exact_catalogue_record
pokemon|en|GLOBAL|set:2aa4b649057f50b9|101|unspecified,en,GLOBAL,pokemon|en|GLOBAL|tcgdex:svp,"{""tcgdex"": ""svp""}",101,225,"{""tcgdex"": ""svp-101""}","[{""provider"": ""tcgdex"", ""providerCardId"": ""svp-101"", ""providerSetId"": ""svp"", ""serieId"": ""sv"", ""serieName"": ""Scarlet & Violet"", ""sourceLanguage"": ""en""}]",Explicit language-scoped provider card/set ID plus canonical set and collector identity; native name is corroborating only.,,exact_catalogue_record
pokemon|en|GLOBAL|set:2aa4b649057f50b9|102|unspecified,en,GLOBAL,pokemon|en|GLOBAL|tcgdex:svp,"{""tcgdex"": ""svp""}",102,225,"{""tcgdex"": ""svp-102""}","[{""provider"": ""tcgdex"", ""providerCardId"": ""svp-102"", ""providerSetId"": ""svp"", ""serieId"": ""sv"", ""serieName"": ""Scarlet & Violet"", ""sourceLanguage"": ""en""}]",Explicit language-scoped provider card/set ID plus canonical set and collector identity; native name is corroborating only.,,exact_catalogue_record
pokemon|en|GLOBAL|set:2aa4b649057f50b9|103|unspecified,en,GLOBAL,pokemon|en|GLOBAL|tcgdex:svp,"{""tcgdex"": ""svp""}",103,225,"{""tcgdex"": ""svp-103""}","[{""provider"": ""tcgdex"", ""providerCardId"": ""svp-103"", ""providerSetId"": ""svp"", ""serieId"": ""sv"", ""serieName"": ""Scarlet & Violet"", ""sourceLanguage"": ""en""}]",Explicit language-scoped provider card/set ID plus canonical set and collector identity; native name is corroborating only.,,exact_catalogue_record
pokemon|en|GLOBAL|set:2aa4b649057f50b9|104|unspecified,en,GLOBAL,pokemon|en|GLOBAL|tcgdex:svp,"{""tcgdex"": ""svp""}",104,225,"{""tcgdex"": ""svp-104""}","[{""provider"": ""tcgdex"", ""providerCardId"": ""svp-104"", ""providerSetId"": ""svp"", ""serieId"": ""sv"", ""serieName"": ""Scarlet & Violet"", ""sourceLanguage"": ""en""}]",Explicit language-scoped provider card/set ID plus canonical set and collector identity; native name is corroborating only.,,exact_catalogue_record
pokemon|en|GLOBAL|set:2aa4b649057f50b9|105|unspecified,en,GLOBAL,pokemon|en|GLOBAL|tcgdex:svp,"{""tcgdex"": ""svp""}",105,225,"{""tcgdex"": ""svp-105""}","[{""provider"": ""tcgdex"", ""providerCardId"": ""svp-105"", ""providerSetId"": ""svp"", ""serieId"": ""sv"", ""serieName"": ""Scarlet & Violet"", ""sourceLanguage"": ""en""}]",Explicit language-scoped provider card/set ID plus canonical set and collector identity; native name is corroborating only.,,exact_catalogue_record
pokemon|en|GLOBAL|set:2aa4b649057f50b9|106|unspecified,en,GLOBAL,pokemon|en|GLOBAL|tcgdex:svp,"{""tcgdex"": ""svp""}",106,225,"{""tcgdex"": ""svp-106""}","[{""provider"": ""tcgdex"", ""providerCardId"": ""svp-106"", ""providerSetId"": ""svp"", ""serieId"": ""sv"", ""serieName"": ""Scarlet & Violet"", ""sourceLanguage"": ""en""}]",Explicit language-scoped provider card/set ID plus canonical set and collector identity; native name is corroborating only.,,exact_catalogue_record
pokemon|en|GLOBAL|set:2aa4b649057f50b9|107|unspecified,en,GLOBAL,pokemon|en|GLOBAL|tcgdex:svp,"{""tcgdex"": ""svp""}",107,225,"{""tcgdex"": ""svp-107""}","[{""provider"": ""tcgdex"", ""providerCardId"": ""svp-107"", ""providerSetId"": ""svp"", ""serieId"": ""sv"", ""serieName"": ""Scarlet & Violet"", ""sourceLanguage"": ""en""}]",Explicit language-scoped provider card/set ID plus canonical set and collector identity; native name is corroborating only.,,exact_catalogue_record
pokemon|en|GLOBAL|set:2aa4b649057f50b9|108|unspecified,en,GLOBAL,pokemon|en|GLOBAL|tcgdex:svp,"{""tcgdex"": ""svp""}",108,225,"{""tcgdex"": ""svp-108""}","[{""provider"": ""tcgdex"", ""providerCardId"": ""svp-108"", ""providerSetId"": ""svp"", ""serieId"": ""sv"", ""serieName"": ""Scarlet & Violet"", ""sourceLanguage"": ""en""}]",Explicit language-scoped provider card/set ID plus canonical set and collector identity; native name is corroborating only.,,exact_catalogue_record
pokemon|en|GLOBAL|set:2aa4b649057f50b9|109|unspecified,en,GLOBAL,pokemon|en|GLOBAL|tcgdex:svp,"{""tcgdex"": ""svp""}",109,225,"{""tcgdex"": ""svp-109""}","[{""provider"": ""tcgdex"", ""providerCardId"": ""svp-109"", ""providerSetId"": ""svp"", ""serieId"": ""sv"", ""serieName"": ""Scarlet & Violet"", ""sourceLanguage"": ""en""}]",Explicit language-scoped provider card/set ID plus canonical set and collector identity; native name is corroborating only.,,exact_catalogue_record
pokemon|en|GLOBAL|set:2aa4b649057f50b9|11|unspecified,en,GLOBAL,pokemon|en|GLOBAL|tcgdex:svp,"{""tcgdex"": ""svp""}",011,225,"{""tcgdex"": ""svp-011""}","[{""provider"": ""tcgdex"", ""providerCardId"": ""svp-011"", ""providerSetId"": ""svp"", ""serieId"": ""sv"", ""serieName"": ""Scarlet & Violet"", ""sourceLanguage"": ""en""}]",Explicit language-scoped provider card/set ID plus canonical set and collector identity; native name is corroborating only.,,exact_catalogue_record
pokemon|en|GLOBAL|set:2aa4b649057f50b9|110|unspecified,en,GLOBAL,pokemon|en|GLOBAL|tcgdex:svp,"{""tcgdex"": ""svp""}",110,225,"{""tcgdex"": ""svp-110""}","[{""provider"": ""tcgdex"", ""providerCardId"": ""svp-110"", ""providerSetId"": ""svp"", ""serieId"": ""sv"", ""serieName"": ""Scarlet & Violet"", ""sourceLanguage"": ""en""}]",Explicit language-scoped provider card/set ID plus canonical set and collector identity; native name is corroborating only.,,exact_catalogue_record
pokemon|en|GLOBAL|set:2aa4b649057f50b9|111|unspecified,en,GLOBAL,pokemon|en|GLOBAL|tcgdex:svp,"{""tcgdex"": ""svp""}",111,225,"{""tcgdex"": ""svp-111""}","[{""provider"": ""tcgdex"", ""providerCardId"": ""svp-111"", ""providerSetId"": ""svp"", ""serieId"": ""sv"", ""serieName"": ""Scarlet & Violet"", ""sourceLanguage"": ""en""}]",Explicit language-scoped provider card/set ID plus canonical set and collector identity; native name is corroborating only.,,exact_catalogue_record
pokemon|en|GLOBAL|set:c1f348ff3b77bdf9|RC1|unspecified,en,GLOBAL,pokemon|en|GLOBAL|tcgdex:bw11,"{""tcgdex"": ""bw11""}",RC1,113,"{""tcgdex"": ""bw11-RC1""}","[{""provider"": ""tcgdex"", ""providerCardId"": ""bw11-RC1"", ""providerSetId"": ""bw11"", ""serieId"": ""bw"", ""serieName"": ""Black & White"", ""sourceLanguage"": ""en""}]",Explicit language-scoped provider card/set ID plus canonical set and collector identity; native name is corroborating only.,,exact_catalogue_record
pokemon|en|GLOBAL|set:c1f348ff3b77bdf9|RC10|unspecified,en,GLOBAL,pokemon|en|GLOBAL|tcgdex:bw11,"{""tcgdex"": ""bw11""}",RC10,113,"{""tcgdex"": ""bw11-RC10""}","[{""provider"": ""tcgdex"", ""providerCardId"": ""bw11-RC10"", ""providerSetId"": ""bw11"", ""serieId"": ""bw"", ""serieName"": ""Black & White"", ""sourceLanguage"": ""en""}]",Explicit language-scoped provider card/set ID plus canonical set and collector identity; native name is corroborating only.,,exact_catalogue_record
pokemon|en|GLOBAL|set:c1f348ff3b77bdf9|RC11|unspecified,en,GLOBAL,pokemon|en|GLOBAL|tcgdex:bw11,"{""tcgdex"": ""bw11""}",RC11,113,"{""tcgdex"": ""bw11-RC11""}","[{""provider"": ""tcgdex"", ""providerCardId"": ""bw11-RC11"", ""providerSetId"": ""bw11"", ""serieId"": ""bw"", ""serieName"": ""Black & White"", ""sourceLanguage"": ""en""}]",Explicit language-scoped provider card/set ID plus canonical set and collector identity; native name is corroborating only.,,exact_catalogue_record
pokemon|en|GLOBAL|set:c1f348ff3b77bdf9|RC12|unspecified,en,GLOBAL,pokemon|en|GLOBAL|tcgdex:bw11,"{""tcgdex"": ""bw11""}",RC12,113,"{""tcgdex"": ""bw11-RC12""}","[{""provider"": ""tcgdex"", ""providerCardId"": ""bw11-RC12"", ""providerSetId"": ""bw11"", ""serieId"": ""bw"", ""serieName"": ""Black & White"", ""sourceLanguage"": ""en""}]",Explicit language-scoped provider card/set ID plus canonical set and collector identity; native name is corroborating only.,,exact_catalogue_record
pokemon|en|GLOBAL|set:c1f348ff3b77bdf9|RC13|unspecified,en,GLOBAL,pokemon|en|GLOBAL|tcgdex:bw11,"{""tcgdex"": ""bw11""}",RC13,113,"{""tcgdex"": ""bw11-RC13""}","[{""provider"": ""tcgdex"", ""providerCardId"": ""bw11-RC13"", ""providerSetId"": ""bw11"", ""serieId"": ""bw"", ""serieName"": ""Black & White"", ""sourceLanguage"": ""en""}]",Explicit language-scoped provider card/set ID plus canonical set and collector identity; native name is corroborating only.,,exact_catalogue_record
pokemon|en|GLOBAL|set:c1f348ff3b77bdf9|RC14|unspecified,en,GLOBAL,pokemon|en|GLOBAL|tcgdex:bw11,"{""tcgdex"": ""bw11""}",RC14,113,"{""tcgdex"": ""bw11-RC14""}","[{""provider"": ""tcgdex"", ""providerCardId"": ""bw11-RC14"", ""providerSetId"": ""bw11"", ""serieId"": ""bw"", ""serieName"": ""Black & White"", ""sourceLanguage"": ""en""}]",Explicit language-scoped provider card/set ID plus canonical set and collector identity; native name is corroborating only.,,exact_catalogue_record
pokemon|en|GLOBAL|set:c1f348ff3b77bdf9|RC15|unspecified,en,GLOBAL,pokemon|en|GLOBAL|tcgdex:bw11,"{""tcgdex"": ""bw11""}",RC15,113,"{""tcgdex"": ""bw11-RC15""}","[{""provider"": ""tcgdex"", ""providerCardId"": ""bw11-RC15"", ""providerSetId"": ""bw11"", ""serieId"": ""bw"", ""serieName"": ""Black & White"", ""sourceLanguage"": ""en""}]",Explicit language-scoped provider card/set ID plus canonical set and collector identity; native name is corroborating only.,,exact_catalogue_record
pokemon|en|GLOBAL|set:c1f348ff3b77bdf9|RC16|unspecified,en,GLOBAL,pokemon|en|GLOBAL|tcgdex:bw11,"{""tcgdex"": ""bw11""}",RC16,113,"{""tcgdex"": ""bw11-RC16""}","[{""provider"": ""tcgdex"", ""providerCardId"": ""bw11-RC16"", ""providerSetId"": ""bw11"", ""serieId"": ""bw"", ""serieName"": ""Black & White"", ""sourceLanguage"": ""en""}]",Explicit language-scoped provider card/set ID plus canonical set and collector identity; native name is corroborating only.,,exact_catalogue_record
pokemon|en|GLOBAL|set:c1f348ff3b77bdf9|RC17|unspecified,en,GLOBAL,pokemon|en|GLOBAL|tcgdex:bw11,"{""tcgdex"": ""bw11""}",RC17,113,"{""tcgdex"": ""bw11-RC17""}","[{""provider"": ""tcgdex"", ""providerCardId"": ""bw11-RC17"", ""providerSetId"": ""bw11"", ""serieId"": ""bw"", ""serieName"": ""Black & White"", ""sourceLanguage"": ""en""}]",Explicit language-scoped provider card/set ID plus canonical set and collector identity; native name is corroborating only.,,exact_catalogue_record
pokemon|en|GLOBAL|set:c1f348ff3b77bdf9|RC18|unspecified,en,GLOBAL,pokemon|en|GLOBAL|tcgdex:bw11,"{""tcgdex"": ""bw11""}",RC18,113,"{""tcgdex"": ""bw11-RC18""}","[{""provider"": ""tcgdex"", ""providerCardId"": ""bw11-RC18"", ""providerSetId"": ""bw11"", ""serieId"": ""bw"", ""serieName"": ""Black & White"", ""sourceLanguage"": ""en""}]",Explicit language-scoped provider card/set ID plus canonical set and collector identity; native name is corroborating only.,,exact_catalogue_record
pokemon|en|GLOBAL|set:c1f348ff3b77bdf9|RC19|unspecified,en,GLOBAL,pokemon|en|GLOBAL|tcgdex:bw11,"{""tcgdex"": ""bw11""}",RC19,113,"{""tcgdex"": ""bw11-RC19""}","[{""provider"": ""tcgdex"", ""providerCardId"": ""bw11-RC19"", ""providerSetId"": ""bw11"", ""serieId"": ""bw"", ""serieName"": ""Black & White"", ""sourceLanguage"": ""en""}]",Explicit language-scoped provider card/set ID plus canonical set and collector identity; native name is corroborating only.,,exact_catalogue_record
pokemon|en|GLOBAL|set:c1f348ff3b77bdf9|RC2|unspecified,en,GLOBAL,pokemon|en|GLOBAL|tcgdex:bw11,"{""tcgdex"": ""bw11""}",RC2,113,"{""tcgdex"": ""bw11-RC2""}","[{""provider"": ""tcgdex"", ""providerCardId"": ""bw11-RC2"", ""providerSetId"": ""bw11"", ""serieId"": ""bw"", ""serieName"": ""Black & White"", ""sourceLanguage"": ""en""}]",Explicit language-scoped provider card/set ID plus canonical set and collector identity; native name is corroborating only.,,exact_catalogue_record
pokemon|en|GLOBAL|set:c1f348ff3b77bdf9|RC20|unspecified,en,GLOBAL,pokemon|en|GLOBAL|tcgdex:bw11,"{""tcgdex"": ""bw11""}",RC20,113,"{""tcgdex"": ""bw11-RC20""}","[{""provider"": ""tcgdex"", ""providerCardId"": ""bw11-RC20"", ""providerSetId"": ""bw11"", ""serieId"": ""bw"", ""serieName"": ""Black & White"", ""sourceLanguage"": ""en""}]",Explicit language-scoped provider card/set ID plus canonical set and collector identity; native name is corroborating only.,,exact_catalogue_record
pokemon|en|GLOBAL|set:c1f348ff3b77bdf9|RC21|unspecified,en,GLOBAL,pokemon|en|GLOBAL|tcgdex:bw11,"{""tcgdex"": ""bw11""}",RC21,113,"{""tcgdex"": ""bw11-RC21""}","[{""provider"": ""tcgdex"", ""providerCardId"": ""bw11-RC21"", ""providerSetId"": ""bw11"", ""serieId"": ""bw"", ""serieName"": ""Black & White"", ""sourceLanguage"": ""en""}]",Explicit language-scoped provider card/set ID plus canonical set and collector identity; native name is corroborating only.,,exact_catalogue_record
pokemon|en|GLOBAL|set:c1f348ff3b77bdf9|RC22|unspecified,en,GLOBAL,pokemon|en|GLOBAL|tcgdex:bw11,"{""tcgdex"": ""bw11""}",RC22,113,"{""tcgdex"": ""bw11-RC22""}","[{""provider"": ""tcgdex"", ""providerCardId"": ""bw11-RC22"", ""providerSetId"": ""bw11"", ""serieId"": ""bw"", ""serieName"": ""Black & White"", ""sourceLanguage"": ""en""}]",Explicit language-scoped provider card/set ID plus canonical set and collector identity; native name is corroborating only.,,exact_catalogue_record
pokemon|en|GLOBAL|set:cc57d5c8bb4889b8|1|unspecified,en,GLOBAL,pokemon|en|GLOBAL|tcgdex:A1,"{""tcgdex"": ""A1""}",001,226,"{""tcgdex"": ""A1-001""}","[{""provider"": ""tcgdex"", ""providerCardId"": ""A1-001"", ""providerSetId"": ""A1"", ""serieId"": ""tcgp"", ""serieName"": ""Pokémon TCG Pocket"", ""sourceLanguage"": ""en""}]",Explicit language-scoped provider card/set ID plus canonical set and collector identity; native name is corroborating only.,,exact_catalogue_record
pokemon|en|GLOBAL|set:cc57d5c8bb4889b8|10|unspecified,en,GLOBAL,pokemon|en|GLOBAL|tcgdex:A1,"{""tcgdex"": ""A1""}",010,226,"{""tcgdex"": ""A1-010""}","[{""provider"": ""tcgdex"", ""providerCardId"": ""A1-010"", ""providerSetId"": ""A1"", ""serieId"": ""tcgp"", ""serieName"": ""Pokémon TCG Pocket"", ""sourceLanguage"": ""en""}]",Explicit language-scoped provider card/set ID plus canonical set and collector identity; native name is corroborating only.,,exact_catalogue_record
pokemon|en|GLOBAL|set:cc57d5c8bb4889b8|11|unspecified,en,GLOBAL,pokemon|en|GLOBAL|tcgdex:A1,"{""tcgdex"": ""A1""}",011,226,"{""tcgdex"": ""A1-011""}","[{""provider"": ""tcgdex"", ""providerCardId"": ""A1-011"", ""providerSetId"": ""A1"", ""serieId"": ""tcgp"", ""serieName"": ""Pokémon TCG Pocket"", ""sourceLanguage"": ""en""}]",Explicit language-scoped provider card/set ID plus canonical set and collector identity; native name is corroborating only.,,exact_catalogue_record
pokemon|en|GLOBAL|set:cc57d5c8bb4889b8|12|unspecified,en,GLOBAL,pokemon|en|GLOBAL|tcgdex:A1,"{""tcgdex"": ""A1""}",012,226,"{""tcgdex"": ""A1-012""}","[{""provider"": ""tcgdex"", ""providerCardId"": ""A1-012"", ""providerSetId"": ""A1"", ""serieId"": ""tcgp"", ""serieName"": ""Pokémon TCG Pocket"", ""sourceLanguage"": ""en""}]",Explicit language-scoped provider card/set ID plus canonical set and collector identity; native name is corroborating only.,,exact_catalogue_record
pokemon|en|GLOBAL|set:cc57d5c8bb4889b8|13|unspecified,en,GLOBAL,pokemon|en|GLOBAL|tcgdex:A1,"{""tcgdex"": ""A1""}",013,226,"{""tcgdex"": ""A1-013""}","[{""provider"": ""tcgdex"", ""providerCardId"": ""A1-013"", ""providerSetId"": ""A1"", ""serieId"": ""tcgp"", ""serieName"": ""Pokémon TCG Pocket"", ""sourceLanguage"": ""en""}]",Explicit language-scoped provider card/set ID plus canonical set and collector identity; native name is corroborating only.,,exact_catalogue_record
pokemon|en|GLOBAL|set:cc57d5c8bb4889b8|14|unspecified,en,GLOBAL,pokemon|en|GLOBAL|tcgdex:A1,"{""tcgdex"": ""A1""}",014,226,"{""tcgdex"": ""A1-014""}","[{""provider"": ""tcgdex"", ""providerCardId"": ""A1-014"", ""providerSetId"": ""A1"", ""serieId"": ""tcgp"", ""serieName"": ""Pokémon TCG Pocket"", ""sourceLanguage"": ""en""}]",Explicit language-scoped provider card/set ID plus canonical set and collector identity; native name is corroborating only.,,exact_catalogue_record
pokemon|en|GLOBAL|set:cc57d5c8bb4889b8|15|unspecified,en,GLOBAL,pokemon|en|GLOBAL|tcgdex:A1,"{""tcgdex"": ""A1""}",015,226,"{""tcgdex"": ""A1-015""}","[{""provider"": ""tcgdex"", ""providerCardId"": ""A1-015"", ""providerSetId"": ""A1"", ""serieId"": ""tcgp"", ""serieName"": ""Pokémon TCG Pocket"", ""sourceLanguage"": ""en""}]",Explicit language-scoped provider card/set ID plus canonical set and collector identity; native name is corroborating only.,,exact_catalogue_record
pokemon|en|GLOBAL|set:cc57d5c8bb4889b8|16|unspecified,en,GLOBAL,pokemon|en|GLOBAL|tcgdex:A1,"{""tcgdex"": ""A1""}",016,226,"{""tcgdex"": ""A1-016""}","[{""provider"": ""tcgdex"", ""providerCardId"": ""A1-016"", ""providerSetId"": ""A1"", ""serieId"": ""tcgp"", ""serieName"": ""Pokémon TCG Pocket"", ""sourceLanguage"": ""en""}]",Explicit language-scoped provider card/set ID plus canonical set and collector identity; native name is corroborating only.,,exact_catalogue_record
pokemon|en|GLOBAL|set:cc57d5c8bb4889b8|17|unspecified,en,GLOBAL,pokemon|en|GLOBAL|tcgdex:A1,"{""tcgdex"": ""A1""}",017,226,"{""tcgdex"": ""A1-017""}","[{""provider"": ""tcgdex"", ""providerCardId"": ""A1-017"", ""providerSetId"": ""A1"", ""serieId"": ""tcgp"", ""serieName"": ""Pokémon TCG Pocket"", ""sourceLanguage"": ""en""}]",Explicit language-scoped provider card/set ID plus canonical set and collector identity; native name is corroborating only.,,exact_catalogue_record
pokemon|en|GLOBAL|set:cc57d5c8bb4889b8|18|unspecified,en,GLOBAL,pokemon|en|GLOBAL|tcgdex:A1,"{""tcgdex"": ""A1""}",018,226,"{""tcgdex"": ""A1-018""}","[{""provider"": ""tcgdex"", ""providerCardId"": ""A1-018"", ""providerSetId"": ""A1"", ""serieId"": ""tcgp"", ""serieName"": ""Pokémon TCG Pocket"", ""sourceLanguage"": ""en""}]",Explicit language-scoped provider card/set ID plus canonical set and collector identity; native name is corroborating only.,,exact_catalogue_record
pokemon|en|GLOBAL|set:671196a559f8b72a|1|unspecified,en,GLOBAL,pokemon|en|GLOBAL|tcgdex:mep,"{""tcgdex"": ""mep""}",001,0,"{""tcgdex"": ""mep-001""}","[{""provider"": ""tcgdex"", ""providerCardId"": ""mep-001"", ""providerSetId"": ""mep"", ""serieId"": ""me"", ""serieName"": ""Mega Evolution"", ""sourceLanguage"": ""en""}]",Explicit language-scoped provider card/set ID plus canonical set and collector identity; native name is corroborating only.,,exact_catalogue_record
pokemon|en|GLOBAL|set:671196a559f8b72a|10|unspecified,en,GLOBAL,pokemon|en|GLOBAL|tcgdex:mep,"{""tcgdex"": ""mep""}",010,0,"{""tcgdex"": ""mep-010""}","[{""provider"": ""tcgdex"", ""providerCardId"": ""mep-010"", ""providerSetId"": ""mep"", ""serieId"": ""me"", ""serieName"": ""Mega Evolution"", ""sourceLanguage"": ""en""}]",Explicit language-scoped provider card/set ID plus canonical set and collector identity; native name is corroborating only.,,exact_catalogue_record
pokemon|en|GLOBAL|set:671196a559f8b72a|11|unspecified,en,GLOBAL,pokemon|en|GLOBAL|tcgdex:mep,"{""tcgdex"": ""mep""}",011,0,"{""tcgdex"": ""mep-011""}","[{""provider"": ""tcgdex"", ""providerCardId"": ""mep-011"", ""providerSetId"": ""mep"", ""serieId"": ""me"", ""serieName"": ""Mega Evolution"", ""sourceLanguage"": ""en""}]",Explicit language-scoped provider card/set ID plus canonical set and collector identity; native name is corroborating only.,,exact_catalogue_record
pokemon|en|GLOBAL|set:671196a559f8b72a|12|unspecified,en,GLOBAL,pokemon|en|GLOBAL|tcgdex:mep,"{""tcgdex"": ""mep""}",012,0,"{""tcgdex"": ""mep-012""}","[{""provider"": ""tcgdex"", ""providerCardId"": ""mep-012"", ""providerSetId"": ""mep"", ""serieId"": ""me"", ""serieName"": ""Mega Evolution"", ""sourceLanguage"": ""en""}]",Explicit language-scoped provider card/set ID plus canonical set and collector identity; native name is corroborating only.,,exact_catalogue_record
pokemon|en|GLOBAL|set:671196a559f8b72a|13|unspecified,en,GLOBAL,pokemon|en|GLOBAL|tcgdex:mep,"{""tcgdex"": ""mep""}",013,0,"{""tcgdex"": ""mep-013""}","[{""provider"": ""tcgdex"", ""providerCardId"": ""mep-013"", ""providerSetId"": ""mep"", ""serieId"": ""me"", ""serieName"": ""Mega Evolution"", ""sourceLanguage"": ""en""}]",Explicit language-scoped provider card/set ID plus canonical set and collector identity; native name is corroborating only.,,exact_catalogue_record
pokemon|en|GLOBAL|set:671196a559f8b72a|14|unspecified,en,GLOBAL,pokemon|en|GLOBAL|tcgdex:mep,"{""tcgdex"": ""mep""}",014,0,"{""tcgdex"": ""mep-014""}","[{""provider"": ""tcgdex"", ""providerCardId"": ""mep-014"", ""providerSetId"": ""mep"", ""serieId"": ""me"", ""serieName"": ""Mega Evolution"", ""sourceLanguage"": ""en""}]",Explicit language-scoped provider card/set ID plus canonical set and collector identity; native name is corroborating only.,,exact_catalogue_record
pokemon|en|GLOBAL|set:671196a559f8b72a|15|unspecified,en,GLOBAL,pokemon|en|GLOBAL|tcgdex:mep,"{""tcgdex"": ""mep""}",015,0,"{""tcgdex"": ""mep-015""}","[{""provider"": ""tcgdex"", ""providerCardId"": ""mep-015"", ""providerSetId"": ""mep"", ""serieId"": ""me"", ""serieName"": ""Mega Evolution"", ""sourceLanguage"": ""en""}]",Explicit language-scoped provider card/set ID plus canonical set and collector identity; native name is corroborating only.,,exact_catalogue_record
pokemon|en|GLOBAL|set:671196a559f8b72a|16|unspecified,en,GLOBAL,pokemon|en|GLOBAL|tcgdex:mep,"{""tcgdex"": ""mep""}",016,0,"{""tcgdex"": ""mep-016""}","[{""provider"": ""tcgdex"", ""providerCardId"": ""mep-016"", ""providerSetId"": ""mep"", ""serieId"": ""me"", ""serieName"": ""Mega Evolution"", ""sourceLanguage"": ""en""}]",Explicit language-scoped provider card/set ID plus canonical set and collector identity; native name is corroborating only.,,exact_catalogue_record
pokemon|en|GLOBAL|set:671196a559f8b72a|17|unspecified,en,GLOBAL,pokemon|en|GLOBAL|tcgdex:mep,"{""tcgdex"": ""mep""}",017,0,"{""tcgdex"": ""mep-017""}","[{""provider"": ""tcgdex"", ""providerCardId"": ""mep-017"", ""providerSetId"": ""mep"", ""serieId"": ""me"", ""serieName"": ""Mega Evolution"", ""sourceLanguage"": ""en""}]",Explicit language-scoped provider card/set ID plus canonical set and collector identity; native name is corroborating only.,,exact_catalogue_record
pokemon|en|GLOBAL|set:671196a559f8b72a|18|unspecified,en,GLOBAL,pokemon|en|GLOBAL|tcgdex:mep,"{""tcgdex"": ""mep""}",018,0,"{""tcgdex"": ""mep-018""}","[{""provider"": ""tcgdex"", ""providerCardId"": ""mep-018"", ""providerSetId"": ""mep"", ""serieId"": ""me"", ""serieName"": ""Mega Evolution"", ""sourceLanguage"": ""en""}]",Explicit language-scoped provider card/set ID plus canonical set and collector identity; native name is corroborating only.,,exact_catalogue_record
pokemon|en|GLOBAL|set:6cad1a2d10f23d88|27|unspecified,en,GLOBAL,pokemon|en|GLOBAL|tcgdex:pl1,"{""tcgdex"": ""pl1""}",27,127,"{""tcgdex"": ""pl1-27""}","[{""provider"": ""tcgdex"", ""providerCardId"": ""pl1-27"", ""providerSetId"": ""pl1"", ""serieId"": ""pl"", ""serieName"": ""Platinum"", ""sourceLanguage"": ""en""}]",Explicit language-scoped provider card/set ID plus canonical set and collector identity; native name is corroborating only.,,exact_catalogue_record
pokemon|en|GLOBAL|set:3f9503f7a176392d|231|unspecified,en,GLOBAL,pokemon|en|GLOBAL|tcgdex:swsh7,"{""tcgdex"": ""swsh7""}",231,203,"{""tcgdex"": ""swsh7-231""}","[{""provider"": ""tcgdex"", ""providerCardId"": ""swsh7-231"", ""providerSetId"": ""swsh7"", ""serieId"": ""swsh"", ""serieName"": ""Sword & Shield"", ""sourceLanguage"": ""en""}]",Explicit language-scoped provider card/set ID plus canonical set and collector identity; native name is corroborating only.,,exact_catalogue_record
pokemon|en|GLOBAL|set:88669d193a06df52|35|unspecified,en,GLOBAL,pokemon|en|GLOBAL|tcgdex:xy1,"{""tcgdex"": ""xy1""}",35,146,"{""tcgdex"": ""xy1-35""}","[{""provider"": ""tcgdex"", ""providerCardId"": ""xy1-35"", ""providerSetId"": ""xy1"", ""serieId"": ""xy"", ""serieName"": ""XY"", ""sourceLanguage"": ""en""}]",Explicit language-scoped provider card/set ID plus canonical set and collector identity; native name is corroborating only.,,exact_catalogue_record
pokemon|en|GLOBAL|set:8b73b4255adfc0be|43|unspecified,en,GLOBAL,pokemon|en|GLOBAL|tcgdex:bw2,"{""tcgdex"": ""bw2""}",43,98,"{""tcgdex"": ""bw2-43""}","[{""provider"": ""tcgdex"", ""providerCardId"": ""bw2-43"", ""providerSetId"": ""bw2"", ""serieId"": ""bw"", ""serieName"": ""Black & White"", ""sourceLanguage"": ""en""}]",Explicit language-scoped provider card/set ID plus canonical set and collector identity; native name is corroborating only.,,exact_catalogue_record
pokemon|en|GLOBAL|set:0a6d6e7d9c449e88|30|unspecified,en,GLOBAL,pokemon|en|GLOBAL|tcgdex:neo4,"{""tcgdex"": ""neo4""}",30,105,"{""tcgdex"": ""neo4-30""}","[{""provider"": ""tcgdex"", ""providerCardId"": ""neo4-30"", ""providerSetId"": ""neo4"", ""serieId"": ""neo"", ""serieName"": ""Neo"", ""sourceLanguage"": ""en""}]",Explicit language-scoped provider card/set ID plus canonical set and collector identity; native name is corroborating only.,,exact_catalogue_record
pokemon|en|GLOBAL|set:8b73b4255adfc0be|53|unspecified,en,GLOBAL,pokemon|en|GLOBAL|tcgdex:bw2,"{""tcgdex"": ""bw2""}",53,98,"{""tcgdex"": ""bw2-53""}","[{""provider"": ""tcgdex"", ""providerCardId"": ""bw2-53"", ""providerSetId"": ""bw2"", ""serieId"": ""bw"", ""serieName"": ""Black & White"", ""sourceLanguage"": ""en""}]",Explicit language-scoped provider card/set ID plus canonical set and collector identity; native name is corroborating only.,,exact_catalogue_record
pokemon|en|GLOBAL|set:87a97ed1e7bcdba6|144|unspecified,en,GLOBAL,pokemon|en|GLOBAL|tcgdex:sv04,"{""tcgdex"": ""sv04""}",144,182,"{""tcgdex"": ""sv04-144""}","[{""provider"": ""tcgdex"", ""providerCardId"": ""sv04-144"", ""providerSetId"": ""sv04"", ""serieId"": ""sv"", ""serieName"": ""Scarlet & Violet"", ""sourceLanguage"": ""en""}]",Explicit language-scoped provider card/set ID plus canonical set and collector identity; native name is corroborating only.,,exact_catalogue_record
pokemon|en|GLOBAL|set:423f682acfb0bcbe|15|unspecified,en,GLOBAL,pokemon|en|GLOBAL|tcgdex:gym1,"{""tcgdex"": ""gym1""}",15,132,"{""tcgdex"": ""gym1-15""}","[{""provider"": ""tcgdex"", ""providerCardId"": ""gym1-15"", ""providerSetId"": ""gym1"", ""serieId"": ""gym"", ""serieName"": ""Gym"", ""sourceLanguage"": ""en""}]",Explicit language-scoped provider card/set ID plus canonical set and collector identity; native name is corroborating only.,,exact_catalogue_record
pokemon|en|GLOBAL|set:092338c2d03b27c8|19|unspecified,en,GLOBAL,pokemon|en|GLOBAL|tcgdex:sv08,"{""tcgdex"": ""sv08""}",019,191,"{""tcgdex"": ""sv08-019""}","[{""provider"": ""tcgdex"", ""providerCardId"": ""sv08-019"", ""providerSetId"": ""sv08"", ""serieId"": ""sv"", ""serieName"": ""Scarlet & Violet"", ""sourceLanguage"": ""en""}]",Explicit language-scoped provider card/set ID plus canonical set and collector identity; native name is corroborating only.,,exact_catalogue_record
pokemon|en|GLOBAL|set:72fabd20f484159e|59|unspecified,en,GLOBAL,pokemon|en|GLOBAL|tcgdex:swsh6,"{""tcgdex"": ""swsh6""}",59,198,"{""tcgdex"": ""swsh6-59""}","[{""provider"": ""tcgdex"", ""providerCardId"": ""swsh6-59"", ""providerSetId"": ""swsh6"", ""serieId"": ""swsh"", ""serieName"": ""Sword & Shield"", ""sourceLanguage"": ""en""}]",Explicit language-scoped provider card/set ID plus canonical set and collector identity; native name is corroborating only.,,exact_catalogue_record
pokemon|en|GLOBAL|set:94cba12b16fda6ab|133|unspecified,en,GLOBAL,pokemon|en|GLOBAL|tcgdex:swsh4,"{""tcgdex"": ""swsh4""}",133,185,"{""tcgdex"": ""swsh4-133""}","[{""provider"": ""tcgdex"", ""providerCardId"": ""swsh4-133"", ""providerSetId"": ""swsh4"", ""serieId"": ""swsh"", ""serieName"": ""Sword & Shield"", ""sourceLanguage"": ""en""}]",Explicit language-scoped provider card/set ID plus canonical set and collector identity; native name is corroborating only.,,exact_catalogue_record
pokemon|en|GLOBAL|set:1cc808c92a93cd9c|42|unspecified,en,GLOBAL,pokemon|en|GLOBAL|tcgdex:lc,"{""tcgdex"": ""lc""}",42,110,"{""tcgdex"": ""lc-42""}","[{""provider"": ""tcgdex"", ""providerCardId"": ""lc-42"", ""providerSetId"": ""lc"", ""serieId"": ""lc"", ""serieName"": ""Legendary Collection"", ""sourceLanguage"": ""en""}]",Explicit language-scoped provider card/set ID plus canonical set and collector identity; native name is corroborating only.,,exact_catalogue_record
pokemon|en|GLOBAL|set:62a30c4297c69389|106|unspecified,en,GLOBAL,pokemon|en|GLOBAL|tcgdex:sv05,"{""tcgdex"": ""sv05""}",106,162,"{""tcgdex"": ""sv05-106""}","[{""provider"": ""tcgdex"", ""providerCardId"": ""sv05-106"", ""providerSetId"": ""sv05"", ""serieId"": ""sv"", ""serieName"": ""Scarlet & Violet"", ""sourceLanguage"": ""en""}]",Explicit language-scoped provider card/set ID plus canonical set and collector identity; native name is corroborating only.,,exact_catalogue_record
pokemon|en|GLOBAL|set:eb0ddaf5b96f46d5|87|unspecified,en,GLOBAL,pokemon|en|GLOBAL|tcgdex:swsh11,"{""tcgdex"": ""swsh11""}",087,196,"{""tcgdex"": ""swsh11-087""}","[{""provider"": ""tcgdex"", ""providerCardId"": ""swsh11-087"", ""providerSetId"": ""swsh11"", ""serieId"": ""swsh"", ""serieName"": ""Sword & Shield"", ""sourceLanguage"": ""en""}]",Explicit language-scoped provider card/set ID plus canonical set and collector identity; native name is corroborating only.,,exact_catalogue_record
pokemon|en|GLOBAL|set:423f682acfb0bcbe|127|unspecified,en,GLOBAL,pokemon|en|GLOBAL|tcgdex:gym1,"{""tcgdex"": ""gym1""}",127,132,"{""tcgdex"": ""gym1-127""}","[{""provider"": ""tcgdex"", ""providerCardId"": ""gym1-127"", ""providerSetId"": ""gym1"", ""serieId"": ""gym"", ""serieName"": ""Gym"", ""sourceLanguage"": ""en""}]",Explicit language-scoped provider card/set ID plus canonical set and collector identity; native name is corroborating only.,,exact_catalogue_record
pokemon|en|GLOBAL|set:52b3fb84d4077844|5|unspecified,en,GLOBAL,pokemon|en|GLOBAL|tcgdex:bw6,"{""tcgdex"": ""bw6""}",5,124,"{""tcgdex"": ""bw6-5""}","[{""provider"": ""tcgdex"", ""providerCardId"": ""bw6-5"", ""providerSetId"": ""bw6"", ""serieId"": ""bw"", ""serieName"": ""Black & White"", ""sourceLanguage"": ""en""}]",Explicit language-scoped provider card/set ID plus canonical set and collector identity; native name is corroborating only.,,exact_catalogue_record
pokemon|en|GLOBAL|set:3c7ef6ebade260bd|50|unspecified,en,GLOBAL,pokemon|en|GLOBAL|tcgdex:ex6,"{""tcgdex"": ""ex6""}",50,112,"{""tcgdex"": ""ex6-50""}","[{""provider"": ""tcgdex"", ""providerCardId"": ""ex6-50"", ""providerSetId"": ""ex6"", ""serieId"": ""ex"", ""serieName"": ""EX"", ""sourceLanguage"": ""en""}]",Explicit language-scoped provider card/set ID plus canonical set and collector identity; native name is corroborating only.,,exact_catalogue_record
pokemon|en|GLOBAL|set:6a44f6ac8636b2f3|138|unspecified,en,GLOBAL,pokemon|en|GLOBAL|tcgdex:sv07,"{""tcgdex"": ""sv07""}",138,142,"{""tcgdex"": ""sv07-138""}","[{""provider"": ""tcgdex"", ""providerCardId"": ""sv07-138"", ""providerSetId"": ""sv07"", ""serieId"": ""sv"", ""serieName"": ""Scarlet & Violet"", ""sourceLanguage"": ""en""}]",Explicit language-scoped provider card/set ID plus canonical set and collector identity; native name is corroborating only.,,exact_catalogue_record
pokemon|en|GLOBAL|set:4d6022f501b0feab|204|unspecified,en,GLOBAL,pokemon|en|GLOBAL|tcgdex:B1,"{""tcgdex"": ""B1""}",204,226,"{""tcgdex"": ""B1-204""}","[{""provider"": ""tcgdex"", ""providerCardId"": ""B1-204"", ""providerSetId"": ""B1"", ""serieId"": ""tcgp"", ""serieName"": ""Pokémon TCG Pocket"", ""sourceLanguage"": ""en""}]",Explicit language-scoped provider card/set ID plus canonical set and collector identity; native name is corroborating only.,,exact_catalogue_record
pokemon|en|GLOBAL|set:a2752af09d47b638|89|unspecified,en,GLOBAL,pokemon|en|GLOBAL|tcgdex:sm3,"{""tcgdex"": ""sm3""}",89,147,"{""tcgdex"": ""sm3-89""}","[{""provider"": ""tcgdex"", ""providerCardId"": ""sm3-89"", ""providerSetId"": ""sm3"", ""serieId"": ""sm"", ""serieName"": ""Sun & Moon"", ""sourceLanguage"": ""en""}]",Explicit language-scoped provider card/set ID plus canonical set and collector identity; native name is corroborating only.,,exact_catalogue_record
pokemon|en|GLOBAL|set:31412b2946b98ecf|27|unspecified,en,GLOBAL,pokemon|en|GLOBAL|tcgdex:swsh5,"{""tcgdex"": ""swsh5""}",27,163,"{""tcgdex"": ""swsh5-27""}","[{""provider"": ""tcgdex"", ""providerCardId"": ""swsh5-27"", ""providerSetId"": ""swsh5"", ""serieId"": ""swsh"", ""serieName"": ""Sword & Shield"", ""sourceLanguage"": ""en""}]",Explicit language-scoped provider card/set ID plus canonical set and collector identity; native name is corroborating only.,,exact_catalogue_record
pokemon|en|GLOBAL|set:b7715edfbb28f5ca|63|unspecified,en,GLOBAL,pokemon|en|GLOBAL|tcgdex:swsh2,"{""tcgdex"": ""swsh2""}",63,192,"{""tcgdex"": ""swsh2-63""}","[{""provider"": ""tcgdex"", ""providerCardId"": ""swsh2-63"", ""providerSetId"": ""swsh2"", ""serieId"": ""swsh"", ""serieName"": ""Sword & Shield"", ""sourceLanguage"": ""en""}]",Explicit language-scoped provider card/set ID plus canonical set and collector identity; native name is corroborating only.,,exact_catalogue_record
pokemon|en|GLOBAL|set:99229c44ca584def|37|unspecified,en,GLOBAL,pokemon|en|GLOBAL|tcgdex:sm9,"{""tcgdex"": ""sm9""}",37,181,"{""tcgdex"": ""sm9-37""}","[{""provider"": ""tcgdex"", ""providerCardId"": ""sm9-37"", ""providerSetId"": ""sm9"", ""serieId"": ""sm"", ""serieName"": ""Sun & Moon"", ""sourceLanguage"": ""en""}]",Explicit language-scoped provider card/set ID plus canonical set and collector identity; native name is corroborating only.,,exact_catalogue_record
pokemon|en|GLOBAL|set:8fa8c42b79c6a440|5|unspecified,en,GLOBAL,pokemon|en|GLOBAL|tcgdex:2017sm,"{""tcgdex"": ""2017sm""}",5,12,"{""tcgdex"": ""2017sm-5""}","[{""provider"": ""tcgdex"", ""providerCardId"": ""2017sm-5"", ""providerSetId"": ""2017sm"", ""serieId"": ""mc"", ""serieName"": ""McDonald's Collection"", ""sourceLanguage"": ""en""}]",Explicit language-scoped provider card/set ID plus canonical set and collector identity; native name is corroborating only.,,exact_catalogue_record
pokemon|en|GLOBAL|set:423f682acfb0bcbe|63|unspecified,en,GLOBAL,pokemon|en|GLOBAL|tcgdex:gym1,"{""tcgdex"": ""gym1""}",63,132,"{""tcgdex"": ""gym1-63""}","[{""provider"": ""tcgdex"", ""providerCardId"": ""gym1-63"", ""providerSetId"": ""gym1"", ""serieId"": ""gym"", ""serieName"": ""Gym"", ""sourceLanguage"": ""en""}]",Explicit language-scoped provider card/set ID plus canonical set and collector identity; native name is corroborating only.,,exact_catalogue_record
pokemon|en|GLOBAL|set:e66755c91a80aa54|RC23|unspecified,en,GLOBAL,pokemon|en|GLOBAL|tcgdex:g1,"{""tcgdex"": ""g1""}",RC23,83,"{""tcgdex"": ""g1-RC23""}","[{""provider"": ""tcgdex"", ""providerCardId"": ""g1-RC23"", ""providerSetId"": ""g1"", ""serieId"": ""xy"", ""serieName"": ""XY"", ""sourceLanguage"": ""en""}]",Explicit language-scoped provider card/set ID plus canonical set and collector identity; native name is corroborating only.,,exact_catalogue_record
pokemon|en|GLOBAL|set:fa0a24356e897d41|30|unspecified,en,GLOBAL,pokemon|en|GLOBAL|tcgdex:sv04.5,"{""tcgdex"": ""sv04.5""}",030,91,"{""tcgdex"": ""sv04.5-030""}","[{""provider"": ""tcgdex"", ""providerCardId"": ""sv04.5-030"", ""providerSetId"": ""sv04.5"", ""serieId"": ""sv"", ""serieName"": ""Scarlet & Violet"", ""sourceLanguage"": ""en""}]",Explicit language-scoped provider card/set ID plus canonical set and collector identity; native name is corroborating only.,,exact_catalogue_record
pokemon|en|GLOBAL|set:d170bd495b448606|6|unspecified,en,GLOBAL,pokemon|en|GLOBAL|tcgdex:xy11,"{""tcgdex"": ""xy11""}",6,114,"{""tcgdex"": ""xy11-6""}","[{""provider"": ""tcgdex"", ""providerCardId"": ""xy11-6"", ""providerSetId"": ""xy11"", ""serieId"": ""xy"", ""serieName"": ""XY"", ""sourceLanguage"": ""en""}]",Explicit language-scoped provider card/set ID plus canonical set and collector identity; native name is corroborating only.,,exact_catalogue_record
pokemon|en|GLOBAL|set:e66755c91a80aa54|RC27|unspecified,en,GLOBAL,pokemon|en|GLOBAL|tcgdex:g1,"{""tcgdex"": ""g1""}",RC27,83,"{""tcgdex"": ""g1-RC27""}","[{""provider"": ""tcgdex"", ""providerCardId"": ""g1-RC27"", ""providerSetId"": ""g1"", ""serieId"": ""xy"", ""serieName"": ""XY"", ""sourceLanguage"": ""en""}]",Explicit language-scoped provider card/set ID plus canonical set and collector identity; native name is corroborating only.,,exact_catalogue_record
pokemon|en|GLOBAL|set:2d3c97a75c619926|22|unspecified,en,GLOBAL,pokemon|en|GLOBAL|tcgdex:ex4,"{""tcgdex"": ""ex4""}",22,95,"{""tcgdex"": ""ex4-22""}","[{""provider"": ""tcgdex"", ""providerCardId"": ""ex4-22"", ""providerSetId"": ""ex4"", ""serieId"": ""ex"", ""serieName"": ""EX"", ""sourceLanguage"": ""en""}]",Explicit language-scoped provider card/set ID plus canonical set and collector identity; native name is corroborating only.,,exact_catalogue_record
pokemon|en|GLOBAL|set:092338c2d03b27c8|150|unspecified,en,GLOBAL,pokemon|en|GLOBAL|tcgdex:sv08,"{""tcgdex"": ""sv08""}",150,191,"{""tcgdex"": ""sv08-150""}","[{""provider"": ""tcgdex"", ""providerCardId"": ""sv08-150"", ""providerSetId"": ""sv08"", ""serieId"": ""sv"", ""serieName"": ""Scarlet & Violet"", ""sourceLanguage"": ""en""}]",Explicit language-scoped provider card/set ID plus canonical set and collector identity; native name is corroborating only.,,exact_catalogue_record
pokemon|en|GLOBAL|set:6a44f6ac8636b2f3|9|unspecified,en,GLOBAL,pokemon|en|GLOBAL|tcgdex:sv07,"{""tcgdex"": ""sv07""}",009,142,"{""tcgdex"": ""sv07-009""}","[{""provider"": ""tcgdex"", ""providerCardId"": ""sv07-009"", ""providerSetId"": ""sv07"", ""serieId"": ""sv"", ""serieName"": ""Scarlet & Violet"", ""sourceLanguage"": ""en""}]",Explicit language-scoped provider card/set ID plus canonical set and collector identity; native name is corroborating only.,,exact_catalogue_record
pokemon|en|GLOBAL|set:365a57f3f1a8c69d|23|unspecified,en,GLOBAL,pokemon|en|GLOBAL|tcgdex:hgss4,"{""tcgdex"": ""hgss4""}",23,102,"{""tcgdex"": ""hgss4-23""}","[{""provider"": ""tcgdex"", ""providerCardId"": ""hgss4-23"", ""providerSetId"": ""hgss4"", ""serieId"": ""hgss"", ""serieName"": ""HeartGold & SoulSilver"", ""sourceLanguage"": ""en""}]",Explicit language-scoped provider card/set ID plus canonical set and collector identity; native name is corroborating only.,,exact_catalogue_record
pokemon|en|GLOBAL|set:659fa46d46b3d364|37|unspecified,en,GLOBAL,pokemon|en|GLOBAL|tcgdex:xy5,"{""tcgdex"": ""xy5""}",37,160,"{""tcgdex"": ""xy5-37""}","[{""provider"": ""tcgdex"", ""providerCardId"": ""xy5-37"", ""providerSetId"": ""xy5"", ""serieId"": ""xy"", ""serieName"": ""XY"", ""sourceLanguage"": ""en""}]",Explicit language-scoped provider card/set ID plus canonical set and collector identity; native name is corroborating only.,,exact_catalogue_record
pokemon|en|GLOBAL|set:eb8f3f4287f09dbe|55|unspecified,en,GLOBAL,pokemon|en|GLOBAL|tcgdex:sv08.5,"{""tcgdex"": ""sv08.5""}",055,131,"{""tcgdex"": ""sv08.5-055""}","[{""provider"": ""tcgdex"", ""providerCardId"": ""sv08.5-055"", ""providerSetId"": ""sv08.5"", ""serieId"": ""sv"", ""serieName"": ""Scarlet & Violet"", ""sourceLanguage"": ""en""}]",Explicit language-scoped provider card/set ID plus canonical set and collector identity; native name is corroborating only.,,exact_catalogue_record
pokemon|en|GLOBAL|set:65f5c1c67659ebf3|87|unspecified,en,GLOBAL,pokemon|en|GLOBAL|tcgdex:dp4,"{""tcgdex"": ""dp4""}",87,106,"{""tcgdex"": ""dp4-87""}","[{""provider"": ""tcgdex"", ""providerCardId"": ""dp4-87"", ""providerSetId"": ""dp4"", ""serieId"": ""dp"", ""serieName"": ""Diamond & Pearl"", ""sourceLanguage"": ""en""}]",Explicit language-scoped provider card/set ID plus canonical set and collector identity; native name is corroborating only.,,exact_catalogue_record
pokemon|en|GLOBAL|set:ea210137904bc6e7|7|unspecified,en,GLOBAL,pokemon|en|GLOBAL|tcgdex:basep,"{""tcgdex"": ""basep""}",7,53,"{""tcgdex"": ""basep-7""}","[{""provider"": ""tcgdex"", ""providerCardId"": ""basep-7"", ""providerSetId"": ""basep"", ""serieId"": ""base"", ""serieName"": ""Base"", ""sourceLanguage"": ""en""}]",Explicit language-scoped provider card/set ID plus canonical set and collector identity; native name is corroborating only.,,exact_catalogue_record
pokemon|en|GLOBAL|set:7b005777b5f3438a|31|unspecified,en,GLOBAL,pokemon|en|GLOBAL|tcgdex:neo3,"{""tcgdex"": ""neo3""}",31,64,"{""tcgdex"": ""neo3-31""}","[{""provider"": ""tcgdex"", ""providerCardId"": ""neo3-31"", ""providerSetId"": ""neo3"", ""serieId"": ""neo"", ""serieName"": ""Neo"", ""sourceLanguage"": ""en""}]",Explicit language-scoped provider card/set ID plus canonical set and collector identity; native name is corroborating only.,,exact_catalogue_record
pokemon|en|GLOBAL|set:3ff369307b848d89|31|unspecified,en,GLOBAL,pokemon|en|GLOBAL|tcgdex:hgss2,"{""tcgdex"": ""hgss2""}",31,95,"{""tcgdex"": ""hgss2-31""}","[{""provider"": ""tcgdex"", ""providerCardId"": ""hgss2-31"", ""providerSetId"": ""hgss2"", ""serieId"": ""hgss"", ""serieName"": ""HeartGold & SoulSilver"", ""sourceLanguage"": ""en""}]",Explicit language-scoped provider card/set ID plus canonical set and collector identity; native name is corroborating only.,,exact_catalogue_record
pokemon|en|GLOBAL|set:72fabd20f484159e|196|unspecified,en,GLOBAL,pokemon|en|GLOBAL|tcgdex:swsh6,"{""tcgdex"": ""swsh6""}",196,198,"{""tcgdex"": ""swsh6-196""}","[{""provider"": ""tcgdex"", ""providerCardId"": ""swsh6-196"", ""providerSetId"": ""swsh6"", ""serieId"": ""swsh"", ""serieName"": ""Sword & Shield"", ""sourceLanguage"": ""en""}]",Explicit language-scoped provider card/set ID plus canonical set and collector identity; native name is corroborating only.,,exact_catalogue_record
pokemon|en|GLOBAL|set:a3fe41448bc4047e|138|unspecified,en,GLOBAL,pokemon|en|GLOBAL|tcgdex:sm10,"{""tcgdex"": ""sm10""}",138,214,"{""tcgdex"": ""sm10-138""}","[{""provider"": ""tcgdex"", ""providerCardId"": ""sm10-138"", ""providerSetId"": ""sm10"", ""serieId"": ""sm"", ""serieName"": ""Sun & Moon"", ""sourceLanguage"": ""en""}]",Explicit language-scoped provider card/set ID plus canonical set and collector identity; native name is corroborating only.,,exact_catalogue_record
pokemon|en|GLOBAL|set:97c01b588ee8bf45|91|unspecified,en,GLOBAL,pokemon|en|GLOBAL|tcgdex:A2b,"{""tcgdex"": ""A2b""}",091,72,"{""tcgdex"": ""A2b-091""}","[{""provider"": ""tcgdex"", ""providerCardId"": ""A2b-091"", ""providerSetId"": ""A2b"", ""serieId"": ""tcgp"", ""serieName"": ""Pokémon TCG Pocket"", ""sourceLanguage"": ""en""}]",Explicit language-scoped provider card/set ID plus canonical set and collector identity; native name is corroborating only.,,exact_catalogue_record
pokemon|en|GLOBAL|set:602212ee72656155|30|unspecified,en,GLOBAL,pokemon|en|GLOBAL|tcgdex:xy3,"{""tcgdex"": ""xy3""}",30,111,"{""tcgdex"": ""xy3-30""}","[{""provider"": ""tcgdex"", ""providerCardId"": ""xy3-30"", ""providerSetId"": ""xy3"", ""serieId"": ""xy"", ""serieName"": ""XY"", ""sourceLanguage"": ""en""}]",Explicit language-scoped provider card/set ID plus canonical set and collector identity; native name is corroborating only.,,exact_catalogue_record
pokemon|en|GLOBAL|set:24765e514543a6c2|SWSH167|unspecified,en,GLOBAL,pokemon|en|GLOBAL|tcgdex:swshp,"{""tcgdex"": ""swshp""}",SWSH167,307,"{""tcgdex"": ""swshp-SWSH167""}","[{""provider"": ""tcgdex"", ""providerCardId"": ""swshp-SWSH167"", ""providerSetId"": ""swshp"", ""serieId"": ""swsh"", ""serieName"": ""Sword & Shield"", ""sourceLanguage"": ""en""}]",Explicit language-scoped provider card/set ID plus canonical set and collector identity; native name is corroborating only.,,exact_catalogue_record
pokemon|en|GLOBAL|set:9a6e77037e2f878e|132|unspecified,en,GLOBAL,pokemon|en|GLOBAL|tcgdex:me02.5,"{""tcgdex"": ""me02.5""}",132,217,"{""tcgdex"": ""me02.5-132""}","[{""provider"": ""tcgdex"", ""providerCardId"": ""me02.5-132"", ""providerSetId"": ""me02.5"", ""serieId"": ""me"", ""serieName"": ""Mega Evolution"", ""sourceLanguage"": ""en""}]",Explicit language-scoped provider card/set ID plus canonical set and collector identity; native name is corroborating only.,,exact_catalogue_record
pokemon|en|GLOBAL|set:47495abad2a6a8ae|148|unspecified,en,GLOBAL,pokemon|en|GLOBAL|tcgdex:sm1,"{""tcgdex"": ""sm1""}",148,149,"{""tcgdex"": ""sm1-148""}","[{""provider"": ""tcgdex"", ""providerCardId"": ""sm1-148"", ""providerSetId"": ""sm1"", ""serieId"": ""sm"", ""serieName"": ""Sun & Moon"", ""sourceLanguage"": ""en""}]",Explicit language-scoped provider card/set ID plus canonical set and collector identity; native name is corroborating only.,,exact_catalogue_record
pokemon|en|GLOBAL|set:771216181b5fa033|56|unspecified,en,GLOBAL,pokemon|en|GLOBAL|tcgdex:ex8,"{""tcgdex"": ""ex8""}",56,107,"{""tcgdex"": ""ex8-56""}","[{""provider"": ""tcgdex"", ""providerCardId"": ""ex8-56"", ""providerSetId"": ""ex8"", ""serieId"": ""ex"", ""serieName"": ""EX"", ""sourceLanguage"": ""en""}]",Explicit language-scoped provider card/set ID plus canonical set and collector identity; native name is corroborating only.,,exact_catalogue_record
pokemon|en|GLOBAL|set:0a539df4bb7fe011|207|unspecified,en,GLOBAL,pokemon|en|GLOBAL|tcgdex:A2,"{""tcgdex"": ""A2""}",207,140,"{""tcgdex"": ""A2-207""}","[{""provider"": ""tcgdex"", ""providerCardId"": ""A2-207"", ""providerSetId"": ""A2"", ""serieId"": ""tcgp"", ""serieName"": ""Pokémon TCG Pocket"", ""sourceLanguage"": ""en""}]",Explicit language-scoped provider card/set ID plus canonical set and collector identity; native name is corroborating only.,,exact_catalogue_record
pokemon|en|GLOBAL|set:a2007d4d6f88fcfa|TG24|unspecified,en,GLOBAL,pokemon|en|GLOBAL|tcgdex:swsh9.5tg,"{""tcgdex"": ""swsh9.5tg""}",TG24,30,"{""tcgdex"": ""swsh9.5tg-TG24""}","[{""provider"": ""tcgdex"", ""providerCardId"": ""swsh9.5tg-TG24"", ""providerSetId"": ""swsh9.5tg"", ""serieId"": ""swsh"", ""serieName"": ""Sword & Shield"", ""sourceLanguage"": ""en""}]",Explicit language-scoped provider card/set ID plus canonical set and collector identity; native name is corroborating only.,,exact_catalogue_record
pokemon|en|GLOBAL|set:b9a3aa7e3aa50c98|124|unspecified,en,GLOBAL,pokemon|en|GLOBAL|tcgdex:dp2,"{""tcgdex"": ""dp2""}",124,123,"{""tcgdex"": ""dp2-124""}","[{""provider"": ""tcgdex"", ""providerCardId"": ""dp2-124"", ""providerSetId"": ""dp2"", ""serieId"": ""dp"", ""serieName"": ""Diamond & Pearl"", ""sourceLanguage"": ""en""}]",Explicit language-scoped provider card/set ID plus canonical set and collector identity; native name is corroborating only.,,exact_catalogue_record
pokemon|en|GLOBAL|set:c7291e92d0791ff1|H14|unspecified,en,GLOBAL,pokemon|en|GLOBAL|tcgdex:ecard2,"{""tcgdex"": ""ecard2""}",H14,147,"{""tcgdex"": ""ecard2-H14""}","[{""provider"": ""tcgdex"", ""providerCardId"": ""ecard2-H14"", ""providerSetId"": ""ecard2"", ""serieId"": ""ecard"", ""serieName"": ""E-Card"", ""sourceLanguage"": ""en""}]",Explicit language-scoped provider card/set ID plus canonical set and collector identity; native name is corroborating only.,,exact_catalogue_record
pokemon|en|GLOBAL|set:7e02a26b7360f6ef|70|unspecified,en,GLOBAL,pokemon|en|GLOBAL|tcgdex:base5,"{""tcgdex"": ""base5""}",70,82,"{""tcgdex"": ""base5-70""}","[{""provider"": ""tcgdex"", ""providerCardId"": ""base5-70"", ""providerSetId"": ""base5"", ""serieId"": ""base"", ""serieName"": ""Base"", ""sourceLanguage"": ""en""}]",Explicit language-scoped provider card/set ID plus canonical set and collector identity; native name is corroborating only.,,exact_catalogue_record
pokemon|en|GLOBAL|set:5ce9501fae15fbc9|102|unspecified,en,GLOBAL,pokemon|en|GLOBAL|tcgdex:ecard3,"{""tcgdex"": ""ecard3""}",102,144,"{""tcgdex"": ""ecard3-102""}","[{""provider"": ""tcgdex"", ""providerCardId"": ""ecard3-102"", ""providerSetId"": ""ecard3"", ""serieId"": ""ecard"", ""serieName"": ""E-Card"", ""sourceLanguage"": ""en""}]",Explicit language-scoped provider card/set ID plus canonical set and collector identity; native name is corroborating only.,,exact_catalogue_record
pokemon|en|GLOBAL|set:98da21d2a88cf52f|58|unspecified,en,GLOBAL,pokemon|en|GLOBAL|tcgdex:ex15,"{""tcgdex"": ""ex15""}",58,101,"{""tcgdex"": ""ex15-58""}","[{""provider"": ""tcgdex"", ""providerCardId"": ""ex15-58"", ""providerSetId"": ""ex15"", ""serieId"": ""ex"", ""serieName"": ""EX"", ""sourceLanguage"": ""en""}]",Explicit language-scoped provider card/set ID plus canonical set and collector identity; native name is corroborating only.,,exact_catalogue_record
pokemon|en|GLOBAL|set:eb0ddaf5b96f46d5|131|unspecified,en,GLOBAL,pokemon|en|GLOBAL|tcgdex:swsh11,"{""tcgdex"": ""swsh11""}",131,196,"{""tcgdex"": ""swsh11-131""}","[{""provider"": ""tcgdex"", ""providerCardId"": ""swsh11-131"", ""providerSetId"": ""swsh11"", ""serieId"": ""swsh"", ""serieName"": ""Sword & Shield"", ""sourceLanguage"": ""en""}]",Explicit language-scoped provider card/set ID plus canonical set and collector identity; native name is corroborating only.,,exact_catalogue_record
pokemon|en|GLOBAL|set:ef1cf55d60a7594b|78|unspecified,en,GLOBAL,pokemon|en|GLOBAL|tcgdex:sv03,"{""tcgdex"": ""sv03""}",078,197,"{""tcgdex"": ""sv03-078""}","[{""provider"": ""tcgdex"", ""providerCardId"": ""sv03-078"", ""providerSetId"": ""sv03"", ""serieId"": ""sv"", ""serieName"": ""Scarlet & Violet"", ""sourceLanguage"": ""en""}]",Explicit language-scoped provider card/set ID plus canonical set and collector identity; native name is corroborating only.,,exact_catalogue_record
pokemon|en|GLOBAL|set:b9a3aa7e3aa50c98|83|unspecified,en,GLOBAL,pokemon|en|GLOBAL|tcgdex:dp2,"{""tcgdex"": ""dp2""}",83,123,"{""tcgdex"": ""dp2-83""}","[{""provider"": ""tcgdex"", ""providerCardId"": ""dp2-83"", ""providerSetId"": ""dp2"", ""serieId"": ""dp"", ""serieName"": ""Diamond & Pearl"", ""sourceLanguage"": ""en""}]",Explicit language-scoped provider card/set ID plus canonical set and collector identity; native name is corroborating only.,,exact_catalogue_record
pokemon|en|GLOBAL|set:8e871e4a531da0df|187|unspecified,en,GLOBAL,pokemon|en|GLOBAL|tcgdex:sv02,"{""tcgdex"": ""sv02""}",187,193,"{""tcgdex"": ""sv02-187""}","[{""provider"": ""tcgdex"", ""providerCardId"": ""sv02-187"", ""providerSetId"": ""sv02"", ""serieId"": ""sv"", ""serieName"": ""Scarlet & Violet"", ""sourceLanguage"": ""en""}]",Explicit language-scoped provider card/set ID plus canonical set and collector identity; native name is corroborating only.,,exact_catalogue_record
pokemon|en|GLOBAL|set:65f5c1c67659ebf3|94|unspecified,en,GLOBAL,pokemon|en|GLOBAL|tcgdex:dp4,"{""tcgdex"": ""dp4""}",94,106,"{""tcgdex"": ""dp4-94""}","[{""provider"": ""tcgdex"", ""providerCardId"": ""dp4-94"", ""providerSetId"": ""dp4"", ""serieId"": ""dp"", ""serieName"": ""Diamond & Pearl"", ""sourceLanguage"": ""en""}]",Explicit language-scoped provider card/set ID plus canonical set and collector identity; native name is corroborating only.,,exact_catalogue_record
pokemon|en|GLOBAL|set:d7b2da8a523067b4|223|unspecified,en,GLOBAL,pokemon|en|GLOBAL|tcgdex:sv06,"{""tcgdex"": ""sv06""}",223,167,"{""tcgdex"": ""sv06-223""}","[{""provider"": ""tcgdex"", ""providerCardId"": ""sv06-223"", ""providerSetId"": ""sv06"", ""serieId"": ""sv"", ""serieName"": ""Scarlet & Violet"", ""sourceLanguage"": ""en""}]",Explicit language-scoped provider card/set ID plus canonical set and collector identity; native name is corroborating only.,,exact_catalogue_record
pokemon|en|GLOBAL|set:62a30c4297c69389|100|unspecified,en,GLOBAL,pokemon|en|GLOBAL|tcgdex:sv05,"{""tcgdex"": ""sv05""}",100,162,"{""tcgdex"": ""sv05-100""}","[{""provider"": ""tcgdex"", ""providerCardId"": ""sv05-100"", ""providerSetId"": ""sv05"", ""serieId"": ""sv"", ""serieName"": ""Scarlet & Violet"", ""sourceLanguage"": ""en""}]",Explicit language-scoped provider card/set ID plus canonical set and collector identity; native name is corroborating only.,,exact_catalogue_record
pokemon|en|GLOBAL|set:f0d1a8eb8dfbed58|122|unspecified,en,GLOBAL,pokemon|en|GLOBAL|tcgdex:sm4,"{""tcgdex"": ""sm4""}",122,111,"{""tcgdex"": ""sm4-122""}","[{""provider"": ""tcgdex"", ""providerCardId"": ""sm4-122"", ""providerSetId"": ""sm4"", ""serieId"": ""sm"", ""serieName"": ""Sun & Moon"", ""sourceLanguage"": ""en""}]",Explicit language-scoped provider card/set ID plus canonical set and collector identity; native name is corroborating only.,,exact_catalogue_record
pokemon|en|GLOBAL|set:52b3fb84d4077844|21|unspecified,en,GLOBAL,pokemon|en|GLOBAL|tcgdex:bw6,"{""tcgdex"": ""bw6""}",21,124,"{""tcgdex"": ""bw6-21""}","[{""provider"": ""tcgdex"", ""providerCardId"": ""bw6-21"", ""providerSetId"": ""bw6"", ""serieId"": ""bw"", ""serieName"": ""Black & White"", ""sourceLanguage"": ""en""}]",Explicit language-scoped provider card/set ID plus canonical set and collector identity; native name is corroborating only.,,exact_catalogue_record
pokemon|en|GLOBAL|set:50eec717f35f0442|13|unspecified,en,GLOBAL,pokemon|en|GLOBAL|tcgdex:sv06.5,"{""tcgdex"": ""sv06.5""}",013,64,"{""tcgdex"": ""sv06.5-013""}","[{""provider"": ""tcgdex"", ""providerCardId"": ""sv06.5-013"", ""providerSetId"": ""sv06.5"", ""serieId"": ""sv"", ""serieName"": ""Scarlet & Violet"", ""sourceLanguage"": ""en""}]",Explicit language-scoped provider card/set ID plus canonical set and collector identity; native name is corroborating only.,,exact_catalogue_record
pokemon|en|GLOBAL|set:3b75d48505fe8b77|145|unspecified,en,GLOBAL,pokemon|en|GLOBAL|tcgdex:ecard1,"{""tcgdex"": ""ecard1""}",145,165,"{""tcgdex"": ""ecard1-145""}","[{""provider"": ""tcgdex"", ""providerCardId"": ""ecard1-145"", ""providerSetId"": ""ecard1"", ""serieId"": ""ecard"", ""serieName"": ""E-Card"", ""sourceLanguage"": ""en""}]",Explicit language-scoped provider card/set ID plus canonical set and collector identity; native name is corroborating only.,,exact_catalogue_record
pokemon|en|GLOBAL|set:89f20bb66f9dea72|11|unspecified,en,GLOBAL,pokemon|en|GLOBAL|tcgdex:A3b,"{""tcgdex"": ""A3b""}",011,69,"{""tcgdex"": ""A3b-011""}","[{""provider"": ""tcgdex"", ""providerCardId"": ""A3b-011"", ""providerSetId"": ""A3b"", ""serieId"": ""tcgp"", ""serieName"": ""Pokémon TCG Pocket"", ""sourceLanguage"": ""en""}]",Explicit language-scoped provider card/set ID plus canonical set and collector identity; native name is corroborating only.,,exact_catalogue_record
pokemon|en|GLOBAL|set:691bc72c135a6a09|50|unspecified,en,GLOBAL,pokemon|en|GLOBAL|tcgdex:swsh12.5,"{""tcgdex"": ""swsh12.5""}",050,159,"{""tcgdex"": ""swsh12.5-050""}","[{""provider"": ""tcgdex"", ""providerCardId"": ""swsh12.5-050"", ""providerSetId"": ""swsh12.5"", ""serieId"": ""swsh"", ""serieName"": ""Sword & Shield"", ""sourceLanguage"": ""en""}]",Explicit language-scoped provider card/set ID plus canonical set and collector identity; native name is corroborating only.,,exact_catalogue_record
pokemon|en|GLOBAL|set:245c73f399bf0a62|115|unspecified,en,GLOBAL,pokemon|en|GLOBAL|tcgdex:sv10.5w,"{""tcgdex"": ""sv10.5w""}",115,86,"{""tcgdex"": ""sv10.5w-115""}","[{""provider"": ""tcgdex"", ""providerCardId"": ""sv10.5w-115"", ""providerSetId"": ""sv10.5w"", ""serieId"": ""sv"", ""serieName"": ""Scarlet & Violet"", ""sourceLanguage"": ""en""}]",Explicit language-scoped provider card/set ID plus canonical set and collector identity; native name is corroborating only.,,exact_catalogue_record
pokemon|en|GLOBAL|set:12cee16b6c867bf9|19|unspecified,en,GLOBAL,pokemon|en|GLOBAL|tcgdex:bw8,"{""tcgdex"": ""bw8""}",19,135,"{""tcgdex"": ""bw8-19""}","[{""provider"": ""tcgdex"", ""providerCardId"": ""bw8-19"", ""providerSetId"": ""bw8"", ""serieId"": ""bw"", ""serieName"": ""Black & White"", ""sourceLanguage"": ""en""}]",Explicit language-scoped provider card/set ID plus canonical set and collector identity; native name is corroborating only.,,exact_catalogue_record
pokemon|en|GLOBAL|set:057d3a16abba798f|106|unspecified,en,GLOBAL,pokemon|en|GLOBAL|tcgdex:bw1,"{""tcgdex"": ""bw1""}",106,114,"{""tcgdex"": ""bw1-106""}","[{""provider"": ""tcgdex"", ""providerCardId"": ""bw1-106"", ""providerSetId"": ""bw1"", ""serieId"": ""bw"", ""serieName"": ""Black & White"", ""sourceLanguage"": ""en""}]",Explicit language-scoped provider card/set ID plus canonical set and collector identity; native name is corroborating only.,,exact_catalogue_record
pokemon|en|GLOBAL|set:e5e228d0e9a9a660|13|unspecified,en,GLOBAL,pokemon|en|GLOBAL|tcgdex:swsh8,"{""tcgdex"": ""swsh8""}",13,264,"{""tcgdex"": ""swsh8-13""}","[{""provider"": ""tcgdex"", ""providerCardId"": ""swsh8-13"", ""providerSetId"": ""swsh8"", ""serieId"": ""swsh"", ""serieName"": ""Sword & Shield"", ""sourceLanguage"": ""en""}]",Explicit language-scoped provider card/set ID plus canonical set and collector identity; native name is corroborating only.,,exact_catalogue_record
pokemon|en|GLOBAL|set:7a173612e4e5d1c9|46|unspecified,en,GLOBAL,pokemon|en|GLOBAL|tcgdex:base2,"{""tcgdex"": ""base2""}",46,64,"{""tcgdex"": ""base2-46""}","[{""provider"": ""tcgdex"", ""providerCardId"": ""base2-46"", ""providerSetId"": ""base2"", ""serieId"": ""base"", ""serieName"": ""Base"", ""sourceLanguage"": ""en""}]",Explicit language-scoped provider card/set ID plus canonical set and collector identity; native name is corroborating only.,,exact_catalogue_record
pokemon|en|GLOBAL|set:43a0177f49fe1f9e|68|unspecified,en,GLOBAL,pokemon|en|GLOBAL|tcgdex:xy10,"{""tcgdex"": ""xy10""}",68,124,"{""tcgdex"": ""xy10-68""}","[{""provider"": ""tcgdex"", ""providerCardId"": ""xy10-68"", ""providerSetId"": ""xy10"", ""serieId"": ""xy"", ""serieName"": ""XY"", ""sourceLanguage"": ""en""}]",Explicit language-scoped provider card/set ID plus canonical set and collector identity; native name is corroborating only.,,exact_catalogue_record
pokemon|en|GLOBAL|set:780845cfad6603fa|SV24|unspecified,en,GLOBAL,pokemon|en|GLOBAL|tcgdex:sma,"{""tcgdex"": ""sma""}",SV24,94,"{""tcgdex"": ""sma-SV24""}","[{""provider"": ""tcgdex"", ""providerCardId"": ""sma-SV24"", ""providerSetId"": ""sma"", ""serieId"": ""sm"", ""serieName"": ""Sun & Moon"", ""sourceLanguage"": ""en""}]",Explicit language-scoped provider card/set ID plus canonical set and collector identity; native name is corroborating only.,,exact_catalogue_record
pokemon|en|GLOBAL|set:b8bc2da5e1b060f8|O|unspecified,en,GLOBAL,pokemon|en|GLOBAL|tcgdex:exu,"{""tcgdex"": ""exu""}",O,28,"{""tcgdex"": ""exu-O""}","[{""provider"": ""tcgdex"", ""providerCardId"": ""exu-O"", ""providerSetId"": ""exu"", ""serieId"": ""ex"", ""serieName"": ""EX"", ""sourceLanguage"": ""en""}]",Explicit language-scoped provider card/set ID plus canonical set and collector identity; native name is corroborating only.,,exact_catalogue_record
pokemon|en|GLOBAL|set:4b85e016f46e4d10|94|unspecified,en,GLOBAL,pokemon|en|GLOBAL|tcgdex:ex16,"{""tcgdex"": ""ex16""}",94,108,"{""tcgdex"": ""ex16-94""}","[{""provider"": ""tcgdex"", ""providerCardId"": ""ex16-94"", ""providerSetId"": ""ex16"", ""serieId"": ""ex"", ""serieName"": ""EX"", ""sourceLanguage"": ""en""}]",Explicit language-scoped provider card/set ID plus canonical set and collector identity; native name is corroborating only.,,exact_catalogue_record
pokemon|en|GLOBAL|set:dde33afcc0ec088d|39|unspecified,en,GLOBAL,pokemon|en|GLOBAL|tcgdex:swsh12,"{""tcgdex"": ""swsh12""}",039,195,"{""tcgdex"": ""swsh12-039""}","[{""provider"": ""tcgdex"", ""providerCardId"": ""swsh12-039"", ""providerSetId"": ""swsh12"", ""serieId"": ""swsh"", ""serieName"": ""Sword & Shield"", ""sourceLanguage"": ""en""}]",Explicit language-scoped provider card/set ID plus canonical set and collector identity; native name is corroborating only.,,exact_catalogue_record
pokemon|en|GLOBAL|set:057d3a16abba798f|55|unspecified,en,GLOBAL,pokemon|en|GLOBAL|tcgdex:bw1,"{""tcgdex"": ""bw1""}",55,114,"{""tcgdex"": ""bw1-55""}","[{""provider"": ""tcgdex"", ""providerCardId"": ""bw1-55"", ""providerSetId"": ""bw1"", ""serieId"": ""bw"", ""serieName"": ""Black & White"", ""sourceLanguage"": ""en""}]",Explicit language-scoped provider card/set ID plus canonical set and collector identity; native name is corroborating only.,,exact_catalogue_record
pokemon|en|GLOBAL|set:cc57d5c8bb4889b8|236|unspecified,en,GLOBAL,pokemon|en|GLOBAL|tcgdex:A1,"{""tcgdex"": ""A1""}",236,226,"{""tcgdex"": ""A1-236""}","[{""provider"": ""tcgdex"", ""providerCardId"": ""A1-236"", ""providerSetId"": ""A1"", ""serieId"": ""tcgp"", ""serieName"": ""Pokémon TCG Pocket"", ""sourceLanguage"": ""en""}]",Explicit language-scoped provider card/set ID plus canonical set and collector identity; native name is corroborating only.,,exact_catalogue_record
pokemon|en|GLOBAL|set:a2752af09d47b638|51|unspecified,en,GLOBAL,pokemon|en|GLOBAL|tcgdex:sm3,"{""tcgdex"": ""sm3""}",51,147,"{""tcgdex"": ""sm3-51""}","[{""provider"": ""tcgdex"", ""providerCardId"": ""sm3-51"", ""providerSetId"": ""sm3"", ""serieId"": ""sm"", ""serieName"": ""Sun & Moon"", ""sourceLanguage"": ""en""}]",Explicit language-scoped provider card/set ID plus canonical set and collector identity; native name is corroborating only.,,exact_catalogue_record
pokemon|en|GLOBAL|set:b83107d0e0862174|99|unspecified,en,GLOBAL,pokemon|en|GLOBAL|tcgdex:xy2,"{""tcgdex"": ""xy2""}",99,106,"{""tcgdex"": ""xy2-99""}","[{""provider"": ""tcgdex"", ""providerCardId"": ""xy2-99"", ""providerSetId"": ""xy2"", ""serieId"": ""xy"", ""serieName"": ""XY"", ""sourceLanguage"": ""en""}]",Explicit language-scoped provider card/set ID plus canonical set and collector identity; native name is corroborating only.,,exact_catalogue_record
pokemon|en|GLOBAL|set:9e4facb7d9d0973b|23|unspecified,en,GLOBAL,pokemon|en|GLOBAL|tcgdex:col1,"{""tcgdex"": ""col1""}",23,95,"{""tcgdex"": ""col1-23""}","[{""provider"": ""tcgdex"", ""providerCardId"": ""col1-23"", ""providerSetId"": ""col1"", ""serieId"": ""col"", ""serieName"": ""Call of Legends"", ""sourceLanguage"": ""en""}]",Explicit language-scoped provider card/set ID plus canonical set and collector identity; native name is corroborating only.,,exact_catalogue_record
pokemon|en|GLOBAL|set:4d70fc7beb527f54|20|unspecified,en,GLOBAL,pokemon|en|GLOBAL|tcgdex:xy12,"{""tcgdex"": ""xy12""}",20,108,"{""tcgdex"": ""xy12-20""}","[{""provider"": ""tcgdex"", ""providerCardId"": ""xy12-20"", ""providerSetId"": ""xy12"", ""serieId"": ""xy"", ""serieName"": ""XY"", ""sourceLanguage"": ""en""}]",Explicit language-scoped provider card/set ID plus canonical set and collector identity; native name is corroborating only.,,exact_catalogue_record
pokemon|en|GLOBAL|set:8e871e4a531da0df|176|unspecified,en,GLOBAL,pokemon|en|GLOBAL|tcgdex:sv02,"{""tcgdex"": ""sv02""}",176,193,"{""tcgdex"": ""sv02-176""}","[{""provider"": ""tcgdex"", ""providerCardId"": ""sv02-176"", ""providerSetId"": ""sv02"", ""serieId"": ""sv"", ""serieName"": ""Scarlet & Violet"", ""sourceLanguage"": ""en""}]",Explicit language-scoped provider card/set ID plus canonical set and collector identity; native name is corroborating only.,,exact_catalogue_record
pokemon|en|GLOBAL|set:72fabd20f484159e|179|unspecified,en,GLOBAL,pokemon|en|GLOBAL|tcgdex:swsh6,"{""tcgdex"": ""swsh6""}",179,198,"{""tcgdex"": ""swsh6-179""}","[{""provider"": ""tcgdex"", ""providerCardId"": ""swsh6-179"", ""providerSetId"": ""swsh6"", ""serieId"": ""swsh"", ""serieName"": ""Sword & Shield"", ""sourceLanguage"": ""en""}]",Explicit language-scoped provider card/set ID plus canonical set and collector identity; native name is corroborating only.,,exact_catalogue_record
pokemon|en|GLOBAL|set:2aa4b649057f50b9|71|unspecified,en,GLOBAL,pokemon|en|GLOBAL|tcgdex:svp,"{""tcgdex"": ""svp""}",071,225,"{""tcgdex"": ""svp-071""}","[{""provider"": ""tcgdex"", ""providerCardId"": ""svp-071"", ""providerSetId"": ""svp"", ""serieId"": ""sv"", ""serieName"": ""Scarlet & Violet"", ""sourceLanguage"": ""en""}]",Explicit language-scoped provider card/set ID plus canonical set and collector identity; native name is corroborating only.,,exact_catalogue_record
pokemon|en|GLOBAL|set:057d3a16abba798f|113|unspecified,en,GLOBAL,pokemon|en|GLOBAL|tcgdex:bw1,"{""tcgdex"": ""bw1""}",113,114,"{""tcgdex"": ""bw1-113""}","[{""provider"": ""tcgdex"", ""providerCardId"": ""bw1-113"", ""providerSetId"": ""bw1"", ""serieId"": ""bw"", ""serieName"": ""Black & White"", ""sourceLanguage"": ""en""}]",Explicit language-scoped provider card/set ID plus canonical set and collector identity; native name is corroborating only.,,exact_catalogue_record
pokemon|en|GLOBAL|set:7a173612e4e5d1c9|62|unspecified,en,GLOBAL,pokemon|en|GLOBAL|tcgdex:base2,"{""tcgdex"": ""base2""}",62,64,"{""tcgdex"": ""base2-62""}","[{""provider"": ""tcgdex"", ""providerCardId"": ""base2-62"", ""providerSetId"": ""base2"", ""serieId"": ""base"", ""serieName"": ""Base"", ""sourceLanguage"": ""en""}]",Explicit language-scoped provider card/set ID plus canonical set and collector identity; native name is corroborating only.,,exact_catalogue_record
pokemon|en|GLOBAL|set:ce73efecb53e97d5|165|unspecified,en,GLOBAL,pokemon|en|GLOBAL|tcgdex:sm11,"{""tcgdex"": ""sm11""}",165,236,"{""tcgdex"": ""sm11-165""}","[{""provider"": ""tcgdex"", ""providerCardId"": ""sm11-165"", ""providerSetId"": ""sm11"", ""serieId"": ""sm"", ""serieName"": ""Sun & Moon"", ""sourceLanguage"": ""en""}]",Explicit language-scoped provider card/set ID plus canonical set and collector identity; native name is corroborating only.,,exact_catalogue_record
pokemon|en|GLOBAL|set:057d3a16abba798f|32|unspecified,en,GLOBAL,pokemon|en|GLOBAL|tcgdex:bw1,"{""tcgdex"": ""bw1""}",32,114,"{""tcgdex"": ""bw1-32""}","[{""provider"": ""tcgdex"", ""providerCardId"": ""bw1-32"", ""providerSetId"": ""bw1"", ""serieId"": ""bw"", ""serieName"": ""Black & White"", ""sourceLanguage"": ""en""}]",Explicit language-scoped provider card/set ID plus canonical set and collector identity; native name is corroborating only.,,exact_catalogue_record
pokemon|en|GLOBAL|set:5ce9501fae15fbc9|17|unspecified,en,GLOBAL,pokemon|en|GLOBAL|tcgdex:ecard3,"{""tcgdex"": ""ecard3""}",17,144,"{""tcgdex"": ""ecard3-17""}","[{""provider"": ""tcgdex"", ""providerCardId"": ""ecard3-17"", ""providerSetId"": ""ecard3"", ""serieId"": ""ecard"", ""serieName"": ""E-Card"", ""sourceLanguage"": ""en""}]",Explicit language-scoped provider card/set ID plus canonical set and collector identity; native name is corroborating only.,,exact_catalogue_record
pokemon|en|GLOBAL|set:65f5c1c67659ebf3|76|unspecified,en,GLOBAL,pokemon|en|GLOBAL|tcgdex:dp4,"{""tcgdex"": ""dp4""}",76,106,"{""tcgdex"": ""dp4-76""}","[{""provider"": ""tcgdex"", ""providerCardId"": ""dp4-76"", ""providerSetId"": ""dp4"", ""serieId"": ""dp"", ""serieName"": ""Diamond & Pearl"", ""sourceLanguage"": ""en""}]",Explicit language-scoped provider card/set ID plus canonical set and collector identity; native name is corroborating only.,,exact_catalogue_record
pokemon|en|GLOBAL|set:24765e514543a6c2|SWSH288|unspecified,en,GLOBAL,pokemon|en|GLOBAL|tcgdex:swshp,"{""tcgdex"": ""swshp""}",SWSH288,307,"{""tcgdex"": ""swshp-SWSH288""}","[{""provider"": ""tcgdex"", ""providerCardId"": ""swshp-SWSH288"", ""providerSetId"": ""swshp"", ""serieId"": ""swsh"", ""serieName"": ""Sword & Shield"", ""sourceLanguage"": ""en""}]",Explicit language-scoped provider card/set ID plus canonical set and collector identity; native name is corroborating only.,,exact_catalogue_record
pokemon|en|GLOBAL|set:481be4e1051f23fd|3|unspecified,en,GLOBAL,pokemon|en|GLOBAL|tcgdex:pl4,"{""tcgdex"": ""pl4""}",3,99,"{""tcgdex"": ""pl4-3""}","[{""provider"": ""tcgdex"", ""providerCardId"": ""pl4-3"", ""providerSetId"": ""pl4"", ""serieId"": ""pl"", ""serieName"": ""Platinum"", ""sourceLanguage"": ""en""}]",Explicit language-scoped provider card/set ID plus canonical set and collector identity; native name is corroborating only.,,exact_catalogue_record
pokemon|en|GLOBAL|set:63bd262c851fce4b|84|unspecified,en,GLOBAL,pokemon|en|GLOBAL|tcgdex:sm6,"{""tcgdex"": ""sm6""}",84,131,"{""tcgdex"": ""sm6-84""}","[{""provider"": ""tcgdex"", ""providerCardId"": ""sm6-84"", ""providerSetId"": ""sm6"", ""serieId"": ""sm"", ""serieName"": ""Sun & Moon"", ""sourceLanguage"": ""en""}]",Explicit language-scoped provider card/set ID plus canonical set and collector identity; native name is corroborating only.,,exact_catalogue_record
pokemon|en|GLOBAL|set:4b85e016f46e4d10|81|unspecified,en,GLOBAL,pokemon|en|GLOBAL|tcgdex:ex16,"{""tcgdex"": ""ex16""}",81,108,"{""tcgdex"": ""ex16-81""}","[{""provider"": ""tcgdex"", ""providerCardId"": ""ex16-81"", ""providerSetId"": ""ex16"", ""serieId"": ""ex"", ""serieName"": ""EX"", ""sourceLanguage"": ""en""}]",Explicit language-scoped provider card/set ID plus canonical set and collector identity; native name is corroborating only.,,exact_catalogue_record
pokemon|en|GLOBAL|set:43a0177f49fe1f9e|83|unspecified,en,GLOBAL,pokemon|en|GLOBAL|tcgdex:xy10,"{""tcgdex"": ""xy10""}",83,124,"{""tcgdex"": ""xy10-83""}","[{""provider"": ""tcgdex"", ""providerCardId"": ""xy10-83"", ""providerSetId"": ""xy10"", ""serieId"": ""xy"", ""serieName"": ""XY"", ""sourceLanguage"": ""en""}]",Explicit language-scoped provider card/set ID plus canonical set and collector identity; native name is corroborating only.,,exact_catalogue_record
pokemon|en|GLOBAL|set:29ccc5a60f3724f8|87|unspecified,en,GLOBAL,pokemon|en|GLOBAL|tcgdex:sm5,"{""tcgdex"": ""sm5""}",87,156,"{""tcgdex"": ""sm5-87""}","[{""provider"": ""tcgdex"", ""providerCardId"": ""sm5-87"", ""providerSetId"": ""sm5"", ""serieId"": ""sm"", ""serieName"": ""Sun & Moon"", ""sourceLanguage"": ""en""}]",Explicit language-scoped provider card/set ID plus canonical set and collector identity; native name is corroborating only.,,exact_catalogue_record
pokemon|en|GLOBAL|set:cfa19664b9d44106|22|unspecified,en,GLOBAL,pokemon|en|GLOBAL|tcgdex:sm115,"{""tcgdex"": ""sm115""}",22,68,"{""tcgdex"": ""sm115-22""}","[{""provider"": ""tcgdex"", ""providerCardId"": ""sm115-22"", ""providerSetId"": ""sm115"", ""serieId"": ""sm"", ""serieName"": ""Sun & Moon"", ""sourceLanguage"": ""en""}]",Explicit language-scoped provider card/set ID plus canonical set and collector identity; native name is corroborating only.,,exact_catalogue_record
pokemon|en|GLOBAL|set:dde33afcc0ec088d|130|unspecified,en,GLOBAL,pokemon|en|GLOBAL|tcgdex:swsh12,"{""tcgdex"": ""swsh12""}",130,195,"{""tcgdex"": ""swsh12-130""}","[{""provider"": ""tcgdex"", ""providerCardId"": ""swsh12-130"", ""providerSetId"": ""swsh12"", ""serieId"": ""swsh"", ""serieName"": ""Sword & Shield"", ""sourceLanguage"": ""en""}]",Explicit language-scoped provider card/set ID plus canonical set and collector identity; native name is corroborating only.,,exact_catalogue_record
pokemon|en|GLOBAL|set:b9a3aa7e3aa50c98|8|unspecified,en,GLOBAL,pokemon|en|GLOBAL|tcgdex:dp2,"{""tcgdex"": ""dp2""}",8,123,"{""tcgdex"": ""dp2-8""}","[{""provider"": ""tcgdex"", ""providerCardId"": ""dp2-8"", ""providerSetId"": ""dp2"", ""serieId"": ""dp"", ""serieName"": ""Diamond & Pearl"", ""sourceLanguage"": ""en""}]",Explicit language-scoped provider card/set ID plus canonical set and collector identity; native name is corroborating only.,,exact_catalogue_record
pokemon|en|GLOBAL|set:b6e403865b280098|SM200|unspecified,en,GLOBAL,pokemon|en|GLOBAL|tcgdex:smp,"{""tcgdex"": ""smp""}",SM200,248,"{""tcgdex"": ""smp-SM200""}","[{""provider"": ""tcgdex"", ""providerCardId"": ""smp-SM200"", ""providerSetId"": ""smp"", ""serieId"": ""sm"", ""serieName"": ""Sun & Moon"", ""sourceLanguage"": ""en""}]",Explicit language-scoped provider card/set ID plus canonical set and collector identity; native name is corroborating only.,,exact_catalogue_record
pokemon|en|GLOBAL|set:fbc67adb6836094d|12|unspecified,en,GLOBAL,pokemon|en|GLOBAL|tcgdex:2016xy,"{""tcgdex"": ""2016xy""}",12,12,"{""tcgdex"": ""2016xy-12""}","[{""provider"": ""tcgdex"", ""providerCardId"": ""2016xy-12"", ""providerSetId"": ""2016xy"", ""serieId"": ""mc"", ""serieName"": ""McDonald's Collection"", ""sourceLanguage"": ""en""}]",Explicit language-scoped provider card/set ID plus canonical set and collector identity; native name is corroborating only.,,exact_catalogue_record
pokemon|en|GLOBAL|set:4c4df039a7dd7401|75|unspecified,en,GLOBAL,pokemon|en|GLOBAL|tcgdex:gym2,"{""tcgdex"": ""gym2""}",75,132,"{""tcgdex"": ""gym2-75""}","[{""provider"": ""tcgdex"", ""providerCardId"": ""gym2-75"", ""providerSetId"": ""gym2"", ""serieId"": ""gym"", ""serieName"": ""Gym"", ""sourceLanguage"": ""en""}]",Explicit language-scoped provider card/set ID plus canonical set and collector identity; native name is corroborating only.,,exact_catalogue_record
pokemon|en|GLOBAL|set:c20f70e4e9b74a14|38|unspecified,en,GLOBAL,pokemon|en|GLOBAL|tcgdex:hgss1,"{""tcgdex"": ""hgss1""}",38,123,"{""tcgdex"": ""hgss1-38""}","[{""provider"": ""tcgdex"", ""providerCardId"": ""hgss1-38"", ""providerSetId"": ""hgss1"", ""serieId"": ""hgss"", ""serieName"": ""HeartGold & SoulSilver"", ""sourceLanguage"": ""en""}]",Explicit language-scoped provider card/set ID plus canonical set and collector identity; native name is corroborating only.,,exact_catalogue_record
pokemon|en|GLOBAL|set:3f9503f7a176392d|140|unspecified,en,GLOBAL,pokemon|en|GLOBAL|tcgdex:swsh7,"{""tcgdex"": ""swsh7""}",140,203,"{""tcgdex"": ""swsh7-140""}","[{""provider"": ""tcgdex"", ""providerCardId"": ""swsh7-140"", ""providerSetId"": ""swsh7"", ""serieId"": ""swsh"", ""serieName"": ""Sword & Shield"", ""sourceLanguage"": ""en""}]",Explicit language-scoped provider card/set ID plus canonical set and collector identity; native name is corroborating only.,,exact_catalogue_record
pokemon|en|GLOBAL|set:423f682acfb0bcbe|56|unspecified,en,GLOBAL,pokemon|en|GLOBAL|tcgdex:gym1,"{""tcgdex"": ""gym1""}",56,132,"{""tcgdex"": ""gym1-56""}","[{""provider"": ""tcgdex"", ""providerCardId"": ""gym1-56"", ""providerSetId"": ""gym1"", ""serieId"": ""gym"", ""serieName"": ""Gym"", ""sourceLanguage"": ""en""}]",Explicit language-scoped provider card/set ID plus canonical set and collector identity; native name is corroborating only.,,exact_catalogue_record
pokemon|en|GLOBAL|set:423f682acfb0bcbe|44|unspecified,en,GLOBAL,pokemon|en|GLOBAL|tcgdex:gym1,"{""tcgdex"": ""gym1""}",44,132,"{""tcgdex"": ""gym1-44""}","[{""provider"": ""tcgdex"", ""providerCardId"": ""gym1-44"", ""providerSetId"": ""gym1"", ""serieId"": ""gym"", ""serieName"": ""Gym"", ""sourceLanguage"": ""en""}]",Explicit language-scoped provider card/set ID plus canonical set and collector identity; native name is corroborating only.,,exact_catalogue_record
pokemon|en|GLOBAL|set:cdad3ed34511af8f|19|unspecified,en,GLOBAL,pokemon|en|GLOBAL|tcgdex:tk-xy-w,"{""tcgdex"": ""tk-xy-w""}",19,30,"{""tcgdex"": ""tk-xy-w-19""}","[{""provider"": ""tcgdex"", ""providerCardId"": ""tk-xy-w-19"", ""providerSetId"": ""tk-xy-w"", ""serieId"": ""tk"", ""serieName"": ""Trainer kits"", ""sourceLanguage"": ""en""}]",Explicit language-scoped provider card/set ID plus canonical set and collector identity; native name is corroborating only.,,exact_catalogue_record
pokemon|en|GLOBAL|set:12cee16b6c867bf9|133|unspecified,en,GLOBAL,pokemon|en|GLOBAL|tcgdex:bw8,"{""tcgdex"": ""bw8""}",133,135,"{""tcgdex"": ""bw8-133""}","[{""provider"": ""tcgdex"", ""providerCardId"": ""bw8-133"", ""providerSetId"": ""bw8"", ""serieId"": ""bw"", ""serieName"": ""Black & White"", ""sourceLanguage"": ""en""}]",Explicit language-scoped provider card/set ID plus canonical set and collector identity; native name is corroborating only.,,exact_catalogue_record
pokemon|en|GLOBAL|set:ef1cf55d60a7594b|223|unspecified,en,GLOBAL,pokemon|en|GLOBAL|tcgdex:sv03,"{""tcgdex"": ""sv03""}",223,197,"{""tcgdex"": ""sv03-223""}","[{""provider"": ""tcgdex"", ""providerCardId"": ""sv03-223"", ""providerSetId"": ""sv03"", ""serieId"": ""sv"", ""serieName"": ""Scarlet & Violet"", ""sourceLanguage"": ""en""}]",Explicit language-scoped provider card/set ID plus canonical set and collector identity; native name is corroborating only.,,exact_catalogue_record
pokemon|en|GLOBAL|set:fa2786b4c13b1900|110|unspecified,en,GLOBAL,pokemon|en|GLOBAL|tcgdex:swsh10,"{""tcgdex"": ""swsh10""}",110,189,"{""tcgdex"": ""swsh10-110""}","[{""provider"": ""tcgdex"", ""providerCardId"": ""swsh10-110"", ""providerSetId"": ""swsh10"", ""serieId"": ""swsh"", ""serieName"": ""Sword & Shield"", ""sourceLanguage"": ""en""}]",Explicit language-scoped provider card/set ID plus canonical set and collector identity; native name is corroborating only.,,exact_catalogue_record
pokemon|en|GLOBAL|set:0c03be05a9b64aee|25|unspecified,en,GLOBAL,pokemon|en|GLOBAL|tcgdex:dp5,"{""tcgdex"": ""dp5""}",25,100,"{""tcgdex"": ""dp5-25""}","[{""provider"": ""tcgdex"", ""providerCardId"": ""dp5-25"", ""providerSetId"": ""dp5"", ""serieId"": ""dp"", ""serieName"": ""Diamond & Pearl"", ""sourceLanguage"": ""en""}]",Explicit language-scoped provider card/set ID plus canonical set and collector identity; native name is corroborating only.,,exact_catalogue_record
pokemon|en|GLOBAL|set:771216181b5fa033|25|unspecified,en,GLOBAL,pokemon|en|GLOBAL|tcgdex:ex8,"{""tcgdex"": ""ex8""}",25,107,"{""tcgdex"": ""ex8-25""}","[{""provider"": ""tcgdex"", ""providerCardId"": ""ex8-25"", ""providerSetId"": ""ex8"", ""serieId"": ""ex"", ""serieName"": ""EX"", ""sourceLanguage"": ""en""}]",Explicit language-scoped provider card/set ID plus canonical set and collector identity; native name is corroborating only.,,exact_catalogue_record
pokemon|en|GLOBAL|set:66ecdc8a62cda62d|7|unspecified,en,GLOBAL,pokemon|en|GLOBAL|tcgdex:ex14,"{""tcgdex"": ""ex14""}",7,100,"{""tcgdex"": ""ex14-7""}","[{""provider"": ""tcgdex"", ""providerCardId"": ""ex14-7"", ""providerSetId"": ""ex14"", ""serieId"": ""ex"", ""serieName"": ""EX"", ""sourceLanguage"": ""en""}]",Explicit language-scoped provider card/set ID plus canonical set and collector identity; native name is corroborating only.,,exact_catalogue_record
pokemon|en|GLOBAL|set:b974c5d317c6b5af|108|unspecified,en,GLOBAL,pokemon|en|GLOBAL|tcgdex:sv10,"{""tcgdex"": ""sv10""}",108,182,"{""tcgdex"": ""sv10-108""}","[{""provider"": ""tcgdex"", ""providerCardId"": ""sv10-108"", ""providerSetId"": ""sv10"", ""serieId"": ""sv"", ""serieName"": ""Scarlet & Violet"", ""sourceLanguage"": ""en""}]",Explicit language-scoped provider card/set ID plus canonical set and collector identity; native name is corroborating only.,,exact_catalogue_record
pokemon|en|GLOBAL|set:12cee16b6c867bf9|119|unspecified,en,GLOBAL,pokemon|en|GLOBAL|tcgdex:bw8,"{""tcgdex"": ""bw8""}",119,135,"{""tcgdex"": ""bw8-119""}","[{""provider"": ""tcgdex"", ""providerCardId"": ""bw8-119"", ""providerSetId"": ""bw8"", ""serieId"": ""bw"", ""serieName"": ""Black & White"", ""sourceLanguage"": ""en""}]",Explicit language-scoped provider card/set ID plus canonical set and collector identity; native name is corroborating only.,,exact_catalogue_record
pokemon|en|GLOBAL|set:0383a4a788e8de97|56|unspecified,en,GLOBAL,pokemon|en|GLOBAL|tcgdex:hgss3,"{""tcgdex"": ""hgss3""}",56,90,"{""tcgdex"": ""hgss3-56""}","[{""provider"": ""tcgdex"", ""providerCardId"": ""hgss3-56"", ""providerSetId"": ""hgss3"", ""serieId"": ""hgss"", ""serieName"": ""HeartGold & SoulSilver"", ""sourceLanguage"": ""en""}]",Explicit language-scoped provider card/set ID plus canonical set and collector identity; native name is corroborating only.,,exact_catalogue_record
pokemon|en|GLOBAL|set:80bf7dbd442f0b19|2|unspecified,en,GLOBAL,pokemon|en|GLOBAL|tcgdex:mee,"{""tcgdex"": ""mee""}",002,8,"{""tcgdex"": ""mee-002""}","[{""provider"": ""tcgdex"", ""providerCardId"": ""mee-002"", ""providerSetId"": ""mee"", ""serieId"": ""me"", ""serieName"": ""Mega Evolution"", ""sourceLanguage"": ""en""}]",Explicit language-scoped provider card/set ID plus canonical set and collector identity; native name is corroborating only.,,exact_catalogue_record
pokemon|en|GLOBAL|set:7a173612e4e5d1c9|10|unspecified,en,GLOBAL,pokemon|en|GLOBAL|tcgdex:base2,"{""tcgdex"": ""base2""}",10,64,"{""tcgdex"": ""base2-10""}","[{""provider"": ""tcgdex"", ""providerCardId"": ""base2-10"", ""providerSetId"": ""base2"", ""serieId"": ""base"", ""serieName"": ""Base"", ""sourceLanguage"": ""en""}]",Explicit language-scoped provider card/set ID plus canonical set and collector identity; native name is corroborating only.,,exact_catalogue_record
pokemon|ja|JP|set:956d6e69226153ca|100|unspecified,ja,JP,pokemon|ja|JP|tcgdex:PMCG1,"{""tcgdex"": ""PMCG1""}",100,102,"{""tcgdex"": ""PMCG1-100""}","[{""provider"": ""tcgdex"", ""providerCardId"": ""PMCG1-100"", ""providerSetId"": ""PMCG1"", ""serieId"": ""PMCG"", ""serieName"": ""ポケットモンスターカードゲーム"", ""sourceLanguage"": ""ja""}]",Explicit language-scoped provider card/set ID plus canonical set and collector identity; native name is corroborating only.,,exact_catalogue_record
pokemon|ja|JP|set:956d6e69226153ca|101|unspecified,ja,JP,pokemon|ja|JP|tcgdex:PMCG1,"{""tcgdex"": ""PMCG1""}",101,102,"{""tcgdex"": ""PMCG1-101""}","[{""provider"": ""tcgdex"", ""providerCardId"": ""PMCG1-101"", ""providerSetId"": ""PMCG1"", ""serieId"": ""PMCG"", ""serieName"": ""ポケットモンスターカードゲーム"", ""sourceLanguage"": ""ja""}]",Explicit language-scoped provider card/set ID plus canonical set and collector identity; native name is corroborating only.,,exact_catalogue_record
pokemon|ja|JP|set:956d6e69226153ca|102|unspecified,ja,JP,pokemon|ja|JP|tcgdex:PMCG1,"{""tcgdex"": ""PMCG1""}",102,102,"{""tcgdex"": ""PMCG1-102""}","[{""provider"": ""tcgdex"", ""providerCardId"": ""PMCG1-102"", ""providerSetId"": ""PMCG1"", ""serieId"": ""PMCG"", ""serieName"": ""ポケットモンスターカードゲーム"", ""sourceLanguage"": ""ja""}]",Explicit language-scoped provider card/set ID plus canonical set and collector identity; native name is corroborating only.,,exact_catalogue_record
pokemon|ja|JP|set:956d6e69226153ca|10|unspecified,ja,JP,pokemon|ja|JP|tcgdex:PMCG1,"{""tcgdex"": ""PMCG1""}",010,102,"{""tcgdex"": ""PMCG1-010""}","[{""provider"": ""tcgdex"", ""providerCardId"": ""PMCG1-010"", ""providerSetId"": ""PMCG1"", ""serieId"": ""PMCG"", ""serieName"": ""ポケットモンスターカードゲーム"", ""sourceLanguage"": ""ja""}]",Explicit language-scoped provider card/set ID plus canonical set and collector identity; native name is corroborating only.,,exact_catalogue_record
pokemon|ja|JP|set:956d6e69226153ca|11|unspecified,ja,JP,pokemon|ja|JP|tcgdex:PMCG1,"{""tcgdex"": ""PMCG1""}",011,102,"{""tcgdex"": ""PMCG1-011""}","[{""provider"": ""tcgdex"", ""providerCardId"": ""PMCG1-011"", ""providerSetId"": ""PMCG1"", ""serieId"": ""PMCG"", ""serieName"": ""ポケットモンスターカードゲーム"", ""sourceLanguage"": ""ja""}]",Explicit language-scoped provider card/set ID plus canonical set and collector identity; native name is corroborating only.,,exact_catalogue_record
pokemon|ja|JP|set:956d6e69226153ca|12|unspecified,ja,JP,pokemon|ja|JP|tcgdex:PMCG1,"{""tcgdex"": ""PMCG1""}",012,102,"{""tcgdex"": ""PMCG1-012""}","[{""provider"": ""tcgdex"", ""providerCardId"": ""PMCG1-012"", ""providerSetId"": ""PMCG1"", ""serieId"": ""PMCG"", ""serieName"": ""ポケットモンスターカードゲーム"", ""sourceLanguage"": ""ja""}]",Explicit language-scoped provider card/set ID plus canonical set and collector identity; native name is corroborating only.,,exact_catalogue_record
pokemon|ja|JP|set:956d6e69226153ca|13|unspecified,ja,JP,pokemon|ja|JP|tcgdex:PMCG1,"{""tcgdex"": ""PMCG1""}",013,102,"{""tcgdex"": ""PMCG1-013""}","[{""provider"": ""tcgdex"", ""providerCardId"": ""PMCG1-013"", ""providerSetId"": ""PMCG1"", ""serieId"": ""PMCG"", ""serieName"": ""ポケットモンスターカードゲーム"", ""sourceLanguage"": ""ja""}]",Explicit language-scoped provider card/set ID plus canonical set and collector identity; native name is corroborating only.,,exact_catalogue_record
pokemon|ja|JP|set:956d6e69226153ca|14|unspecified,ja,JP,pokemon|ja|JP|tcgdex:PMCG1,"{""tcgdex"": ""PMCG1""}",014,102,"{""tcgdex"": ""PMCG1-014""}","[{""provider"": ""tcgdex"", ""providerCardId"": ""PMCG1-014"", ""providerSetId"": ""PMCG1"", ""serieId"": ""PMCG"", ""serieName"": ""ポケットモンスターカードゲーム"", ""sourceLanguage"": ""ja""}]",Explicit language-scoped provider card/set ID plus canonical set and collector identity; native name is corroborating only.,,exact_catalogue_record
pokemon|ja|JP|set:956d6e69226153ca|15|unspecified,ja,JP,pokemon|ja|JP|tcgdex:PMCG1,"{""tcgdex"": ""PMCG1""}",015,102,"{""tcgdex"": ""PMCG1-015""}","[{""provider"": ""tcgdex"", ""providerCardId"": ""PMCG1-015"", ""providerSetId"": ""PMCG1"", ""serieId"": ""PMCG"", ""serieName"": ""ポケットモンスターカードゲーム"", ""sourceLanguage"": ""ja""}]",Explicit language-scoped provider card/set ID plus canonical set and collector identity; native name is corroborating only.,,exact_catalogue_record
pokemon|ja|JP|set:956d6e69226153ca|16|unspecified,ja,JP,pokemon|ja|JP|tcgdex:PMCG1,"{""tcgdex"": ""PMCG1""}",016,102,"{""tcgdex"": ""PMCG1-016""}","[{""provider"": ""tcgdex"", ""providerCardId"": ""PMCG1-016"", ""providerSetId"": ""PMCG1"", ""serieId"": ""PMCG"", ""serieName"": ""ポケットモンスターカードゲーム"", ""sourceLanguage"": ""ja""}]",Explicit language-scoped provider card/set ID plus canonical set and collector identity; native name is corroborating only.,,exact_catalogue_record
pokemon|ja|JP|set:956d6e69226153ca|17|unspecified,ja,JP,pokemon|ja|JP|tcgdex:PMCG1,"{""tcgdex"": ""PMCG1""}",017,102,"{""tcgdex"": ""PMCG1-017""}","[{""provider"": ""tcgdex"", ""providerCardId"": ""PMCG1-017"", ""providerSetId"": ""PMCG1"", ""serieId"": ""PMCG"", ""serieName"": ""ポケットモンスターカードゲーム"", ""sourceLanguage"": ""ja""}]",Explicit language-scoped provider card/set ID plus canonical set and collector identity; native name is corroborating only.,,exact_catalogue_record
pokemon|ja|JP|set:956d6e69226153ca|18|unspecified,ja,JP,pokemon|ja|JP|tcgdex:PMCG1,"{""tcgdex"": ""PMCG1""}",018,102,"{""tcgdex"": ""PMCG1-018""}","[{""provider"": ""tcgdex"", ""providerCardId"": ""PMCG1-018"", ""providerSetId"": ""PMCG1"", ""serieId"": ""PMCG"", ""serieName"": ""ポケットモンスターカードゲーム"", ""sourceLanguage"": ""ja""}]",Explicit language-scoped provider card/set ID plus canonical set and collector identity; native name is corroborating only.,,exact_catalogue_record
pokemon|ja|JP|set:956d6e69226153ca|19|unspecified,ja,JP,pokemon|ja|JP|tcgdex:PMCG1,"{""tcgdex"": ""PMCG1""}",019,102,"{""tcgdex"": ""PMCG1-019""}","[{""provider"": ""tcgdex"", ""providerCardId"": ""PMCG1-019"", ""providerSetId"": ""PMCG1"", ""serieId"": ""PMCG"", ""serieName"": ""ポケットモンスターカードゲーム"", ""sourceLanguage"": ""ja""}]",Explicit language-scoped provider card/set ID plus canonical set and collector identity; native name is corroborating only.,,exact_catalogue_record
pokemon|ja|JP|set:956d6e69226153ca|1|unspecified,ja,JP,pokemon|ja|JP|tcgdex:PMCG1,"{""tcgdex"": ""PMCG1""}",001,102,"{""tcgdex"": ""PMCG1-001""}","[{""provider"": ""tcgdex"", ""providerCardId"": ""PMCG1-001"", ""providerSetId"": ""PMCG1"", ""serieId"": ""PMCG"", ""serieName"": ""ポケットモンスターカードゲーム"", ""sourceLanguage"": ""ja""}]",Explicit language-scoped provider card/set ID plus canonical set and collector identity; native name is corroborating only.,,exact_catalogue_record
pokemon|ja|JP|set:956d6e69226153ca|20|unspecified,ja,JP,pokemon|ja|JP|tcgdex:PMCG1,"{""tcgdex"": ""PMCG1""}",020,102,"{""tcgdex"": ""PMCG1-020""}","[{""provider"": ""tcgdex"", ""providerCardId"": ""PMCG1-020"", ""providerSetId"": ""PMCG1"", ""serieId"": ""PMCG"", ""serieName"": ""ポケットモンスターカードゲーム"", ""sourceLanguage"": ""ja""}]",Explicit language-scoped provider card/set ID plus canonical set and collector identity; native name is corroborating only.,,exact_catalogue_record
pokemon|ja|JP|set:9602f8ff54fa6b9f|9|unspecified,ja,JP,pokemon|ja|JP|tcgdex:M3,"{""tcgdex"": ""M3""}",009,80,"{""tcgdex"": ""M3-009""}","[{""provider"": ""tcgdex"", ""providerCardId"": ""M3-009"", ""providerSetId"": ""M3"", ""serieId"": ""M"", ""serieName"": ""ポケモンカードゲーム MEGA"", ""sourceLanguage"": ""ja""}]",Explicit language-scoped provider card/set ID plus canonical set and collector identity; native name is corroborating only.,,exact_catalogue_record
pokemon|ja|JP|set:9602f8ff54fa6b9f|99|unspecified,ja,JP,pokemon|ja|JP|tcgdex:M3,"{""tcgdex"": ""M3""}",099,80,"{""tcgdex"": ""M3-099""}","[{""provider"": ""tcgdex"", ""providerCardId"": ""M3-099"", ""providerSetId"": ""M3"", ""serieId"": ""M"", ""serieName"": ""ポケモンカードゲーム MEGA"", ""sourceLanguage"": ""ja""}]",Explicit language-scoped provider card/set ID plus canonical set and collector identity; native name is corroborating only.,,exact_catalogue_record
pokemon|ja|JP|set:9602f8ff54fa6b9f|98|unspecified,ja,JP,pokemon|ja|JP|tcgdex:M3,"{""tcgdex"": ""M3""}",098,80,"{""tcgdex"": ""M3-098""}","[{""provider"": ""tcgdex"", ""providerCardId"": ""M3-098"", ""providerSetId"": ""M3"", ""serieId"": ""M"", ""serieName"": ""ポケモンカードゲーム MEGA"", ""sourceLanguage"": ""ja""}]",Explicit language-scoped provider card/set ID plus canonical set and collector identity; native name is corroborating only.,,exact_catalogue_record
pokemon|ja|JP|set:9602f8ff54fa6b9f|97|unspecified,ja,JP,pokemon|ja|JP|tcgdex:M3,"{""tcgdex"": ""M3""}",097,80,"{""tcgdex"": ""M3-097""}","[{""provider"": ""tcgdex"", ""providerCardId"": ""M3-097"", ""providerSetId"": ""M3"", ""serieId"": ""M"", ""serieName"": ""ポケモンカードゲーム MEGA"", ""sourceLanguage"": ""ja""}]",Explicit language-scoped provider card/set ID plus canonical set and collector identity; native name is corroborating only.,,exact_catalogue_record
pokemon|ja|JP|set:9602f8ff54fa6b9f|96|unspecified,ja,JP,pokemon|ja|JP|tcgdex:M3,"{""tcgdex"": ""M3""}",096,80,"{""tcgdex"": ""M3-096""}","[{""provider"": ""tcgdex"", ""providerCardId"": ""M3-096"", ""providerSetId"": ""M3"", ""serieId"": ""M"", ""serieName"": ""ポケモンカードゲーム MEGA"", ""sourceLanguage"": ""ja""}]",Explicit language-scoped provider card/set ID plus canonical set and collector identity; native name is corroborating only.,,exact_catalogue_record
pokemon|ja|JP|set:9602f8ff54fa6b9f|95|unspecified,ja,JP,pokemon|ja|JP|tcgdex:M3,"{""tcgdex"": ""M3""}",095,80,"{""tcgdex"": ""M3-095""}","[{""provider"": ""tcgdex"", ""providerCardId"": ""M3-095"", ""providerSetId"": ""M3"", ""serieId"": ""M"", ""serieName"": ""ポケモンカードゲーム MEGA"", ""sourceLanguage"": ""ja""}]",Explicit language-scoped provider card/set ID plus canonical set and collector identity; native name is corroborating only.,,exact_catalogue_record
pokemon|ja|JP|set:9602f8ff54fa6b9f|94|unspecified,ja,JP,pokemon|ja|JP|tcgdex:M3,"{""tcgdex"": ""M3""}",094,80,"{""tcgdex"": ""M3-094""}","[{""provider"": ""tcgdex"", ""providerCardId"": ""M3-094"", ""providerSetId"": ""M3"", ""serieId"": ""M"", ""serieName"": ""ポケモンカードゲーム MEGA"", ""sourceLanguage"": ""ja""}]",Explicit language-scoped provider card/set ID plus canonical set and collector identity; native name is corroborating only.,,exact_catalogue_record
pokemon|ja|JP|set:9602f8ff54fa6b9f|93|unspecified,ja,JP,pokemon|ja|JP|tcgdex:M3,"{""tcgdex"": ""M3""}",093,80,"{""tcgdex"": ""M3-093""}","[{""provider"": ""tcgdex"", ""providerCardId"": ""M3-093"", ""providerSetId"": ""M3"", ""serieId"": ""M"", ""serieName"": ""ポケモンカードゲーム MEGA"", ""sourceLanguage"": ""ja""}]",Explicit language-scoped provider card/set ID plus canonical set and collector identity; native name is corroborating only.,,exact_catalogue_record
pokemon|ja|JP|set:9602f8ff54fa6b9f|92|unspecified,ja,JP,pokemon|ja|JP|tcgdex:M3,"{""tcgdex"": ""M3""}",092,80,"{""tcgdex"": ""M3-092""}","[{""provider"": ""tcgdex"", ""providerCardId"": ""M3-092"", ""providerSetId"": ""M3"", ""serieId"": ""M"", ""serieName"": ""ポケモンカードゲーム MEGA"", ""sourceLanguage"": ""ja""}]",Explicit language-scoped provider card/set ID plus canonical set and collector identity; native name is corroborating only.,,exact_catalogue_record
pokemon|ja|JP|set:9602f8ff54fa6b9f|91|unspecified,ja,JP,pokemon|ja|JP|tcgdex:M3,"{""tcgdex"": ""M3""}",091,80,"{""tcgdex"": ""M3-091""}","[{""provider"": ""tcgdex"", ""providerCardId"": ""M3-091"", ""providerSetId"": ""M3"", ""serieId"": ""M"", ""serieName"": ""ポケモンカードゲーム MEGA"", ""sourceLanguage"": ""ja""}]",Explicit language-scoped provider card/set ID plus canonical set and collector identity; native name is corroborating only.,,exact_catalogue_record
pokemon|ja|JP|set:9602f8ff54fa6b9f|90|unspecified,ja,JP,pokemon|ja|JP|tcgdex:M3,"{""tcgdex"": ""M3""}",090,80,"{""tcgdex"": ""M3-090""}","[{""provider"": ""tcgdex"", ""providerCardId"": ""M3-090"", ""providerSetId"": ""M3"", ""serieId"": ""M"", ""serieName"": ""ポケモンカードゲーム MEGA"", ""sourceLanguage"": ""ja""}]",Explicit language-scoped provider card/set ID plus canonical set and collector identity; native name is corroborating only.,,exact_catalogue_record
pokemon|ja|JP|set:9602f8ff54fa6b9f|8|unspecified,ja,JP,pokemon|ja|JP|tcgdex:M3,"{""tcgdex"": ""M3""}",008,80,"{""tcgdex"": ""M3-008""}","[{""provider"": ""tcgdex"", ""providerCardId"": ""M3-008"", ""providerSetId"": ""M3"", ""serieId"": ""M"", ""serieName"": ""ポケモンカードゲーム MEGA"", ""sourceLanguage"": ""ja""}]",Explicit language-scoped provider card/set ID plus canonical set and collector identity; native name is corroborating only.,,exact_catalogue_record
pokemon|ja|JP|set:9602f8ff54fa6b9f|89|unspecified,ja,JP,pokemon|ja|JP|tcgdex:M3,"{""tcgdex"": ""M3""}",089,80,"{""tcgdex"": ""M3-089""}","[{""provider"": ""tcgdex"", ""providerCardId"": ""M3-089"", ""providerSetId"": ""M3"", ""serieId"": ""M"", ""serieName"": ""ポケモンカードゲーム MEGA"", ""sourceLanguage"": ""ja""}]",Explicit language-scoped provider card/set ID plus canonical set and collector identity; native name is corroborating only.,,exact_catalogue_record
pokemon|ja|JP|set:9602f8ff54fa6b9f|88|unspecified,ja,JP,pokemon|ja|JP|tcgdex:M3,"{""tcgdex"": ""M3""}",088,80,"{""tcgdex"": ""M3-088""}","[{""provider"": ""tcgdex"", ""providerCardId"": ""M3-088"", ""providerSetId"": ""M3"", ""serieId"": ""M"", ""serieName"": ""ポケモンカードゲーム MEGA"", ""sourceLanguage"": ""ja""}]",Explicit language-scoped provider card/set ID plus canonical set and collector identity; native name is corroborating only.,,exact_catalogue_record
pokemon|ja|JP|set:9602f8ff54fa6b9f|87|unspecified,ja,JP,pokemon|ja|JP|tcgdex:M3,"{""tcgdex"": ""M3""}",087,80,"{""tcgdex"": ""M3-087""}","[{""provider"": ""tcgdex"", ""providerCardId"": ""M3-087"", ""providerSetId"": ""M3"", ""serieId"": ""M"", ""serieName"": ""ポケモンカードゲーム MEGA"", ""sourceLanguage"": ""ja""}]",Explicit language-scoped provider card/set ID plus canonical set and collector identity; native name is corroborating only.,,exact_catalogue_record
pokemon|ja|JP|set:6ae5c5a3227ba907|1|unspecified,ja,JP,pokemon|ja|JP|tcgdex:E1,"{""tcgdex"": ""E1""}",001,128,"{""tcgdex"": ""E1-001""}","[{""provider"": ""tcgdex"", ""providerCardId"": ""E1-001"", ""providerSetId"": ""E1"", ""serieId"": ""e"", ""serieName"": ""ポケモンカードe"", ""sourceLanguage"": ""ja""}]",Explicit language-scoped provider card/set ID plus canonical set and collector identity; native name is corroborating only.,,exact_catalogue_record
pokemon|ja|JP|set:6ae5c5a3227ba907|10|unspecified,ja,JP,pokemon|ja|JP|tcgdex:E1,"{""tcgdex"": ""E1""}",010,128,"{""tcgdex"": ""E1-010""}","[{""provider"": ""tcgdex"", ""providerCardId"": ""E1-010"", ""providerSetId"": ""E1"", ""serieId"": ""e"", ""serieName"": ""ポケモンカードe"", ""sourceLanguage"": ""ja""}]",Explicit language-scoped provider card/set ID plus canonical set and collector identity; native name is corroborating only.,,exact_catalogue_record
pokemon|ja|JP|set:6ae5c5a3227ba907|11|unspecified,ja,JP,pokemon|ja|JP|tcgdex:E1,"{""tcgdex"": ""E1""}",011,128,"{""tcgdex"": ""E1-011""}","[{""provider"": ""tcgdex"", ""providerCardId"": ""E1-011"", ""providerSetId"": ""E1"", ""serieId"": ""e"", ""serieName"": ""ポケモンカードe"", ""sourceLanguage"": ""ja""}]",Explicit language-scoped provider card/set ID plus canonical set and collector identity; native name is corroborating only.,,exact_catalogue_record
pokemon|ja|JP|set:6ae5c5a3227ba907|12|unspecified,ja,JP,pokemon|ja|JP|tcgdex:E1,"{""tcgdex"": ""E1""}",012,128,"{""tcgdex"": ""E1-012""}","[{""provider"": ""tcgdex"", ""providerCardId"": ""E1-012"", ""providerSetId"": ""E1"", ""serieId"": ""e"", ""serieName"": ""ポケモンカードe"", ""sourceLanguage"": ""ja""}]",Explicit language-scoped provider card/set ID plus canonical set and collector identity; native name is corroborating only.,,exact_catalogue_record
pokemon|ja|JP|set:6ae5c5a3227ba907|13|unspecified,ja,JP,pokemon|ja|JP|tcgdex:E1,"{""tcgdex"": ""E1""}",013,128,"{""tcgdex"": ""E1-013""}","[{""provider"": ""tcgdex"", ""providerCardId"": ""E1-013"", ""providerSetId"": ""E1"", ""serieId"": ""e"", ""serieName"": ""ポケモンカードe"", ""sourceLanguage"": ""ja""}]",Explicit language-scoped provider card/set ID plus canonical set and collector identity; native name is corroborating only.,,exact_catalogue_record
pokemon|ja|JP|set:6ae5c5a3227ba907|14|unspecified,ja,JP,pokemon|ja|JP|tcgdex:E1,"{""tcgdex"": ""E1""}",014,128,"{""tcgdex"": ""E1-014""}","[{""provider"": ""tcgdex"", ""providerCardId"": ""E1-014"", ""providerSetId"": ""E1"", ""serieId"": ""e"", ""serieName"": ""ポケモンカードe"", ""sourceLanguage"": ""ja""}]",Explicit language-scoped provider card/set ID plus canonical set and collector identity; native name is corroborating only.,,exact_catalogue_record
pokemon|ja|JP|set:6ae5c5a3227ba907|15|unspecified,ja,JP,pokemon|ja|JP|tcgdex:E1,"{""tcgdex"": ""E1""}",015,128,"{""tcgdex"": ""E1-015""}","[{""provider"": ""tcgdex"", ""providerCardId"": ""E1-015"", ""providerSetId"": ""E1"", ""serieId"": ""e"", ""serieName"": ""ポケモンカードe"", ""sourceLanguage"": ""ja""}]",Explicit language-scoped provider card/set ID plus canonical set and collector identity; native name is corroborating only.,,exact_catalogue_record
pokemon|ja|JP|set:6ae5c5a3227ba907|16|unspecified,ja,JP,pokemon|ja|JP|tcgdex:E1,"{""tcgdex"": ""E1""}",016,128,"{""tcgdex"": ""E1-016""}","[{""provider"": ""tcgdex"", ""providerCardId"": ""E1-016"", ""providerSetId"": ""E1"", ""serieId"": ""e"", ""serieName"": ""ポケモンカードe"", ""sourceLanguage"": ""ja""}]",Explicit language-scoped provider card/set ID plus canonical set and collector identity; native name is corroborating only.,,exact_catalogue_record
pokemon|ja|JP|set:6ae5c5a3227ba907|17|unspecified,ja,JP,pokemon|ja|JP|tcgdex:E1,"{""tcgdex"": ""E1""}",017,128,"{""tcgdex"": ""E1-017""}","[{""provider"": ""tcgdex"", ""providerCardId"": ""E1-017"", ""providerSetId"": ""E1"", ""serieId"": ""e"", ""serieName"": ""ポケモンカードe"", ""sourceLanguage"": ""ja""}]",Explicit language-scoped provider card/set ID plus canonical set and collector identity; native name is corroborating only.,,exact_catalogue_record
pokemon|ja|JP|set:6ae5c5a3227ba907|18|unspecified,ja,JP,pokemon|ja|JP|tcgdex:E1,"{""tcgdex"": ""E1""}",018,128,"{""tcgdex"": ""E1-018""}","[{""provider"": ""tcgdex"", ""providerCardId"": ""E1-018"", ""providerSetId"": ""E1"", ""serieId"": ""e"", ""serieName"": ""ポケモンカードe"", ""sourceLanguage"": ""ja""}]",Explicit language-scoped provider card/set ID plus canonical set and collector identity; native name is corroborating only.,,exact_catalogue_record
pokemon|ja|JP|set:dbf2cbc4f9a5b2bf|59|unspecified,ja,JP,pokemon|ja|JP|tcgdex:SV8a,"{""tcgdex"": ""SV8a""}",059,187,"{""tcgdex"": ""SV8a-059""}","[{""provider"": ""tcgdex"", ""providerCardId"": ""SV8a-059"", ""providerSetId"": ""SV8a"", ""serieId"": ""SV"", ""serieName"": ""ポケモンカードゲーム スカーレット&バイオレット"", ""sourceLanguage"": ""ja""}]",Explicit language-scoped provider card/set ID plus canonical set and collector identity; native name is corroborating only.,,exact_catalogue_record
pokemon|ja|JP|set:033c973f7a7e62db|204|unspecified,ja,JP,pokemon|ja|JP|tcgdex:S12a,"{""tcgdex"": ""S12a""}",204,172,"{""tcgdex"": ""S12a-204""}","[{""provider"": ""tcgdex"", ""providerCardId"": ""S12a-204"", ""providerSetId"": ""S12a"", ""serieId"": ""S"", ""serieName"": ""剣と盾"", ""sourceLanguage"": ""ja""}]",Explicit language-scoped provider card/set ID plus canonical set and collector identity; native name is corroborating only.,,exact_catalogue_record
pokemon|ja|JP|set:2ba31de2e5727e0f|3|unspecified,ja,JP,pokemon|ja|JP|tcgdex:SVK,"{""tcgdex"": ""SVK""}",003,44,"{""tcgdex"": ""SVK-003""}","[{""provider"": ""tcgdex"", ""providerCardId"": ""SVK-003"", ""providerSetId"": ""SVK"", ""serieId"": ""SV"", ""serieName"": ""ポケモンカードゲーム スカーレット&バイオレット"", ""sourceLanguage"": ""ja""}]",Explicit language-scoped provider card/set ID plus canonical set and collector identity; native name is corroborating only.,,exact_catalogue_record
pokemon|ja|JP|set:69b1cf0086fc3b58|92|unspecified,ja,JP,pokemon|ja|JP|tcgdex:SV6,"{""tcgdex"": ""SV6""}",092,101,"{""tcgdex"": ""SV6-092""}","[{""provider"": ""tcgdex"", ""providerCardId"": ""SV6-092"", ""providerSetId"": ""SV6"", ""serieId"": ""SV"", ""serieName"": ""ポケモンカードゲーム スカーレット&バイオレット"", ""sourceLanguage"": ""ja""}]",Explicit language-scoped provider card/set ID plus canonical set and collector identity; native name is corroborating only.,,exact_catalogue_record
pokemon|ja|JP|set:18a2b1d8231004c6|105|unspecified,ja,JP,pokemon|ja|JP|tcgdex:SV11B,"{""tcgdex"": ""SV11B""}",105,174,"{""tcgdex"": ""SV11B-105""}","[{""provider"": ""tcgdex"", ""providerCardId"": ""SV11B-105"", ""providerSetId"": ""SV11B"", ""serieId"": ""SV"", ""serieName"": ""ポケモンカードゲーム スカーレット&バイオレット"", ""sourceLanguage"": ""ja""}]",Explicit language-scoped provider card/set ID plus canonical set and collector identity; native name is corroborating only.,,exact_catalogue_record
pokemon|ja|JP|set:a48ccdce1bf10207|16|unspecified,ja,JP,pokemon|ja|JP|tcgdex:E4,"{""tcgdex"": ""E4""}",016,88,"{""tcgdex"": ""E4-016""}","[{""provider"": ""tcgdex"", ""providerCardId"": ""E4-016"", ""providerSetId"": ""E4"", ""serieId"": ""e"", ""serieName"": ""ポケモンカードe"", ""sourceLanguage"": ""ja""}]",Explicit language-scoped provider card/set ID plus canonical set and collector identity; native name is corroborating only.,,exact_catalogue_record
pokemon|ja|JP|set:e1db9aec27abaeb6|36|unspecified,ja,JP,pokemon|ja|JP|tcgdex:PMCG2,"{""tcgdex"": ""PMCG2""}",036,48,"{""tcgdex"": ""PMCG2-036""}","[{""provider"": ""tcgdex"", ""providerCardId"": ""PMCG2-036"", ""providerSetId"": ""PMCG2"", ""serieId"": ""PMCG"", ""serieName"": ""ポケットモンスターカードゲーム"", ""sourceLanguage"": ""ja""}]",Explicit language-scoped provider card/set ID plus canonical set and collector identity; native name is corroborating only.,,exact_catalogue_record
pokemon|ja|JP|set:2af183490b3a3c32|26|unspecified,ja,JP,pokemon|ja|JP|tcgdex:neo1,"{""tcgdex"": ""neo1""}",026,96,"{""tcgdex"": ""neo1-026""}","[{""provider"": ""tcgdex"", ""providerCardId"": ""neo1-026"", ""providerSetId"": ""neo1"", ""serieId"": ""neo"", ""serieName"": ""ポケモンカード★neo"", ""sourceLanguage"": ""ja""}]",Explicit language-scoped provider card/set ID plus canonical set and collector identity; native name is corroborating only.,,exact_catalogue_record
pokemon|ja|JP|set:9b3e9a31785bbf43|126|unspecified,ja,JP,pokemon|ja|JP|tcgdex:SV2a,"{""tcgdex"": ""SV2a""}",126,165,"{""tcgdex"": ""SV2a-126""}","[{""provider"": ""tcgdex"", ""providerCardId"": ""SV2a-126"", ""providerSetId"": ""SV2a"", ""serieId"": ""SV"", ""serieName"": ""ポケモンカードゲーム スカーレット&バイオレット"", ""sourceLanguage"": ""ja""}]",Explicit language-scoped provider card/set ID plus canonical set and collector identity; native name is corroborating only.,,exact_catalogue_record
pokemon|ja|JP|set:033c973f7a7e62db|216|unspecified,ja,JP,pokemon|ja|JP|tcgdex:S12a,"{""tcgdex"": ""S12a""}",216,172,"{""tcgdex"": ""S12a-216""}","[{""provider"": ""tcgdex"", ""providerCardId"": ""S12a-216"", ""providerSetId"": ""S12a"", ""serieId"": ""S"", ""serieName"": ""剣と盾"", ""sourceLanguage"": ""ja""}]",Explicit language-scoped provider card/set ID plus canonical set and collector identity; native name is corroborating only.,,exact_catalogue_record
pokemon|ja|JP|set:b4f75b8218f64116|21|unspecified,ja,JP,pokemon|ja|JP|tcgdex:S9,"{""tcgdex"": ""S9""}",021,100,"{""tcgdex"": ""S9-021""}","[{""provider"": ""tcgdex"", ""providerCardId"": ""S9-021"", ""providerSetId"": ""S9"", ""serieId"": ""S"", ""serieName"": ""剣と盾"", ""sourceLanguage"": ""ja""}]",Explicit language-scoped provider card/set ID plus canonical set and collector identity; native name is corroborating only.,,exact_catalogue_record
pokemon|ja|JP|set:4c8d707a12553f95|45|unspecified,ja,JP,pokemon|ja|JP|tcgdex:M1L,"{""tcgdex"": ""M1L""}",045,63,"{""tcgdex"": ""M1L-045""}","[{""provider"": ""tcgdex"", ""providerCardId"": ""M1L-045"", ""providerSetId"": ""M1L"", ""serieId"": ""M"", ""serieName"": ""ポケモンカードゲーム MEGA"", ""sourceLanguage"": ""ja""}]",Explicit language-scoped provider card/set ID plus canonical set and collector identity; native name is corroborating only.,,exact_catalogue_record
pokemon|ja|JP|set:a48ccdce1bf10207|43|unspecified,ja,JP,pokemon|ja|JP|tcgdex:E4,"{""tcgdex"": ""E4""}",043,88,"{""tcgdex"": ""E4-043""}","[{""provider"": ""tcgdex"", ""providerCardId"": ""E4-043"", ""providerSetId"": ""E4"", ""serieId"": ""e"", ""serieName"": ""ポケモンカードe"", ""sourceLanguage"": ""ja""}]",Explicit language-scoped provider card/set ID plus canonical set and collector identity; native name is corroborating only.,,exact_catalogue_record
pokemon|ja|JP|set:9602f8ff54fa6b9f|19|unspecified,ja,JP,pokemon|ja|JP|tcgdex:M3,"{""tcgdex"": ""M3""}",019,80,"{""tcgdex"": ""M3-019""}","[{""provider"": ""tcgdex"", ""providerCardId"": ""M3-019"", ""providerSetId"": ""M3"", ""serieId"": ""M"", ""serieName"": ""ポケモンカードゲーム MEGA"", ""sourceLanguage"": ""ja""}]",Explicit language-scoped provider card/set ID plus canonical set and collector identity; native name is corroborating only.,,exact_catalogue_record
pokemon|ja|JP|set:2ba31de2e5727e0f|44|unspecified,ja,JP,pokemon|ja|JP|tcgdex:SVK,"{""tcgdex"": ""SVK""}",044,44,"{""tcgdex"": ""SVK-044""}","[{""provider"": ""tcgdex"", ""providerCardId"": ""SVK-044"", ""providerSetId"": ""SVK"", ""serieId"": ""SV"", ""serieName"": ""ポケモンカードゲーム スカーレット&バイオレット"", ""sourceLanguage"": ""ja""}]",Explicit language-scoped provider card/set ID plus canonical set and collector identity; native name is corroborating only.,,exact_catalogue_record
pokemon|ja|JP|set:34b5f9544131ae0a|49|unspecified,ja,JP,pokemon|ja|JP|tcgdex:PCG1,"{""tcgdex"": ""PCG1""}",049,82,"{""tcgdex"": ""PCG1-049""}","[{""provider"": ""tcgdex"", ""providerCardId"": ""PCG1-049"", ""providerSetId"": ""PCG1"", ""serieId"": ""PCG"", ""serieName"": ""PCG"", ""sourceLanguage"": ""ja""}]",Explicit language-scoped provider card/set ID plus canonical set and collector identity; native name is corroborating only.,,exact_catalogue_record
pokemon|ja|JP|set:458e36b44b6b7652|89|unspecified,ja,JP,pokemon|ja|JP|tcgdex:SV2D,"{""tcgdex"": ""SV2D""}",089,71,"{""tcgdex"": ""SV2D-089""}","[{""provider"": ""tcgdex"", ""providerCardId"": ""SV2D-089"", ""providerSetId"": ""SV2D"", ""serieId"": ""SV"", ""serieName"": ""ポケモンカードゲーム スカーレット&バイオレット"", ""sourceLanguage"": ""ja""}]",Explicit language-scoped provider card/set ID plus canonical set and collector identity; native name is corroborating only.,,exact_catalogue_record
pokemon|ja|JP|set:9b3e9a31785bbf43|134|unspecified,ja,JP,pokemon|ja|JP|tcgdex:SV2a,"{""tcgdex"": ""SV2a""}",134,165,"{""tcgdex"": ""SV2a-134""}","[{""provider"": ""tcgdex"", ""providerCardId"": ""SV2a-134"", ""providerSetId"": ""SV2a"", ""serieId"": ""SV"", ""serieName"": ""ポケモンカードゲーム スカーレット&バイオレット"", ""sourceLanguage"": ""ja""}]",Explicit language-scoped provider card/set ID plus canonical set and collector identity; native name is corroborating only.,,exact_catalogue_record
pokemon|ja|JP|set:9bb9ae9d3a1f68ee|89|unspecified,ja,JP,pokemon|ja|JP|tcgdex:PMCG5,"{""tcgdex"": ""PMCG5""}",089,96,"{""tcgdex"": ""PMCG5-089""}","[{""provider"": ""tcgdex"", ""providerCardId"": ""PMCG5-089"", ""providerSetId"": ""PMCG5"", ""serieId"": ""PMCG"", ""serieName"": ""ポケットモンスターカードゲーム"", ""sourceLanguage"": ""ja""}]",Explicit language-scoped provider card/set ID plus canonical set and collector identity; native name is corroborating only.,,exact_catalogue_record
pokemon|ja|JP|set:956d6e69226153ca|79|unspecified,ja,JP,pokemon|ja|JP|tcgdex:PMCG1,"{""tcgdex"": ""PMCG1""}",079,102,"{""tcgdex"": ""PMCG1-079""}","[{""provider"": ""tcgdex"", ""providerCardId"": ""PMCG1-079"", ""providerSetId"": ""PMCG1"", ""serieId"": ""PMCG"", ""serieName"": ""ポケットモンスターカードゲーム"", ""sourceLanguage"": ""ja""}]",Explicit language-scoped provider card/set ID plus canonical set and collector identity; native name is corroborating only.,,exact_catalogue_record
pokemon|ja|JP|set:843eb6cbd3e33798|74|unspecified,ja,JP,pokemon|ja|JP|tcgdex:SV1V,"{""tcgdex"": ""SV1V""}",074,78,"{""tcgdex"": ""SV1V-074""}","[{""provider"": ""tcgdex"", ""providerCardId"": ""SV1V-074"", ""providerSetId"": ""SV1V"", ""serieId"": ""SV"", ""serieName"": ""ポケモンカードゲーム スカーレット&バイオレット"", ""sourceLanguage"": ""ja""}]",Explicit language-scoped provider card/set ID plus canonical set and collector identity; native name is corroborating only.,,exact_catalogue_record
pokemon|ja|JP|set:a48ccdce1bf10207|19|unspecified,ja,JP,pokemon|ja|JP|tcgdex:E4,"{""tcgdex"": ""E4""}",019,88,"{""tcgdex"": ""E4-019""}","[{""provider"": ""tcgdex"", ""providerCardId"": ""E4-019"", ""providerSetId"": ""E4"", ""serieId"": ""e"", ""serieName"": ""ポケモンカードe"", ""sourceLanguage"": ""ja""}]",Explicit language-scoped provider card/set ID plus canonical set and collector identity; native name is corroborating only.,,exact_catalogue_record
pokemon|ja|JP|set:6ae5c5a3227ba907|64|unspecified,ja,JP,pokemon|ja|JP|tcgdex:E1,"{""tcgdex"": ""E1""}",064,128,"{""tcgdex"": ""E1-064""}","[{""provider"": ""tcgdex"", ""providerCardId"": ""E1-064"", ""providerSetId"": ""E1"", ""serieId"": ""e"", ""serieName"": ""ポケモンカードe"", ""sourceLanguage"": ""ja""}]",Explicit language-scoped provider card/set ID plus canonical set and collector identity; native name is corroborating only.,,exact_catalogue_record
pokemon|ja|JP|set:37b18eb504b1c877|78|unspecified,ja,JP,pokemon|ja|JP|tcgdex:SV10,"{""tcgdex"": ""SV10""}",078,98,"{""tcgdex"": ""SV10-078""}","[{""provider"": ""tcgdex"", ""providerCardId"": ""SV10-078"", ""providerSetId"": ""SV10"", ""serieId"": ""SV"", ""serieName"": ""ポケモンカードゲーム スカーレット&バイオレット"", ""sourceLanguage"": ""ja""}]",Explicit language-scoped provider card/set ID plus canonical set and collector identity; native name is corroborating only.,,exact_catalogue_record
pokemon|ja|JP|set:a9bfdde5d9a96e6c|98|unspecified,ja,JP,pokemon|ja|JP|tcgdex:SV1S,"{""tcgdex"": ""SV1S""}",098,78,"{""tcgdex"": ""SV1S-098""}","[{""provider"": ""tcgdex"", ""providerCardId"": ""SV1S-098"", ""providerSetId"": ""SV1S"", ""serieId"": ""SV"", ""serieName"": ""ポケモンカードゲーム スカーレット&バイオレット"", ""sourceLanguage"": ""ja""}]",Explicit language-scoped provider card/set ID plus canonical set and collector identity; native name is corroborating only.,,exact_catalogue_record
pokemon|ja|JP|set:2af183490b3a3c32|24|unspecified,ja,JP,pokemon|ja|JP|tcgdex:neo1,"{""tcgdex"": ""neo1""}",024,96,"{""tcgdex"": ""neo1-024""}","[{""provider"": ""tcgdex"", ""providerCardId"": ""neo1-024"", ""providerSetId"": ""neo1"", ""serieId"": ""neo"", ""serieName"": ""ポケモンカード★neo"", ""sourceLanguage"": ""ja""}]",Explicit language-scoped provider card/set ID plus canonical set and collector identity; native name is corroborating only.,,exact_catalogue_record
pokemon|ja|JP|set:dbf2cbc4f9a5b2bf|71|unspecified,ja,JP,pokemon|ja|JP|tcgdex:SV8a,"{""tcgdex"": ""SV8a""}",071,187,"{""tcgdex"": ""SV8a-071""}","[{""provider"": ""tcgdex"", ""providerCardId"": ""SV8a-071"", ""providerSetId"": ""SV8a"", ""serieId"": ""SV"", ""serieName"": ""ポケモンカードゲーム スカーレット&バイオレット"", ""sourceLanguage"": ""ja""}]",Explicit language-scoped provider card/set ID plus canonical set and collector identity; native name is corroborating only.,,exact_catalogue_record
pokemon|ja|JP|set:dbf2cbc4f9a5b2bf|53|unspecified,ja,JP,pokemon|ja|JP|tcgdex:SV8a,"{""tcgdex"": ""SV8a""}",053,187,"{""tcgdex"": ""SV8a-053""}","[{""provider"": ""tcgdex"", ""providerCardId"": ""SV8a-053"", ""providerSetId"": ""SV8a"", ""serieId"": ""SV"", ""serieName"": ""ポケモンカードゲーム スカーレット&バイオレット"", ""sourceLanguage"": ""ja""}]",Explicit language-scoped provider card/set ID plus canonical set and collector identity; native name is corroborating only.,,exact_catalogue_record
pokemon|ja|JP|set:f84aeb86074d0618|13|unspecified,ja,JP,pokemon|ja|JP|tcgdex:S12,"{""tcgdex"": ""S12""}",013,98,"{""tcgdex"": ""S12-013""}","[{""provider"": ""tcgdex"", ""providerCardId"": ""S12-013"", ""providerSetId"": ""S12"", ""serieId"": ""S"", ""serieName"": ""剣と盾"", ""sourceLanguage"": ""ja""}]",Explicit language-scoped provider card/set ID plus canonical set and collector identity; native name is corroborating only.,,exact_catalogue_record
pokemon|ja|JP|set:e1db9aec27abaeb6|8|unspecified,ja,JP,pokemon|ja|JP|tcgdex:PMCG2,"{""tcgdex"": ""PMCG2""}",008,48,"{""tcgdex"": ""PMCG2-008""}","[{""provider"": ""tcgdex"", ""providerCardId"": ""PMCG2-008"", ""providerSetId"": ""PMCG2"", ""serieId"": ""PMCG"", ""serieName"": ""ポケットモンスターカードゲーム"", ""sourceLanguage"": ""ja""}]",Explicit language-scoped provider card/set ID plus canonical set and collector identity; native name is corroborating only.,,exact_catalogue_record
pokemon|ja|JP|set:6ae5c5a3227ba907|67|unspecified,ja,JP,pokemon|ja|JP|tcgdex:E1,"{""tcgdex"": ""E1""}",067,128,"{""tcgdex"": ""E1-067""}","[{""provider"": ""tcgdex"", ""providerCardId"": ""E1-067"", ""providerSetId"": ""E1"", ""serieId"": ""e"", ""serieName"": ""ポケモンカードe"", ""sourceLanguage"": ""ja""}]",Explicit language-scoped provider card/set ID plus canonical set and collector identity; native name is corroborating only.,,exact_catalogue_record
pokemon|ja|JP|set:9b3e9a31785bbf43|15|unspecified,ja,JP,pokemon|ja|JP|tcgdex:SV2a,"{""tcgdex"": ""SV2a""}",015,165,"{""tcgdex"": ""SV2a-015""}","[{""provider"": ""tcgdex"", ""providerCardId"": ""SV2a-015"", ""providerSetId"": ""SV2a"", ""serieId"": ""SV"", ""serieName"": ""ポケモンカードゲーム スカーレット&バイオレット"", ""sourceLanguage"": ""ja""}]",Explicit language-scoped provider card/set ID plus canonical set and collector identity; native name is corroborating only.,,exact_catalogue_record
pokemon|ja|JP|set:8807b83dc6635c89|10|unspecified,ja,JP,pokemon|ja|JP|tcgdex:PMCG4,"{""tcgdex"": ""PMCG4""}",010,65,"{""tcgdex"": ""PMCG4-010""}","[{""provider"": ""tcgdex"", ""providerCardId"": ""PMCG4-010"", ""providerSetId"": ""PMCG4"", ""serieId"": ""PMCG"", ""serieName"": ""ポケットモンスターカードゲーム"", ""sourceLanguage"": ""ja""}]",Explicit language-scoped provider card/set ID plus canonical set and collector identity; native name is corroborating only.,,exact_catalogue_record
pokemon|ja|JP|set:dbbb4dd00f4d9cf5|48|unspecified,ja,JP,pokemon|ja|JP|tcgdex:neo3,"{""tcgdex"": ""neo3""}",048,57,"{""tcgdex"": ""neo3-048""}","[{""provider"": ""tcgdex"", ""providerCardId"": ""neo3-048"", ""providerSetId"": ""neo3"", ""serieId"": ""neo"", ""serieName"": ""ポケモンカード★neo"", ""sourceLanguage"": ""ja""}]",Explicit language-scoped provider card/set ID plus canonical set and collector identity; native name is corroborating only.,,exact_catalogue_record
pokemon|ja|JP|set:d471bcbd3d2f8836|70|unspecified,ja,JP,pokemon|ja|JP|tcgdex:SV4K,"{""tcgdex"": ""SV4K""}",070,66,"{""tcgdex"": ""SV4K-070""}","[{""provider"": ""tcgdex"", ""providerCardId"": ""SV4K-070"", ""providerSetId"": ""SV4K"", ""serieId"": ""SV"", ""serieName"": ""ポケモンカードゲーム スカーレット&バイオレット"", ""sourceLanguage"": ""ja""}]",Explicit language-scoped provider card/set ID plus canonical set and collector identity; native name is corroborating only.,,exact_catalogue_record
pokemon|ja|JP|set:9165ba9afaec6afb|102|unspecified,ja,JP,pokemon|ja|JP|tcgdex:SV3,"{""tcgdex"": ""SV3""}",102,108,"{""tcgdex"": ""SV3-102""}","[{""provider"": ""tcgdex"", ""providerCardId"": ""SV3-102"", ""providerSetId"": ""SV3"", ""serieId"": ""SV"", ""serieName"": ""ポケモンカードゲーム スカーレット&バイオレット"", ""sourceLanguage"": ""ja""}]",Explicit language-scoped provider card/set ID plus canonical set and collector identity; native name is corroborating only.,,exact_catalogue_record
pokemon|ja|JP|set:69b1cf0086fc3b58|56|unspecified,ja,JP,pokemon|ja|JP|tcgdex:SV6,"{""tcgdex"": ""SV6""}",056,101,"{""tcgdex"": ""SV6-056""}","[{""provider"": ""tcgdex"", ""providerCardId"": ""SV6-056"", ""providerSetId"": ""SV6"", ""serieId"": ""SV"", ""serieName"": ""ポケモンカードゲーム スカーレット&バイオレット"", ""sourceLanguage"": ""ja""}]",Explicit language-scoped provider card/set ID plus canonical set and collector identity; native name is corroborating only.,,exact_catalogue_record
pokemon|ja|JP|set:f84aeb86074d0618|42|unspecified,ja,JP,pokemon|ja|JP|tcgdex:S12,"{""tcgdex"": ""S12""}",042,98,"{""tcgdex"": ""S12-042""}","[{""provider"": ""tcgdex"", ""providerCardId"": ""S12-042"", ""providerSetId"": ""S12"", ""serieId"": ""S"", ""serieName"": ""剣と盾"", ""sourceLanguage"": ""ja""}]",Explicit language-scoped provider card/set ID plus canonical set and collector identity; native name is corroborating only.,,exact_catalogue_record
pokemon|ja|JP|set:2a62bc3299719e11|3|unspecified,ja,JP,pokemon|ja|JP|tcgdex:E2,"{""tcgdex"": ""E2""}",003,92,"{""tcgdex"": ""E2-003""}","[{""provider"": ""tcgdex"", ""providerCardId"": ""E2-003"", ""providerSetId"": ""E2"", ""serieId"": ""e"", ""serieName"": ""ポケモンカードe"", ""sourceLanguage"": ""ja""}]",Explicit language-scoped provider card/set ID plus canonical set and collector identity; native name is corroborating only.,,exact_catalogue_record
pokemon|ja|JP|set:a9bfdde5d9a96e6c|31|unspecified,ja,JP,pokemon|ja|JP|tcgdex:SV1S,"{""tcgdex"": ""SV1S""}",031,78,"{""tcgdex"": ""SV1S-031""}","[{""provider"": ""tcgdex"", ""providerCardId"": ""SV1S-031"", ""providerSetId"": ""SV1S"", ""serieId"": ""SV"", ""serieName"": ""ポケモンカードゲーム スカーレット&バイオレット"", ""sourceLanguage"": ""ja""}]",Explicit language-scoped provider card/set ID plus canonical set and collector identity; native name is corroborating only.,,exact_catalogue_record
pokemon|ja|JP|set:6dab8eedc09afe3a|37|unspecified,ja,JP,pokemon|ja|JP|tcgdex:M1S,"{""tcgdex"": ""M1S""}",037,63,"{""tcgdex"": ""M1S-037""}","[{""provider"": ""tcgdex"", ""providerCardId"": ""M1S-037"", ""providerSetId"": ""M1S"", ""serieId"": ""M"", ""serieName"": ""ポケモンカードゲーム MEGA"", ""sourceLanguage"": ""ja""}]",Explicit language-scoped provider card/set ID plus canonical set and collector identity; native name is corroborating only.,,exact_catalogue_record
pokemon|ja|JP|set:bf1e0d38fd8c9b09|24|unspecified,ja,JP,pokemon|ja|JP|tcgdex:SV1a,"{""tcgdex"": ""SV1a""}",024,73,"{""tcgdex"": ""SV1a-024""}","[{""provider"": ""tcgdex"", ""providerCardId"": ""SV1a-024"", ""providerSetId"": ""SV1a"", ""serieId"": ""SV"", ""serieName"": ""ポケモンカードゲーム スカーレット&バイオレット"", ""sourceLanguage"": ""ja""}]",Explicit language-scoped provider card/set ID plus canonical set and collector identity; native name is corroborating only.,,exact_catalogue_record
pokemon|ja|JP|set:851c410fc63dd63a|32|unspecified,ja,JP,pokemon|ja|JP|tcgdex:web1,"{""tcgdex"": ""web1""}",032,48,"{""tcgdex"": ""web1-032""}","[{""provider"": ""tcgdex"", ""providerCardId"": ""web1-032"", ""providerSetId"": ""web1"", ""serieId"": ""web"", ""serieName"": ""web"", ""sourceLanguage"": ""ja""}]",Explicit language-scoped provider card/set ID plus canonical set and collector identity; native name is corroborating only.,,exact_catalogue_record
pokemon|ja|JP|set:dbf2cbc4f9a5b2bf|76|unspecified,ja,JP,pokemon|ja|JP|tcgdex:SV8a,"{""tcgdex"": ""SV8a""}",076,187,"{""tcgdex"": ""SV8a-076""}","[{""provider"": ""tcgdex"", ""providerCardId"": ""SV8a-076"", ""providerSetId"": ""SV8a"", ""serieId"": ""SV"", ""serieName"": ""ポケモンカードゲーム スカーレット&バイオレット"", ""sourceLanguage"": ""ja""}]",Explicit language-scoped provider card/set ID plus canonical set and collector identity; native name is corroborating only.,,exact_catalogue_record
pokemon|ja|JP|set:9165ba9afaec6afb|60|unspecified,ja,JP,pokemon|ja|JP|tcgdex:SV3,"{""tcgdex"": ""SV3""}",060,108,"{""tcgdex"": ""SV3-060""}","[{""provider"": ""tcgdex"", ""providerCardId"": ""SV3-060"", ""providerSetId"": ""SV3"", ""serieId"": ""SV"", ""serieName"": ""ポケモンカードゲーム スカーレット&バイオレット"", ""sourceLanguage"": ""ja""}]",Explicit language-scoped provider card/set ID plus canonical set and collector identity; native name is corroborating only.,,exact_catalogue_record
pokemon|ja|JP|set:bf1e0d38fd8c9b09|102|unspecified,ja,JP,pokemon|ja|JP|tcgdex:SV1a,"{""tcgdex"": ""SV1a""}",102,73,"{""tcgdex"": ""SV1a-102""}","[{""provider"": ""tcgdex"", ""providerCardId"": ""SV1a-102"", ""providerSetId"": ""SV1a"", ""serieId"": ""SV"", ""serieName"": ""ポケモンカードゲーム スカーレット&バイオレット"", ""sourceLanguage"": ""ja""}]",Explicit language-scoped provider card/set ID plus canonical set and collector identity; native name is corroborating only.,,exact_catalogue_record
pokemon|ja|JP|set:80b0de4ec0bcecae|78|unspecified,ja,JP,pokemon|ja|JP|tcgdex:E3,"{""tcgdex"": ""E3""}",078,87,"{""tcgdex"": ""E3-078""}","[{""provider"": ""tcgdex"", ""providerCardId"": ""E3-078"", ""providerSetId"": ""E3"", ""serieId"": ""e"", ""serieName"": ""ポケモンカードe"", ""sourceLanguage"": ""ja""}]",Explicit language-scoped provider card/set ID plus canonical set and collector identity; native name is corroborating only.,,exact_catalogue_record
pokemon|ja|JP|set:18a2b1d8231004c6|158|unspecified,ja,JP,pokemon|ja|JP|tcgdex:SV11B,"{""tcgdex"": ""SV11B""}",158,174,"{""tcgdex"": ""SV11B-158""}","[{""provider"": ""tcgdex"", ""providerCardId"": ""SV11B-158"", ""providerSetId"": ""SV11B"", ""serieId"": ""SV"", ""serieName"": ""ポケモンカードゲーム スカーレット&バイオレット"", ""sourceLanguage"": ""ja""}]",Explicit language-scoped provider card/set ID plus canonical set and collector identity; native name is corroborating only.,,exact_catalogue_record
pokemon|ja|JP|set:a9bfdde5d9a96e6c|103|unspecified,ja,JP,pokemon|ja|JP|tcgdex:SV1S,"{""tcgdex"": ""SV1S""}",103,78,"{""tcgdex"": ""SV1S-103""}","[{""provider"": ""tcgdex"", ""providerCardId"": ""SV1S-103"", ""providerSetId"": ""SV1S"", ""serieId"": ""SV"", ""serieName"": ""ポケモンカードゲーム スカーレット&バイオレット"", ""sourceLanguage"": ""ja""}]",Explicit language-scoped provider card/set ID plus canonical set and collector identity; native name is corroborating only.,,exact_catalogue_record
pokemon|ja|JP|set:585ba4ebaad8bc26|260|unspecified,ja,JP,pokemon|ja|JP|tcgdex:SV4a,"{""tcgdex"": ""SV4a""}",260,190,"{""tcgdex"": ""SV4a-260""}","[{""provider"": ""tcgdex"", ""providerCardId"": ""SV4a-260"", ""providerSetId"": ""SV4a"", ""serieId"": ""SV"", ""serieName"": ""ポケモンカードゲーム スカーレット&バイオレット"", ""sourceLanguage"": ""ja""}]",Explicit language-scoped provider card/set ID plus canonical set and collector identity; native name is corroborating only.,,exact_catalogue_record
pokemon|ja|JP|set:aaa45ac51e66d2f1|61|unspecified,ja,JP,pokemon|ja|JP|tcgdex:PCG6,"{""tcgdex"": ""PCG6""}",061,86,"{""tcgdex"": ""PCG6-061""}","[{""provider"": ""tcgdex"", ""providerCardId"": ""PCG6-061"", ""providerSetId"": ""PCG6"", ""serieId"": ""PCG"", ""serieName"": ""PCG"", ""sourceLanguage"": ""ja""}]",Explicit language-scoped provider card/set ID plus canonical set and collector identity; native name is corroborating only.,,exact_catalogue_record
pokemon|ja|JP|set:2a62bc3299719e11|4|unspecified,ja,JP,pokemon|ja|JP|tcgdex:E2,"{""tcgdex"": ""E2""}",004,92,"{""tcgdex"": ""E2-004""}","[{""provider"": ""tcgdex"", ""providerCardId"": ""E2-004"", ""providerSetId"": ""E2"", ""serieId"": ""e"", ""serieName"": ""ポケモンカードe"", ""sourceLanguage"": ""ja""}]",Explicit language-scoped provider card/set ID plus canonical set and collector identity; native name is corroborating only.,,exact_catalogue_record
pokemon|ja|JP|set:b4f75b8218f64116|90|unspecified,ja,JP,pokemon|ja|JP|tcgdex:S9,"{""tcgdex"": ""S9""}",090,100,"{""tcgdex"": ""S9-090""}","[{""provider"": ""tcgdex"", ""providerCardId"": ""S9-090"", ""providerSetId"": ""S9"", ""serieId"": ""S"", ""serieName"": ""剣と盾"", ""sourceLanguage"": ""ja""}]",Explicit language-scoped provider card/set ID plus canonical set and collector identity; native name is corroborating only.,,exact_catalogue_record
pokemon|ja|JP|set:9165ba9afaec6afb|7|unspecified,ja,JP,pokemon|ja|JP|tcgdex:SV3,"{""tcgdex"": ""SV3""}",007,108,"{""tcgdex"": ""SV3-007""}","[{""provider"": ""tcgdex"", ""providerCardId"": ""SV3-007"", ""providerSetId"": ""SV3"", ""serieId"": ""SV"", ""serieName"": ""ポケモンカードゲーム スカーレット&バイオレット"", ""sourceLanguage"": ""ja""}]",Explicit language-scoped provider card/set ID plus canonical set and collector identity; native name is corroborating only.,,exact_catalogue_record
pokemon|ja|JP|set:34b5f9544131ae0a|29|unspecified,ja,JP,pokemon|ja|JP|tcgdex:PCG1,"{""tcgdex"": ""PCG1""}",029,82,"{""tcgdex"": ""PCG1-029""}","[{""provider"": ""tcgdex"", ""providerCardId"": ""PCG1-029"", ""providerSetId"": ""PCG1"", ""serieId"": ""PCG"", ""serieName"": ""PCG"", ""sourceLanguage"": ""ja""}]",Explicit language-scoped provider card/set ID plus canonical set and collector identity; native name is corroborating only.,,exact_catalogue_record
pokemon|ja|JP|set:033c973f7a7e62db|54|unspecified,ja,JP,pokemon|ja|JP|tcgdex:S12a,"{""tcgdex"": ""S12a""}",054,172,"{""tcgdex"": ""S12a-054""}","[{""provider"": ""tcgdex"", ""providerCardId"": ""S12a-054"", ""providerSetId"": ""S12a"", ""serieId"": ""S"", ""serieName"": ""剣と盾"", ""sourceLanguage"": ""ja""}]",Explicit language-scoped provider card/set ID plus canonical set and collector identity; native name is corroborating only.,,exact_catalogue_record
pokemon|ja|JP|set:ed882f8d543e1a87|2|unspecified,ja,JP,pokemon|ja|JP|tcgdex:SVLS,"{""tcgdex"": ""SVLS""}",002,22,"{""tcgdex"": ""SVLS-002""}","[{""provider"": ""tcgdex"", ""providerCardId"": ""SVLS-002"", ""providerSetId"": ""SVLS"", ""serieId"": ""SV"", ""serieName"": ""ポケモンカードゲーム スカーレット&バイオレット"", ""sourceLanguage"": ""ja""}]",Explicit language-scoped provider card/set ID plus canonical set and collector identity; native name is corroborating only.,,exact_catalogue_record
pokemon|ja|JP|set:95f342ed564dee25|106|unspecified,ja,JP,pokemon|ja|JP|tcgdex:SV11W,"{""tcgdex"": ""SV11W""}",106,86,"{""tcgdex"": ""SV11W-106""}","[{""provider"": ""tcgdex"", ""providerCardId"": ""SV11W-106"", ""providerSetId"": ""SV11W"", ""serieId"": ""SV"", ""serieName"": ""ポケモンカードゲーム スカーレット&バイオレット"", ""sourceLanguage"": ""ja""}]",Explicit language-scoped provider card/set ID plus canonical set and collector identity; native name is corroborating only.,,exact_catalogue_record
pokemon|ja|JP|set:9b3e9a31785bbf43|94|unspecified,ja,JP,pokemon|ja|JP|tcgdex:SV2a,"{""tcgdex"": ""SV2a""}",094,165,"{""tcgdex"": ""SV2a-094""}","[{""provider"": ""tcgdex"", ""providerCardId"": ""SV2a-094"", ""providerSetId"": ""SV2a"", ""serieId"": ""SV"", ""serieName"": ""ポケモンカードゲーム スカーレット&バイオレット"", ""sourceLanguage"": ""ja""}]",Explicit language-scoped provider card/set ID plus canonical set and collector identity; native name is corroborating only.,,exact_catalogue_record
pokemon|ja|JP|set:033c973f7a7e62db|77|unspecified,ja,JP,pokemon|ja|JP|tcgdex:S12a,"{""tcgdex"": ""S12a""}",077,172,"{""tcgdex"": ""S12a-077""}","[{""provider"": ""tcgdex"", ""providerCardId"": ""S12a-077"", ""providerSetId"": ""S12a"", ""serieId"": ""S"", ""serieName"": ""剣と盾"", ""sourceLanguage"": ""ja""}]",Explicit language-scoped provider card/set ID plus canonical set and collector identity; native name is corroborating only.,,exact_catalogue_record
pokemon|ja|JP|set:40d147fd4e4c0e13|39|unspecified,ja,JP,pokemon|ja|JP|tcgdex:S9a,"{""tcgdex"": ""S9a""}",039,67,"{""tcgdex"": ""S9a-039""}","[{""provider"": ""tcgdex"", ""providerCardId"": ""S9a-039"", ""providerSetId"": ""S9a"", ""serieId"": ""S"", ""serieName"": ""剣と盾"", ""sourceLanguage"": ""ja""}]",Explicit language-scoped provider card/set ID plus canonical set and collector identity; native name is corroborating only.,,exact_catalogue_record
pokemon|ja|JP|set:dbf2cbc4f9a5b2bf|150|unspecified,ja,JP,pokemon|ja|JP|tcgdex:SV8a,"{""tcgdex"": ""SV8a""}",150,187,"{""tcgdex"": ""SV8a-150""}","[{""provider"": ""tcgdex"", ""providerCardId"": ""SV8a-150"", ""providerSetId"": ""SV8a"", ""serieId"": ""SV"", ""serieName"": ""ポケモンカードゲーム スカーレット&バイオレット"", ""sourceLanguage"": ""ja""}]",Explicit language-scoped provider card/set ID plus canonical set and collector identity; native name is corroborating only.,,exact_catalogue_record
pokemon|ja|JP|set:8a787ed2dcf7453e|12|unspecified,ja,JP,pokemon|ja|JP|tcgdex:SV7,"{""tcgdex"": ""SV7""}",012,102,"{""tcgdex"": ""SV7-012""}","[{""provider"": ""tcgdex"", ""providerCardId"": ""SV7-012"", ""providerSetId"": ""SV7"", ""serieId"": ""SV"", ""serieName"": ""ポケモンカードゲーム スカーレット&バイオレット"", ""sourceLanguage"": ""ja""}]",Explicit language-scoped provider card/set ID plus canonical set and collector identity; native name is corroborating only.,,exact_catalogue_record
pokemon|ja|JP|set:f84aeb86074d0618|27|unspecified,ja,JP,pokemon|ja|JP|tcgdex:S12,"{""tcgdex"": ""S12""}",027,98,"{""tcgdex"": ""S12-027""}","[{""provider"": ""tcgdex"", ""providerCardId"": ""S12-027"", ""providerSetId"": ""S12"", ""serieId"": ""S"", ""serieName"": ""剣と盾"", ""sourceLanguage"": ""ja""}]",Explicit language-scoped provider card/set ID plus canonical set and collector identity; native name is corroborating only.,,exact_catalogue_record
pokemon|ja|JP|set:69b1cf0086fc3b58|75|unspecified,ja,JP,pokemon|ja|JP|tcgdex:SV6,"{""tcgdex"": ""SV6""}",075,101,"{""tcgdex"": ""SV6-075""}","[{""provider"": ""tcgdex"", ""providerCardId"": ""SV6-075"", ""providerSetId"": ""SV6"", ""serieId"": ""SV"", ""serieName"": ""ポケモンカードゲーム スカーレット&バイオレット"", ""sourceLanguage"": ""ja""}]",Explicit language-scoped provider card/set ID plus canonical set and collector identity; native name is corroborating only.,,exact_catalogue_record
pokemon|ja|JP|set:6dc632d119d8cd9d|107|unspecified,ja,JP,pokemon|ja|JP|tcgdex:VS1,"{""tcgdex"": ""VS1""}",107,141,"{""tcgdex"": ""VS1-107""}","[{""provider"": ""tcgdex"", ""providerCardId"": ""VS1-107"", ""providerSetId"": ""VS1"", ""serieId"": ""VS"", ""serieName"": ""VS"", ""sourceLanguage"": ""ja""}]",Explicit language-scoped provider card/set ID plus canonical set and collector identity; native name is corroborating only.,,exact_catalogue_record
pokemon|ja|JP|set:919ce502e1104287|18|unspecified,ja,JP,pokemon|ja|JP|tcgdex:M2,"{""tcgdex"": ""M2""}",018,80,"{""tcgdex"": ""M2-018""}","[{""provider"": ""tcgdex"", ""providerCardId"": ""M2-018"", ""providerSetId"": ""M2"", ""serieId"": ""M"", ""serieName"": ""ポケモンカードゲーム MEGA"", ""sourceLanguage"": ""ja""}]",Explicit language-scoped provider card/set ID plus canonical set and collector identity; native name is corroborating only.,,exact_catalogue_record
pokemon|ja|JP|set:a48ccdce1bf10207|55|unspecified,ja,JP,pokemon|ja|JP|tcgdex:E4,"{""tcgdex"": ""E4""}",055,88,"{""tcgdex"": ""E4-055""}","[{""provider"": ""tcgdex"", ""providerCardId"": ""E4-055"", ""providerSetId"": ""E4"", ""serieId"": ""e"", ""serieName"": ""ポケモンカードe"", ""sourceLanguage"": ""ja""}]",Explicit language-scoped provider card/set ID plus canonical set and collector identity; native name is corroborating only.,,exact_catalogue_record
pokemon|ja|JP|set:dbbb4dd00f4d9cf5|49|unspecified,ja,JP,pokemon|ja|JP|tcgdex:neo3,"{""tcgdex"": ""neo3""}",049,57,"{""tcgdex"": ""neo3-049""}","[{""provider"": ""tcgdex"", ""providerCardId"": ""neo3-049"", ""providerSetId"": ""neo3"", ""serieId"": ""neo"", ""serieName"": ""ポケモンカード★neo"", ""sourceLanguage"": ""ja""}]",Explicit language-scoped provider card/set ID plus canonical set and collector identity; native name is corroborating only.,,exact_catalogue_record
pokemon|ja|JP|set:8a787ed2dcf7453e|93|unspecified,ja,JP,pokemon|ja|JP|tcgdex:SV7,"{""tcgdex"": ""SV7""}",093,102,"{""tcgdex"": ""SV7-093""}","[{""provider"": ""tcgdex"", ""providerCardId"": ""SV7-093"", ""providerSetId"": ""SV7"", ""serieId"": ""SV"", ""serieName"": ""ポケモンカードゲーム スカーレット&バイオレット"", ""sourceLanguage"": ""ja""}]",Explicit language-scoped provider card/set ID plus canonical set and collector identity; native name is corroborating only.,,exact_catalogue_record
pokemon|ja|JP|set:585ba4ebaad8bc26|236|unspecified,ja,JP,pokemon|ja|JP|tcgdex:SV4a,"{""tcgdex"": ""SV4a""}",236,190,"{""tcgdex"": ""SV4a-236""}","[{""provider"": ""tcgdex"", ""providerCardId"": ""SV4a-236"", ""providerSetId"": ""SV4a"", ""serieId"": ""SV"", ""serieName"": ""ポケモンカードゲーム スカーレット&バイオレット"", ""sourceLanguage"": ""ja""}]",Explicit language-scoped provider card/set ID plus canonical set and collector identity; native name is corroborating only.,,exact_catalogue_record
pokemon|ja|JP|set:dbbb4dd00f4d9cf5|26|unspecified,ja,JP,pokemon|ja|JP|tcgdex:neo3,"{""tcgdex"": ""neo3""}",026,57,"{""tcgdex"": ""neo3-026""}","[{""provider"": ""tcgdex"", ""providerCardId"": ""neo3-026"", ""providerSetId"": ""neo3"", ""serieId"": ""neo"", ""serieName"": ""ポケモンカード★neo"", ""sourceLanguage"": ""ja""}]",Explicit language-scoped provider card/set ID plus canonical set and collector identity; native name is corroborating only.,,exact_catalogue_record
pokemon|ja|JP|set:9bb9ae9d3a1f68ee|94|unspecified,ja,JP,pokemon|ja|JP|tcgdex:PMCG5,"{""tcgdex"": ""PMCG5""}",094,96,"{""tcgdex"": ""PMCG5-094""}","[{""provider"": ""tcgdex"", ""providerCardId"": ""PMCG5-094"", ""providerSetId"": ""PMCG5"", ""serieId"": ""PMCG"", ""serieName"": ""ポケットモンスターカードゲーム"", ""sourceLanguage"": ""ja""}]",Explicit language-scoped provider card/set ID plus canonical set and collector identity; native name is corroborating only.,,exact_catalogue_record
pokemon|ja|JP|set:aa498b7be03ae9ff|28|unspecified,ja,JP,pokemon|ja|JP|tcgdex:neo2,"{""tcgdex"": ""neo2""}",028,56,"{""tcgdex"": ""neo2-028""}","[{""provider"": ""tcgdex"", ""providerCardId"": ""neo2-028"", ""providerSetId"": ""neo2"", ""serieId"": ""neo"", ""serieName"": ""ポケモンカード★neo"", ""sourceLanguage"": ""ja""}]",Explicit language-scoped provider card/set ID plus canonical set and collector identity; native name is corroborating only.,,exact_catalogue_record
pokemon|ja|JP|set:34b5f9544131ae0a|15|unspecified,ja,JP,pokemon|ja|JP|tcgdex:PCG1,"{""tcgdex"": ""PCG1""}",015,82,"{""tcgdex"": ""PCG1-015""}","[{""provider"": ""tcgdex"", ""providerCardId"": ""PCG1-015"", ""providerSetId"": ""PCG1"", ""serieId"": ""PCG"", ""serieName"": ""PCG"", ""sourceLanguage"": ""ja""}]",Explicit language-scoped provider card/set ID plus canonical set and collector identity; native name is corroborating only.,,exact_catalogue_record
pokemon|ja|JP|set:c8308a52a630a589|61|unspecified,ja,JP,pokemon|ja|JP|tcgdex:neo4,"{""tcgdex"": ""neo4""}",061,113,"{""tcgdex"": ""neo4-061""}","[{""provider"": ""tcgdex"", ""providerCardId"": ""neo4-061"", ""providerSetId"": ""neo4"", ""serieId"": ""neo"", ""serieName"": ""ポケモンカード★neo"", ""sourceLanguage"": ""ja""}]",Explicit language-scoped provider card/set ID plus canonical set and collector identity; native name is corroborating only.,,exact_catalogue_record
pokemon|ja|JP|set:8a787ed2dcf7453e|85|unspecified,ja,JP,pokemon|ja|JP|tcgdex:SV7,"{""tcgdex"": ""SV7""}",085,102,"{""tcgdex"": ""SV7-085""}","[{""provider"": ""tcgdex"", ""providerCardId"": ""SV7-085"", ""providerSetId"": ""SV7"", ""serieId"": ""SV"", ""serieName"": ""ポケモンカードゲーム スカーレット&バイオレット"", ""sourceLanguage"": ""ja""}]",Explicit language-scoped provider card/set ID plus canonical set and collector identity; native name is corroborating only.,,exact_catalogue_record
pokemon|ja|JP|set:18a2b1d8231004c6|26|unspecified,ja,JP,pokemon|ja|JP|tcgdex:SV11B,"{""tcgdex"": ""SV11B""}",026,174,"{""tcgdex"": ""SV11B-026""}","[{""provider"": ""tcgdex"", ""providerCardId"": ""SV11B-026"", ""providerSetId"": ""SV11B"", ""serieId"": ""SV"", ""serieName"": ""ポケモンカードゲーム スカーレット&バイオレット"", ""sourceLanguage"": ""ja""}]",Explicit language-scoped provider card/set ID plus canonical set and collector identity; native name is corroborating only.,,exact_catalogue_record
pokemon|ja|JP|set:585ba4ebaad8bc26|284|unspecified,ja,JP,pokemon|ja|JP|tcgdex:SV4a,"{""tcgdex"": ""SV4a""}",284,190,"{""tcgdex"": ""SV4a-284""}","[{""provider"": ""tcgdex"", ""providerCardId"": ""SV4a-284"", ""providerSetId"": ""SV4a"", ""serieId"": ""SV"", ""serieName"": ""ポケモンカードゲーム スカーレット&バイオレット"", ""sourceLanguage"": ""ja""}]",Explicit language-scoped provider card/set ID plus canonical set and collector identity; native name is corroborating only.,,exact_catalogue_record
pokemon|ja|JP|set:033c973f7a7e62db|214|unspecified,ja,JP,pokemon|ja|JP|tcgdex:S12a,"{""tcgdex"": ""S12a""}",214,172,"{""tcgdex"": ""S12a-214""}","[{""provider"": ""tcgdex"", ""providerCardId"": ""S12a-214"", ""providerSetId"": ""S12a"", ""serieId"": ""S"", ""serieName"": ""剣と盾"", ""sourceLanguage"": ""ja""}]",Explicit language-scoped provider card/set ID plus canonical set and collector identity; native name is corroborating only.,,exact_catalogue_record
pokemon|ja|JP|set:b4f75b8218f64116|59|unspecified,ja,JP,pokemon|ja|JP|tcgdex:S9,"{""tcgdex"": ""S9""}",059,100,"{""tcgdex"": ""S9-059""}","[{""provider"": ""tcgdex"", ""providerCardId"": ""S9-059"", ""providerSetId"": ""S9"", ""serieId"": ""S"", ""serieName"": ""剣と盾"", ""sourceLanguage"": ""ja""}]",Explicit language-scoped provider card/set ID plus canonical set and collector identity; native name is corroborating only.,,exact_catalogue_record
pokemon|ja|JP|set:9602f8ff54fa6b9f|37|unspecified,ja,JP,pokemon|ja|JP|tcgdex:M3,"{""tcgdex"": ""M3""}",037,80,"{""tcgdex"": ""M3-037""}","[{""provider"": ""tcgdex"", ""providerCardId"": ""M3-037"", ""providerSetId"": ""M3"", ""serieId"": ""M"", ""serieName"": ""ポケモンカードゲーム MEGA"", ""sourceLanguage"": ""ja""}]",Explicit language-scoped provider card/set ID plus canonical set and collector identity; native name is corroborating only.,,exact_catalogue_record
pokemon|ja|JP|set:6ae5c5a3227ba907|95|unspecified,ja,JP,pokemon|ja|JP|tcgdex:E1,"{""tcgdex"": ""E1""}",095,128,"{""tcgdex"": ""E1-095""}","[{""provider"": ""tcgdex"", ""providerCardId"": ""E1-095"", ""providerSetId"": ""E1"", ""serieId"": ""e"", ""serieName"": ""ポケモンカードe"", ""sourceLanguage"": ""ja""}]",Explicit language-scoped provider card/set ID plus canonical set and collector identity; native name is corroborating only.,,exact_catalogue_record
pokemon|ja|JP|set:9ffd914ae8670c08|74|unspecified,ja,JP,pokemon|ja|JP|tcgdex:PCG3,"{""tcgdex"": ""PCG3""}",074,84,"{""tcgdex"": ""PCG3-074""}","[{""provider"": ""tcgdex"", ""providerCardId"": ""PCG3-074"", ""providerSetId"": ""PCG3"", ""serieId"": ""PCG"", ""serieName"": ""PCG"", ""sourceLanguage"": ""ja""}]",Explicit language-scoped provider card/set ID plus canonical set and collector identity; native name is corroborating only.,,exact_catalogue_record
pokemon|ja|JP|set:ca2822e6ab5b3344|31|unspecified,ja,JP,pokemon|ja|JP|tcgdex:SV5a,"{""tcgdex"": ""SV5a""}",031,66,"{""tcgdex"": ""SV5a-031""}","[{""provider"": ""tcgdex"", ""providerCardId"": ""SV5a-031"", ""providerSetId"": ""SV5a"", ""serieId"": ""SV"", ""serieName"": ""ポケモンカードゲーム スカーレット&バイオレット"", ""sourceLanguage"": ""ja""}]",Explicit language-scoped provider card/set ID plus canonical set and collector identity; native name is corroborating only.,,exact_catalogue_record
pokemon|ja|JP|set:c8308a52a630a589|73|unspecified,ja,JP,pokemon|ja|JP|tcgdex:neo4,"{""tcgdex"": ""neo4""}",073,113,"{""tcgdex"": ""neo4-073""}","[{""provider"": ""tcgdex"", ""providerCardId"": ""neo4-073"", ""providerSetId"": ""neo4"", ""serieId"": ""neo"", ""serieName"": ""ポケモンカード★neo"", ""sourceLanguage"": ""ja""}]",Explicit language-scoped provider card/set ID plus canonical set and collector identity; native name is corroborating only.,,exact_catalogue_record
pokemon|ja|JP|set:960d224478ab342c|79|unspecified,ja,JP,pokemon|ja|JP|tcgdex:PMCG6,"{""tcgdex"": ""PMCG6""}",079,98,"{""tcgdex"": ""PMCG6-079""}","[{""provider"": ""tcgdex"", ""providerCardId"": ""PMCG6-079"", ""providerSetId"": ""PMCG6"", ""serieId"": ""PMCG"", ""serieName"": ""ポケットモンスターカードゲーム"", ""sourceLanguage"": ""ja""}]",Explicit language-scoped provider card/set ID plus canonical set and collector identity; native name is corroborating only.,,exact_catalogue_record
pokemon|ja|JP|set:9b3e9a31785bbf43|59|unspecified,ja,JP,pokemon|ja|JP|tcgdex:SV2a,"{""tcgdex"": ""SV2a""}",059,165,"{""tcgdex"": ""SV2a-059""}","[{""provider"": ""tcgdex"", ""providerCardId"": ""SV2a-059"", ""providerSetId"": ""SV2a"", ""serieId"": ""SV"", ""serieName"": ""ポケモンカードゲーム スカーレット&バイオレット"", ""sourceLanguage"": ""ja""}]",Explicit language-scoped provider card/set ID plus canonical set and collector identity; native name is corroborating only.,,exact_catalogue_record
pokemon|ja|JP|set:1a2ce9a35ed787aa|31|unspecified,ja,JP,pokemon|ja|JP|tcgdex:SV3a,"{""tcgdex"": ""SV3a""}",031,62,"{""tcgdex"": ""SV3a-031""}","[{""provider"": ""tcgdex"", ""providerCardId"": ""SV3a-031"", ""providerSetId"": ""SV3a"", ""serieId"": ""SV"", ""serieName"": ""ポケモンカードゲーム スカーレット&バイオレット"", ""sourceLanguage"": ""ja""}]",Explicit language-scoped provider card/set ID plus canonical set and collector identity; native name is corroborating only.,,exact_catalogue_record
pokemon|ja|JP|set:a9bfdde5d9a96e6c|39|unspecified,ja,JP,pokemon|ja|JP|tcgdex:SV1S,"{""tcgdex"": ""SV1S""}",039,78,"{""tcgdex"": ""SV1S-039""}","[{""provider"": ""tcgdex"", ""providerCardId"": ""SV1S-039"", ""providerSetId"": ""SV1S"", ""serieId"": ""SV"", ""serieName"": ""ポケモンカードゲーム スカーレット&バイオレット"", ""sourceLanguage"": ""ja""}]",Explicit language-scoped provider card/set ID plus canonical set and collector identity; native name is corroborating only.,,exact_catalogue_record
pokemon|ja|JP|set:9b3e9a31785bbf43|71|unspecified,ja,JP,pokemon|ja|JP|tcgdex:SV2a,"{""tcgdex"": ""SV2a""}",071,165,"{""tcgdex"": ""SV2a-071""}","[{""provider"": ""tcgdex"", ""providerCardId"": ""SV2a-071"", ""providerSetId"": ""SV2a"", ""serieId"": ""SV"", ""serieName"": ""ポケモンカードゲーム スカーレット&バイオレット"", ""sourceLanguage"": ""ja""}]",Explicit language-scoped provider card/set ID plus canonical set and collector identity; native name is corroborating only.,,exact_catalogue_record
pokemon|ja|JP|set:960d224478ab342c|74|unspecified,ja,JP,pokemon|ja|JP|tcgdex:PMCG6,"{""tcgdex"": ""PMCG6""}",074,98,"{""tcgdex"": ""PMCG6-074""}","[{""provider"": ""tcgdex"", ""providerCardId"": ""PMCG6-074"", ""providerSetId"": ""PMCG6"", ""serieId"": ""PMCG"", ""serieName"": ""ポケットモンスターカードゲーム"", ""sourceLanguage"": ""ja""}]",Explicit language-scoped provider card/set ID plus canonical set and collector identity; native name is corroborating only.,,exact_catalogue_record
pokemon|ja|JP|set:3202f061668c6335|30|unspecified,ja,JP,pokemon|ja|JP|tcgdex:PCG7,"{""tcgdex"": ""PCG7""}",030,52,"{""tcgdex"": ""PCG7-030""}","[{""provider"": ""tcgdex"", ""providerCardId"": ""PCG7-030"", ""providerSetId"": ""PCG7"", ""serieId"": ""PCG"", ""serieName"": ""PCG"", ""sourceLanguage"": ""ja""}]",Explicit language-scoped provider card/set ID plus canonical set and collector identity; native name is corroborating only.,,exact_catalogue_record
pokemon|ja|JP|set:919ce502e1104287|59|unspecified,ja,JP,pokemon|ja|JP|tcgdex:M2,"{""tcgdex"": ""M2""}",059,80,"{""tcgdex"": ""M2-059""}","[{""provider"": ""tcgdex"", ""providerCardId"": ""M2-059"", ""providerSetId"": ""M2"", ""serieId"": ""M"", ""serieName"": ""ポケモンカードゲーム MEGA"", ""sourceLanguage"": ""ja""}]",Explicit language-scoped provider card/set ID plus canonical set and collector identity; native name is corroborating only.,,exact_catalogue_record
pokemon|ja|JP|set:9b3e9a31785bbf43|106|unspecified,ja,JP,pokemon|ja|JP|tcgdex:SV2a,"{""tcgdex"": ""SV2a""}",106,165,"{""tcgdex"": ""SV2a-106""}","[{""provider"": ""tcgdex"", ""providerCardId"": ""SV2a-106"", ""providerSetId"": ""SV2a"", ""serieId"": ""SV"", ""serieName"": ""ポケモンカードゲーム スカーレット&バイオレット"", ""sourceLanguage"": ""ja""}]",Explicit language-scoped provider card/set ID plus canonical set and collector identity; native name is corroborating only.,,exact_catalogue_record
pokemon|ja|JP|set:9bb9ae9d3a1f68ee|81|unspecified,ja,JP,pokemon|ja|JP|tcgdex:PMCG5,"{""tcgdex"": ""PMCG5""}",081,96,"{""tcgdex"": ""PMCG5-081""}","[{""provider"": ""tcgdex"", ""providerCardId"": ""PMCG5-081"", ""providerSetId"": ""PMCG5"", ""serieId"": ""PMCG"", ""serieName"": ""ポケットモンスターカードゲーム"", ""sourceLanguage"": ""ja""}]",Explicit language-scoped provider card/set ID plus canonical set and collector identity; native name is corroborating only.,,exact_catalogue_record
pokemon|ja|JP|set:3202f061668c6335|26|unspecified,ja,JP,pokemon|ja|JP|tcgdex:PCG7,"{""tcgdex"": ""PCG7""}",026,52,"{""tcgdex"": ""PCG7-026""}","[{""provider"": ""tcgdex"", ""providerCardId"": ""PCG7-026"", ""providerSetId"": ""PCG7"", ""serieId"": ""PCG"", ""serieName"": ""PCG"", ""sourceLanguage"": ""ja""}]",Explicit language-scoped provider card/set ID plus canonical set and collector identity; native name is corroborating only.,,exact_catalogue_record
pokemon|ja|JP|set:033c973f7a7e62db|90|unspecified,ja,JP,pokemon|ja|JP|tcgdex:S12a,"{""tcgdex"": ""S12a""}",090,172,"{""tcgdex"": ""S12a-090""}","[{""provider"": ""tcgdex"", ""providerCardId"": ""S12a-090"", ""providerSetId"": ""S12a"", ""serieId"": ""S"", ""serieName"": ""剣と盾"", ""sourceLanguage"": ""ja""}]",Explicit language-scoped provider card/set ID plus canonical set and collector identity; native name is corroborating only.,,exact_catalogue_record
pokemon|ja|JP|set:072678e39ee9755c|9|unspecified,ja,JP,pokemon|ja|JP|tcgdex:PCG5,"{""tcgdex"": ""PCG5""}",009,86,"{""tcgdex"": ""PCG5-009""}","[{""provider"": ""tcgdex"", ""providerCardId"": ""PCG5-009"", ""providerSetId"": ""PCG5"", ""serieId"": ""PCG"", ""serieName"": ""PCG"", ""sourceLanguage"": ""ja""}]",Explicit language-scoped provider card/set ID plus canonical set and collector identity; native name is corroborating only.,,exact_catalogue_record
pokemon|ja|JP|set:6dc632d119d8cd9d|111|unspecified,ja,JP,pokemon|ja|JP|tcgdex:VS1,"{""tcgdex"": ""VS1""}",111,141,"{""tcgdex"": ""VS1-111""}","[{""provider"": ""tcgdex"", ""providerCardId"": ""VS1-111"", ""providerSetId"": ""VS1"", ""serieId"": ""VS"", ""serieName"": ""VS"", ""sourceLanguage"": ""ja""}]",Explicit language-scoped provider card/set ID plus canonical set and collector identity; native name is corroborating only.,,exact_catalogue_record
pokemon|ja|JP|set:dab868343952e732|37|unspecified,ja,JP,pokemon|ja|JP|tcgdex:SV4M,"{""tcgdex"": ""SV4M""}",037,66,"{""tcgdex"": ""SV4M-037""}","[{""provider"": ""tcgdex"", ""providerCardId"": ""SV4M-037"", ""providerSetId"": ""SV4M"", ""serieId"": ""SV"", ""serieName"": ""ポケモンカードゲーム スカーレット&バイオレット"", ""sourceLanguage"": ""ja""}]",Explicit language-scoped provider card/set ID plus canonical set and collector identity; native name is corroborating only.,,exact_catalogue_record
pokemon|ja|JP|set:f84aeb86074d0618|116|unspecified,ja,JP,pokemon|ja|JP|tcgdex:S12,"{""tcgdex"": ""S12""}",116,98,"{""tcgdex"": ""S12-116""}","[{""provider"": ""tcgdex"", ""providerCardId"": ""S12-116"", ""providerSetId"": ""S12"", ""serieId"": ""S"", ""serieName"": ""剣と盾"", ""sourceLanguage"": ""ja""}]",Explicit language-scoped provider card/set ID plus canonical set and collector identity; native name is corroborating only.,,exact_catalogue_record
pokemon|ja|JP|set:e1db9aec27abaeb6|45|unspecified,ja,JP,pokemon|ja|JP|tcgdex:PMCG2,"{""tcgdex"": ""PMCG2""}",045,48,"{""tcgdex"": ""PMCG2-045""}","[{""provider"": ""tcgdex"", ""providerCardId"": ""PMCG2-045"", ""providerSetId"": ""PMCG2"", ""serieId"": ""PMCG"", ""serieName"": ""ポケットモンスターカードゲーム"", ""sourceLanguage"": ""ja""}]",Explicit language-scoped provider card/set ID plus canonical set and collector identity; native name is corroborating only.,,exact_catalogue_record
pokemon|ja|JP|set:18a2b1d8231004c6|87|unspecified,ja,JP,pokemon|ja|JP|tcgdex:SV11B,"{""tcgdex"": ""SV11B""}",087,174,"{""tcgdex"": ""SV11B-087""}","[{""provider"": ""tcgdex"", ""providerCardId"": ""SV11B-087"", ""providerSetId"": ""SV11B"", ""serieId"": ""SV"", ""serieName"": ""ポケモンカードゲーム スカーレット&バイオレット"", ""sourceLanguage"": ""ja""}]",Explicit language-scoped provider card/set ID plus canonical set and collector identity; native name is corroborating only.,,exact_catalogue_record
pokemon|ja|JP|set:9602f8ff54fa6b9f|73|unspecified,ja,JP,pokemon|ja|JP|tcgdex:M3,"{""tcgdex"": ""M3""}",073,80,"{""tcgdex"": ""M3-073""}","[{""provider"": ""tcgdex"", ""providerCardId"": ""M3-073"", ""providerSetId"": ""M3"", ""serieId"": ""M"", ""serieName"": ""ポケモンカードゲーム MEGA"", ""sourceLanguage"": ""ja""}]",Explicit language-scoped provider card/set ID plus canonical set and collector identity; native name is corroborating only.,,exact_catalogue_record
pokemon|ja|JP|set:585ba4ebaad8bc26|238|unspecified,ja,JP,pokemon|ja|JP|tcgdex:SV4a,"{""tcgdex"": ""SV4a""}",238,190,"{""tcgdex"": ""SV4a-238""}","[{""provider"": ""tcgdex"", ""providerCardId"": ""SV4a-238"", ""providerSetId"": ""SV4a"", ""serieId"": ""SV"", ""serieName"": ""ポケモンカードゲーム スカーレット&バイオレット"", ""sourceLanguage"": ""ja""}]",Explicit language-scoped provider card/set ID plus canonical set and collector identity; native name is corroborating only.,,exact_catalogue_record
pokemon|ja|JP|set:4d45a82ce366a8bf|4|unspecified,ja,JP,pokemon|ja|JP|tcgdex:PCG8,"{""tcgdex"": ""PCG8""}",004,75,"{""tcgdex"": ""PCG8-004""}","[{""provider"": ""tcgdex"", ""providerCardId"": ""PCG8-004"", ""providerSetId"": ""PCG8"", ""serieId"": ""PCG"", ""serieName"": ""PCG"", ""sourceLanguage"": ""ja""}]",Explicit language-scoped provider card/set ID plus canonical set and collector identity; native name is corroborating only.,,exact_catalogue_record
pokemon|ja|JP|set:18a2b1d8231004c6|137|unspecified,ja,JP,pokemon|ja|JP|tcgdex:SV11B,"{""tcgdex"": ""SV11B""}",137,174,"{""tcgdex"": ""SV11B-137""}","[{""provider"": ""tcgdex"", ""providerCardId"": ""SV11B-137"", ""providerSetId"": ""SV11B"", ""serieId"": ""SV"", ""serieName"": ""ポケモンカードゲーム スカーレット&バイオレット"", ""sourceLanguage"": ""ja""}]",Explicit language-scoped provider card/set ID plus canonical set and collector identity; native name is corroborating only.,,exact_catalogue_record
pokemon|ja|JP|set:2ba31de2e5727e0f|24|unspecified,ja,JP,pokemon|ja|JP|tcgdex:SVK,"{""tcgdex"": ""SVK""}",024,44,"{""tcgdex"": ""SVK-024""}","[{""provider"": ""tcgdex"", ""providerCardId"": ""SVK-024"", ""providerSetId"": ""SVK"", ""serieId"": ""SV"", ""serieName"": ""ポケモンカードゲーム スカーレット&バイオレット"", ""sourceLanguage"": ""ja""}]",Explicit language-scoped provider card/set ID plus canonical set and collector identity; native name is corroborating only.,,exact_catalogue_record
pokemon|ja|JP|set:2a62bc3299719e11|71|unspecified,ja,JP,pokemon|ja|JP|tcgdex:E2,"{""tcgdex"": ""E2""}",071,92,"{""tcgdex"": ""E2-071""}","[{""provider"": ""tcgdex"", ""providerCardId"": ""E2-071"", ""providerSetId"": ""E2"", ""serieId"": ""e"", ""serieName"": ""ポケモンカードe"", ""sourceLanguage"": ""ja""}]",Explicit language-scoped provider card/set ID plus canonical set and collector identity; native name is corroborating only.,,exact_catalogue_record
pokemon|ja|JP|set:c2da954197b95414|79|unspecified,ja,JP,pokemon|ja|JP|tcgdex:SV9,"{""tcgdex"": ""SV9""}",079,100,"{""tcgdex"": ""SV9-079""}","[{""provider"": ""tcgdex"", ""providerCardId"": ""SV9-079"", ""providerSetId"": ""SV9"", ""serieId"": ""SV"", ""serieName"": ""ポケモンカードゲーム スカーレット&バイオレット"", ""sourceLanguage"": ""ja""}]",Explicit language-scoped provider card/set ID plus canonical set and collector identity; native name is corroborating only.,,exact_catalogue_record
pokemon|ja|JP|set:9165ba9afaec6afb|77|unspecified,ja,JP,pokemon|ja|JP|tcgdex:SV3,"{""tcgdex"": ""SV3""}",077,108,"{""tcgdex"": ""SV3-077""}","[{""provider"": ""tcgdex"", ""providerCardId"": ""SV3-077"", ""providerSetId"": ""SV3"", ""serieId"": ""SV"", ""serieName"": ""ポケモンカードゲーム スカーレット&バイオレット"", ""sourceLanguage"": ""ja""}]",Explicit language-scoped provider card/set ID plus canonical set and collector identity; native name is corroborating only.,,exact_catalogue_record
pokemon|ja|JP|set:4d45a82ce366a8bf|27|unspecified,ja,JP,pokemon|ja|JP|tcgdex:PCG8,"{""tcgdex"": ""PCG8""}",027,75,"{""tcgdex"": ""PCG8-027""}","[{""provider"": ""tcgdex"", ""providerCardId"": ""PCG8-027"", ""providerSetId"": ""PCG8"", ""serieId"": ""PCG"", ""serieName"": ""PCG"", ""sourceLanguage"": ""ja""}]",Explicit language-scoped provider card/set ID plus canonical set and collector identity; native name is corroborating only.,,exact_catalogue_record
pokemon|ja|JP|set:843eb6cbd3e33798|6|unspecified,ja,JP,pokemon|ja|JP|tcgdex:SV1V,"{""tcgdex"": ""SV1V""}",006,78,"{""tcgdex"": ""SV1V-006""}","[{""provider"": ""tcgdex"", ""providerCardId"": ""SV1V-006"", ""providerSetId"": ""SV1V"", ""serieId"": ""SV"", ""serieName"": ""ポケモンカードゲーム スカーレット&バイオレット"", ""sourceLanguage"": ""ja""}]",Explicit language-scoped provider card/set ID plus canonical set and collector identity; native name is corroborating only.,,exact_catalogue_record
pokemon|ja|JP|set:18a2b1d8231004c6|150|unspecified,ja,JP,pokemon|ja|JP|tcgdex:SV11B,"{""tcgdex"": ""SV11B""}",150,174,"{""tcgdex"": ""SV11B-150""}","[{""provider"": ""tcgdex"", ""providerCardId"": ""SV11B-150"", ""providerSetId"": ""SV11B"", ""serieId"": ""SV"", ""serieName"": ""ポケモンカードゲーム スカーレット&バイオレット"", ""sourceLanguage"": ""ja""}]",Explicit language-scoped provider card/set ID plus canonical set and collector identity; native name is corroborating only.,,exact_catalogue_record
pokemon|ja|JP|set:033c973f7a7e62db|78|unspecified,ja,JP,pokemon|ja|JP|tcgdex:S12a,"{""tcgdex"": ""S12a""}",078,172,"{""tcgdex"": ""S12a-078""}","[{""provider"": ""tcgdex"", ""providerCardId"": ""S12a-078"", ""providerSetId"": ""S12a"", ""serieId"": ""S"", ""serieName"": ""剣と盾"", ""sourceLanguage"": ""ja""}]",Explicit language-scoped provider card/set ID plus canonical set and collector identity; native name is corroborating only.,,exact_catalogue_record
pokemon|ja|JP|set:b4f75b8218f64116|57|unspecified,ja,JP,pokemon|ja|JP|tcgdex:S9,"{""tcgdex"": ""S9""}",057,100,"{""tcgdex"": ""S9-057""}","[{""provider"": ""tcgdex"", ""providerCardId"": ""S9-057"", ""providerSetId"": ""S9"", ""serieId"": ""S"", ""serieName"": ""剣と盾"", ""sourceLanguage"": ""ja""}]",Explicit language-scoped provider card/set ID plus canonical set and collector identity; native name is corroborating only.,,exact_catalogue_record
pokemon|ja|JP|set:9ffd914ae8670c08|19|unspecified,ja,JP,pokemon|ja|JP|tcgdex:PCG3,"{""tcgdex"": ""PCG3""}",019,84,"{""tcgdex"": ""PCG3-019""}","[{""provider"": ""tcgdex"", ""providerCardId"": ""PCG3-019"", ""providerSetId"": ""PCG3"", ""serieId"": ""PCG"", ""serieName"": ""PCG"", ""sourceLanguage"": ""ja""}]",Explicit language-scoped provider card/set ID plus canonical set and collector identity; native name is corroborating only.,,exact_catalogue_record
pokemon|ja|JP|set:072678e39ee9755c|83|unspecified,ja,JP,pokemon|ja|JP|tcgdex:PCG5,"{""tcgdex"": ""PCG5""}",083,86,"{""tcgdex"": ""PCG5-083""}","[{""provider"": ""tcgdex"", ""providerCardId"": ""PCG5-083"", ""providerSetId"": ""PCG5"", ""serieId"": ""PCG"", ""serieName"": ""PCG"", ""sourceLanguage"": ""ja""}]",Explicit language-scoped provider card/set ID plus canonical set and collector identity; native name is corroborating only.,,exact_catalogue_record
pokemon|ja|JP|set:a1ab9b4bd2cf5517|64|unspecified,ja,JP,pokemon|ja|JP|tcgdex:PCG9,"{""tcgdex"": ""PCG9""}",064,68,"{""tcgdex"": ""PCG9-064""}","[{""provider"": ""tcgdex"", ""providerCardId"": ""PCG9-064"", ""providerSetId"": ""PCG9"", ""serieId"": ""PCG"", ""serieName"": ""PCG"", ""sourceLanguage"": ""ja""}]",Explicit language-scoped provider card/set ID plus canonical set and collector identity; native name is corroborating only.,,exact_catalogue_record
pokemon|ja|JP|set:aa498b7be03ae9ff|14|unspecified,ja,JP,pokemon|ja|JP|tcgdex:neo2,"{""tcgdex"": ""neo2""}",014,56,"{""tcgdex"": ""neo2-014""}","[{""provider"": ""tcgdex"", ""providerCardId"": ""neo2-014"", ""providerSetId"": ""neo2"", ""serieId"": ""neo"", ""serieName"": ""ポケモンカード★neo"", ""sourceLanguage"": ""ja""}]",Explicit language-scoped provider card/set ID plus canonical set and collector identity; native name is corroborating only.,,exact_catalogue_record
pokemon|ja|JP|set:9ffd914ae8670c08|44|unspecified,ja,JP,pokemon|ja|JP|tcgdex:PCG3,"{""tcgdex"": ""PCG3""}",044,84,"{""tcgdex"": ""PCG3-044""}","[{""provider"": ""tcgdex"", ""providerCardId"": ""PCG3-044"", ""providerSetId"": ""PCG3"", ""serieId"": ""PCG"", ""serieName"": ""PCG"", ""sourceLanguage"": ""ja""}]",Explicit language-scoped provider card/set ID plus canonical set and collector identity; native name is corroborating only.,,exact_catalogue_record
pokemon|ja|JP|set:fb4ba1c9e185f577|92|unspecified,ja,JP,pokemon|ja|JP|tcgdex:SV2P,"{""tcgdex"": ""SV2P""}",092,71,"{""tcgdex"": ""SV2P-092""}","[{""provider"": ""tcgdex"", ""providerCardId"": ""SV2P-092"", ""providerSetId"": ""SV2P"", ""serieId"": ""SV"", ""serieName"": ""ポケモンカードゲーム スカーレット&バイオレット"", ""sourceLanguage"": ""ja""}]",Explicit language-scoped provider card/set ID plus canonical set and collector identity; native name is corroborating only.,,exact_catalogue_record
pokemon|ja|JP|set:6dab8eedc09afe3a|25|unspecified,ja,JP,pokemon|ja|JP|tcgdex:M1S,"{""tcgdex"": ""M1S""}",025,63,"{""tcgdex"": ""M1S-025""}","[{""provider"": ""tcgdex"", ""providerCardId"": ""M1S-025"", ""providerSetId"": ""M1S"", ""serieId"": ""M"", ""serieName"": ""ポケモンカードゲーム MEGA"", ""sourceLanguage"": ""ja""}]",Explicit language-scoped provider card/set ID plus canonical set and collector identity; native name is corroborating only.,,exact_catalogue_record
pokemon|ja|JP|set:6dc632d119d8cd9d|50|unspecified,ja,JP,pokemon|ja|JP|tcgdex:VS1,"{""tcgdex"": ""VS1""}",050,141,"{""tcgdex"": ""VS1-050""}","[{""provider"": ""tcgdex"", ""providerCardId"": ""VS1-050"", ""providerSetId"": ""VS1"", ""serieId"": ""VS"", ""serieName"": ""VS"", ""sourceLanguage"": ""ja""}]",Explicit language-scoped provider card/set ID plus canonical set and collector identity; native name is corroborating only.,,exact_catalogue_record
pokemon|ja|JP|set:80b0de4ec0bcecae|68|unspecified,ja,JP,pokemon|ja|JP|tcgdex:E3,"{""tcgdex"": ""E3""}",068,87,"{""tcgdex"": ""E3-068""}","[{""provider"": ""tcgdex"", ""providerCardId"": ""E3-068"", ""providerSetId"": ""E3"", ""serieId"": ""e"", ""serieName"": ""ポケモンカードe"", ""sourceLanguage"": ""ja""}]",Explicit language-scoped provider card/set ID plus canonical set and collector identity; native name is corroborating only.,,exact_catalogue_record
pokemon|ja|JP|set:f84aeb86074d0618|97|unspecified,ja,JP,pokemon|ja|JP|tcgdex:S12,"{""tcgdex"": ""S12""}",097,98,"{""tcgdex"": ""S12-097""}","[{""provider"": ""tcgdex"", ""providerCardId"": ""S12-097"", ""providerSetId"": ""S12"", ""serieId"": ""S"", ""serieName"": ""剣と盾"", ""sourceLanguage"": ""ja""}]",Explicit language-scoped provider card/set ID plus canonical set and collector identity; native name is corroborating only.,,exact_catalogue_record
pokemon|ja|JP|set:585ba4ebaad8bc26|347|unspecified,ja,JP,pokemon|ja|JP|tcgdex:SV4a,"{""tcgdex"": ""SV4a""}",347,190,"{""tcgdex"": ""SV4a-347""}","[{""provider"": ""tcgdex"", ""providerCardId"": ""SV4a-347"", ""providerSetId"": ""SV4a"", ""serieId"": ""SV"", ""serieName"": ""ポケモンカードゲーム スカーレット&バイオレット"", ""sourceLanguage"": ""ja""}]",Explicit language-scoped provider card/set ID plus canonical set and collector identity; native name is corroborating only.,,exact_catalogue_record
pokemon|ja|JP|set:8a787ed2dcf7453e|86|unspecified,ja,JP,pokemon|ja|JP|tcgdex:SV7,"{""tcgdex"": ""SV7""}",086,102,"{""tcgdex"": ""SV7-086""}","[{""provider"": ""tcgdex"", ""providerCardId"": ""SV7-086"", ""providerSetId"": ""SV7"", ""serieId"": ""SV"", ""serieName"": ""ポケモンカードゲーム スカーレット&バイオレット"", ""sourceLanguage"": ""ja""}]",Explicit language-scoped provider card/set ID plus canonical set and collector identity; native name is corroborating only.,,exact_catalogue_record
pokemon|ja|JP|set:dbf2cbc4f9a5b2bf|213|unspecified,ja,JP,pokemon|ja|JP|tcgdex:SV8a,"{""tcgdex"": ""SV8a""}",213,187,"{""tcgdex"": ""SV8a-213""}","[{""provider"": ""tcgdex"", ""providerCardId"": ""SV8a-213"", ""providerSetId"": ""SV8a"", ""serieId"": ""SV"", ""serieName"": ""ポケモンカードゲーム スカーレット&バイオレット"", ""sourceLanguage"": ""ja""}]",Explicit language-scoped provider card/set ID plus canonical set and collector identity; native name is corroborating only.,,exact_catalogue_record
pokemon|ja|JP|set:6dc632d119d8cd9d|3|unspecified,ja,JP,pokemon|ja|JP|tcgdex:VS1,"{""tcgdex"": ""VS1""}",003,141,"{""tcgdex"": ""VS1-003""}","[{""provider"": ""tcgdex"", ""providerCardId"": ""VS1-003"", ""providerSetId"": ""VS1"", ""serieId"": ""VS"", ""serieName"": ""VS"", ""sourceLanguage"": ""ja""}]",Explicit language-scoped provider card/set ID plus canonical set and collector identity; native name is corroborating only.,,exact_catalogue_record
pokemon|ja|JP|set:843eb6cbd3e33798|93|unspecified,ja,JP,pokemon|ja|JP|tcgdex:SV1V,"{""tcgdex"": ""SV1V""}",093,78,"{""tcgdex"": ""SV1V-093""}","[{""provider"": ""tcgdex"", ""providerCardId"": ""SV1V-093"", ""providerSetId"": ""SV1V"", ""serieId"": ""SV"", ""serieName"": ""ポケモンカードゲーム スカーレット&バイオレット"", ""sourceLanguage"": ""ja""}]",Explicit language-scoped provider card/set ID plus canonical set and collector identity; native name is corroborating only.,,exact_catalogue_record
pokemon|ja|JP|set:18a2b1d8231004c6|174|unspecified,ja,JP,pokemon|ja|JP|tcgdex:SV11B,"{""tcgdex"": ""SV11B""}",174,174,"{""tcgdex"": ""SV11B-174""}","[{""provider"": ""tcgdex"", ""providerCardId"": ""SV11B-174"", ""providerSetId"": ""SV11B"", ""serieId"": ""SV"", ""serieName"": ""ポケモンカードゲーム スカーレット&バイオレット"", ""sourceLanguage"": ""ja""}]",Explicit language-scoped provider card/set ID plus canonical set and collector identity; native name is corroborating only.,,exact_catalogue_record
pokemon|ja|JP|set:18a2b1d8231004c6|82|unspecified,ja,JP,pokemon|ja|JP|tcgdex:SV11B,"{""tcgdex"": ""SV11B""}",082,174,"{""tcgdex"": ""SV11B-082""}","[{""provider"": ""tcgdex"", ""providerCardId"": ""SV11B-082"", ""providerSetId"": ""SV11B"", ""serieId"": ""SV"", ""serieName"": ""ポケモンカードゲーム スカーレット&バイオレット"", ""sourceLanguage"": ""ja""}]",Explicit language-scoped provider card/set ID plus canonical set and collector identity; native name is corroborating only.,,exact_catalogue_record
pokemon|ja|JP|set:e1db9aec27abaeb6|41|unspecified,ja,JP,pokemon|ja|JP|tcgdex:PMCG2,"{""tcgdex"": ""PMCG2""}",041,48,"{""tcgdex"": ""PMCG2-041""}","[{""provider"": ""tcgdex"", ""providerCardId"": ""PMCG2-041"", ""providerSetId"": ""PMCG2"", ""serieId"": ""PMCG"", ""serieName"": ""ポケットモンスターカードゲーム"", ""sourceLanguage"": ""ja""}]",Explicit language-scoped provider card/set ID plus canonical set and collector identity; native name is corroborating only.,,exact_catalogue_record
pokemon|ja|JP|set:95f342ed564dee25|37|unspecified,ja,JP,pokemon|ja|JP|tcgdex:SV11W,"{""tcgdex"": ""SV11W""}",037,86,"{""tcgdex"": ""SV11W-037""}","[{""provider"": ""tcgdex"", ""providerCardId"": ""SV11W-037"", ""providerSetId"": ""SV11W"", ""serieId"": ""SV"", ""serieName"": ""ポケモンカードゲーム スカーレット&バイオレット"", ""sourceLanguage"": ""ja""}]",Explicit language-scoped provider card/set ID plus canonical set and collector identity; native name is corroborating only.,,exact_catalogue_record
pokemon|ja|JP|set:458e36b44b6b7652|55|unspecified,ja,JP,pokemon|ja|JP|tcgdex:SV2D,"{""tcgdex"": ""SV2D""}",055,71,"{""tcgdex"": ""SV2D-055""}","[{""provider"": ""tcgdex"", ""providerCardId"": ""SV2D-055"", ""providerSetId"": ""SV2D"", ""serieId"": ""SV"", ""serieName"": ""ポケモンカードゲーム スカーレット&バイオレット"", ""sourceLanguage"": ""ja""}]",Explicit language-scoped provider card/set ID plus canonical set and collector identity; native name is corroborating only.,,exact_catalogue_record
pokemon|ja|JP|set:95f342ed564dee25|127|unspecified,ja,JP,pokemon|ja|JP|tcgdex:SV11W,"{""tcgdex"": ""SV11W""}",127,86,"{""tcgdex"": ""SV11W-127""}","[{""provider"": ""tcgdex"", ""providerCardId"": ""SV11W-127"", ""providerSetId"": ""SV11W"", ""serieId"": ""SV"", ""serieName"": ""ポケモンカードゲーム スカーレット&バイオレット"", ""sourceLanguage"": ""ja""}]",Explicit language-scoped provider card/set ID plus canonical set and collector identity; native name is corroborating only.,,exact_catalogue_record
pokemon|ja|JP|set:6dab8eedc09afe3a|32|unspecified,ja,JP,pokemon|ja|JP|tcgdex:M1S,"{""tcgdex"": ""M1S""}",032,63,"{""tcgdex"": ""M1S-032""}","[{""provider"": ""tcgdex"", ""providerCardId"": ""M1S-032"", ""providerSetId"": ""M1S"", ""serieId"": ""M"", ""serieName"": ""ポケモンカードゲーム MEGA"", ""sourceLanguage"": ""ja""}]",Explicit language-scoped provider card/set ID plus canonical set and collector identity; native name is corroborating only.,,exact_catalogue_record
pokemon|ja|JP|set:fb4ba1c9e185f577|70|unspecified,ja,JP,pokemon|ja|JP|tcgdex:SV2P,"{""tcgdex"": ""SV2P""}",070,71,"{""tcgdex"": ""SV2P-070""}","[{""provider"": ""tcgdex"", ""providerCardId"": ""SV2P-070"", ""providerSetId"": ""SV2P"", ""serieId"": ""SV"", ""serieName"": ""ポケモンカードゲーム スカーレット&バイオレット"", ""sourceLanguage"": ""ja""}]",Explicit language-scoped provider card/set ID plus canonical set and collector identity; native name is corroborating only.,,exact_catalogue_record
pokemon|ja|JP|set:9bb9ae9d3a1f68ee|19|unspecified,ja,JP,pokemon|ja|JP|tcgdex:PMCG5,"{""tcgdex"": ""PMCG5""}",019,96,"{""tcgdex"": ""PMCG5-019""}","[{""provider"": ""tcgdex"", ""providerCardId"": ""PMCG5-019"", ""providerSetId"": ""PMCG5"", ""serieId"": ""PMCG"", ""serieName"": ""ポケットモンスターカードゲーム"", ""sourceLanguage"": ""ja""}]",Explicit language-scoped provider card/set ID plus canonical set and collector identity; native name is corroborating only.,,exact_catalogue_record
pokemon|ja|JP|set:851c410fc63dd63a|25|unspecified,ja,JP,pokemon|ja|JP|tcgdex:web1,"{""tcgdex"": ""web1""}",025,48,"{""tcgdex"": ""web1-025""}","[{""provider"": ""tcgdex"", ""providerCardId"": ""web1-025"", ""providerSetId"": ""web1"", ""serieId"": ""web"", ""serieName"": ""web"", ""sourceLanguage"": ""ja""}]",Explicit language-scoped provider card/set ID plus canonical set and collector identity; native name is corroborating only.,,exact_catalogue_record
pokemon|ja|JP|set:4c8d707a12553f95|9|unspecified,ja,JP,pokemon|ja|JP|tcgdex:M1L,"{""tcgdex"": ""M1L""}",009,63,"{""tcgdex"": ""M1L-009""}","[{""provider"": ""tcgdex"", ""providerCardId"": ""M1L-009"", ""providerSetId"": ""M1L"", ""serieId"": ""M"", ""serieName"": ""ポケモンカードゲーム MEGA"", ""sourceLanguage"": ""ja""}]",Explicit language-scoped provider card/set ID plus canonical set and collector identity; native name is corroborating only.,,exact_catalogue_record
pokemon|ja|JP|set:919ce502e1104287|2|unspecified,ja,JP,pokemon|ja|JP|tcgdex:M2,"{""tcgdex"": ""M2""}",002,80,"{""tcgdex"": ""M2-002""}","[{""provider"": ""tcgdex"", ""providerCardId"": ""M2-002"", ""providerSetId"": ""M2"", ""serieId"": ""M"", ""serieName"": ""ポケモンカードゲーム MEGA"", ""sourceLanguage"": ""ja""}]",Explicit language-scoped provider card/set ID plus canonical set and collector identity; native name is corroborating only.,,exact_catalogue_record
pokemon|ja|JP|set:a9bfdde5d9a96e6c|102|unspecified,ja,JP,pokemon|ja|JP|tcgdex:SV1S,"{""tcgdex"": ""SV1S""}",102,78,"{""tcgdex"": ""SV1S-102""}","[{""provider"": ""tcgdex"", ""providerCardId"": ""SV1S-102"", ""providerSetId"": ""SV1S"", ""serieId"": ""SV"", ""serieName"": ""ポケモンカードゲーム スカーレット&バイオレット"", ""sourceLanguage"": ""ja""}]",Explicit language-scoped provider card/set ID plus canonical set and collector identity; native name is corroborating only.,,exact_catalogue_record
pokemon|ja|JP|set:a48ccdce1bf10207|82|unspecified,ja,JP,pokemon|ja|JP|tcgdex:E4,"{""tcgdex"": ""E4""}",082,88,"{""tcgdex"": ""E4-082""}","[{""provider"": ""tcgdex"", ""providerCardId"": ""E4-082"", ""providerSetId"": ""E4"", ""serieId"": ""e"", ""serieName"": ""ポケモンカードe"", ""sourceLanguage"": ""ja""}]",Explicit language-scoped provider card/set ID plus canonical set and collector identity; native name is corroborating only.,,exact_catalogue_record
pokemon|ja|JP|set:3202f061668c6335|46|unspecified,ja,JP,pokemon|ja|JP|tcgdex:PCG7,"{""tcgdex"": ""PCG7""}",046,52,"{""tcgdex"": ""PCG7-046""}","[{""provider"": ""tcgdex"", ""providerCardId"": ""PCG7-046"", ""providerSetId"": ""PCG7"", ""serieId"": ""PCG"", ""serieName"": ""PCG"", ""sourceLanguage"": ""ja""}]",Explicit language-scoped provider card/set ID plus canonical set and collector identity; native name is corroborating only.,,exact_catalogue_record
pokemon|ja|JP|set:960d224478ab342c|50|unspecified,ja,JP,pokemon|ja|JP|tcgdex:PMCG6,"{""tcgdex"": ""PMCG6""}",050,98,"{""tcgdex"": ""PMCG6-050""}","[{""provider"": ""tcgdex"", ""providerCardId"": ""PMCG6-050"", ""providerSetId"": ""PMCG6"", ""serieId"": ""PMCG"", ""serieName"": ""ポケットモンスターカードゲーム"", ""sourceLanguage"": ""ja""}]",Explicit language-scoped provider card/set ID plus canonical set and collector identity; native name is corroborating only.,,exact_catalogue_record
pokemon|ja|JP|set:4374126923c8104f|91|unspecified,ja,JP,pokemon|ja|JP|tcgdex:SV7a,"{""tcgdex"": ""SV7a""}",091,64,"{""tcgdex"": ""SV7a-091""}","[{""provider"": ""tcgdex"", ""providerCardId"": ""SV7a-091"", ""providerSetId"": ""SV7a"", ""serieId"": ""SV"", ""serieName"": ""ポケモンカードゲーム スカーレット&バイオレット"", ""sourceLanguage"": ""ja""}]",Explicit language-scoped provider card/set ID plus canonical set and collector identity; native name is corroborating only.,,exact_catalogue_record
pokemon|ja|JP|set:960d224478ab342c|51|unspecified,ja,JP,pokemon|ja|JP|tcgdex:PMCG6,"{""tcgdex"": ""PMCG6""}",051,98,"{""tcgdex"": ""PMCG6-051""}","[{""provider"": ""tcgdex"", ""providerCardId"": ""PMCG6-051"", ""providerSetId"": ""PMCG6"", ""serieId"": ""PMCG"", ""serieName"": ""ポケットモンスターカードゲーム"", ""sourceLanguage"": ""ja""}]",Explicit language-scoped provider card/set ID plus canonical set and collector identity; native name is corroborating only.,,exact_catalogue_record
pokemon|ja|JP|set:95f342ed564dee25|123|unspecified,ja,JP,pokemon|ja|JP|tcgdex:SV11W,"{""tcgdex"": ""SV11W""}",123,86,"{""tcgdex"": ""SV11W-123""}","[{""provider"": ""tcgdex"", ""providerCardId"": ""SV11W-123"", ""providerSetId"": ""SV11W"", ""serieId"": ""SV"", ""serieName"": ""ポケモンカードゲーム スカーレット&バイオレット"", ""sourceLanguage"": ""ja""}]",Explicit language-scoped provider card/set ID plus canonical set and collector identity; native name is corroborating only.,,exact_catalogue_record
pokemon|ja|JP|set:6dc632d119d8cd9d|138|unspecified,ja,JP,pokemon|ja|JP|tcgdex:VS1,"{""tcgdex"": ""VS1""}",138,141,"{""tcgdex"": ""VS1-138""}","[{""provider"": ""tcgdex"", ""providerCardId"": ""VS1-138"", ""providerSetId"": ""VS1"", ""serieId"": ""VS"", ""serieName"": ""VS"", ""sourceLanguage"": ""ja""}]",Explicit language-scoped provider card/set ID plus canonical set and collector identity; native name is corroborating only.,,exact_catalogue_record
pokemon|ja|JP|set:1a2ce9a35ed787aa|45|unspecified,ja,JP,pokemon|ja|JP|tcgdex:SV3a,"{""tcgdex"": ""SV3a""}",045,62,"{""tcgdex"": ""SV3a-045""}","[{""provider"": ""tcgdex"", ""providerCardId"": ""SV3a-045"", ""providerSetId"": ""SV3a"", ""serieId"": ""SV"", ""serieName"": ""ポケモンカードゲーム スカーレット&バイオレット"", ""sourceLanguage"": ""ja""}]",Explicit language-scoped provider card/set ID plus canonical set and collector identity; native name is corroborating only.,,exact_catalogue_record
pokemon|ja|JP|set:2ba31de2e5727e0f|33|unspecified,ja,JP,pokemon|ja|JP|tcgdex:SVK,"{""tcgdex"": ""SVK""}",033,44,"{""tcgdex"": ""SVK-033""}","[{""provider"": ""tcgdex"", ""providerCardId"": ""SVK-033"", ""providerSetId"": ""SVK"", ""serieId"": ""SV"", ""serieName"": ""ポケモンカードゲーム スカーレット&バイオレット"", ""sourceLanguage"": ""ja""}]",Explicit language-scoped provider card/set ID plus canonical set and collector identity; native name is corroborating only.,,exact_catalogue_record
pokemon|ja|JP|set:072678e39ee9755c|38|unspecified,ja,JP,pokemon|ja|JP|tcgdex:PCG5,"{""tcgdex"": ""PCG5""}",038,86,"{""tcgdex"": ""PCG5-038""}","[{""provider"": ""tcgdex"", ""providerCardId"": ""PCG5-038"", ""providerSetId"": ""PCG5"", ""serieId"": ""PCG"", ""serieName"": ""PCG"", ""sourceLanguage"": ""ja""}]",Explicit language-scoped provider card/set ID plus canonical set and collector identity; native name is corroborating only.,,exact_catalogue_record
pokemon|ja|JP|set:585ba4ebaad8bc26|356|unspecified,ja,JP,pokemon|ja|JP|tcgdex:SV4a,"{""tcgdex"": ""SV4a""}",356,190,"{""tcgdex"": ""SV4a-356""}","[{""provider"": ""tcgdex"", ""providerCardId"": ""SV4a-356"", ""providerSetId"": ""SV4a"", ""serieId"": ""SV"", ""serieName"": ""ポケモンカードゲーム スカーレット&バイオレット"", ""sourceLanguage"": ""ja""}]",Explicit language-scoped provider card/set ID plus canonical set and collector identity; native name is corroborating only.,,exact_catalogue_record
pokemon|ja|JP|set:fb4ba1c9e185f577|76|unspecified,ja,JP,pokemon|ja|JP|tcgdex:SV2P,"{""tcgdex"": ""SV2P""}",076,71,"{""tcgdex"": ""SV2P-076""}","[{""provider"": ""tcgdex"", ""providerCardId"": ""SV2P-076"", ""providerSetId"": ""SV2P"", ""serieId"": ""SV"", ""serieName"": ""ポケモンカードゲーム スカーレット&バイオレット"", ""sourceLanguage"": ""ja""}]",Explicit language-scoped provider card/set ID plus canonical set and collector identity; native name is corroborating only.,,exact_catalogue_record
pokemon|ja|JP|set:fb4ba1c9e185f577|34|unspecified,ja,JP,pokemon|ja|JP|tcgdex:SV2P,"{""tcgdex"": ""SV2P""}",034,71,"{""tcgdex"": ""SV2P-034""}","[{""provider"": ""tcgdex"", ""providerCardId"": ""SV2P-034"", ""providerSetId"": ""SV2P"", ""serieId"": ""SV"", ""serieName"": ""ポケモンカードゲーム スカーレット&バイオレット"", ""sourceLanguage"": ""ja""}]",Explicit language-scoped provider card/set ID plus canonical set and collector identity; native name is corroborating only.,,exact_catalogue_record
pokemon|ja|JP|set:80b0de4ec0bcecae|25|unspecified,ja,JP,pokemon|ja|JP|tcgdex:E3,"{""tcgdex"": ""E3""}",025,87,"{""tcgdex"": ""E3-025""}","[{""provider"": ""tcgdex"", ""providerCardId"": ""E3-025"", ""providerSetId"": ""E3"", ""serieId"": ""e"", ""serieName"": ""ポケモンカードe"", ""sourceLanguage"": ""ja""}]",Explicit language-scoped provider card/set ID plus canonical set and collector identity; native name is corroborating only.,,exact_catalogue_record
pokemon|ja|JP|set:e1db9aec27abaeb6|47|unspecified,ja,JP,pokemon|ja|JP|tcgdex:PMCG2,"{""tcgdex"": ""PMCG2""}",047,48,"{""tcgdex"": ""PMCG2-047""}","[{""provider"": ""tcgdex"", ""providerCardId"": ""PMCG2-047"", ""providerSetId"": ""PMCG2"", ""serieId"": ""PMCG"", ""serieName"": ""ポケットモンスターカードゲーム"", ""sourceLanguage"": ""ja""}]",Explicit language-scoped provider card/set ID plus canonical set and collector identity; native name is corroborating only.,,exact_catalogue_record
pokemon|zh-Hant|MULTI|set:8a1ddd24be485458|100|unspecified,zh-Hant,MULTI,pokemon|zh-Hant|MULTI|tcgdex:SC1a,"{""tcgdex"": ""SC1a""}",100,154,"{""tcgdex"": ""SC1a-100""}","[{""provider"": ""tcgdex"", ""providerCardId"": ""SC1a-100"", ""providerSetId"": ""SC1a"", ""serieId"": ""S"", ""serieName"": ""劍＆盾"", ""sourceLanguage"": ""zh-tw""}]",Explicit language-scoped provider card/set ID plus canonical set and collector identity; native name is corroborating only.,,exact_catalogue_record
pokemon|zh-Hant|MULTI|set:8a1ddd24be485458|101|unspecified,zh-Hant,MULTI,pokemon|zh-Hant|MULTI|tcgdex:SC1a,"{""tcgdex"": ""SC1a""}",101,154,"{""tcgdex"": ""SC1a-101""}","[{""provider"": ""tcgdex"", ""providerCardId"": ""SC1a-101"", ""providerSetId"": ""SC1a"", ""serieId"": ""S"", ""serieName"": ""劍＆盾"", ""sourceLanguage"": ""zh-tw""}]",Explicit language-scoped provider card/set ID plus canonical set and collector identity; native name is corroborating only.,,exact_catalogue_record
pokemon|zh-Hant|MULTI|set:8a1ddd24be485458|102|unspecified,zh-Hant,MULTI,pokemon|zh-Hant|MULTI|tcgdex:SC1a,"{""tcgdex"": ""SC1a""}",102,154,"{""tcgdex"": ""SC1a-102""}","[{""provider"": ""tcgdex"", ""providerCardId"": ""SC1a-102"", ""providerSetId"": ""SC1a"", ""serieId"": ""S"", ""serieName"": ""劍＆盾"", ""sourceLanguage"": ""zh-tw""}]",Explicit language-scoped provider card/set ID plus canonical set and collector identity; native name is corroborating only.,,exact_catalogue_record
pokemon|zh-Hant|MULTI|set:8a1ddd24be485458|103|unspecified,zh-Hant,MULTI,pokemon|zh-Hant|MULTI|tcgdex:SC1a,"{""tcgdex"": ""SC1a""}",103,154,"{""tcgdex"": ""SC1a-103""}","[{""provider"": ""tcgdex"", ""providerCardId"": ""SC1a-103"", ""providerSetId"": ""SC1a"", ""serieId"": ""S"", ""serieName"": ""劍＆盾"", ""sourceLanguage"": ""zh-tw""}]",Explicit language-scoped provider card/set ID plus canonical set and collector identity; native name is corroborating only.,,exact_catalogue_record
pokemon|zh-Hant|MULTI|set:8a1ddd24be485458|104|unspecified,zh-Hant,MULTI,pokemon|zh-Hant|MULTI|tcgdex:SC1a,"{""tcgdex"": ""SC1a""}",104,154,"{""tcgdex"": ""SC1a-104""}","[{""provider"": ""tcgdex"", ""providerCardId"": ""SC1a-104"", ""providerSetId"": ""SC1a"", ""serieId"": ""S"", ""serieName"": ""劍＆盾"", ""sourceLanguage"": ""zh-tw""}]",Explicit language-scoped provider card/set ID plus canonical set and collector identity; native name is corroborating only.,,exact_catalogue_record
pokemon|zh-Hant|MULTI|set:8a1ddd24be485458|105|unspecified,zh-Hant,MULTI,pokemon|zh-Hant|MULTI|tcgdex:SC1a,"{""tcgdex"": ""SC1a""}",105,154,"{""tcgdex"": ""SC1a-105""}","[{""provider"": ""tcgdex"", ""providerCardId"": ""SC1a-105"", ""providerSetId"": ""SC1a"", ""serieId"": ""S"", ""serieName"": ""劍＆盾"", ""sourceLanguage"": ""zh-tw""}]",Explicit language-scoped provider card/set ID plus canonical set and collector identity; native name is corroborating only.,,exact_catalogue_record
pokemon|zh-Hant|MULTI|set:8a1ddd24be485458|106|unspecified,zh-Hant,MULTI,pokemon|zh-Hant|MULTI|tcgdex:SC1a,"{""tcgdex"": ""SC1a""}",106,154,"{""tcgdex"": ""SC1a-106""}","[{""provider"": ""tcgdex"", ""providerCardId"": ""SC1a-106"", ""providerSetId"": ""SC1a"", ""serieId"": ""S"", ""serieName"": ""劍＆盾"", ""sourceLanguage"": ""zh-tw""}]",Explicit language-scoped provider card/set ID plus canonical set and collector identity; native name is corroborating only.,,exact_catalogue_record
pokemon|zh-Hant|MULTI|set:8a1ddd24be485458|107|unspecified,zh-Hant,MULTI,pokemon|zh-Hant|MULTI|tcgdex:SC1a,"{""tcgdex"": ""SC1a""}",107,154,"{""tcgdex"": ""SC1a-107""}","[{""provider"": ""tcgdex"", ""providerCardId"": ""SC1a-107"", ""providerSetId"": ""SC1a"", ""serieId"": ""S"", ""serieName"": ""劍＆盾"", ""sourceLanguage"": ""zh-tw""}]",Explicit language-scoped provider card/set ID plus canonical set and collector identity; native name is corroborating only.,,exact_catalogue_record
pokemon|zh-Hant|MULTI|set:8a1ddd24be485458|108|unspecified,zh-Hant,MULTI,pokemon|zh-Hant|MULTI|tcgdex:SC1a,"{""tcgdex"": ""SC1a""}",108,154,"{""tcgdex"": ""SC1a-108""}","[{""provider"": ""tcgdex"", ""providerCardId"": ""SC1a-108"", ""providerSetId"": ""SC1a"", ""serieId"": ""S"", ""serieName"": ""劍＆盾"", ""sourceLanguage"": ""zh-tw""}]",Explicit language-scoped provider card/set ID plus canonical set and collector identity; native name is corroborating only.,,exact_catalogue_record
pokemon|zh-Hant|MULTI|set:8a1ddd24be485458|109|unspecified,zh-Hant,MULTI,pokemon|zh-Hant|MULTI|tcgdex:SC1a,"{""tcgdex"": ""SC1a""}",109,154,"{""tcgdex"": ""SC1a-109""}","[{""provider"": ""tcgdex"", ""providerCardId"": ""SC1a-109"", ""providerSetId"": ""SC1a"", ""serieId"": ""S"", ""serieName"": ""劍＆盾"", ""sourceLanguage"": ""zh-tw""}]",Explicit language-scoped provider card/set ID plus canonical set and collector identity; native name is corroborating only.,,exact_catalogue_record
pokemon|zh-Hant|MULTI|set:8a1ddd24be485458|10|unspecified,zh-Hant,MULTI,pokemon|zh-Hant|MULTI|tcgdex:SC1a,"{""tcgdex"": ""SC1a""}",010,154,"{""tcgdex"": ""SC1a-010""}","[{""provider"": ""tcgdex"", ""providerCardId"": ""SC1a-010"", ""providerSetId"": ""SC1a"", ""serieId"": ""S"", ""serieName"": ""劍＆盾"", ""sourceLanguage"": ""zh-tw""}]",Explicit language-scoped provider card/set ID plus canonical set and collector identity; native name is corroborating only.,,exact_catalogue_record
pokemon|zh-Hant|MULTI|set:8a1ddd24be485458|110|unspecified,zh-Hant,MULTI,pokemon|zh-Hant|MULTI|tcgdex:SC1a,"{""tcgdex"": ""SC1a""}",110,154,"{""tcgdex"": ""SC1a-110""}","[{""provider"": ""tcgdex"", ""providerCardId"": ""SC1a-110"", ""providerSetId"": ""SC1a"", ""serieId"": ""S"", ""serieName"": ""劍＆盾"", ""sourceLanguage"": ""zh-tw""}]",Explicit language-scoped provider card/set ID plus canonical set and collector identity; native name is corroborating only.,,exact_catalogue_record
pokemon|zh-Hant|MULTI|set:8a1ddd24be485458|111|unspecified,zh-Hant,MULTI,pokemon|zh-Hant|MULTI|tcgdex:SC1a,"{""tcgdex"": ""SC1a""}",111,154,"{""tcgdex"": ""SC1a-111""}","[{""provider"": ""tcgdex"", ""providerCardId"": ""SC1a-111"", ""providerSetId"": ""SC1a"", ""serieId"": ""S"", ""serieName"": ""劍＆盾"", ""sourceLanguage"": ""zh-tw""}]",Explicit language-scoped provider card/set ID plus canonical set and collector identity; native name is corroborating only.,,exact_catalogue_record
pokemon|zh-Hant|MULTI|set:8a1ddd24be485458|112|unspecified,zh-Hant,MULTI,pokemon|zh-Hant|MULTI|tcgdex:SC1a,"{""tcgdex"": ""SC1a""}",112,154,"{""tcgdex"": ""SC1a-112""}","[{""provider"": ""tcgdex"", ""providerCardId"": ""SC1a-112"", ""providerSetId"": ""SC1a"", ""serieId"": ""S"", ""serieName"": ""劍＆盾"", ""sourceLanguage"": ""zh-tw""}]",Explicit language-scoped provider card/set ID plus canonical set and collector identity; native name is corroborating only.,,exact_catalogue_record
pokemon|zh-Hant|MULTI|set:8a1ddd24be485458|113|unspecified,zh-Hant,MULTI,pokemon|zh-Hant|MULTI|tcgdex:SC1a,"{""tcgdex"": ""SC1a""}",113,154,"{""tcgdex"": ""SC1a-113""}","[{""provider"": ""tcgdex"", ""providerCardId"": ""SC1a-113"", ""providerSetId"": ""SC1a"", ""serieId"": ""S"", ""serieName"": ""劍＆盾"", ""sourceLanguage"": ""zh-tw""}]",Explicit language-scoped provider card/set ID plus canonical set and collector identity; native name is corroborating only.,,exact_catalogue_record
pokemon|zh-Hant|MULTI|set:141ddfcad3342f8b|9|unspecified,zh-Hant,MULTI,pokemon|zh-Hant|MULTI|tcgdex:SV10,"{""tcgdex"": ""SV10""}",009,98,"{""tcgdex"": ""SV10-009""}","[{""provider"": ""tcgdex"", ""providerCardId"": ""SV10-009"", ""providerSetId"": ""SV10"", ""serieId"": ""SV"", ""serieName"": ""朱&紫系列"", ""sourceLanguage"": ""zh-tw""}]",Explicit language-scoped provider card/set ID plus canonical set and collector identity; native name is corroborating only.,,exact_catalogue_record
pokemon|zh-Hant|MULTI|set:141ddfcad3342f8b|98|unspecified,zh-Hant,MULTI,pokemon|zh-Hant|MULTI|tcgdex:SV10,"{""tcgdex"": ""SV10""}",098,98,"{""tcgdex"": ""SV10-098""}","[{""provider"": ""tcgdex"", ""providerCardId"": ""SV10-098"", ""providerSetId"": ""SV10"", ""serieId"": ""SV"", ""serieName"": ""朱&紫系列"", ""sourceLanguage"": ""zh-tw""}]",Explicit language-scoped provider card/set ID plus canonical set and collector identity; native name is corroborating only.,,exact_catalogue_record
pokemon|zh-Hant|MULTI|set:141ddfcad3342f8b|97|unspecified,zh-Hant,MULTI,pokemon|zh-Hant|MULTI|tcgdex:SV10,"{""tcgdex"": ""SV10""}",097,98,"{""tcgdex"": ""SV10-097""}","[{""provider"": ""tcgdex"", ""providerCardId"": ""SV10-097"", ""providerSetId"": ""SV10"", ""serieId"": ""SV"", ""serieName"": ""朱&紫系列"", ""sourceLanguage"": ""zh-tw""}]",Explicit language-scoped provider card/set ID plus canonical set and collector identity; native name is corroborating only.,,exact_catalogue_record
pokemon|zh-Hant|MULTI|set:141ddfcad3342f8b|96|unspecified,zh-Hant,MULTI,pokemon|zh-Hant|MULTI|tcgdex:SV10,"{""tcgdex"": ""SV10""}",096,98,"{""tcgdex"": ""SV10-096""}","[{""provider"": ""tcgdex"", ""providerCardId"": ""SV10-096"", ""providerSetId"": ""SV10"", ""serieId"": ""SV"", ""serieName"": ""朱&紫系列"", ""sourceLanguage"": ""zh-tw""}]",Explicit language-scoped provider card/set ID plus canonical set and collector identity; native name is corroborating only.,,exact_catalogue_record
pokemon|zh-Hant|MULTI|set:141ddfcad3342f8b|95|unspecified,zh-Hant,MULTI,pokemon|zh-Hant|MULTI|tcgdex:SV10,"{""tcgdex"": ""SV10""}",095,98,"{""tcgdex"": ""SV10-095""}","[{""provider"": ""tcgdex"", ""providerCardId"": ""SV10-095"", ""providerSetId"": ""SV10"", ""serieId"": ""SV"", ""serieName"": ""朱&紫系列"", ""sourceLanguage"": ""zh-tw""}]",Explicit language-scoped provider card/set ID plus canonical set and collector identity; native name is corroborating only.,,exact_catalogue_record
pokemon|zh-Hant|MULTI|set:141ddfcad3342f8b|94|unspecified,zh-Hant,MULTI,pokemon|zh-Hant|MULTI|tcgdex:SV10,"{""tcgdex"": ""SV10""}",094,98,"{""tcgdex"": ""SV10-094""}","[{""provider"": ""tcgdex"", ""providerCardId"": ""SV10-094"", ""providerSetId"": ""SV10"", ""serieId"": ""SV"", ""serieName"": ""朱&紫系列"", ""sourceLanguage"": ""zh-tw""}]",Explicit language-scoped provider card/set ID plus canonical set and collector identity; native name is corroborating only.,,exact_catalogue_record
pokemon|zh-Hant|MULTI|set:141ddfcad3342f8b|93|unspecified,zh-Hant,MULTI,pokemon|zh-Hant|MULTI|tcgdex:SV10,"{""tcgdex"": ""SV10""}",093,98,"{""tcgdex"": ""SV10-093""}","[{""provider"": ""tcgdex"", ""providerCardId"": ""SV10-093"", ""providerSetId"": ""SV10"", ""serieId"": ""SV"", ""serieName"": ""朱&紫系列"", ""sourceLanguage"": ""zh-tw""}]",Explicit language-scoped provider card/set ID plus canonical set and collector identity; native name is corroborating only.,,exact_catalogue_record
pokemon|zh-Hant|MULTI|set:141ddfcad3342f8b|92|unspecified,zh-Hant,MULTI,pokemon|zh-Hant|MULTI|tcgdex:SV10,"{""tcgdex"": ""SV10""}",092,98,"{""tcgdex"": ""SV10-092""}","[{""provider"": ""tcgdex"", ""providerCardId"": ""SV10-092"", ""providerSetId"": ""SV10"", ""serieId"": ""SV"", ""serieName"": ""朱&紫系列"", ""sourceLanguage"": ""zh-tw""}]",Explicit language-scoped provider card/set ID plus canonical set and collector identity; native name is corroborating only.,,exact_catalogue_record
pokemon|zh-Hant|MULTI|set:141ddfcad3342f8b|91|unspecified,zh-Hant,MULTI,pokemon|zh-Hant|MULTI|tcgdex:SV10,"{""tcgdex"": ""SV10""}",091,98,"{""tcgdex"": ""SV10-091""}","[{""provider"": ""tcgdex"", ""providerCardId"": ""SV10-091"", ""providerSetId"": ""SV10"", ""serieId"": ""SV"", ""serieName"": ""朱&紫系列"", ""sourceLanguage"": ""zh-tw""}]",Explicit language-scoped provider card/set ID plus canonical set and collector identity; native name is corroborating only.,,exact_catalogue_record
pokemon|zh-Hant|MULTI|set:141ddfcad3342f8b|90|unspecified,zh-Hant,MULTI,pokemon|zh-Hant|MULTI|tcgdex:SV10,"{""tcgdex"": ""SV10""}",090,98,"{""tcgdex"": ""SV10-090""}","[{""provider"": ""tcgdex"", ""providerCardId"": ""SV10-090"", ""providerSetId"": ""SV10"", ""serieId"": ""SV"", ""serieName"": ""朱&紫系列"", ""sourceLanguage"": ""zh-tw""}]",Explicit language-scoped provider card/set ID plus canonical set and collector identity; native name is corroborating only.,,exact_catalogue_record
pokemon|zh-Hant|MULTI|set:141ddfcad3342f8b|8|unspecified,zh-Hant,MULTI,pokemon|zh-Hant|MULTI|tcgdex:SV10,"{""tcgdex"": ""SV10""}",008,98,"{""tcgdex"": ""SV10-008""}","[{""provider"": ""tcgdex"", ""providerCardId"": ""SV10-008"", ""providerSetId"": ""SV10"", ""serieId"": ""SV"", ""serieName"": ""朱&紫系列"", ""sourceLanguage"": ""zh-tw""}]",Explicit language-scoped provider card/set ID plus canonical set and collector identity; native name is corroborating only.,,exact_catalogue_record
pokemon|zh-Hant|MULTI|set:141ddfcad3342f8b|89|unspecified,zh-Hant,MULTI,pokemon|zh-Hant|MULTI|tcgdex:SV10,"{""tcgdex"": ""SV10""}",089,98,"{""tcgdex"": ""SV10-089""}","[{""provider"": ""tcgdex"", ""providerCardId"": ""SV10-089"", ""providerSetId"": ""SV10"", ""serieId"": ""SV"", ""serieName"": ""朱&紫系列"", ""sourceLanguage"": ""zh-tw""}]",Explicit language-scoped provider card/set ID plus canonical set and collector identity; native name is corroborating only.,,exact_catalogue_record
pokemon|zh-Hant|MULTI|set:141ddfcad3342f8b|88|unspecified,zh-Hant,MULTI,pokemon|zh-Hant|MULTI|tcgdex:SV10,"{""tcgdex"": ""SV10""}",088,98,"{""tcgdex"": ""SV10-088""}","[{""provider"": ""tcgdex"", ""providerCardId"": ""SV10-088"", ""providerSetId"": ""SV10"", ""serieId"": ""SV"", ""serieName"": ""朱&紫系列"", ""sourceLanguage"": ""zh-tw""}]",Explicit language-scoped provider card/set ID plus canonical set and collector identity; native name is corroborating only.,,exact_catalogue_record
pokemon|zh-Hant|MULTI|set:141ddfcad3342f8b|87|unspecified,zh-Hant,MULTI,pokemon|zh-Hant|MULTI|tcgdex:SV10,"{""tcgdex"": ""SV10""}",087,98,"{""tcgdex"": ""SV10-087""}","[{""provider"": ""tcgdex"", ""providerCardId"": ""SV10-087"", ""providerSetId"": ""SV10"", ""serieId"": ""SV"", ""serieName"": ""朱&紫系列"", ""sourceLanguage"": ""zh-tw""}]",Explicit language-scoped provider card/set ID plus canonical set and collector identity; native name is corroborating only.,,exact_catalogue_record
pokemon|zh-Hant|MULTI|set:141ddfcad3342f8b|86|unspecified,zh-Hant,MULTI,pokemon|zh-Hant|MULTI|tcgdex:SV10,"{""tcgdex"": ""SV10""}",086,98,"{""tcgdex"": ""SV10-086""}","[{""provider"": ""tcgdex"", ""providerCardId"": ""SV10-086"", ""providerSetId"": ""SV10"", ""serieId"": ""SV"", ""serieName"": ""朱&紫系列"", ""sourceLanguage"": ""zh-tw""}]",Explicit language-scoped provider card/set ID plus canonical set and collector identity; native name is corroborating only.,,exact_catalogue_record
pokemon|zh-Hant|MULTI|set:b8eabd79c443251e|DAR|unspecified,zh-Hant,MULTI,pokemon|zh-Hant|MULTI|tcgdex:S10b,"{""tcgdex"": ""S10b""}",DAR,71,"{""tcgdex"": ""S10b-DAR""}","[{""provider"": ""tcgdex"", ""providerCardId"": ""S10b-DAR"", ""providerSetId"": ""S10b"", ""serieId"": ""S"", ""serieName"": ""劍＆盾"", ""sourceLanguage"": ""zh-tw""}]",Explicit language-scoped provider card/set ID plus canonical set and collector identity; native name is corroborating only.,,exact_catalogue_record
pokemon|zh-Hant|MULTI|set:b8eabd79c443251e|FIG|unspecified,zh-Hant,MULTI,pokemon|zh-Hant|MULTI|tcgdex:S10b,"{""tcgdex"": ""S10b""}",FIG,71,"{""tcgdex"": ""S10b-FIG""}","[{""provider"": ""tcgdex"", ""providerCardId"": ""S10b-FIG"", ""providerSetId"": ""S10b"", ""serieId"": ""S"", ""serieName"": ""劍＆盾"", ""sourceLanguage"": ""zh-tw""}]",Explicit language-scoped provider card/set ID plus canonical set and collector identity; native name is corroborating only.,,exact_catalogue_record
pokemon|zh-Hant|MULTI|set:b8eabd79c443251e|FIR|unspecified,zh-Hant,MULTI,pokemon|zh-Hant|MULTI|tcgdex:S10b,"{""tcgdex"": ""S10b""}",FIR,71,"{""tcgdex"": ""S10b-FIR""}","[{""provider"": ""tcgdex"", ""providerCardId"": ""S10b-FIR"", ""providerSetId"": ""S10b"", ""serieId"": ""S"", ""serieName"": ""劍＆盾"", ""sourceLanguage"": ""zh-tw""}]",Explicit language-scoped provider card/set ID plus canonical set and collector identity; native name is corroborating only.,,exact_catalogue_record
pokemon|zh-Hant|MULTI|set:b8eabd79c443251e|GRA|unspecified,zh-Hant,MULTI,pokemon|zh-Hant|MULTI|tcgdex:S10b,"{""tcgdex"": ""S10b""}",GRA,71,"{""tcgdex"": ""S10b-GRA""}","[{""provider"": ""tcgdex"", ""providerCardId"": ""S10b-GRA"", ""providerSetId"": ""S10b"", ""serieId"": ""S"", ""serieName"": ""劍＆盾"", ""sourceLanguage"": ""zh-tw""}]",Explicit language-scoped provider card/set ID plus canonical set and collector identity; native name is corroborating only.,,exact_catalogue_record
pokemon|zh-Hant|MULTI|set:b8eabd79c443251e|LIG|unspecified,zh-Hant,MULTI,pokemon|zh-Hant|MULTI|tcgdex:S10b,"{""tcgdex"": ""S10b""}",LIG,71,"{""tcgdex"": ""S10b-LIG""}","[{""provider"": ""tcgdex"", ""providerCardId"": ""S10b-LIG"", ""providerSetId"": ""S10b"", ""serieId"": ""S"", ""serieName"": ""劍＆盾"", ""sourceLanguage"": ""zh-tw""}]",Explicit language-scoped provider card/set ID plus canonical set and collector identity; native name is corroborating only.,,exact_catalogue_record
pokemon|zh-Hant|MULTI|set:b8eabd79c443251e|MET|unspecified,zh-Hant,MULTI,pokemon|zh-Hant|MULTI|tcgdex:S10b,"{""tcgdex"": ""S10b""}",MET,71,"{""tcgdex"": ""S10b-MET""}","[{""provider"": ""tcgdex"", ""providerCardId"": ""S10b-MET"", ""providerSetId"": ""S10b"", ""serieId"": ""S"", ""serieName"": ""劍＆盾"", ""sourceLanguage"": ""zh-tw""}]",Explicit language-scoped provider card/set ID plus canonical set and collector identity; native name is corroborating only.,,exact_catalogue_record
pokemon|zh-Hant|MULTI|set:b8eabd79c443251e|PSY|unspecified,zh-Hant,MULTI,pokemon|zh-Hant|MULTI|tcgdex:S10b,"{""tcgdex"": ""S10b""}",PSY,71,"{""tcgdex"": ""S10b-PSY""}","[{""provider"": ""tcgdex"", ""providerCardId"": ""S10b-PSY"", ""providerSetId"": ""S10b"", ""serieId"": ""S"", ""serieName"": ""劍＆盾"", ""sourceLanguage"": ""zh-tw""}]",Explicit language-scoped provider card/set ID plus canonical set and collector identity; native name is corroborating only.,,exact_catalogue_record
pokemon|zh-Hant|MULTI|set:b8eabd79c443251e|WAT|unspecified,zh-Hant,MULTI,pokemon|zh-Hant|MULTI|tcgdex:S10b,"{""tcgdex"": ""S10b""}",WAT,71,"{""tcgdex"": ""S10b-WAT""}","[{""provider"": ""tcgdex"", ""providerCardId"": ""S10b-WAT"", ""providerSetId"": ""S10b"", ""serieId"": ""S"", ""serieName"": ""劍＆盾"", ""sourceLanguage"": ""zh-tw""}]",Explicit language-scoped provider card/set ID plus canonical set and collector identity; native name is corroborating only.,,exact_catalogue_record
pokemon|zh-Hant|MULTI|set:6028cd9a680b6993|DAR|unspecified,zh-Hant,MULTI,pokemon|zh-Hant|MULTI|tcgdex:S8a,"{""tcgdex"": ""S8a""}",DAR,28,"{""tcgdex"": ""S8a-DAR""}","[{""provider"": ""tcgdex"", ""providerCardId"": ""S8a-DAR"", ""providerSetId"": ""S8a"", ""serieId"": ""S"", ""serieName"": ""劍＆盾"", ""sourceLanguage"": ""zh-tw""}]",Explicit language-scoped provider card/set ID plus canonical set and collector identity; native name is corroborating only.,,exact_catalogue_record
pokemon|zh-Hant|MULTI|set:6028cd9a680b6993|FIG|unspecified,zh-Hant,MULTI,pokemon|zh-Hant|MULTI|tcgdex:S8a,"{""tcgdex"": ""S8a""}",FIG,28,"{""tcgdex"": ""S8a-FIG""}","[{""provider"": ""tcgdex"", ""providerCardId"": ""S8a-FIG"", ""providerSetId"": ""S8a"", ""serieId"": ""S"", ""serieName"": ""劍＆盾"", ""sourceLanguage"": ""zh-tw""}]",Explicit language-scoped provider card/set ID plus canonical set and collector identity; native name is corroborating only.,,exact_catalogue_record
pokemon|zh-Hant|MULTI|set:6028cd9a680b6993|FIR|unspecified,zh-Hant,MULTI,pokemon|zh-Hant|MULTI|tcgdex:S8a,"{""tcgdex"": ""S8a""}",FIR,28,"{""tcgdex"": ""S8a-FIR""}","[{""provider"": ""tcgdex"", ""providerCardId"": ""S8a-FIR"", ""providerSetId"": ""S8a"", ""serieId"": ""S"", ""serieName"": ""劍＆盾"", ""sourceLanguage"": ""zh-tw""}]",Explicit language-scoped provider card/set ID plus canonical set and collector identity; native name is corroborating only.,,exact_catalogue_record
pokemon|zh-Hant|MULTI|set:6028cd9a680b6993|GRA|unspecified,zh-Hant,MULTI,pokemon|zh-Hant|MULTI|tcgdex:S8a,"{""tcgdex"": ""S8a""}",GRA,28,"{""tcgdex"": ""S8a-GRA""}","[{""provider"": ""tcgdex"", ""providerCardId"": ""S8a-GRA"", ""providerSetId"": ""S8a"", ""serieId"": ""S"", ""serieName"": ""劍＆盾"", ""sourceLanguage"": ""zh-tw""}]",Explicit language-scoped provider card/set ID plus canonical set and collector identity; native name is corroborating only.,,exact_catalogue_record
pokemon|zh-Hant|MULTI|set:6028cd9a680b6993|LIG|unspecified,zh-Hant,MULTI,pokemon|zh-Hant|MULTI|tcgdex:S8a,"{""tcgdex"": ""S8a""}",LIG,28,"{""tcgdex"": ""S8a-LIG""}","[{""provider"": ""tcgdex"", ""providerCardId"": ""S8a-LIG"", ""providerSetId"": ""S8a"", ""serieId"": ""S"", ""serieName"": ""劍＆盾"", ""sourceLanguage"": ""zh-tw""}]",Explicit language-scoped provider card/set ID plus canonical set and collector identity; native name is corroborating only.,,exact_catalogue_record
pokemon|zh-Hant|MULTI|set:6028cd9a680b6993|MET|unspecified,zh-Hant,MULTI,pokemon|zh-Hant|MULTI|tcgdex:S8a,"{""tcgdex"": ""S8a""}",MET,28,"{""tcgdex"": ""S8a-MET""}","[{""provider"": ""tcgdex"", ""providerCardId"": ""S8a-MET"", ""providerSetId"": ""S8a"", ""serieId"": ""S"", ""serieName"": ""劍＆盾"", ""sourceLanguage"": ""zh-tw""}]",Explicit language-scoped provider card/set ID plus canonical set and collector identity; native name is corroborating only.,,exact_catalogue_record
pokemon|zh-Hant|MULTI|set:6028cd9a680b6993|PSY|unspecified,zh-Hant,MULTI,pokemon|zh-Hant|MULTI|tcgdex:S8a,"{""tcgdex"": ""S8a""}",PSY,28,"{""tcgdex"": ""S8a-PSY""}","[{""provider"": ""tcgdex"", ""providerCardId"": ""S8a-PSY"", ""providerSetId"": ""S8a"", ""serieId"": ""S"", ""serieName"": ""劍＆盾"", ""sourceLanguage"": ""zh-tw""}]",Explicit language-scoped provider card/set ID plus canonical set and collector identity; native name is corroborating only.,,exact_catalogue_record
pokemon|zh-Hant|MULTI|set:21f7abf5ffde9e72|1|unspecified,zh-Hant,MULTI,pokemon|zh-Hant|MULTI|tcgdex:S10a,"{""tcgdex"": ""S10a""}",001,71,"{""tcgdex"": ""S10a-001""}","[{""provider"": ""tcgdex"", ""providerCardId"": ""S10a-001"", ""providerSetId"": ""S10a"", ""serieId"": ""S"", ""serieName"": ""劍＆盾"", ""sourceLanguage"": ""zh-tw""}]",Explicit language-scoped provider card/set ID plus canonical set and collector identity; native name is corroborating only.,,exact_catalogue_record
pokemon|zh-Hant|MULTI|set:21f7abf5ffde9e72|10|unspecified,zh-Hant,MULTI,pokemon|zh-Hant|MULTI|tcgdex:S10a,"{""tcgdex"": ""S10a""}",010,71,"{""tcgdex"": ""S10a-010""}","[{""provider"": ""tcgdex"", ""providerCardId"": ""S10a-010"", ""providerSetId"": ""S10a"", ""serieId"": ""S"", ""serieName"": ""劍＆盾"", ""sourceLanguage"": ""zh-tw""}]",Explicit language-scoped provider card/set ID plus canonical set and collector identity; native name is corroborating only.,,exact_catalogue_record
pokemon|zh-Hant|MULTI|set:21f7abf5ffde9e72|11|unspecified,zh-Hant,MULTI,pokemon|zh-Hant|MULTI|tcgdex:S10a,"{""tcgdex"": ""S10a""}",011,71,"{""tcgdex"": ""S10a-011""}","[{""provider"": ""tcgdex"", ""providerCardId"": ""S10a-011"", ""providerSetId"": ""S10a"", ""serieId"": ""S"", ""serieName"": ""劍＆盾"", ""sourceLanguage"": ""zh-tw""}]",Explicit language-scoped provider card/set ID plus canonical set and collector identity; native name is corroborating only.,,exact_catalogue_record
pokemon|zh-Hant|MULTI|set:21f7abf5ffde9e72|12|unspecified,zh-Hant,MULTI,pokemon|zh-Hant|MULTI|tcgdex:S10a,"{""tcgdex"": ""S10a""}",012,71,"{""tcgdex"": ""S10a-012""}","[{""provider"": ""tcgdex"", ""providerCardId"": ""S10a-012"", ""providerSetId"": ""S10a"", ""serieId"": ""S"", ""serieName"": ""劍＆盾"", ""sourceLanguage"": ""zh-tw""}]",Explicit language-scoped provider card/set ID plus canonical set and collector identity; native name is corroborating only.,,exact_catalogue_record
pokemon|zh-Hant|MULTI|set:21f7abf5ffde9e72|13|unspecified,zh-Hant,MULTI,pokemon|zh-Hant|MULTI|tcgdex:S10a,"{""tcgdex"": ""S10a""}",013,71,"{""tcgdex"": ""S10a-013""}","[{""provider"": ""tcgdex"", ""providerCardId"": ""S10a-013"", ""providerSetId"": ""S10a"", ""serieId"": ""S"", ""serieName"": ""劍＆盾"", ""sourceLanguage"": ""zh-tw""}]",Explicit language-scoped provider card/set ID plus canonical set and collector identity; native name is corroborating only.,,exact_catalogue_record
pokemon|zh-Hant|MULTI|set:21f7abf5ffde9e72|14|unspecified,zh-Hant,MULTI,pokemon|zh-Hant|MULTI|tcgdex:S10a,"{""tcgdex"": ""S10a""}",014,71,"{""tcgdex"": ""S10a-014""}","[{""provider"": ""tcgdex"", ""providerCardId"": ""S10a-014"", ""providerSetId"": ""S10a"", ""serieId"": ""S"", ""serieName"": ""劍＆盾"", ""sourceLanguage"": ""zh-tw""}]",Explicit language-scoped provider card/set ID plus canonical set and collector identity; native name is corroborating only.,,exact_catalogue_record
pokemon|zh-Hant|MULTI|set:21f7abf5ffde9e72|15|unspecified,zh-Hant,MULTI,pokemon|zh-Hant|MULTI|tcgdex:S10a,"{""tcgdex"": ""S10a""}",015,71,"{""tcgdex"": ""S10a-015""}","[{""provider"": ""tcgdex"", ""providerCardId"": ""S10a-015"", ""providerSetId"": ""S10a"", ""serieId"": ""S"", ""serieName"": ""劍＆盾"", ""sourceLanguage"": ""zh-tw""}]",Explicit language-scoped provider card/set ID plus canonical set and collector identity; native name is corroborating only.,,exact_catalogue_record
pokemon|zh-Hant|MULTI|set:21f7abf5ffde9e72|16|unspecified,zh-Hant,MULTI,pokemon|zh-Hant|MULTI|tcgdex:S10a,"{""tcgdex"": ""S10a""}",016,71,"{""tcgdex"": ""S10a-016""}","[{""provider"": ""tcgdex"", ""providerCardId"": ""S10a-016"", ""providerSetId"": ""S10a"", ""serieId"": ""S"", ""serieName"": ""劍＆盾"", ""sourceLanguage"": ""zh-tw""}]",Explicit language-scoped provider card/set ID plus canonical set and collector identity; native name is corroborating only.,,exact_catalogue_record
pokemon|zh-Hant|MULTI|set:21f7abf5ffde9e72|17|unspecified,zh-Hant,MULTI,pokemon|zh-Hant|MULTI|tcgdex:S10a,"{""tcgdex"": ""S10a""}",017,71,"{""tcgdex"": ""S10a-017""}","[{""provider"": ""tcgdex"", ""providerCardId"": ""S10a-017"", ""providerSetId"": ""S10a"", ""serieId"": ""S"", ""serieName"": ""劍＆盾"", ""sourceLanguage"": ""zh-tw""}]",Explicit language-scoped provider card/set ID plus canonical set and collector identity; native name is corroborating only.,,exact_catalogue_record
pokemon|zh-Hant|MULTI|set:21f7abf5ffde9e72|18|unspecified,zh-Hant,MULTI,pokemon|zh-Hant|MULTI|tcgdex:S10a,"{""tcgdex"": ""S10a""}",018,71,"{""tcgdex"": ""S10a-018""}","[{""provider"": ""tcgdex"", ""providerCardId"": ""S10a-018"", ""providerSetId"": ""S10a"", ""serieId"": ""S"", ""serieName"": ""劍＆盾"", ""sourceLanguage"": ""zh-tw""}]",Explicit language-scoped provider card/set ID plus canonical set and collector identity; native name is corroborating only.,,exact_catalogue_record
pokemon|zh-Hant|MULTI|set:55875bde882d6885|1|unspecified,zh-Hant,MULTI,pokemon|zh-Hant|MULTI|tcgdex:SP5,"{""tcgdex"": ""SP5""}",001,0,"{""tcgdex"": ""SP5-001""}","[{""provider"": ""tcgdex"", ""providerCardId"": ""SP5-001"", ""providerSetId"": ""SP5"", ""serieId"": ""S"", ""serieName"": ""劍＆盾"", ""sourceLanguage"": ""zh-tw""}]",Explicit language-scoped provider card/set ID plus canonical set and collector identity; native name is corroborating only.,,exact_catalogue_record
pokemon|zh-Hant|MULTI|set:55875bde882d6885|13|unspecified,zh-Hant,MULTI,pokemon|zh-Hant|MULTI|tcgdex:SP5,"{""tcgdex"": ""SP5""}",013,0,"{""tcgdex"": ""SP5-013""}","[{""provider"": ""tcgdex"", ""providerCardId"": ""SP5-013"", ""providerSetId"": ""SP5"", ""serieId"": ""S"", ""serieName"": ""劍＆盾"", ""sourceLanguage"": ""zh-tw""}]",Explicit language-scoped provider card/set ID plus canonical set and collector identity; native name is corroborating only.,,exact_catalogue_record
pokemon|zh-Hant|MULTI|set:55875bde882d6885|5|unspecified,zh-Hant,MULTI,pokemon|zh-Hant|MULTI|tcgdex:SP5,"{""tcgdex"": ""SP5""}",005,0,"{""tcgdex"": ""SP5-005""}","[{""provider"": ""tcgdex"", ""providerCardId"": ""SP5-005"", ""providerSetId"": ""SP5"", ""serieId"": ""S"", ""serieName"": ""劍＆盾"", ""sourceLanguage"": ""zh-tw""}]",Explicit language-scoped provider card/set ID plus canonical set and collector identity; native name is corroborating only.,,exact_catalogue_record
pokemon|zh-Hant|MULTI|set:55875bde882d6885|9|unspecified,zh-Hant,MULTI,pokemon|zh-Hant|MULTI|tcgdex:SP5,"{""tcgdex"": ""SP5""}",009,0,"{""tcgdex"": ""SP5-009""}","[{""provider"": ""tcgdex"", ""providerCardId"": ""SP5-009"", ""providerSetId"": ""SP5"", ""serieId"": ""S"", ""serieName"": ""劍＆盾"", ""sourceLanguage"": ""zh-tw""}]",Explicit language-scoped provider card/set ID plus canonical set and collector identity; native name is corroborating only.,,exact_catalogue_record
pokemon|zh-Hant|MULTI|set:2528e9509803c774|1|unspecified,zh-Hant,MULTI,pokemon|zh-Hant|MULTI|tcgdex:SV-P,"{""tcgdex"": ""SV-P""}",001,0,"{""tcgdex"": ""SV-P-001""}","[{""provider"": ""tcgdex"", ""providerCardId"": ""SV-P-001"", ""providerSetId"": ""SV-P"", ""serieId"": ""SV"", ""serieName"": ""朱&紫系列"", ""sourceLanguage"": ""zh-tw""}]",Explicit language-scoped provider card/set ID plus canonical set and collector identity; native name is corroborating only.,,exact_catalogue_record
pokemon|zh-Hant|MULTI|set:2528e9509803c774|10|unspecified,zh-Hant,MULTI,pokemon|zh-Hant|MULTI|tcgdex:SV-P,"{""tcgdex"": ""SV-P""}",010,0,"{""tcgdex"": ""SV-P-010""}","[{""provider"": ""tcgdex"", ""providerCardId"": ""SV-P-010"", ""providerSetId"": ""SV-P"", ""serieId"": ""SV"", ""serieName"": ""朱&紫系列"", ""sourceLanguage"": ""zh-tw""}]",Explicit language-scoped provider card/set ID plus canonical set and collector identity; native name is corroborating only.,,exact_catalogue_record
pokemon|zh-Hant|MULTI|set:2528e9509803c774|11|unspecified,zh-Hant,MULTI,pokemon|zh-Hant|MULTI|tcgdex:SV-P,"{""tcgdex"": ""SV-P""}",011,0,"{""tcgdex"": ""SV-P-011""}","[{""provider"": ""tcgdex"", ""providerCardId"": ""SV-P-011"", ""providerSetId"": ""SV-P"", ""serieId"": ""SV"", ""serieName"": ""朱&紫系列"", ""sourceLanguage"": ""zh-tw""}]",Explicit language-scoped provider card/set ID plus canonical set and collector identity; native name is corroborating only.,,exact_catalogue_record
pokemon|zh-Hant|MULTI|set:2528e9509803c774|12|unspecified,zh-Hant,MULTI,pokemon|zh-Hant|MULTI|tcgdex:SV-P,"{""tcgdex"": ""SV-P""}",012,0,"{""tcgdex"": ""SV-P-012""}","[{""provider"": ""tcgdex"", ""providerCardId"": ""SV-P-012"", ""providerSetId"": ""SV-P"", ""serieId"": ""SV"", ""serieName"": ""朱&紫系列"", ""sourceLanguage"": ""zh-tw""}]",Explicit language-scoped provider card/set ID plus canonical set and collector identity; native name is corroborating only.,,exact_catalogue_record
pokemon|zh-Hant|MULTI|set:2528e9509803c774|13|unspecified,zh-Hant,MULTI,pokemon|zh-Hant|MULTI|tcgdex:SV-P,"{""tcgdex"": ""SV-P""}",013,0,"{""tcgdex"": ""SV-P-013""}","[{""provider"": ""tcgdex"", ""providerCardId"": ""SV-P-013"", ""providerSetId"": ""SV-P"", ""serieId"": ""SV"", ""serieName"": ""朱&紫系列"", ""sourceLanguage"": ""zh-tw""}]",Explicit language-scoped provider card/set ID plus canonical set and collector identity; native name is corroborating only.,,exact_catalogue_record
pokemon|zh-Hant|MULTI|set:2528e9509803c774|14|unspecified,zh-Hant,MULTI,pokemon|zh-Hant|MULTI|tcgdex:SV-P,"{""tcgdex"": ""SV-P""}",014,0,"{""tcgdex"": ""SV-P-014""}","[{""provider"": ""tcgdex"", ""providerCardId"": ""SV-P-014"", ""providerSetId"": ""SV-P"", ""serieId"": ""SV"", ""serieName"": ""朱&紫系列"", ""sourceLanguage"": ""zh-tw""}]",Explicit language-scoped provider card/set ID plus canonical set and collector identity; native name is corroborating only.,,exact_catalogue_record
pokemon|zh-Hant|MULTI|set:2528e9509803c774|29|unspecified,zh-Hant,MULTI,pokemon|zh-Hant|MULTI|tcgdex:SV-P,"{""tcgdex"": ""SV-P""}",029,0,"{""tcgdex"": ""SV-P-029""}","[{""provider"": ""tcgdex"", ""providerCardId"": ""SV-P-029"", ""providerSetId"": ""SV-P"", ""serieId"": ""SV"", ""serieName"": ""朱&紫系列"", ""sourceLanguage"": ""zh-tw""}]",Explicit language-scoped provider card/set ID plus canonical set and collector identity; native name is corroborating only.,,exact_catalogue_record
pokemon|zh-Hant|MULTI|set:141ddfcad3342f8b|53|unspecified,zh-Hant,MULTI,pokemon|zh-Hant|MULTI|tcgdex:SV10,"{""tcgdex"": ""SV10""}",053,98,"{""tcgdex"": ""SV10-053""}","[{""provider"": ""tcgdex"", ""providerCardId"": ""SV10-053"", ""providerSetId"": ""SV10"", ""serieId"": ""SV"", ""serieName"": ""朱&紫系列"", ""sourceLanguage"": ""zh-tw""}]",Explicit language-scoped provider card/set ID plus canonical set and collector identity; native name is corroborating only.,,exact_catalogue_record
pokemon|zh-Hant|MULTI|set:bee8163ac2567f81|43|unspecified,zh-Hant,MULTI,pokemon|zh-Hant|MULTI|tcgdex:SC2D,"{""tcgdex"": ""SC2D""}",043,157,"{""tcgdex"": ""SC2D-043""}","[{""provider"": ""tcgdex"", ""providerCardId"": ""SC2D-043"", ""providerSetId"": ""SC2D"", ""serieId"": ""S"", ""serieName"": ""劍＆盾"", ""sourceLanguage"": ""zh-tw""}]",Explicit language-scoped provider card/set ID plus canonical set and collector identity; native name is corroborating only.,,exact_catalogue_record
pokemon|zh-Hant|MULTI|set:dc5a3687c55759a8|29|unspecified,zh-Hant,MULTI,pokemon|zh-Hant|MULTI|tcgdex:SC1b,"{""tcgdex"": ""SC1b""}",029,153,"{""tcgdex"": ""SC1b-029""}","[{""provider"": ""tcgdex"", ""providerCardId"": ""SC1b-029"", ""providerSetId"": ""SC1b"", ""serieId"": ""S"", ""serieName"": ""劍＆盾"", ""sourceLanguage"": ""zh-tw""}]",Explicit language-scoped provider card/set ID plus canonical set and collector identity; native name is corroborating only.,,exact_catalogue_record
pokemon|zh-Hant|MULTI|set:815654bc97153c2e|33|unspecified,zh-Hant,MULTI,pokemon|zh-Hant|MULTI|tcgdex:S4a,"{""tcgdex"": ""S4a""}",033,190,"{""tcgdex"": ""S4a-033""}","[{""provider"": ""tcgdex"", ""providerCardId"": ""S4a-033"", ""providerSetId"": ""S4a"", ""serieId"": ""S"", ""serieName"": ""劍＆盾"", ""sourceLanguage"": ""zh-tw""}]",Explicit language-scoped provider card/set ID plus canonical set and collector identity; native name is corroborating only.,,exact_catalogue_record
pokemon|zh-Hant|MULTI|set:8a1ddd24be485458|64|unspecified,zh-Hant,MULTI,pokemon|zh-Hant|MULTI|tcgdex:SC1a,"{""tcgdex"": ""SC1a""}",064,154,"{""tcgdex"": ""SC1a-064""}","[{""provider"": ""tcgdex"", ""providerCardId"": ""SC1a-064"", ""providerSetId"": ""SC1a"", ""serieId"": ""S"", ""serieName"": ""劍＆盾"", ""sourceLanguage"": ""zh-tw""}]",Explicit language-scoped provider card/set ID plus canonical set and collector identity; native name is corroborating only.,,exact_catalogue_record
pokemon|zh-Hant|MULTI|set:7865c29abbcb398a|3|unspecified,zh-Hant,MULTI,pokemon|zh-Hant|MULTI|tcgdex:SDM,"{""tcgdex"": ""SDM""}",003,22,"{""tcgdex"": ""SDM-003""}","[{""provider"": ""tcgdex"", ""providerCardId"": ""SDM-003"", ""providerSetId"": ""SDM"", ""serieId"": ""S"", ""serieName"": ""劍＆盾"", ""sourceLanguage"": ""zh-tw""}]",Explicit language-scoped provider card/set ID plus canonical set and collector identity; native name is corroborating only.,,exact_catalogue_record
pokemon|zh-Hant|MULTI|set:accc9aec8e55b858|37|unspecified,zh-Hant,MULTI,pokemon|zh-Hant|MULTI|tcgdex:SV4K,"{""tcgdex"": ""SV4K""}",037,66,"{""tcgdex"": ""SV4K-037""}","[{""provider"": ""tcgdex"", ""providerCardId"": ""SV4K-037"", ""providerSetId"": ""SV4K"", ""serieId"": ""SV"", ""serieName"": ""朱&紫系列"", ""sourceLanguage"": ""zh-tw""}]",Explicit language-scoped provider card/set ID plus canonical set and collector identity; native name is corroborating only.,,exact_catalogue_record
pokemon|zh-Hant|MULTI|set:be4f8438d0dabb1f|193|unspecified,zh-Hant,MULTI,pokemon|zh-Hant|MULTI|tcgdex:SI,"{""tcgdex"": ""SI""}",193,414,"{""tcgdex"": ""SI-193""}","[{""provider"": ""tcgdex"", ""providerCardId"": ""SI-193"", ""providerSetId"": ""SI"", ""serieId"": ""S"", ""serieName"": ""劍＆盾"", ""sourceLanguage"": ""zh-tw""}]",Explicit language-scoped provider card/set ID plus canonical set and collector identity; native name is corroborating only.,,exact_catalogue_record
pokemon|zh-Hant|MULTI|set:c73d2c432fe363ab|75|unspecified,zh-Hant,MULTI,pokemon|zh-Hant|MULTI|tcgdex:SC2a,"{""tcgdex"": ""SC2a""}",075,145,"{""tcgdex"": ""SC2a-075""}","[{""provider"": ""tcgdex"", ""providerCardId"": ""SC2a-075"", ""providerSetId"": ""SC2a"", ""serieId"": ""S"", ""serieName"": ""劍＆盾"", ""sourceLanguage"": ""zh-tw""}]",Explicit language-scoped provider card/set ID plus canonical set and collector identity; native name is corroborating only.,,exact_catalogue_record
pokemon|zh-Hant|MULTI|set:42023b85f8e77b50|129|unspecified,zh-Hant,MULTI,pokemon|zh-Hant|MULTI|tcgdex:SV6,"{""tcgdex"": ""SV6""}",129,101,"{""tcgdex"": ""SV6-129""}","[{""provider"": ""tcgdex"", ""providerCardId"": ""SV6-129"", ""providerSetId"": ""SV6"", ""serieId"": ""SV"", ""serieName"": ""朱&紫系列"", ""sourceLanguage"": ""zh-tw""}]",Explicit language-scoped provider card/set ID plus canonical set and collector identity; native name is corroborating only.,,exact_catalogue_record
pokemon|zh-Hant|MULTI|set:e25eb579ea2a4afb|26|unspecified,zh-Hant,MULTI,pokemon|zh-Hant|MULTI|tcgdex:SVD,"{""tcgdex"": ""SVD""}",026,139,"{""tcgdex"": ""SVD-026""}","[{""provider"": ""tcgdex"", ""providerCardId"": ""SVD-026"", ""providerSetId"": ""SVD"", ""serieId"": ""SV"", ""serieName"": ""朱&紫系列"", ""sourceLanguage"": ""zh-tw""}]",Explicit language-scoped provider card/set ID plus canonical set and collector identity; native name is corroborating only.,,exact_catalogue_record
pokemon|zh-Hant|MULTI|set:c848e58a48827a05|117|unspecified,zh-Hant,MULTI,pokemon|zh-Hant|MULTI|tcgdex:SCB,"{""tcgdex"": ""SCB""}",117,156,"{""tcgdex"": ""SCB-117""}","[{""provider"": ""tcgdex"", ""providerCardId"": ""SCB-117"", ""providerSetId"": ""SCB"", ""serieId"": ""S"", ""serieName"": ""劍＆盾"", ""sourceLanguage"": ""zh-tw""}]",Explicit language-scoped provider card/set ID plus canonical set and collector identity; native name is corroborating only.,,exact_catalogue_record
pokemon|zh-Hant|MULTI|set:be4f8438d0dabb1f|349|unspecified,zh-Hant,MULTI,pokemon|zh-Hant|MULTI|tcgdex:SI,"{""tcgdex"": ""SI""}",349,414,"{""tcgdex"": ""SI-349""}","[{""provider"": ""tcgdex"", ""providerCardId"": ""SI-349"", ""providerSetId"": ""SI"", ""serieId"": ""S"", ""serieName"": ""劍＆盾"", ""sourceLanguage"": ""zh-tw""}]",Explicit language-scoped provider card/set ID plus canonical set and collector identity; native name is corroborating only.,,exact_catalogue_record
pokemon|zh-Hant|MULTI|set:30f32f9104aaceb0|211|unspecified,zh-Hant,MULTI,pokemon|zh-Hant|MULTI|tcgdex:SV8a,"{""tcgdex"": ""SV8a""}",211,187,"{""tcgdex"": ""SV8a-211""}","[{""provider"": ""tcgdex"", ""providerCardId"": ""SV8a-211"", ""providerSetId"": ""SV8a"", ""serieId"": ""SV"", ""serieName"": ""朱&紫系列"", ""sourceLanguage"": ""zh-tw""}]",Explicit language-scoped provider card/set ID plus canonical set and collector identity; native name is corroborating only.,,exact_catalogue_record
pokemon|zh-Hant|MULTI|set:106a9e9438865717|52|unspecified,zh-Hant,MULTI,pokemon|zh-Hant|MULTI|tcgdex:SV3a,"{""tcgdex"": ""SV3a""}",052,62,"{""tcgdex"": ""SV3a-052""}","[{""provider"": ""tcgdex"", ""providerCardId"": ""SV3a-052"", ""providerSetId"": ""SV3a"", ""serieId"": ""SV"", ""serieName"": ""朱&紫系列"", ""sourceLanguage"": ""zh-tw""}]",Explicit language-scoped provider card/set ID plus canonical set and collector identity; native name is corroborating only.,,exact_catalogue_record
pokemon|zh-Hant|MULTI|set:d059aba7dd0dbc6c|90|unspecified,zh-Hant,MULTI,pokemon|zh-Hant|MULTI|tcgdex:S8,"{""tcgdex"": ""S8""}",090,100,"{""tcgdex"": ""S8-090""}","[{""provider"": ""tcgdex"", ""providerCardId"": ""S8-090"", ""providerSetId"": ""S8"", ""serieId"": ""S"", ""serieName"": ""劍＆盾"", ""sourceLanguage"": ""zh-tw""}]",Explicit language-scoped provider card/set ID plus canonical set and collector identity; native name is corroborating only.,,exact_catalogue_record
pokemon|zh-Hant|MULTI|set:30f32f9104aaceb0|77|unspecified,zh-Hant,MULTI,pokemon|zh-Hant|MULTI|tcgdex:SV8a,"{""tcgdex"": ""SV8a""}",077,187,"{""tcgdex"": ""SV8a-077""}","[{""provider"": ""tcgdex"", ""providerCardId"": ""SV8a-077"", ""providerSetId"": ""SV8a"", ""serieId"": ""SV"", ""serieName"": ""朱&紫系列"", ""sourceLanguage"": ""zh-tw""}]",Explicit language-scoped provider card/set ID plus canonical set and collector identity; native name is corroborating only.,,exact_catalogue_record
pokemon|zh-Hant|MULTI|set:dc5a3687c55759a8|72|unspecified,zh-Hant,MULTI,pokemon|zh-Hant|MULTI|tcgdex:SC1b,"{""tcgdex"": ""SC1b""}",072,153,"{""tcgdex"": ""SC1b-072""}","[{""provider"": ""tcgdex"", ""providerCardId"": ""SC1b-072"", ""providerSetId"": ""SC1b"", ""serieId"": ""S"", ""serieName"": ""劍＆盾"", ""sourceLanguage"": ""zh-tw""}]",Explicit language-scoped provider card/set ID plus canonical set and collector identity; native name is corroborating only.,,exact_catalogue_record
pokemon|zh-Hant|MULTI|set:c73d2c432fe363ab|48|unspecified,zh-Hant,MULTI,pokemon|zh-Hant|MULTI|tcgdex:SC2a,"{""tcgdex"": ""SC2a""}",048,145,"{""tcgdex"": ""SC2a-048""}","[{""provider"": ""tcgdex"", ""providerCardId"": ""SC2a-048"", ""providerSetId"": ""SC2a"", ""serieId"": ""S"", ""serieName"": ""劍＆盾"", ""sourceLanguage"": ""zh-tw""}]",Explicit language-scoped provider card/set ID plus canonical set and collector identity; native name is corroborating only.,,exact_catalogue_record
pokemon|zh-Hant|MULTI|set:a29a20dd97bf88db|19|unspecified,zh-Hant,MULTI,pokemon|zh-Hant|MULTI|tcgdex:S5R,"{""tcgdex"": ""S5R""}",019,70,"{""tcgdex"": ""S5R-019""}","[{""provider"": ""tcgdex"", ""providerCardId"": ""S5R-019"", ""providerSetId"": ""S5R"", ""serieId"": ""S"", ""serieName"": ""劍＆盾"", ""sourceLanguage"": ""zh-tw""}]",Explicit language-scoped provider card/set ID plus canonical set and collector identity; native name is corroborating only.,,exact_catalogue_record
pokemon|zh-Hant|MULTI|set:106a9e9438865717|12|unspecified,zh-Hant,MULTI,pokemon|zh-Hant|MULTI|tcgdex:SV3a,"{""tcgdex"": ""SV3a""}",012,62,"{""tcgdex"": ""SV3a-012""}","[{""provider"": ""tcgdex"", ""providerCardId"": ""SV3a-012"", ""providerSetId"": ""SV3a"", ""serieId"": ""SV"", ""serieName"": ""朱&紫系列"", ""sourceLanguage"": ""zh-tw""}]",Explicit language-scoped provider card/set ID plus canonical set and collector identity; native name is corroborating only.,,exact_catalogue_record
pokemon|zh-Hant|MULTI|set:c848e58a48827a05|92|unspecified,zh-Hant,MULTI,pokemon|zh-Hant|MULTI|tcgdex:SCB,"{""tcgdex"": ""SCB""}",092,156,"{""tcgdex"": ""SCB-092""}","[{""provider"": ""tcgdex"", ""providerCardId"": ""SCB-092"", ""providerSetId"": ""SCB"", ""serieId"": ""S"", ""serieName"": ""劍＆盾"", ""sourceLanguage"": ""zh-tw""}]",Explicit language-scoped provider card/set ID plus canonical set and collector identity; native name is corroborating only.,,exact_catalogue_record
pokemon|zh-Hant|MULTI|set:78f4f403732d5581|10|unspecified,zh-Hant,MULTI,pokemon|zh-Hant|MULTI|tcgdex:S5I,"{""tcgdex"": ""S5I""}",010,70,"{""tcgdex"": ""S5I-010""}","[{""provider"": ""tcgdex"", ""providerCardId"": ""S5I-010"", ""providerSetId"": ""S5I"", ""serieId"": ""S"", ""serieName"": ""劍＆盾"", ""sourceLanguage"": ""zh-tw""}]",Explicit language-scoped provider card/set ID plus canonical set and collector identity; native name is corroborating only.,,exact_catalogue_record
pokemon|zh-Hant|MULTI|set:815654bc97153c2e|58|unspecified,zh-Hant,MULTI,pokemon|zh-Hant|MULTI|tcgdex:S4a,"{""tcgdex"": ""S4a""}",058,190,"{""tcgdex"": ""S4a-058""}","[{""provider"": ""tcgdex"", ""providerCardId"": ""S4a-058"", ""providerSetId"": ""S4a"", ""serieId"": ""S"", ""serieName"": ""劍＆盾"", ""sourceLanguage"": ""zh-tw""}]",Explicit language-scoped provider card/set ID plus canonical set and collector identity; native name is corroborating only.,,exact_catalogue_record
pokemon|zh-Hant|MULTI|set:14204100707e0c9f|50|unspecified,zh-Hant,MULTI,pokemon|zh-Hant|MULTI|tcgdex:S10D,"{""tcgdex"": ""S10D""}",050,67,"{""tcgdex"": ""S10D-050""}","[{""provider"": ""tcgdex"", ""providerCardId"": ""S10D-050"", ""providerSetId"": ""S10D"", ""serieId"": ""S"", ""serieName"": ""劍＆盾"", ""sourceLanguage"": ""zh-tw""}]",Explicit language-scoped provider card/set ID plus canonical set and collector identity; native name is corroborating only.,,exact_catalogue_record
pokemon|zh-Hant|MULTI|set:3864acf0970a2850|31|unspecified,zh-Hant,MULTI,pokemon|zh-Hant|MULTI|tcgdex:S8b,"{""tcgdex"": ""S8b""}",031,184,"{""tcgdex"": ""S8b-031""}","[{""provider"": ""tcgdex"", ""providerCardId"": ""S8b-031"", ""providerSetId"": ""S8b"", ""serieId"": ""S"", ""serieName"": ""劍＆盾"", ""sourceLanguage"": ""zh-tw""}]",Explicit language-scoped provider card/set ID plus canonical set and collector identity; native name is corroborating only.,,exact_catalogue_record
pokemon|zh-Hant|MULTI|set:4f69851480cf9b88|292|unspecified,zh-Hant,MULTI,pokemon|zh-Hant|MULTI|tcgdex:SV4a,"{""tcgdex"": ""SV4a""}",292,190,"{""tcgdex"": ""SV4a-292""}","[{""provider"": ""tcgdex"", ""providerCardId"": ""SV4a-292"", ""providerSetId"": ""SV4a"", ""serieId"": ""SV"", ""serieName"": ""朱&紫系列"", ""sourceLanguage"": ""zh-tw""}]",Explicit language-scoped provider card/set ID plus canonical set and collector identity; native name is corroborating only.,,exact_catalogue_record
pokemon|zh-Hant|MULTI|set:bc697b200e47e67b|135|unspecified,zh-Hant,MULTI,pokemon|zh-Hant|MULTI|tcgdex:SC1D,"{""tcgdex"": ""SC1D""}",135,164,"{""tcgdex"": ""SC1D-135""}","[{""provider"": ""tcgdex"", ""providerCardId"": ""SC1D-135"", ""providerSetId"": ""SC1D"", ""serieId"": ""S"", ""serieName"": ""劍＆盾"", ""sourceLanguage"": ""zh-tw""}]",Explicit language-scoped provider card/set ID plus canonical set and collector identity; native name is corroborating only.,,exact_catalogue_record
pokemon|zh-Hant|MULTI|set:8a1ddd24be485458|61|unspecified,zh-Hant,MULTI,pokemon|zh-Hant|MULTI|tcgdex:SC1a,"{""tcgdex"": ""SC1a""}",061,154,"{""tcgdex"": ""SC1a-061""}","[{""provider"": ""tcgdex"", ""providerCardId"": ""SC1a-061"", ""providerSetId"": ""SC1a"", ""serieId"": ""S"", ""serieName"": ""劍＆盾"", ""sourceLanguage"": ""zh-tw""}]",Explicit language-scoped provider card/set ID plus canonical set and collector identity; native name is corroborating only.,,exact_catalogue_record
pokemon|zh-Hant|MULTI|set:4f69851480cf9b88|17|unspecified,zh-Hant,MULTI,pokemon|zh-Hant|MULTI|tcgdex:SV4a,"{""tcgdex"": ""SV4a""}",017,190,"{""tcgdex"": ""SV4a-017""}","[{""provider"": ""tcgdex"", ""providerCardId"": ""SV4a-017"", ""providerSetId"": ""SV4a"", ""serieId"": ""SV"", ""serieName"": ""朱&紫系列"", ""sourceLanguage"": ""zh-tw""}]",Explicit language-scoped provider card/set ID plus canonical set and collector identity; native name is corroborating only.,,exact_catalogue_record
pokemon|zh-Hant|MULTI|set:c73d2c432fe363ab|109|unspecified,zh-Hant,MULTI,pokemon|zh-Hant|MULTI|tcgdex:SC2a,"{""tcgdex"": ""SC2a""}",109,145,"{""tcgdex"": ""SC2a-109""}","[{""provider"": ""tcgdex"", ""providerCardId"": ""SC2a-109"", ""providerSetId"": ""SC2a"", ""serieId"": ""S"", ""serieName"": ""劍＆盾"", ""sourceLanguage"": ""zh-tw""}]",Explicit language-scoped provider card/set ID plus canonical set and collector identity; native name is corroborating only.,,exact_catalogue_record
pokemon|zh-Hant|MULTI|set:2fd61c117c7c4c36|45|unspecified,zh-Hant,MULTI,pokemon|zh-Hant|MULTI|tcgdex:SH,"{""tcgdex"": ""SH""}",045,38,"{""tcgdex"": ""SH-045""}","[{""provider"": ""tcgdex"", ""providerCardId"": ""SH-045"", ""providerSetId"": ""SH"", ""serieId"": ""S"", ""serieName"": ""劍＆盾"", ""sourceLanguage"": ""zh-tw""}]",Explicit language-scoped provider card/set ID plus canonical set and collector identity; native name is corroborating only.,,exact_catalogue_record
pokemon|zh-Hant|MULTI|set:be4f8438d0dabb1f|39|unspecified,zh-Hant,MULTI,pokemon|zh-Hant|MULTI|tcgdex:SI,"{""tcgdex"": ""SI""}",039,414,"{""tcgdex"": ""SI-039""}","[{""provider"": ""tcgdex"", ""providerCardId"": ""SI-039"", ""providerSetId"": ""SI"", ""serieId"": ""S"", ""serieName"": ""劍＆盾"", ""sourceLanguage"": ""zh-tw""}]",Explicit language-scoped provider card/set ID plus canonical set and collector identity; native name is corroborating only.,,exact_catalogue_record
pokemon|zh-Hant|MULTI|set:14204100707e0c9f|59|unspecified,zh-Hant,MULTI,pokemon|zh-Hant|MULTI|tcgdex:S10D,"{""tcgdex"": ""S10D""}",059,67,"{""tcgdex"": ""S10D-059""}","[{""provider"": ""tcgdex"", ""providerCardId"": ""S10D-059"", ""providerSetId"": ""S10D"", ""serieId"": ""S"", ""serieName"": ""劍＆盾"", ""sourceLanguage"": ""zh-tw""}]",Explicit language-scoped provider card/set ID plus canonical set and collector identity; native name is corroborating only.,,exact_catalogue_record
pokemon|zh-Hans|CN|set:798e3f116ec2c896|10|unspecified,zh-Hans,CN,pokemon|zh-Hans|CN|tcgdex:CSMPiC,"{""tcgdex"": ""CSMPiC""}",010,24,"{""tcgdex"": ""CSMPiC-010""}","[{""provider"": ""tcgdex"", ""providerCardId"": ""CSMPiC-010"", ""providerSetId"": ""CSMPiC"", ""serieId"": ""SM"", ""serieName"": ""太阳&月亮"", ""sourceLanguage"": ""zh-cn""}]",Explicit language-scoped provider card/set ID plus canonical set and collector identity; native name is corroborating only.,,exact_catalogue_record
pokemon|zh-Hans|CN|set:798e3f116ec2c896|11|unspecified,zh-Hans,CN,pokemon|zh-Hans|CN|tcgdex:CSMPiC,"{""tcgdex"": ""CSMPiC""}",011,24,"{""tcgdex"": ""CSMPiC-011""}","[{""provider"": ""tcgdex"", ""providerCardId"": ""CSMPiC-011"", ""providerSetId"": ""CSMPiC"", ""serieId"": ""SM"", ""serieName"": ""太阳&月亮"", ""sourceLanguage"": ""zh-cn""}]",Explicit language-scoped provider card/set ID plus canonical set and collector identity; native name is corroborating only.,,exact_catalogue_record
pokemon|zh-Hans|CN|set:798e3f116ec2c896|12|unspecified,zh-Hans,CN,pokemon|zh-Hans|CN|tcgdex:CSMPiC,"{""tcgdex"": ""CSMPiC""}",012,24,"{""tcgdex"": ""CSMPiC-012""}","[{""provider"": ""tcgdex"", ""providerCardId"": ""CSMPiC-012"", ""providerSetId"": ""CSMPiC"", ""serieId"": ""SM"", ""serieName"": ""太阳&月亮"", ""sourceLanguage"": ""zh-cn""}]",Explicit language-scoped provider card/set ID plus canonical set and collector identity; native name is corroborating only.,,exact_catalogue_record
pokemon|zh-Hans|CN|set:798e3f116ec2c896|13|unspecified,zh-Hans,CN,pokemon|zh-Hans|CN|tcgdex:CSMPiC,"{""tcgdex"": ""CSMPiC""}",013,24,"{""tcgdex"": ""CSMPiC-013""}","[{""provider"": ""tcgdex"", ""providerCardId"": ""CSMPiC-013"", ""providerSetId"": ""CSMPiC"", ""serieId"": ""SM"", ""serieName"": ""太阳&月亮"", ""sourceLanguage"": ""zh-cn""}]",Explicit language-scoped provider card/set ID plus canonical set and collector identity; native name is corroborating only.,,exact_catalogue_record
pokemon|zh-Hans|CN|set:798e3f116ec2c896|14|unspecified,zh-Hans,CN,pokemon|zh-Hans|CN|tcgdex:CSMPiC,"{""tcgdex"": ""CSMPiC""}",014,24,"{""tcgdex"": ""CSMPiC-014""}","[{""provider"": ""tcgdex"", ""providerCardId"": ""CSMPiC-014"", ""providerSetId"": ""CSMPiC"", ""serieId"": ""SM"", ""serieName"": ""太阳&月亮"", ""sourceLanguage"": ""zh-cn""}]",Explicit language-scoped provider card/set ID plus canonical set and collector identity; native name is corroborating only.,,exact_catalogue_record
pokemon|zh-Hans|CN|set:798e3f116ec2c896|15|unspecified,zh-Hans,CN,pokemon|zh-Hans|CN|tcgdex:CSMPiC,"{""tcgdex"": ""CSMPiC""}",015,24,"{""tcgdex"": ""CSMPiC-015""}","[{""provider"": ""tcgdex"", ""providerCardId"": ""CSMPiC-015"", ""providerSetId"": ""CSMPiC"", ""serieId"": ""SM"", ""serieName"": ""太阳&月亮"", ""sourceLanguage"": ""zh-cn""}]",Explicit language-scoped provider card/set ID plus canonical set and collector identity; native name is corroborating only.,,exact_catalogue_record
pokemon|zh-Hans|CN|set:798e3f116ec2c896|16|unspecified,zh-Hans,CN,pokemon|zh-Hans|CN|tcgdex:CSMPiC,"{""tcgdex"": ""CSMPiC""}",016,24,"{""tcgdex"": ""CSMPiC-016""}","[{""provider"": ""tcgdex"", ""providerCardId"": ""CSMPiC-016"", ""providerSetId"": ""CSMPiC"", ""serieId"": ""SM"", ""serieName"": ""太阳&月亮"", ""sourceLanguage"": ""zh-cn""}]",Explicit language-scoped provider card/set ID plus canonical set and collector identity; native name is corroborating only.,,exact_catalogue_record
pokemon|zh-Hans|CN|set:798e3f116ec2c896|17|unspecified,zh-Hans,CN,pokemon|zh-Hans|CN|tcgdex:CSMPiC,"{""tcgdex"": ""CSMPiC""}",017,24,"{""tcgdex"": ""CSMPiC-017""}","[{""provider"": ""tcgdex"", ""providerCardId"": ""CSMPiC-017"", ""providerSetId"": ""CSMPiC"", ""serieId"": ""SM"", ""serieName"": ""太阳&月亮"", ""sourceLanguage"": ""zh-cn""}]",Explicit language-scoped provider card/set ID plus canonical set and collector identity; native name is corroborating only.,,exact_catalogue_record
pokemon|zh-Hans|CN|set:798e3f116ec2c896|18|unspecified,zh-Hans,CN,pokemon|zh-Hans|CN|tcgdex:CSMPiC,"{""tcgdex"": ""CSMPiC""}",018,24,"{""tcgdex"": ""CSMPiC-018""}","[{""provider"": ""tcgdex"", ""providerCardId"": ""CSMPiC-018"", ""providerSetId"": ""CSMPiC"", ""serieId"": ""SM"", ""serieName"": ""太阳&月亮"", ""sourceLanguage"": ""zh-cn""}]",Explicit language-scoped provider card/set ID plus canonical set and collector identity; native name is corroborating only.,,exact_catalogue_record
pokemon|zh-Hans|CN|set:798e3f116ec2c896|19|unspecified,zh-Hans,CN,pokemon|zh-Hans|CN|tcgdex:CSMPiC,"{""tcgdex"": ""CSMPiC""}",019,24,"{""tcgdex"": ""CSMPiC-019""}","[{""provider"": ""tcgdex"", ""providerCardId"": ""CSMPiC-019"", ""providerSetId"": ""CSMPiC"", ""serieId"": ""SM"", ""serieName"": ""太阳&月亮"", ""sourceLanguage"": ""zh-cn""}]",Explicit language-scoped provider card/set ID plus canonical set and collector identity; native name is corroborating only.,,exact_catalogue_record
pokemon|zh-Hans|CN|set:798e3f116ec2c896|1|unspecified,zh-Hans,CN,pokemon|zh-Hans|CN|tcgdex:CSMPiC,"{""tcgdex"": ""CSMPiC""}",001,24,"{""tcgdex"": ""CSMPiC-001""}","[{""provider"": ""tcgdex"", ""providerCardId"": ""CSMPiC-001"", ""providerSetId"": ""CSMPiC"", ""serieId"": ""SM"", ""serieName"": ""太阳&月亮"", ""sourceLanguage"": ""zh-cn""}]",Explicit language-scoped provider card/set ID plus canonical set and collector identity; native name is corroborating only.,,exact_catalogue_record
pokemon|zh-Hans|CN|set:798e3f116ec2c896|20|unspecified,zh-Hans,CN,pokemon|zh-Hans|CN|tcgdex:CSMPiC,"{""tcgdex"": ""CSMPiC""}",020,24,"{""tcgdex"": ""CSMPiC-020""}","[{""provider"": ""tcgdex"", ""providerCardId"": ""CSMPiC-020"", ""providerSetId"": ""CSMPiC"", ""serieId"": ""SM"", ""serieName"": ""太阳&月亮"", ""sourceLanguage"": ""zh-cn""}]",Explicit language-scoped provider card/set ID plus canonical set and collector identity; native name is corroborating only.,,exact_catalogue_record
pokemon|zh-Hans|CN|set:798e3f116ec2c896|21|unspecified,zh-Hans,CN,pokemon|zh-Hans|CN|tcgdex:CSMPiC,"{""tcgdex"": ""CSMPiC""}",021,24,"{""tcgdex"": ""CSMPiC-021""}","[{""provider"": ""tcgdex"", ""providerCardId"": ""CSMPiC-021"", ""providerSetId"": ""CSMPiC"", ""serieId"": ""SM"", ""serieName"": ""太阳&月亮"", ""sourceLanguage"": ""zh-cn""}]",Explicit language-scoped provider card/set ID plus canonical set and collector identity; native name is corroborating only.,,exact_catalogue_record
pokemon|zh-Hans|CN|set:798e3f116ec2c896|22|unspecified,zh-Hans,CN,pokemon|zh-Hans|CN|tcgdex:CSMPiC,"{""tcgdex"": ""CSMPiC""}",022,24,"{""tcgdex"": ""CSMPiC-022""}","[{""provider"": ""tcgdex"", ""providerCardId"": ""CSMPiC-022"", ""providerSetId"": ""CSMPiC"", ""serieId"": ""SM"", ""serieName"": ""太阳&月亮"", ""sourceLanguage"": ""zh-cn""}]",Explicit language-scoped provider card/set ID plus canonical set and collector identity; native name is corroborating only.,,exact_catalogue_record
pokemon|zh-Hans|CN|set:798e3f116ec2c896|23|unspecified,zh-Hans,CN,pokemon|zh-Hans|CN|tcgdex:CSMPiC,"{""tcgdex"": ""CSMPiC""}",023,24,"{""tcgdex"": ""CSMPiC-023""}","[{""provider"": ""tcgdex"", ""providerCardId"": ""CSMPiC-023"", ""providerSetId"": ""CSMPiC"", ""serieId"": ""SM"", ""serieName"": ""太阳&月亮"", ""sourceLanguage"": ""zh-cn""}]",Explicit language-scoped provider card/set ID plus canonical set and collector identity; native name is corroborating only.,,exact_catalogue_record
pokemon|zh-Hans|CN|set:088684c6293540f4|9|unspecified,zh-Hans,CN,pokemon|zh-Hans|CN|tcgdex:SV10,"{""tcgdex"": ""SV10""}",009,98,"{""tcgdex"": ""SV10-009""}","[{""provider"": ""tcgdex"", ""providerCardId"": ""SV10-009"", ""providerSetId"": ""SV10"", ""serieId"": ""SV"", ""serieName"": ""朱&紫"", ""sourceLanguage"": ""zh-cn""}]",Explicit language-scoped provider card/set ID plus canonical set and collector identity; native name is corroborating only.,,exact_catalogue_record
pokemon|zh-Hans|CN|set:088684c6293540f4|98|unspecified,zh-Hans,CN,pokemon|zh-Hans|CN|tcgdex:SV10,"{""tcgdex"": ""SV10""}",098,98,"{""tcgdex"": ""SV10-098""}","[{""provider"": ""tcgdex"", ""providerCardId"": ""SV10-098"", ""providerSetId"": ""SV10"", ""serieId"": ""SV"", ""serieName"": ""朱&紫"", ""sourceLanguage"": ""zh-cn""}]",Explicit language-scoped provider card/set ID plus canonical set and collector identity; native name is corroborating only.,,exact_catalogue_record
pokemon|zh-Hans|CN|set:088684c6293540f4|97|unspecified,zh-Hans,CN,pokemon|zh-Hans|CN|tcgdex:SV10,"{""tcgdex"": ""SV10""}",097,98,"{""tcgdex"": ""SV10-097""}","[{""provider"": ""tcgdex"", ""providerCardId"": ""SV10-097"", ""providerSetId"": ""SV10"", ""serieId"": ""SV"", ""serieName"": ""朱&紫"", ""sourceLanguage"": ""zh-cn""}]",Explicit language-scoped provider card/set ID plus canonical set and collector identity; native name is corroborating only.,,exact_catalogue_record
pokemon|zh-Hans|CN|set:088684c6293540f4|96|unspecified,zh-Hans,CN,pokemon|zh-Hans|CN|tcgdex:SV10,"{""tcgdex"": ""SV10""}",096,98,"{""tcgdex"": ""SV10-096""}","[{""provider"": ""tcgdex"", ""providerCardId"": ""SV10-096"", ""providerSetId"": ""SV10"", ""serieId"": ""SV"", ""serieName"": ""朱&紫"", ""sourceLanguage"": ""zh-cn""}]",Explicit language-scoped provider card/set ID plus canonical set and collector identity; native name is corroborating only.,,exact_catalogue_record
pokemon|zh-Hans|CN|set:088684c6293540f4|95|unspecified,zh-Hans,CN,pokemon|zh-Hans|CN|tcgdex:SV10,"{""tcgdex"": ""SV10""}",095,98,"{""tcgdex"": ""SV10-095""}","[{""provider"": ""tcgdex"", ""providerCardId"": ""SV10-095"", ""providerSetId"": ""SV10"", ""serieId"": ""SV"", ""serieName"": ""朱&紫"", ""sourceLanguage"": ""zh-cn""}]",Explicit language-scoped provider card/set ID plus canonical set and collector identity; native name is corroborating only.,,exact_catalogue_record
pokemon|zh-Hans|CN|set:088684c6293540f4|94|unspecified,zh-Hans,CN,pokemon|zh-Hans|CN|tcgdex:SV10,"{""tcgdex"": ""SV10""}",094,98,"{""tcgdex"": ""SV10-094""}","[{""provider"": ""tcgdex"", ""providerCardId"": ""SV10-094"", ""providerSetId"": ""SV10"", ""serieId"": ""SV"", ""serieName"": ""朱&紫"", ""sourceLanguage"": ""zh-cn""}]",Explicit language-scoped provider card/set ID plus canonical set and collector identity; native name is corroborating only.,,exact_catalogue_record
pokemon|zh-Hans|CN|set:088684c6293540f4|93|unspecified,zh-Hans,CN,pokemon|zh-Hans|CN|tcgdex:SV10,"{""tcgdex"": ""SV10""}",093,98,"{""tcgdex"": ""SV10-093""}","[{""provider"": ""tcgdex"", ""providerCardId"": ""SV10-093"", ""providerSetId"": ""SV10"", ""serieId"": ""SV"", ""serieName"": ""朱&紫"", ""sourceLanguage"": ""zh-cn""}]",Explicit language-scoped provider card/set ID plus canonical set and collector identity; native name is corroborating only.,,exact_catalogue_record
pokemon|zh-Hans|CN|set:088684c6293540f4|92|unspecified,zh-Hans,CN,pokemon|zh-Hans|CN|tcgdex:SV10,"{""tcgdex"": ""SV10""}",092,98,"{""tcgdex"": ""SV10-092""}","[{""provider"": ""tcgdex"", ""providerCardId"": ""SV10-092"", ""providerSetId"": ""SV10"", ""serieId"": ""SV"", ""serieName"": ""朱&紫"", ""sourceLanguage"": ""zh-cn""}]",Explicit language-scoped provider card/set ID plus canonical set and collector identity; native name is corroborating only.,,exact_catalogue_record
pokemon|zh-Hans|CN|set:088684c6293540f4|91|unspecified,zh-Hans,CN,pokemon|zh-Hans|CN|tcgdex:SV10,"{""tcgdex"": ""SV10""}",091,98,"{""tcgdex"": ""SV10-091""}","[{""provider"": ""tcgdex"", ""providerCardId"": ""SV10-091"", ""providerSetId"": ""SV10"", ""serieId"": ""SV"", ""serieName"": ""朱&紫"", ""sourceLanguage"": ""zh-cn""}]",Explicit language-scoped provider card/set ID plus canonical set and collector identity; native name is corroborating only.,,exact_catalogue_record
pokemon|zh-Hans|CN|set:088684c6293540f4|90|unspecified,zh-Hans,CN,pokemon|zh-Hans|CN|tcgdex:SV10,"{""tcgdex"": ""SV10""}",090,98,"{""tcgdex"": ""SV10-090""}","[{""provider"": ""tcgdex"", ""providerCardId"": ""SV10-090"", ""providerSetId"": ""SV10"", ""serieId"": ""SV"", ""serieName"": ""朱&紫"", ""sourceLanguage"": ""zh-cn""}]",Explicit language-scoped provider card/set ID plus canonical set and collector identity; native name is corroborating only.,,exact_catalogue_record
pokemon|zh-Hans|CN|set:088684c6293540f4|8|unspecified,zh-Hans,CN,pokemon|zh-Hans|CN|tcgdex:SV10,"{""tcgdex"": ""SV10""}",008,98,"{""tcgdex"": ""SV10-008""}","[{""provider"": ""tcgdex"", ""providerCardId"": ""SV10-008"", ""providerSetId"": ""SV10"", ""serieId"": ""SV"", ""serieName"": ""朱&紫"", ""sourceLanguage"": ""zh-cn""}]",Explicit language-scoped provider card/set ID plus canonical set and collector identity; native name is corroborating only.,,exact_catalogue_record
pokemon|zh-Hans|CN|set:088684c6293540f4|89|unspecified,zh-Hans,CN,pokemon|zh-Hans|CN|tcgdex:SV10,"{""tcgdex"": ""SV10""}",089,98,"{""tcgdex"": ""SV10-089""}","[{""provider"": ""tcgdex"", ""providerCardId"": ""SV10-089"", ""providerSetId"": ""SV10"", ""serieId"": ""SV"", ""serieName"": ""朱&紫"", ""sourceLanguage"": ""zh-cn""}]",Explicit language-scoped provider card/set ID plus canonical set and collector identity; native name is corroborating only.,,exact_catalogue_record
pokemon|zh-Hans|CN|set:088684c6293540f4|88|unspecified,zh-Hans,CN,pokemon|zh-Hans|CN|tcgdex:SV10,"{""tcgdex"": ""SV10""}",088,98,"{""tcgdex"": ""SV10-088""}","[{""provider"": ""tcgdex"", ""providerCardId"": ""SV10-088"", ""providerSetId"": ""SV10"", ""serieId"": ""SV"", ""serieName"": ""朱&紫"", ""sourceLanguage"": ""zh-cn""}]",Explicit language-scoped provider card/set ID plus canonical set and collector identity; native name is corroborating only.,,exact_catalogue_record
pokemon|zh-Hans|CN|set:088684c6293540f4|87|unspecified,zh-Hans,CN,pokemon|zh-Hans|CN|tcgdex:SV10,"{""tcgdex"": ""SV10""}",087,98,"{""tcgdex"": ""SV10-087""}","[{""provider"": ""tcgdex"", ""providerCardId"": ""SV10-087"", ""providerSetId"": ""SV10"", ""serieId"": ""SV"", ""serieName"": ""朱&紫"", ""sourceLanguage"": ""zh-cn""}]",Explicit language-scoped provider card/set ID plus canonical set and collector identity; native name is corroborating only.,,exact_catalogue_record
pokemon|zh-Hans|CN|set:088684c6293540f4|86|unspecified,zh-Hans,CN,pokemon|zh-Hans|CN|tcgdex:SV10,"{""tcgdex"": ""SV10""}",086,98,"{""tcgdex"": ""SV10-086""}","[{""provider"": ""tcgdex"", ""providerCardId"": ""SV10-086"", ""providerSetId"": ""SV10"", ""serieId"": ""SV"", ""serieName"": ""朱&紫"", ""sourceLanguage"": ""zh-cn""}]",Explicit language-scoped provider card/set ID plus canonical set and collector identity; native name is corroborating only.,,exact_catalogue_record
pokemon|zh-Hans|CN|set:798e3f116ec2c896|2|unspecified,zh-Hans,CN,pokemon|zh-Hans|CN|tcgdex:CSMPiC,"{""tcgdex"": ""CSMPiC""}",002,24,"{""tcgdex"": ""CSMPiC-002""}","[{""provider"": ""tcgdex"", ""providerCardId"": ""CSMPiC-002"", ""providerSetId"": ""CSMPiC"", ""serieId"": ""SM"", ""serieName"": ""太阳&月亮"", ""sourceLanguage"": ""zh-cn""}]",Explicit language-scoped provider card/set ID plus canonical set and collector identity; native name is corroborating only.,,exact_catalogue_record
pokemon|zh-Hans|CN|set:798e3f116ec2c896|24|unspecified,zh-Hans,CN,pokemon|zh-Hans|CN|tcgdex:CSMPiC,"{""tcgdex"": ""CSMPiC""}",024,24,"{""tcgdex"": ""CSMPiC-024""}","[{""provider"": ""tcgdex"", ""providerCardId"": ""CSMPiC-024"", ""providerSetId"": ""CSMPiC"", ""serieId"": ""SM"", ""serieName"": ""太阳&月亮"", ""sourceLanguage"": ""zh-cn""}]",Explicit language-scoped provider card/set ID plus canonical set and collector identity; native name is corroborating only.,,exact_catalogue_record
pokemon|zh-Hans|CN|set:798e3f116ec2c896|25|unspecified,zh-Hans,CN,pokemon|zh-Hans|CN|tcgdex:CSMPiC,"{""tcgdex"": ""CSMPiC""}",025,24,"{""tcgdex"": ""CSMPiC-025""}","[{""provider"": ""tcgdex"", ""providerCardId"": ""CSMPiC-025"", ""providerSetId"": ""CSMPiC"", ""serieId"": ""SM"", ""serieName"": ""太阳&月亮"", ""sourceLanguage"": ""zh-cn""}]",Explicit language-scoped provider card/set ID plus canonical set and collector identity; native name is corroborating only.,,exact_catalogue_record
pokemon|zh-Hans|CN|set:798e3f116ec2c896|26|unspecified,zh-Hans,CN,pokemon|zh-Hans|CN|tcgdex:CSMPiC,"{""tcgdex"": ""CSMPiC""}",026,24,"{""tcgdex"": ""CSMPiC-026""}","[{""provider"": ""tcgdex"", ""providerCardId"": ""CSMPiC-026"", ""providerSetId"": ""CSMPiC"", ""serieId"": ""SM"", ""serieName"": ""太阳&月亮"", ""sourceLanguage"": ""zh-cn""}]",Explicit language-scoped provider card/set ID plus canonical set and collector identity; native name is corroborating only.,,exact_catalogue_record
pokemon|zh-Hans|CN|set:798e3f116ec2c896|27|unspecified,zh-Hans,CN,pokemon|zh-Hans|CN|tcgdex:CSMPiC,"{""tcgdex"": ""CSMPiC""}",027,24,"{""tcgdex"": ""CSMPiC-027""}","[{""provider"": ""tcgdex"", ""providerCardId"": ""CSMPiC-027"", ""providerSetId"": ""CSMPiC"", ""serieId"": ""SM"", ""serieName"": ""太阳&月亮"", ""sourceLanguage"": ""zh-cn""}]",Explicit language-scoped provider card/set ID plus canonical set and collector identity; native name is corroborating only.,,exact_catalogue_record
pokemon|zh-Hans|CN|set:798e3f116ec2c896|28|unspecified,zh-Hans,CN,pokemon|zh-Hans|CN|tcgdex:CSMPiC,"{""tcgdex"": ""CSMPiC""}",028,24,"{""tcgdex"": ""CSMPiC-028""}","[{""provider"": ""tcgdex"", ""providerCardId"": ""CSMPiC-028"", ""providerSetId"": ""CSMPiC"", ""serieId"": ""SM"", ""serieName"": ""太阳&月亮"", ""sourceLanguage"": ""zh-cn""}]",Explicit language-scoped provider card/set ID plus canonical set and collector identity; native name is corroborating only.,,exact_catalogue_record
pokemon|zh-Hans|CN|set:798e3f116ec2c896|29|unspecified,zh-Hans,CN,pokemon|zh-Hans|CN|tcgdex:CSMPiC,"{""tcgdex"": ""CSMPiC""}",029,24,"{""tcgdex"": ""CSMPiC-029""}","[{""provider"": ""tcgdex"", ""providerCardId"": ""CSMPiC-029"", ""providerSetId"": ""CSMPiC"", ""serieId"": ""SM"", ""serieName"": ""太阳&月亮"", ""sourceLanguage"": ""zh-cn""}]",Explicit language-scoped provider card/set ID plus canonical set and collector identity; native name is corroborating only.,,exact_catalogue_record
pokemon|zh-Hans|CN|set:798e3f116ec2c896|3|unspecified,zh-Hans,CN,pokemon|zh-Hans|CN|tcgdex:CSMPiC,"{""tcgdex"": ""CSMPiC""}",003,24,"{""tcgdex"": ""CSMPiC-003""}","[{""provider"": ""tcgdex"", ""providerCardId"": ""CSMPiC-003"", ""providerSetId"": ""CSMPiC"", ""serieId"": ""SM"", ""serieName"": ""太阳&月亮"", ""sourceLanguage"": ""zh-cn""}]",Explicit language-scoped provider card/set ID plus canonical set and collector identity; native name is corroborating only.,,exact_catalogue_record
pokemon|zh-Hans|CN|set:798e3f116ec2c896|30|unspecified,zh-Hans,CN,pokemon|zh-Hans|CN|tcgdex:CSMPiC,"{""tcgdex"": ""CSMPiC""}",030,24,"{""tcgdex"": ""CSMPiC-030""}","[{""provider"": ""tcgdex"", ""providerCardId"": ""CSMPiC-030"", ""providerSetId"": ""CSMPiC"", ""serieId"": ""SM"", ""serieName"": ""太阳&月亮"", ""sourceLanguage"": ""zh-cn""}]",Explicit language-scoped provider card/set ID plus canonical set and collector identity; native name is corroborating only.,,exact_catalogue_record
pokemon|zh-Hans|CN|set:798e3f116ec2c896|31|unspecified,zh-Hans,CN,pokemon|zh-Hans|CN|tcgdex:CSMPiC,"{""tcgdex"": ""CSMPiC""}",031,24,"{""tcgdex"": ""CSMPiC-031""}","[{""provider"": ""tcgdex"", ""providerCardId"": ""CSMPiC-031"", ""providerSetId"": ""CSMPiC"", ""serieId"": ""SM"", ""serieName"": ""太阳&月亮"", ""sourceLanguage"": ""zh-cn""}]",Explicit language-scoped provider card/set ID plus canonical set and collector identity; native name is corroborating only.,,exact_catalogue_record
pokemon|zh-Hans|CN|set:a9d79abbef182c93|54|unspecified,zh-Hans,CN,pokemon|zh-Hans|CN|tcgdex:SV8,"{""tcgdex"": ""SV8""}",054,106,"{""tcgdex"": ""SV8-054""}","[{""provider"": ""tcgdex"", ""providerCardId"": ""SV8-054"", ""providerSetId"": ""SV8"", ""serieId"": ""SV"", ""serieName"": ""朱&紫"", ""sourceLanguage"": ""zh-cn""}]",Explicit language-scoped provider card/set ID plus canonical set and collector identity; native name is corroborating only.,,exact_catalogue_record
pokemon|zh-Hans|CN|set:6d2021006f0f7162|28|unspecified,zh-Hans,CN,pokemon|zh-Hans|CN|tcgdex:SV7a,"{""tcgdex"": ""SV7a""}",028,64,"{""tcgdex"": ""SV7a-028""}","[{""provider"": ""tcgdex"", ""providerCardId"": ""SV7a-028"", ""providerSetId"": ""SV7a"", ""serieId"": ""SV"", ""serieName"": ""朱&紫"", ""sourceLanguage"": ""zh-cn""}]",Explicit language-scoped provider card/set ID plus canonical set and collector identity; native name is corroborating only.,,exact_catalogue_record
pokemon|zh-Hans|CN|set:6d2021006f0f7162|60|unspecified,zh-Hans,CN,pokemon|zh-Hans|CN|tcgdex:SV7a,"{""tcgdex"": ""SV7a""}",060,64,"{""tcgdex"": ""SV7a-060""}","[{""provider"": ""tcgdex"", ""providerCardId"": ""SV7a-060"", ""providerSetId"": ""SV7a"", ""serieId"": ""SV"", ""serieName"": ""朱&紫"", ""sourceLanguage"": ""zh-cn""}]",Explicit language-scoped provider card/set ID plus canonical set and collector identity; native name is corroborating only.,,exact_catalogue_record
pokemon|zh-Hans|CN|set:f043ef0c06c0d94a|13|unspecified,zh-Hans,CN,pokemon|zh-Hans|CN|tcgdex:SV9,"{""tcgdex"": ""SV9""}",013,100,"{""tcgdex"": ""SV9-013""}","[{""provider"": ""tcgdex"", ""providerCardId"": ""SV9-013"", ""providerSetId"": ""SV9"", ""serieId"": ""SV"", ""serieName"": ""朱&紫"", ""sourceLanguage"": ""zh-cn""}]",Explicit language-scoped provider card/set ID plus canonical set and collector identity; native name is corroborating only.,,exact_catalogue_record
pokemon|zh-Hans|CN|set:088684c6293540f4|64|unspecified,zh-Hans,CN,pokemon|zh-Hans|CN|tcgdex:SV10,"{""tcgdex"": ""SV10""}",064,98,"{""tcgdex"": ""SV10-064""}","[{""provider"": ""tcgdex"", ""providerCardId"": ""SV10-064"", ""providerSetId"": ""SV10"", ""serieId"": ""SV"", ""serieName"": ""朱&紫"", ""sourceLanguage"": ""zh-cn""}]",Explicit language-scoped provider card/set ID plus canonical set and collector identity; native name is corroborating only.,,exact_catalogue_record
pokemon|zh-Hans|CN|set:b87702ff6e9d808a|19|unspecified,zh-Hans,CN,pokemon|zh-Hans|CN|tcgdex:SV8a,"{""tcgdex"": ""SV8a""}",019,187,"{""tcgdex"": ""SV8a-019""}","[{""provider"": ""tcgdex"", ""providerCardId"": ""SV8a-019"", ""providerSetId"": ""SV8a"", ""serieId"": ""SV"", ""serieName"": ""朱&紫"", ""sourceLanguage"": ""zh-cn""}]",Explicit language-scoped provider card/set ID plus canonical set and collector identity; native name is corroborating only.,,exact_catalogue_record
pokemon|zh-Hans|CN|set:f043ef0c06c0d94a|72|unspecified,zh-Hans,CN,pokemon|zh-Hans|CN|tcgdex:SV9,"{""tcgdex"": ""SV9""}",072,100,"{""tcgdex"": ""SV9-072""}","[{""provider"": ""tcgdex"", ""providerCardId"": ""SV9-072"", ""providerSetId"": ""SV9"", ""serieId"": ""SV"", ""serieName"": ""朱&紫"", ""sourceLanguage"": ""zh-cn""}]",Explicit language-scoped provider card/set ID plus canonical set and collector identity; native name is corroborating only.,,exact_catalogue_record
pokemon|zh-Hans|CN|set:7e3250109ae13479|4|unspecified,zh-Hans,CN,pokemon|zh-Hans|CN|tcgdex:SV7,"{""tcgdex"": ""SV7""}",004,102,"{""tcgdex"": ""SV7-004""}","[{""provider"": ""tcgdex"", ""providerCardId"": ""SV7-004"", ""providerSetId"": ""SV7"", ""serieId"": ""SV"", ""serieName"": ""朱&紫"", ""sourceLanguage"": ""zh-cn""}]",Explicit language-scoped provider card/set ID plus canonical set and collector identity; native name is corroborating only.,,exact_catalogue_record
pokemon|zh-Hans|CN|set:f043ef0c06c0d94a|24|unspecified,zh-Hans,CN,pokemon|zh-Hans|CN|tcgdex:SV9,"{""tcgdex"": ""SV9""}",024,100,"{""tcgdex"": ""SV9-024""}","[{""provider"": ""tcgdex"", ""providerCardId"": ""SV9-024"", ""providerSetId"": ""SV9"", ""serieId"": ""SV"", ""serieName"": ""朱&紫"", ""sourceLanguage"": ""zh-cn""}]",Explicit language-scoped provider card/set ID plus canonical set and collector identity; native name is corroborating only.,,exact_catalogue_record
pokemon|zh-Hans|CN|set:a9d79abbef182c93|26|unspecified,zh-Hans,CN,pokemon|zh-Hans|CN|tcgdex:SV8,"{""tcgdex"": ""SV8""}",026,106,"{""tcgdex"": ""SV8-026""}","[{""provider"": ""tcgdex"", ""providerCardId"": ""SV8-026"", ""providerSetId"": ""SV8"", ""serieId"": ""SV"", ""serieName"": ""朱&紫"", ""sourceLanguage"": ""zh-cn""}]",Explicit language-scoped provider card/set ID plus canonical set and collector identity; native name is corroborating only.,,exact_catalogue_record
pokemon|zh-Hans|CN|set:088684c6293540f4|66|unspecified,zh-Hans,CN,pokemon|zh-Hans|CN|tcgdex:SV10,"{""tcgdex"": ""SV10""}",066,98,"{""tcgdex"": ""SV10-066""}","[{""provider"": ""tcgdex"", ""providerCardId"": ""SV10-066"", ""providerSetId"": ""SV10"", ""serieId"": ""SV"", ""serieName"": ""朱&紫"", ""sourceLanguage"": ""zh-cn""}]",Explicit language-scoped provider card/set ID plus canonical set and collector identity; native name is corroborating only.,,exact_catalogue_record
pokemon|zh-Hans|CN|set:b87702ff6e9d808a|15|unspecified,zh-Hans,CN,pokemon|zh-Hans|CN|tcgdex:SV8a,"{""tcgdex"": ""SV8a""}",015,187,"{""tcgdex"": ""SV8a-015""}","[{""provider"": ""tcgdex"", ""providerCardId"": ""SV8a-015"", ""providerSetId"": ""SV8a"", ""serieId"": ""SV"", ""serieName"": ""朱&紫"", ""sourceLanguage"": ""zh-cn""}]",Explicit language-scoped provider card/set ID plus canonical set and collector identity; native name is corroborating only.,,exact_catalogue_record
pokemon|zh-Hans|CN|set:6d2021006f0f7162|42|unspecified,zh-Hans,CN,pokemon|zh-Hans|CN|tcgdex:SV7a,"{""tcgdex"": ""SV7a""}",042,64,"{""tcgdex"": ""SV7a-042""}","[{""provider"": ""tcgdex"", ""providerCardId"": ""SV7a-042"", ""providerSetId"": ""SV7a"", ""serieId"": ""SV"", ""serieName"": ""朱&紫"", ""sourceLanguage"": ""zh-cn""}]",Explicit language-scoped provider card/set ID plus canonical set and collector identity; native name is corroborating only.,,exact_catalogue_record
pokemon|zh-Hans|CN|set:e76dffe26ea25394|85|unspecified,zh-Hans,CN,pokemon|zh-Hans|CN|tcgdex:SV9a,"{""tcgdex"": ""SV9a""}",085,63,"{""tcgdex"": ""SV9a-085""}","[{""provider"": ""tcgdex"", ""providerCardId"": ""SV9a-085"", ""providerSetId"": ""SV9a"", ""serieId"": ""SV"", ""serieName"": ""朱&紫"", ""sourceLanguage"": ""zh-cn""}]",Explicit language-scoped provider card/set ID plus canonical set and collector identity; native name is corroborating only.,,exact_catalogue_record
pokemon|zh-Hans|CN|set:a9d79abbef182c93|14|unspecified,zh-Hans,CN,pokemon|zh-Hans|CN|tcgdex:SV8,"{""tcgdex"": ""SV8""}",014,106,"{""tcgdex"": ""SV8-014""}","[{""provider"": ""tcgdex"", ""providerCardId"": ""SV8-014"", ""providerSetId"": ""SV8"", ""serieId"": ""SV"", ""serieName"": ""朱&紫"", ""sourceLanguage"": ""zh-cn""}]",Explicit language-scoped provider card/set ID plus canonical set and collector identity; native name is corroborating only.,,exact_catalogue_record
pokemon|zh-Hans|CN|set:a9d79abbef182c93|93|unspecified,zh-Hans,CN,pokemon|zh-Hans|CN|tcgdex:SV8,"{""tcgdex"": ""SV8""}",093,106,"{""tcgdex"": ""SV8-093""}","[{""provider"": ""tcgdex"", ""providerCardId"": ""SV8-093"", ""providerSetId"": ""SV8"", ""serieId"": ""SV"", ""serieName"": ""朱&紫"", ""sourceLanguage"": ""zh-cn""}]",Explicit language-scoped provider card/set ID plus canonical set and collector identity; native name is corroborating only.,,exact_catalogue_record
pokemon|zh-Hans|CN|set:088684c6293540f4|71|unspecified,zh-Hans,CN,pokemon|zh-Hans|CN|tcgdex:SV10,"{""tcgdex"": ""SV10""}",071,98,"{""tcgdex"": ""SV10-071""}","[{""provider"": ""tcgdex"", ""providerCardId"": ""SV10-071"", ""providerSetId"": ""SV10"", ""serieId"": ""SV"", ""serieName"": ""朱&紫"", ""sourceLanguage"": ""zh-cn""}]",Explicit language-scoped provider card/set ID plus canonical set and collector identity; native name is corroborating only.,,exact_catalogue_record
pokemon|zh-Hans|CN|set:b87702ff6e9d808a|81|unspecified,zh-Hans,CN,pokemon|zh-Hans|CN|tcgdex:SV8a,"{""tcgdex"": ""SV8a""}",081,187,"{""tcgdex"": ""SV8a-081""}","[{""provider"": ""tcgdex"", ""providerCardId"": ""SV8a-081"", ""providerSetId"": ""SV8a"", ""serieId"": ""SV"", ""serieName"": ""朱&紫"", ""sourceLanguage"": ""zh-cn""}]",Explicit language-scoped provider card/set ID plus canonical set and collector identity; native name is corroborating only.,,exact_catalogue_record
pokemon|zh-Hans|CN|set:a9d79abbef182c93|12|unspecified,zh-Hans,CN,pokemon|zh-Hans|CN|tcgdex:SV8,"{""tcgdex"": ""SV8""}",012,106,"{""tcgdex"": ""SV8-012""}","[{""provider"": ""tcgdex"", ""providerCardId"": ""SV8-012"", ""providerSetId"": ""SV8"", ""serieId"": ""SV"", ""serieName"": ""朱&紫"", ""sourceLanguage"": ""zh-cn""}]",Explicit language-scoped provider card/set ID plus canonical set and collector identity; native name is corroborating only.,,exact_catalogue_record
pokemon|zh-Hans|CN|set:7e3250109ae13479|119|unspecified,zh-Hans,CN,pokemon|zh-Hans|CN|tcgdex:SV7,"{""tcgdex"": ""SV7""}",119,102,"{""tcgdex"": ""SV7-119""}","[{""provider"": ""tcgdex"", ""providerCardId"": ""SV7-119"", ""providerSetId"": ""SV7"", ""serieId"": ""SV"", ""serieName"": ""朱&紫"", ""sourceLanguage"": ""zh-cn""}]",Explicit language-scoped provider card/set ID plus canonical set and collector identity; native name is corroborating only.,,exact_catalogue_record
pokemon|zh-Hans|CN|set:f043ef0c06c0d94a|5|unspecified,zh-Hans,CN,pokemon|zh-Hans|CN|tcgdex:SV9,"{""tcgdex"": ""SV9""}",005,100,"{""tcgdex"": ""SV9-005""}","[{""provider"": ""tcgdex"", ""providerCardId"": ""SV9-005"", ""providerSetId"": ""SV9"", ""serieId"": ""SV"", ""serieName"": ""朱&紫"", ""sourceLanguage"": ""zh-cn""}]",Explicit language-scoped provider card/set ID plus canonical set and collector identity; native name is corroborating only.,,exact_catalogue_record
pokemon|zh-Hans|CN|set:b87702ff6e9d808a|137|unspecified,zh-Hans,CN,pokemon|zh-Hans|CN|tcgdex:SV8a,"{""tcgdex"": ""SV8a""}",137,187,"{""tcgdex"": ""SV8a-137""}","[{""provider"": ""tcgdex"", ""providerCardId"": ""SV8a-137"", ""providerSetId"": ""SV8a"", ""serieId"": ""SV"", ""serieName"": ""朱&紫"", ""sourceLanguage"": ""zh-cn""}]",Explicit language-scoped provider card/set ID plus canonical set and collector identity; native name is corroborating only.,,exact_catalogue_record
pokemon|zh-Hans|CN|set:f043ef0c06c0d94a|31|unspecified,zh-Hans,CN,pokemon|zh-Hans|CN|tcgdex:SV9,"{""tcgdex"": ""SV9""}",031,100,"{""tcgdex"": ""SV9-031""}","[{""provider"": ""tcgdex"", ""providerCardId"": ""SV9-031"", ""providerSetId"": ""SV9"", ""serieId"": ""SV"", ""serieName"": ""朱&紫"", ""sourceLanguage"": ""zh-cn""}]",Explicit language-scoped provider card/set ID plus canonical set and collector identity; native name is corroborating only.,,exact_catalogue_record
pokemon|zh-Hans|CN|set:f043ef0c06c0d94a|61|unspecified,zh-Hans,CN,pokemon|zh-Hans|CN|tcgdex:SV9,"{""tcgdex"": ""SV9""}",061,100,"{""tcgdex"": ""SV9-061""}","[{""provider"": ""tcgdex"", ""providerCardId"": ""SV9-061"", ""providerSetId"": ""SV9"", ""serieId"": ""SV"", ""serieName"": ""朱&紫"", ""sourceLanguage"": ""zh-cn""}]",Explicit language-scoped provider card/set ID plus canonical set and collector identity; native name is corroborating only.,,exact_catalogue_record
pokemon|zh-Hans|CN|set:f043ef0c06c0d94a|80|unspecified,zh-Hans,CN,pokemon|zh-Hans|CN|tcgdex:SV9,"{""tcgdex"": ""SV9""}",080,100,"{""tcgdex"": ""SV9-080""}","[{""provider"": ""tcgdex"", ""providerCardId"": ""SV9-080"", ""providerSetId"": ""SV9"", ""serieId"": ""SV"", ""serieName"": ""朱&紫"", ""sourceLanguage"": ""zh-cn""}]",Explicit language-scoped provider card/set ID plus canonical set and collector identity; native name is corroborating only.,,exact_catalogue_record
pokemon|zh-Hans|CN|set:6d2021006f0f7162|47|unspecified,zh-Hans,CN,pokemon|zh-Hans|CN|tcgdex:SV7a,"{""tcgdex"": ""SV7a""}",047,64,"{""tcgdex"": ""SV7a-047""}","[{""provider"": ""tcgdex"", ""providerCardId"": ""SV7a-047"", ""providerSetId"": ""SV7a"", ""serieId"": ""SV"", ""serieName"": ""朱&紫"", ""sourceLanguage"": ""zh-cn""}]",Explicit language-scoped provider card/set ID plus canonical set and collector identity; native name is corroborating only.,,exact_catalogue_record
pokemon|zh-Hans|CN|set:b87702ff6e9d808a|12|unspecified,zh-Hans,CN,pokemon|zh-Hans|CN|tcgdex:SV8a,"{""tcgdex"": ""SV8a""}",012,187,"{""tcgdex"": ""SV8a-012""}","[{""provider"": ""tcgdex"", ""providerCardId"": ""SV8a-012"", ""providerSetId"": ""SV8a"", ""serieId"": ""SV"", ""serieName"": ""朱&紫"", ""sourceLanguage"": ""zh-cn""}]",Explicit language-scoped provider card/set ID plus canonical set and collector identity; native name is corroborating only.,,exact_catalogue_record
pokemon|zh-Hans|CN|set:e76dffe26ea25394|8|unspecified,zh-Hans,CN,pokemon|zh-Hans|CN|tcgdex:SV9a,"{""tcgdex"": ""SV9a""}",008,63,"{""tcgdex"": ""SV9a-008""}","[{""provider"": ""tcgdex"", ""providerCardId"": ""SV9a-008"", ""providerSetId"": ""SV9a"", ""serieId"": ""SV"", ""serieName"": ""朱&紫"", ""sourceLanguage"": ""zh-cn""}]",Explicit language-scoped provider card/set ID plus canonical set and collector identity; native name is corroborating only.,,exact_catalogue_record
pokemon|zh-Hans|CN|set:798e3f116ec2c896|44|unspecified,zh-Hans,CN,pokemon|zh-Hans|CN|tcgdex:CSMPiC,"{""tcgdex"": ""CSMPiC""}",044,24,"{""tcgdex"": ""CSMPiC-044""}","[{""provider"": ""tcgdex"", ""providerCardId"": ""CSMPiC-044"", ""providerSetId"": ""CSMPiC"", ""serieId"": ""SM"", ""serieName"": ""太阳&月亮"", ""sourceLanguage"": ""zh-cn""}]",Explicit language-scoped provider card/set ID plus canonical set and collector identity; native name is corroborating only.,,exact_catalogue_record
pokemon|zh-Hans|CN|set:6d2021006f0f7162|6|unspecified,zh-Hans,CN,pokemon|zh-Hans|CN|tcgdex:SV7a,"{""tcgdex"": ""SV7a""}",006,64,"{""tcgdex"": ""SV7a-006""}","[{""provider"": ""tcgdex"", ""providerCardId"": ""SV7a-006"", ""providerSetId"": ""SV7a"", ""serieId"": ""SV"", ""serieName"": ""朱&紫"", ""sourceLanguage"": ""zh-cn""}]",Explicit language-scoped provider card/set ID plus canonical set and collector identity; native name is corroborating only.,,exact_catalogue_record
pokemon|zh-Hans|CN|set:b87702ff6e9d808a|86|unspecified,zh-Hans,CN,pokemon|zh-Hans|CN|tcgdex:SV8a,"{""tcgdex"": ""SV8a""}",086,187,"{""tcgdex"": ""SV8a-086""}","[{""provider"": ""tcgdex"", ""providerCardId"": ""SV8a-086"", ""providerSetId"": ""SV8a"", ""serieId"": ""SV"", ""serieName"": ""朱&紫"", ""sourceLanguage"": ""zh-cn""}]",Explicit language-scoped provider card/set ID plus canonical set and collector identity; native name is corroborating only.,,exact_catalogue_record
pokemon|zh-Hans|CN|set:088684c6293540f4|59|unspecified,zh-Hans,CN,pokemon|zh-Hans|CN|tcgdex:SV10,"{""tcgdex"": ""SV10""}",059,98,"{""tcgdex"": ""SV10-059""}","[{""provider"": ""tcgdex"", ""providerCardId"": ""SV10-059"", ""providerSetId"": ""SV10"", ""serieId"": ""SV"", ""serieName"": ""朱&紫"", ""sourceLanguage"": ""zh-cn""}]",Explicit language-scoped provider card/set ID plus canonical set and collector identity; native name is corroborating only.,,exact_catalogue_record
pokemon|zh-Hans|CN|set:f043ef0c06c0d94a|14|unspecified,zh-Hans,CN,pokemon|zh-Hans|CN|tcgdex:SV9,"{""tcgdex"": ""SV9""}",014,100,"{""tcgdex"": ""SV9-014""}","[{""provider"": ""tcgdex"", ""providerCardId"": ""SV9-014"", ""providerSetId"": ""SV9"", ""serieId"": ""SV"", ""serieName"": ""朱&紫"", ""sourceLanguage"": ""zh-cn""}]",Explicit language-scoped provider card/set ID plus canonical set and collector identity; native name is corroborating only.,,exact_catalogue_record
pokemon|zh-Hans|CN|set:a9d79abbef182c93|33|unspecified,zh-Hans,CN,pokemon|zh-Hans|CN|tcgdex:SV8,"{""tcgdex"": ""SV8""}",033,106,"{""tcgdex"": ""SV8-033""}","[{""provider"": ""tcgdex"", ""providerCardId"": ""SV8-033"", ""providerSetId"": ""SV8"", ""serieId"": ""SV"", ""serieName"": ""朱&紫"", ""sourceLanguage"": ""zh-cn""}]",Explicit language-scoped provider card/set ID plus canonical set and collector identity; native name is corroborating only.,,exact_catalogue_record
pokemon|zh-Hans|CN|set:f043ef0c06c0d94a|28|unspecified,zh-Hans,CN,pokemon|zh-Hans|CN|tcgdex:SV9,"{""tcgdex"": ""SV9""}",028,100,"{""tcgdex"": ""SV9-028""}","[{""provider"": ""tcgdex"", ""providerCardId"": ""SV9-028"", ""providerSetId"": ""SV9"", ""serieId"": ""SV"", ""serieName"": ""朱&紫"", ""sourceLanguage"": ""zh-cn""}]",Explicit language-scoped provider card/set ID plus canonical set and collector identity; native name is corroborating only.,,exact_catalogue_record
pokemon|zh-Hans|CN|set:e76dffe26ea25394|7|unspecified,zh-Hans,CN,pokemon|zh-Hans|CN|tcgdex:SV9a,"{""tcgdex"": ""SV9a""}",007,63,"{""tcgdex"": ""SV9a-007""}","[{""provider"": ""tcgdex"", ""providerCardId"": ""SV9a-007"", ""providerSetId"": ""SV9a"", ""serieId"": ""SV"", ""serieName"": ""朱&紫"", ""sourceLanguage"": ""zh-cn""}]",Explicit language-scoped provider card/set ID plus canonical set and collector identity; native name is corroborating only.,,exact_catalogue_record
pokemon|zh-Hans|CN|set:b87702ff6e9d808a|179|unspecified,zh-Hans,CN,pokemon|zh-Hans|CN|tcgdex:SV8a,"{""tcgdex"": ""SV8a""}",179,187,"{""tcgdex"": ""SV8a-179""}","[{""provider"": ""tcgdex"", ""providerCardId"": ""SV8a-179"", ""providerSetId"": ""SV8a"", ""serieId"": ""SV"", ""serieName"": ""朱&紫"", ""sourceLanguage"": ""zh-cn""}]",Explicit language-scoped provider card/set ID plus canonical set and collector identity; native name is corroborating only.,,exact_catalogue_record
pokemon|zh-Hans|CN|set:b87702ff6e9d808a|90|unspecified,zh-Hans,CN,pokemon|zh-Hans|CN|tcgdex:SV8a,"{""tcgdex"": ""SV8a""}",090,187,"{""tcgdex"": ""SV8a-090""}","[{""provider"": ""tcgdex"", ""providerCardId"": ""SV8a-090"", ""providerSetId"": ""SV8a"", ""serieId"": ""SV"", ""serieName"": ""朱&紫"", ""sourceLanguage"": ""zh-cn""}]",Explicit language-scoped provider card/set ID plus canonical set and collector identity; native name is corroborating only.,,exact_catalogue_record
pokemon|zh-Hans|CN|set:e76dffe26ea25394|57|unspecified,zh-Hans,CN,pokemon|zh-Hans|CN|tcgdex:SV9a,"{""tcgdex"": ""SV9a""}",057,63,"{""tcgdex"": ""SV9a-057""}","[{""provider"": ""tcgdex"", ""providerCardId"": ""SV9a-057"", ""providerSetId"": ""SV9a"", ""serieId"": ""SV"", ""serieName"": ""朱&紫"", ""sourceLanguage"": ""zh-cn""}]",Explicit language-scoped provider card/set ID plus canonical set and collector identity; native name is corroborating only.,,exact_catalogue_record
pokemon|zh-Hans|CN|set:798e3f116ec2c896|37|unspecified,zh-Hans,CN,pokemon|zh-Hans|CN|tcgdex:CSMPiC,"{""tcgdex"": ""CSMPiC""}",037,24,"{""tcgdex"": ""CSMPiC-037""}","[{""provider"": ""tcgdex"", ""providerCardId"": ""CSMPiC-037"", ""providerSetId"": ""CSMPiC"", ""serieId"": ""SM"", ""serieName"": ""太阳&月亮"", ""sourceLanguage"": ""zh-cn""}]",Explicit language-scoped provider card/set ID plus canonical set and collector identity; native name is corroborating only.,,exact_catalogue_record
pokemon|zh-Hans|CN|set:f043ef0c06c0d94a|12|unspecified,zh-Hans,CN,pokemon|zh-Hans|CN|tcgdex:SV9,"{""tcgdex"": ""SV9""}",012,100,"{""tcgdex"": ""SV9-012""}","[{""provider"": ""tcgdex"", ""providerCardId"": ""SV9-012"", ""providerSetId"": ""SV9"", ""serieId"": ""SV"", ""serieName"": ""朱&紫"", ""sourceLanguage"": ""zh-cn""}]",Explicit language-scoped provider card/set ID plus canonical set and collector identity; native name is corroborating only.,,exact_catalogue_record
pokemon|zh-Hans|CN|set:f043ef0c06c0d94a|23|unspecified,zh-Hans,CN,pokemon|zh-Hans|CN|tcgdex:SV9,"{""tcgdex"": ""SV9""}",023,100,"{""tcgdex"": ""SV9-023""}","[{""provider"": ""tcgdex"", ""providerCardId"": ""SV9-023"", ""providerSetId"": ""SV9"", ""serieId"": ""SV"", ""serieName"": ""朱&紫"", ""sourceLanguage"": ""zh-cn""}]",Explicit language-scoped provider card/set ID plus canonical set and collector identity; native name is corroborating only.,,exact_catalogue_record
pokemon|zh-Hans|CN|set:7e3250109ae13479|102|unspecified,zh-Hans,CN,pokemon|zh-Hans|CN|tcgdex:SV7,"{""tcgdex"": ""SV7""}",102,102,"{""tcgdex"": ""SV7-102""}","[{""provider"": ""tcgdex"", ""providerCardId"": ""SV7-102"", ""providerSetId"": ""SV7"", ""serieId"": ""SV"", ""serieName"": ""朱&紫"", ""sourceLanguage"": ""zh-cn""}]",Explicit language-scoped provider card/set ID plus canonical set and collector identity; native name is corroborating only.,,exact_catalogue_record
pokemon|zh-Hans|CN|set:7e3250109ae13479|104|unspecified,zh-Hans,CN,pokemon|zh-Hans|CN|tcgdex:SV7,"{""tcgdex"": ""SV7""}",104,102,"{""tcgdex"": ""SV7-104""}","[{""provider"": ""tcgdex"", ""providerCardId"": ""SV7-104"", ""providerSetId"": ""SV7"", ""serieId"": ""SV"", ""serieName"": ""朱&紫"", ""sourceLanguage"": ""zh-cn""}]",Explicit language-scoped provider card/set ID plus canonical set and collector identity; native name is corroborating only.,,exact_catalogue_record
pokemon|zh-Hans|CN|set:e76dffe26ea25394|91|unspecified,zh-Hans,CN,pokemon|zh-Hans|CN|tcgdex:SV9a,"{""tcgdex"": ""SV9a""}",091,63,"{""tcgdex"": ""SV9a-091""}","[{""provider"": ""tcgdex"", ""providerCardId"": ""SV9a-091"", ""providerSetId"": ""SV9a"", ""serieId"": ""SV"", ""serieName"": ""朱&紫"", ""sourceLanguage"": ""zh-cn""}]",Explicit language-scoped provider card/set ID plus canonical set and collector identity; native name is corroborating only.,,exact_catalogue_record
pokemon|zh-Hans|CN|set:f043ef0c06c0d94a|35|unspecified,zh-Hans,CN,pokemon|zh-Hans|CN|tcgdex:SV9,"{""tcgdex"": ""SV9""}",035,100,"{""tcgdex"": ""SV9-035""}","[{""provider"": ""tcgdex"", ""providerCardId"": ""SV9-035"", ""providerSetId"": ""SV9"", ""serieId"": ""SV"", ""serieName"": ""朱&紫"", ""sourceLanguage"": ""zh-cn""}]",Explicit language-scoped provider card/set ID plus canonical set and collector identity; native name is corroborating only.,,exact_catalogue_record
pokemon|zh-Hans|CN|set:b87702ff6e9d808a|161|unspecified,zh-Hans,CN,pokemon|zh-Hans|CN|tcgdex:SV8a,"{""tcgdex"": ""SV8a""}",161,187,"{""tcgdex"": ""SV8a-161""}","[{""provider"": ""tcgdex"", ""providerCardId"": ""SV8a-161"", ""providerSetId"": ""SV8a"", ""serieId"": ""SV"", ""serieName"": ""朱&紫"", ""sourceLanguage"": ""zh-cn""}]",Explicit language-scoped provider card/set ID plus canonical set and collector identity; native name is corroborating only.,,exact_catalogue_record
pokemon|zh-Hans|CN|set:b87702ff6e9d808a|192|unspecified,zh-Hans,CN,pokemon|zh-Hans|CN|tcgdex:SV8a,"{""tcgdex"": ""SV8a""}",192,187,"{""tcgdex"": ""SV8a-192""}","[{""provider"": ""tcgdex"", ""providerCardId"": ""SV8a-192"", ""providerSetId"": ""SV8a"", ""serieId"": ""SV"", ""serieName"": ""朱&紫"", ""sourceLanguage"": ""zh-cn""}]",Explicit language-scoped provider card/set ID plus canonical set and collector identity; native name is corroborating only.,,exact_catalogue_record
pokemon|zh-Hans|CN|set:7e3250109ae13479|36|unspecified,zh-Hans,CN,pokemon|zh-Hans|CN|tcgdex:SV7,"{""tcgdex"": ""SV7""}",036,102,"{""tcgdex"": ""SV7-036""}","[{""provider"": ""tcgdex"", ""providerCardId"": ""SV7-036"", ""providerSetId"": ""SV7"", ""serieId"": ""SV"", ""serieName"": ""朱&紫"", ""sourceLanguage"": ""zh-cn""}]",Explicit language-scoped provider card/set ID plus canonical set and collector identity; native name is corroborating only.,,exact_catalogue_record
pokemon|zh-Hans|CN|set:a9d79abbef182c93|30|unspecified,zh-Hans,CN,pokemon|zh-Hans|CN|tcgdex:SV8,"{""tcgdex"": ""SV8""}",030,106,"{""tcgdex"": ""SV8-030""}","[{""provider"": ""tcgdex"", ""providerCardId"": ""SV8-030"", ""providerSetId"": ""SV8"", ""serieId"": ""SV"", ""serieName"": ""朱&紫"", ""sourceLanguage"": ""zh-cn""}]",Explicit language-scoped provider card/set ID plus canonical set and collector identity; native name is corroborating only.,,exact_catalogue_record
pokemon|zh-Hans|CN|set:7e3250109ae13479|83|unspecified,zh-Hans,CN,pokemon|zh-Hans|CN|tcgdex:SV7,"{""tcgdex"": ""SV7""}",083,102,"{""tcgdex"": ""SV7-083""}","[{""provider"": ""tcgdex"", ""providerCardId"": ""SV7-083"", ""providerSetId"": ""SV7"", ""serieId"": ""SV"", ""serieName"": ""朱&紫"", ""sourceLanguage"": ""zh-cn""}]",Explicit language-scoped provider card/set ID plus canonical set and collector identity; native name is corroborating only.,,exact_catalogue_record
pokemon|zh-Hans|CN|set:b87702ff6e9d808a|94|unspecified,zh-Hans,CN,pokemon|zh-Hans|CN|tcgdex:SV8a,"{""tcgdex"": ""SV8a""}",094,187,"{""tcgdex"": ""SV8a-094""}","[{""provider"": ""tcgdex"", ""providerCardId"": ""SV8a-094"", ""providerSetId"": ""SV8a"", ""serieId"": ""SV"", ""serieName"": ""朱&紫"", ""sourceLanguage"": ""zh-cn""}]",Explicit language-scoped provider card/set ID plus canonical set and collector identity; native name is corroborating only.,,exact_catalogue_record
pokemon|zh-Hans|CN|set:b87702ff6e9d808a|25|unspecified,zh-Hans,CN,pokemon|zh-Hans|CN|tcgdex:SV8a,"{""tcgdex"": ""SV8a""}",025,187,"{""tcgdex"": ""SV8a-025""}","[{""provider"": ""tcgdex"", ""providerCardId"": ""SV8a-025"", ""providerSetId"": ""SV8a"", ""serieId"": ""SV"", ""serieName"": ""朱&紫"", ""sourceLanguage"": ""zh-cn""}]",Explicit language-scoped provider card/set ID plus canonical set and collector identity; native name is corroborating only.,,exact_catalogue_record
pokemon|zh-Hans|CN|set:a9d79abbef182c93|46|unspecified,zh-Hans,CN,pokemon|zh-Hans|CN|tcgdex:SV8,"{""tcgdex"": ""SV8""}",046,106,"{""tcgdex"": ""SV8-046""}","[{""provider"": ""tcgdex"", ""providerCardId"": ""SV8-046"", ""providerSetId"": ""SV8"", ""serieId"": ""SV"", ""serieName"": ""朱&紫"", ""sourceLanguage"": ""zh-cn""}]",Explicit language-scoped provider card/set ID plus canonical set and collector identity; native name is corroborating only.,,exact_catalogue_record
pokemon|zh-Hans|CN|set:f043ef0c06c0d94a|99|unspecified,zh-Hans,CN,pokemon|zh-Hans|CN|tcgdex:SV9,"{""tcgdex"": ""SV9""}",099,100,"{""tcgdex"": ""SV9-099""}","[{""provider"": ""tcgdex"", ""providerCardId"": ""SV9-099"", ""providerSetId"": ""SV9"", ""serieId"": ""SV"", ""serieName"": ""朱&紫"", ""sourceLanguage"": ""zh-cn""}]",Explicit language-scoped provider card/set ID plus canonical set and collector identity; native name is corroborating only.,,exact_catalogue_record
pokemon|zh-Hans|CN|set:a9d79abbef182c93|73|unspecified,zh-Hans,CN,pokemon|zh-Hans|CN|tcgdex:SV8,"{""tcgdex"": ""SV8""}",073,106,"{""tcgdex"": ""SV8-073""}","[{""provider"": ""tcgdex"", ""providerCardId"": ""SV8-073"", ""providerSetId"": ""SV8"", ""serieId"": ""SV"", ""serieName"": ""朱&紫"", ""sourceLanguage"": ""zh-cn""}]",Explicit language-scoped provider card/set ID plus canonical set and collector identity; native name is corroborating only.,,exact_catalogue_record
pokemon|zh-Hans|CN|set:a9d79abbef182c93|58|unspecified,zh-Hans,CN,pokemon|zh-Hans|CN|tcgdex:SV8,"{""tcgdex"": ""SV8""}",058,106,"{""tcgdex"": ""SV8-058""}","[{""provider"": ""tcgdex"", ""providerCardId"": ""SV8-058"", ""providerSetId"": ""SV8"", ""serieId"": ""SV"", ""serieName"": ""朱&紫"", ""sourceLanguage"": ""zh-cn""}]",Explicit language-scoped provider card/set ID plus canonical set and collector identity; native name is corroborating only.,,exact_catalogue_record
pokemon|zh-Hans|CN|set:a9d79abbef182c93|6|unspecified,zh-Hans,CN,pokemon|zh-Hans|CN|tcgdex:SV8,"{""tcgdex"": ""SV8""}",006,106,"{""tcgdex"": ""SV8-006""}","[{""provider"": ""tcgdex"", ""providerCardId"": ""SV8-006"", ""providerSetId"": ""SV8"", ""serieId"": ""SV"", ""serieName"": ""朱&紫"", ""sourceLanguage"": ""zh-cn""}]",Explicit language-scoped provider card/set ID plus canonical set and collector identity; native name is corroborating only.,,exact_catalogue_record
pokemon|zh-Hans|CN|set:088684c6293540f4|41|unspecified,zh-Hans,CN,pokemon|zh-Hans|CN|tcgdex:SV10,"{""tcgdex"": ""SV10""}",041,98,"{""tcgdex"": ""SV10-041""}","[{""provider"": ""tcgdex"", ""providerCardId"": ""SV10-041"", ""providerSetId"": ""SV10"", ""serieId"": ""SV"", ""serieName"": ""朱&紫"", ""sourceLanguage"": ""zh-cn""}]",Explicit language-scoped provider card/set ID plus canonical set and collector identity; native name is corroborating only.,,exact_catalogue_record
pokemon|zh-Hans|CN|set:e76dffe26ea25394|77|unspecified,zh-Hans,CN,pokemon|zh-Hans|CN|tcgdex:SV9a,"{""tcgdex"": ""SV9a""}",077,63,"{""tcgdex"": ""SV9a-077""}","[{""provider"": ""tcgdex"", ""providerCardId"": ""SV9a-077"", ""providerSetId"": ""SV9a"", ""serieId"": ""SV"", ""serieName"": ""朱&紫"", ""sourceLanguage"": ""zh-cn""}]",Explicit language-scoped provider card/set ID plus canonical set and collector identity; native name is corroborating only.,,exact_catalogue_record
pokemon|ko|KR|set:0a878bd9f4493894|10|unspecified,ko,KR,pokemon|ko|KR|tcgdex:SV4M,"{""tcgdex"": ""SV4M""}",010,66,"{""tcgdex"": ""SV4M-010""}","[{""provider"": ""tcgdex"", ""providerCardId"": ""SV4M-010"", ""providerSetId"": ""SV4M"", ""serieId"": ""SV"", ""serieName"": ""스칼렛・바이올렛"", ""sourceLanguage"": ""ko""}]",Explicit language-scoped provider card/set ID plus canonical set and collector identity; native name is corroborating only.,,exact_catalogue_record
pokemon|ko|KR|set:0a878bd9f4493894|11|unspecified,ko,KR,pokemon|ko|KR|tcgdex:SV4M,"{""tcgdex"": ""SV4M""}",011,66,"{""tcgdex"": ""SV4M-011""}","[{""provider"": ""tcgdex"", ""providerCardId"": ""SV4M-011"", ""providerSetId"": ""SV4M"", ""serieId"": ""SV"", ""serieName"": ""스칼렛・바이올렛"", ""sourceLanguage"": ""ko""}]",Explicit language-scoped provider card/set ID plus canonical set and collector identity; native name is corroborating only.,,exact_catalogue_record
pokemon|ko|KR|set:0a878bd9f4493894|12|unspecified,ko,KR,pokemon|ko|KR|tcgdex:SV4M,"{""tcgdex"": ""SV4M""}",012,66,"{""tcgdex"": ""SV4M-012""}","[{""provider"": ""tcgdex"", ""providerCardId"": ""SV4M-012"", ""providerSetId"": ""SV4M"", ""serieId"": ""SV"", ""serieName"": ""스칼렛・바이올렛"", ""sourceLanguage"": ""ko""}]",Explicit language-scoped provider card/set ID plus canonical set and collector identity; native name is corroborating only.,,exact_catalogue_record
pokemon|ko|KR|set:0a878bd9f4493894|13|unspecified,ko,KR,pokemon|ko|KR|tcgdex:SV4M,"{""tcgdex"": ""SV4M""}",013,66,"{""tcgdex"": ""SV4M-013""}","[{""provider"": ""tcgdex"", ""providerCardId"": ""SV4M-013"", ""providerSetId"": ""SV4M"", ""serieId"": ""SV"", ""serieName"": ""스칼렛・바이올렛"", ""sourceLanguage"": ""ko""}]",Explicit language-scoped provider card/set ID plus canonical set and collector identity; native name is corroborating only.,,exact_catalogue_record
pokemon|ko|KR|set:0a878bd9f4493894|14|unspecified,ko,KR,pokemon|ko|KR|tcgdex:SV4M,"{""tcgdex"": ""SV4M""}",014,66,"{""tcgdex"": ""SV4M-014""}","[{""provider"": ""tcgdex"", ""providerCardId"": ""SV4M-014"", ""providerSetId"": ""SV4M"", ""serieId"": ""SV"", ""serieName"": ""스칼렛・바이올렛"", ""sourceLanguage"": ""ko""}]",Explicit language-scoped provider card/set ID plus canonical set and collector identity; native name is corroborating only.,,exact_catalogue_record
pokemon|ko|KR|set:0a878bd9f4493894|15|unspecified,ko,KR,pokemon|ko|KR|tcgdex:SV4M,"{""tcgdex"": ""SV4M""}",015,66,"{""tcgdex"": ""SV4M-015""}","[{""provider"": ""tcgdex"", ""providerCardId"": ""SV4M-015"", ""providerSetId"": ""SV4M"", ""serieId"": ""SV"", ""serieName"": ""스칼렛・바이올렛"", ""sourceLanguage"": ""ko""}]",Explicit language-scoped provider card/set ID plus canonical set and collector identity; native name is corroborating only.,,exact_catalogue_record
pokemon|ko|KR|set:0a878bd9f4493894|16|unspecified,ko,KR,pokemon|ko|KR|tcgdex:SV4M,"{""tcgdex"": ""SV4M""}",016,66,"{""tcgdex"": ""SV4M-016""}","[{""provider"": ""tcgdex"", ""providerCardId"": ""SV4M-016"", ""providerSetId"": ""SV4M"", ""serieId"": ""SV"", ""serieName"": ""스칼렛・바이올렛"", ""sourceLanguage"": ""ko""}]",Explicit language-scoped provider card/set ID plus canonical set and collector identity; native name is corroborating only.,,exact_catalogue_record
pokemon|ko|KR|set:0a878bd9f4493894|17|unspecified,ko,KR,pokemon|ko|KR|tcgdex:SV4M,"{""tcgdex"": ""SV4M""}",017,66,"{""tcgdex"": ""SV4M-017""}","[{""provider"": ""tcgdex"", ""providerCardId"": ""SV4M-017"", ""providerSetId"": ""SV4M"", ""serieId"": ""SV"", ""serieName"": ""스칼렛・바이올렛"", ""sourceLanguage"": ""ko""}]",Explicit language-scoped provider card/set ID plus canonical set and collector identity; native name is corroborating only.,,exact_catalogue_record
pokemon|ko|KR|set:0a878bd9f4493894|18|unspecified,ko,KR,pokemon|ko|KR|tcgdex:SV4M,"{""tcgdex"": ""SV4M""}",018,66,"{""tcgdex"": ""SV4M-018""}","[{""provider"": ""tcgdex"", ""providerCardId"": ""SV4M-018"", ""providerSetId"": ""SV4M"", ""serieId"": ""SV"", ""serieName"": ""스칼렛・바이올렛"", ""sourceLanguage"": ""ko""}]",Explicit language-scoped provider card/set ID plus canonical set and collector identity; native name is corroborating only.,,exact_catalogue_record
pokemon|ko|KR|set:0a878bd9f4493894|19|unspecified,ko,KR,pokemon|ko|KR|tcgdex:SV4M,"{""tcgdex"": ""SV4M""}",019,66,"{""tcgdex"": ""SV4M-019""}","[{""provider"": ""tcgdex"", ""providerCardId"": ""SV4M-019"", ""providerSetId"": ""SV4M"", ""serieId"": ""SV"", ""serieName"": ""스칼렛・바이올렛"", ""sourceLanguage"": ""ko""}]",Explicit language-scoped provider card/set ID plus canonical set and collector identity; native name is corroborating only.,,exact_catalogue_record
pokemon|ko|KR|set:0a878bd9f4493894|1|unspecified,ko,KR,pokemon|ko|KR|tcgdex:SV4M,"{""tcgdex"": ""SV4M""}",001,66,"{""tcgdex"": ""SV4M-001""}","[{""provider"": ""tcgdex"", ""providerCardId"": ""SV4M-001"", ""providerSetId"": ""SV4M"", ""serieId"": ""SV"", ""serieName"": ""스칼렛・바이올렛"", ""sourceLanguage"": ""ko""}]",Explicit language-scoped provider card/set ID plus canonical set and collector identity; native name is corroborating only.,,exact_catalogue_record
pokemon|ko|KR|set:0a878bd9f4493894|20|unspecified,ko,KR,pokemon|ko|KR|tcgdex:SV4M,"{""tcgdex"": ""SV4M""}",020,66,"{""tcgdex"": ""SV4M-020""}","[{""provider"": ""tcgdex"", ""providerCardId"": ""SV4M-020"", ""providerSetId"": ""SV4M"", ""serieId"": ""SV"", ""serieName"": ""스칼렛・바이올렛"", ""sourceLanguage"": ""ko""}]",Explicit language-scoped provider card/set ID plus canonical set and collector identity; native name is corroborating only.,,exact_catalogue_record
pokemon|ko|KR|set:0a878bd9f4493894|21|unspecified,ko,KR,pokemon|ko|KR|tcgdex:SV4M,"{""tcgdex"": ""SV4M""}",021,66,"{""tcgdex"": ""SV4M-021""}","[{""provider"": ""tcgdex"", ""providerCardId"": ""SV4M-021"", ""providerSetId"": ""SV4M"", ""serieId"": ""SV"", ""serieName"": ""스칼렛・바이올렛"", ""sourceLanguage"": ""ko""}]",Explicit language-scoped provider card/set ID plus canonical set and collector identity; native name is corroborating only.,,exact_catalogue_record
pokemon|ko|KR|set:0a878bd9f4493894|22|unspecified,ko,KR,pokemon|ko|KR|tcgdex:SV4M,"{""tcgdex"": ""SV4M""}",022,66,"{""tcgdex"": ""SV4M-022""}","[{""provider"": ""tcgdex"", ""providerCardId"": ""SV4M-022"", ""providerSetId"": ""SV4M"", ""serieId"": ""SV"", ""serieName"": ""스칼렛・바이올렛"", ""sourceLanguage"": ""ko""}]",Explicit language-scoped provider card/set ID plus canonical set and collector identity; native name is corroborating only.,,exact_catalogue_record
pokemon|ko|KR|set:0a878bd9f4493894|23|unspecified,ko,KR,pokemon|ko|KR|tcgdex:SV4M,"{""tcgdex"": ""SV4M""}",023,66,"{""tcgdex"": ""SV4M-023""}","[{""provider"": ""tcgdex"", ""providerCardId"": ""SV4M-023"", ""providerSetId"": ""SV4M"", ""serieId"": ""SV"", ""serieName"": ""스칼렛・바이올렛"", ""sourceLanguage"": ""ko""}]",Explicit language-scoped provider card/set ID plus canonical set and collector identity; native name is corroborating only.,,exact_catalogue_record
pokemon|ko|KR|set:03e9b56b63925d3a|9|unspecified,ko,KR,pokemon|ko|KR|tcgdex:SV5K,"{""tcgdex"": ""SV5K""}",009,71,"{""tcgdex"": ""SV5K-009""}","[{""provider"": ""tcgdex"", ""providerCardId"": ""SV5K-009"", ""providerSetId"": ""SV5K"", ""serieId"": ""SV"", ""serieName"": ""스칼렛・바이올렛"", ""sourceLanguage"": ""ko""}]",Explicit language-scoped provider card/set ID plus canonical set and collector identity; native name is corroborating only.,,exact_catalogue_record
pokemon|ko|KR|set:03e9b56b63925d3a|99|unspecified,ko,KR,pokemon|ko|KR|tcgdex:SV5K,"{""tcgdex"": ""SV5K""}",099,71,"{""tcgdex"": ""SV5K-099""}","[{""provider"": ""tcgdex"", ""providerCardId"": ""SV5K-099"", ""providerSetId"": ""SV5K"", ""serieId"": ""SV"", ""serieName"": ""스칼렛・바이올렛"", ""sourceLanguage"": ""ko""}]",Explicit language-scoped provider card/set ID plus canonical set and collector identity; native name is corroborating only.,,exact_catalogue_record
pokemon|ko|KR|set:03e9b56b63925d3a|98|unspecified,ko,KR,pokemon|ko|KR|tcgdex:SV5K,"{""tcgdex"": ""SV5K""}",098,71,"{""tcgdex"": ""SV5K-098""}","[{""provider"": ""tcgdex"", ""providerCardId"": ""SV5K-098"", ""providerSetId"": ""SV5K"", ""serieId"": ""SV"", ""serieName"": ""스칼렛・바이올렛"", ""sourceLanguage"": ""ko""}]",Explicit language-scoped provider card/set ID plus canonical set and collector identity; native name is corroborating only.,,exact_catalogue_record
pokemon|ko|KR|set:03e9b56b63925d3a|97|unspecified,ko,KR,pokemon|ko|KR|tcgdex:SV5K,"{""tcgdex"": ""SV5K""}",097,71,"{""tcgdex"": ""SV5K-097""}","[{""provider"": ""tcgdex"", ""providerCardId"": ""SV5K-097"", ""providerSetId"": ""SV5K"", ""serieId"": ""SV"", ""serieName"": ""스칼렛・바이올렛"", ""sourceLanguage"": ""ko""}]",Explicit language-scoped provider card/set ID plus canonical set and collector identity; native name is corroborating only.,,exact_catalogue_record
pokemon|ko|KR|set:03e9b56b63925d3a|96|unspecified,ko,KR,pokemon|ko|KR|tcgdex:SV5K,"{""tcgdex"": ""SV5K""}",096,71,"{""tcgdex"": ""SV5K-096""}","[{""provider"": ""tcgdex"", ""providerCardId"": ""SV5K-096"", ""providerSetId"": ""SV5K"", ""serieId"": ""SV"", ""serieName"": ""스칼렛・바이올렛"", ""sourceLanguage"": ""ko""}]",Explicit language-scoped provider card/set ID plus canonical set and collector identity; native name is corroborating only.,,exact_catalogue_record
pokemon|ko|KR|set:03e9b56b63925d3a|95|unspecified,ko,KR,pokemon|ko|KR|tcgdex:SV5K,"{""tcgdex"": ""SV5K""}",095,71,"{""tcgdex"": ""SV5K-095""}","[{""provider"": ""tcgdex"", ""providerCardId"": ""SV5K-095"", ""providerSetId"": ""SV5K"", ""serieId"": ""SV"", ""serieName"": ""스칼렛・바이올렛"", ""sourceLanguage"": ""ko""}]",Explicit language-scoped provider card/set ID plus canonical set and collector identity; native name is corroborating only.,,exact_catalogue_record
pokemon|ko|KR|set:03e9b56b63925d3a|94|unspecified,ko,KR,pokemon|ko|KR|tcgdex:SV5K,"{""tcgdex"": ""SV5K""}",094,71,"{""tcgdex"": ""SV5K-094""}","[{""provider"": ""tcgdex"", ""providerCardId"": ""SV5K-094"", ""providerSetId"": ""SV5K"", ""serieId"": ""SV"", ""serieName"": ""스칼렛・바이올렛"", ""sourceLanguage"": ""ko""}]",Explicit language-scoped provider card/set ID plus canonical set and collector identity; native name is corroborating only.,,exact_catalogue_record
pokemon|ko|KR|set:03e9b56b63925d3a|93|unspecified,ko,KR,pokemon|ko|KR|tcgdex:SV5K,"{""tcgdex"": ""SV5K""}",093,71,"{""tcgdex"": ""SV5K-093""}","[{""provider"": ""tcgdex"", ""providerCardId"": ""SV5K-093"", ""providerSetId"": ""SV5K"", ""serieId"": ""SV"", ""serieName"": ""스칼렛・바이올렛"", ""sourceLanguage"": ""ko""}]",Explicit language-scoped provider card/set ID plus canonical set and collector identity; native name is corroborating only.,,exact_catalogue_record
pokemon|ko|KR|set:03e9b56b63925d3a|92|unspecified,ko,KR,pokemon|ko|KR|tcgdex:SV5K,"{""tcgdex"": ""SV5K""}",092,71,"{""tcgdex"": ""SV5K-092""}","[{""provider"": ""tcgdex"", ""providerCardId"": ""SV5K-092"", ""providerSetId"": ""SV5K"", ""serieId"": ""SV"", ""serieName"": ""스칼렛・바이올렛"", ""sourceLanguage"": ""ko""}]",Explicit language-scoped provider card/set ID plus canonical set and collector identity; native name is corroborating only.,,exact_catalogue_record
pokemon|ko|KR|set:03e9b56b63925d3a|91|unspecified,ko,KR,pokemon|ko|KR|tcgdex:SV5K,"{""tcgdex"": ""SV5K""}",091,71,"{""tcgdex"": ""SV5K-091""}","[{""provider"": ""tcgdex"", ""providerCardId"": ""SV5K-091"", ""providerSetId"": ""SV5K"", ""serieId"": ""SV"", ""serieName"": ""스칼렛・바이올렛"", ""sourceLanguage"": ""ko""}]",Explicit language-scoped provider card/set ID plus canonical set and collector identity; native name is corroborating only.,,exact_catalogue_record
pokemon|ko|KR|set:03e9b56b63925d3a|90|unspecified,ko,KR,pokemon|ko|KR|tcgdex:SV5K,"{""tcgdex"": ""SV5K""}",090,71,"{""tcgdex"": ""SV5K-090""}","[{""provider"": ""tcgdex"", ""providerCardId"": ""SV5K-090"", ""providerSetId"": ""SV5K"", ""serieId"": ""SV"", ""serieName"": ""스칼렛・바이올렛"", ""sourceLanguage"": ""ko""}]",Explicit language-scoped provider card/set ID plus canonical set and collector identity; native name is corroborating only.,,exact_catalogue_record
pokemon|ko|KR|set:03e9b56b63925d3a|8|unspecified,ko,KR,pokemon|ko|KR|tcgdex:SV5K,"{""tcgdex"": ""SV5K""}",008,71,"{""tcgdex"": ""SV5K-008""}","[{""provider"": ""tcgdex"", ""providerCardId"": ""SV5K-008"", ""providerSetId"": ""SV5K"", ""serieId"": ""SV"", ""serieName"": ""스칼렛・바이올렛"", ""sourceLanguage"": ""ko""}]",Explicit language-scoped provider card/set ID plus canonical set and collector identity; native name is corroborating only.,,exact_catalogue_record
pokemon|ko|KR|set:03e9b56b63925d3a|89|unspecified,ko,KR,pokemon|ko|KR|tcgdex:SV5K,"{""tcgdex"": ""SV5K""}",089,71,"{""tcgdex"": ""SV5K-089""}","[{""provider"": ""tcgdex"", ""providerCardId"": ""SV5K-089"", ""providerSetId"": ""SV5K"", ""serieId"": ""SV"", ""serieName"": ""스칼렛・바이올렛"", ""sourceLanguage"": ""ko""}]",Explicit language-scoped provider card/set ID plus canonical set and collector identity; native name is corroborating only.,,exact_catalogue_record
pokemon|ko|KR|set:03e9b56b63925d3a|88|unspecified,ko,KR,pokemon|ko|KR|tcgdex:SV5K,"{""tcgdex"": ""SV5K""}",088,71,"{""tcgdex"": ""SV5K-088""}","[{""provider"": ""tcgdex"", ""providerCardId"": ""SV5K-088"", ""providerSetId"": ""SV5K"", ""serieId"": ""SV"", ""serieName"": ""스칼렛・바이올렛"", ""sourceLanguage"": ""ko""}]",Explicit language-scoped provider card/set ID plus canonical set and collector identity; native name is corroborating only.,,exact_catalogue_record
pokemon|ko|KR|set:03e9b56b63925d3a|87|unspecified,ko,KR,pokemon|ko|KR|tcgdex:SV5K,"{""tcgdex"": ""SV5K""}",087,71,"{""tcgdex"": ""SV5K-087""}","[{""provider"": ""tcgdex"", ""providerCardId"": ""SV5K-087"", ""providerSetId"": ""SV5K"", ""serieId"": ""SV"", ""serieName"": ""스칼렛・바이올렛"", ""sourceLanguage"": ""ko""}]",Explicit language-scoped provider card/set ID plus canonical set and collector identity; native name is corroborating only.,,exact_catalogue_record
pokemon|ko|KR|set:656c66f1bb45483c|1|unspecified,ko,KR,pokemon|ko|KR|tcgdex:SV4K,"{""tcgdex"": ""SV4K""}",001,66,"{""tcgdex"": ""SV4K-001""}","[{""provider"": ""tcgdex"", ""providerCardId"": ""SV4K-001"", ""providerSetId"": ""SV4K"", ""serieId"": ""SV"", ""serieName"": ""스칼렛・바이올렛"", ""sourceLanguage"": ""ko""}]",Explicit language-scoped provider card/set ID plus canonical set and collector identity; native name is corroborating only.,,exact_catalogue_record
pokemon|ko|KR|set:656c66f1bb45483c|10|unspecified,ko,KR,pokemon|ko|KR|tcgdex:SV4K,"{""tcgdex"": ""SV4K""}",010,66,"{""tcgdex"": ""SV4K-010""}","[{""provider"": ""tcgdex"", ""providerCardId"": ""SV4K-010"", ""providerSetId"": ""SV4K"", ""serieId"": ""SV"", ""serieName"": ""스칼렛・바이올렛"", ""sourceLanguage"": ""ko""}]",Explicit language-scoped provider card/set ID plus canonical set and collector identity; native name is corroborating only.,,exact_catalogue_record
pokemon|ko|KR|set:656c66f1bb45483c|11|unspecified,ko,KR,pokemon|ko|KR|tcgdex:SV4K,"{""tcgdex"": ""SV4K""}",011,66,"{""tcgdex"": ""SV4K-011""}","[{""provider"": ""tcgdex"", ""providerCardId"": ""SV4K-011"", ""providerSetId"": ""SV4K"", ""serieId"": ""SV"", ""serieName"": ""스칼렛・바이올렛"", ""sourceLanguage"": ""ko""}]",Explicit language-scoped provider card/set ID plus canonical set and collector identity; native name is corroborating only.,,exact_catalogue_record
pokemon|ko|KR|set:656c66f1bb45483c|12|unspecified,ko,KR,pokemon|ko|KR|tcgdex:SV4K,"{""tcgdex"": ""SV4K""}",012,66,"{""tcgdex"": ""SV4K-012""}","[{""provider"": ""tcgdex"", ""providerCardId"": ""SV4K-012"", ""providerSetId"": ""SV4K"", ""serieId"": ""SV"", ""serieName"": ""스칼렛・바이올렛"", ""sourceLanguage"": ""ko""}]",Explicit language-scoped provider card/set ID plus canonical set and collector identity; native name is corroborating only.,,exact_catalogue_record
pokemon|ko|KR|set:656c66f1bb45483c|13|unspecified,ko,KR,pokemon|ko|KR|tcgdex:SV4K,"{""tcgdex"": ""SV4K""}",013,66,"{""tcgdex"": ""SV4K-013""}","[{""provider"": ""tcgdex"", ""providerCardId"": ""SV4K-013"", ""providerSetId"": ""SV4K"", ""serieId"": ""SV"", ""serieName"": ""스칼렛・바이올렛"", ""sourceLanguage"": ""ko""}]",Explicit language-scoped provider card/set ID plus canonical set and collector identity; native name is corroborating only.,,exact_catalogue_record
pokemon|ko|KR|set:656c66f1bb45483c|14|unspecified,ko,KR,pokemon|ko|KR|tcgdex:SV4K,"{""tcgdex"": ""SV4K""}",014,66,"{""tcgdex"": ""SV4K-014""}","[{""provider"": ""tcgdex"", ""providerCardId"": ""SV4K-014"", ""providerSetId"": ""SV4K"", ""serieId"": ""SV"", ""serieName"": ""스칼렛・바이올렛"", ""sourceLanguage"": ""ko""}]",Explicit language-scoped provider card/set ID plus canonical set and collector identity; native name is corroborating only.,,exact_catalogue_record
pokemon|ko|KR|set:656c66f1bb45483c|15|unspecified,ko,KR,pokemon|ko|KR|tcgdex:SV4K,"{""tcgdex"": ""SV4K""}",015,66,"{""tcgdex"": ""SV4K-015""}","[{""provider"": ""tcgdex"", ""providerCardId"": ""SV4K-015"", ""providerSetId"": ""SV4K"", ""serieId"": ""SV"", ""serieName"": ""스칼렛・바이올렛"", ""sourceLanguage"": ""ko""}]",Explicit language-scoped provider card/set ID plus canonical set and collector identity; native name is corroborating only.,,exact_catalogue_record
pokemon|ko|KR|set:656c66f1bb45483c|16|unspecified,ko,KR,pokemon|ko|KR|tcgdex:SV4K,"{""tcgdex"": ""SV4K""}",016,66,"{""tcgdex"": ""SV4K-016""}","[{""provider"": ""tcgdex"", ""providerCardId"": ""SV4K-016"", ""providerSetId"": ""SV4K"", ""serieId"": ""SV"", ""serieName"": ""스칼렛・바이올렛"", ""sourceLanguage"": ""ko""}]",Explicit language-scoped provider card/set ID plus canonical set and collector identity; native name is corroborating only.,,exact_catalogue_record
pokemon|ko|KR|set:656c66f1bb45483c|17|unspecified,ko,KR,pokemon|ko|KR|tcgdex:SV4K,"{""tcgdex"": ""SV4K""}",017,66,"{""tcgdex"": ""SV4K-017""}","[{""provider"": ""tcgdex"", ""providerCardId"": ""SV4K-017"", ""providerSetId"": ""SV4K"", ""serieId"": ""SV"", ""serieName"": ""스칼렛・바이올렛"", ""sourceLanguage"": ""ko""}]",Explicit language-scoped provider card/set ID plus canonical set and collector identity; native name is corroborating only.,,exact_catalogue_record
pokemon|ko|KR|set:656c66f1bb45483c|18|unspecified,ko,KR,pokemon|ko|KR|tcgdex:SV4K,"{""tcgdex"": ""SV4K""}",018,66,"{""tcgdex"": ""SV4K-018""}","[{""provider"": ""tcgdex"", ""providerCardId"": ""SV4K-018"", ""providerSetId"": ""SV4K"", ""serieId"": ""SV"", ""serieName"": ""스칼렛・바이올렛"", ""sourceLanguage"": ""ko""}]",Explicit language-scoped provider card/set ID plus canonical set and collector identity; native name is corroborating only.,,exact_catalogue_record
pokemon|ko|KR|set:03e9b56b63925d3a|100|unspecified,ko,KR,pokemon|ko|KR|tcgdex:SV5K,"{""tcgdex"": ""SV5K""}",100,71,"{""tcgdex"": ""SV5K-100""}","[{""provider"": ""tcgdex"", ""providerCardId"": ""SV5K-100"", ""providerSetId"": ""SV5K"", ""serieId"": ""SV"", ""serieName"": ""스칼렛・바이올렛"", ""sourceLanguage"": ""ko""}]",Explicit language-scoped provider card/set ID plus canonical set and collector identity; native name is corroborating only.,,exact_catalogue_record
pokemon|ko|KR|set:0a878bd9f4493894|82|unspecified,ko,KR,pokemon|ko|KR|tcgdex:SV4M,"{""tcgdex"": ""SV4M""}",082,66,"{""tcgdex"": ""SV4M-082""}","[{""provider"": ""tcgdex"", ""providerCardId"": ""SV4M-082"", ""providerSetId"": ""SV4M"", ""serieId"": ""SV"", ""serieName"": ""스칼렛・바이올렛"", ""sourceLanguage"": ""ko""}]",Explicit language-scoped provider card/set ID plus canonical set and collector identity; native name is corroborating only.,,exact_catalogue_record
pokemon|ko|KR|set:656c66f1bb45483c|86|unspecified,ko,KR,pokemon|ko|KR|tcgdex:SV4K,"{""tcgdex"": ""SV4K""}",086,66,"{""tcgdex"": ""SV4K-086""}","[{""provider"": ""tcgdex"", ""providerCardId"": ""SV4K-086"", ""providerSetId"": ""SV4K"", ""serieId"": ""SV"", ""serieName"": ""스칼렛・바이올렛"", ""sourceLanguage"": ""ko""}]",Explicit language-scoped provider card/set ID plus canonical set and collector identity; native name is corroborating only.,,exact_catalogue_record
pokemon|ko|KR|set:656c66f1bb45483c|51|unspecified,ko,KR,pokemon|ko|KR|tcgdex:SV4K,"{""tcgdex"": ""SV4K""}",051,66,"{""tcgdex"": ""SV4K-051""}","[{""provider"": ""tcgdex"", ""providerCardId"": ""SV4K-051"", ""providerSetId"": ""SV4K"", ""serieId"": ""SV"", ""serieName"": ""스칼렛・바이올렛"", ""sourceLanguage"": ""ko""}]",Explicit language-scoped provider card/set ID plus canonical set and collector identity; native name is corroborating only.,,exact_catalogue_record
pokemon|ko|KR|set:656c66f1bb45483c|82|unspecified,ko,KR,pokemon|ko|KR|tcgdex:SV4K,"{""tcgdex"": ""SV4K""}",082,66,"{""tcgdex"": ""SV4K-082""}","[{""provider"": ""tcgdex"", ""providerCardId"": ""SV4K-082"", ""providerSetId"": ""SV4K"", ""serieId"": ""SV"", ""serieName"": ""스칼렛・바이올렛"", ""sourceLanguage"": ""ko""}]",Explicit language-scoped provider card/set ID plus canonical set and collector identity; native name is corroborating only.,,exact_catalogue_record
pokemon|ko|KR|set:656c66f1bb45483c|81|unspecified,ko,KR,pokemon|ko|KR|tcgdex:SV4K,"{""tcgdex"": ""SV4K""}",081,66,"{""tcgdex"": ""SV4K-081""}","[{""provider"": ""tcgdex"", ""providerCardId"": ""SV4K-081"", ""providerSetId"": ""SV4K"", ""serieId"": ""SV"", ""serieName"": ""스칼렛・바이올렛"", ""sourceLanguage"": ""ko""}]",Explicit language-scoped provider card/set ID plus canonical set and collector identity; native name is corroborating only.,,exact_catalogue_record
pokemon|ko|KR|set:0a878bd9f4493894|2|unspecified,ko,KR,pokemon|ko|KR|tcgdex:SV4M,"{""tcgdex"": ""SV4M""}",002,66,"{""tcgdex"": ""SV4M-002""}","[{""provider"": ""tcgdex"", ""providerCardId"": ""SV4M-002"", ""providerSetId"": ""SV4M"", ""serieId"": ""SV"", ""serieName"": ""스칼렛・바이올렛"", ""sourceLanguage"": ""ko""}]",Explicit language-scoped provider card/set ID plus canonical set and collector identity; native name is corroborating only.,,exact_catalogue_record
pokemon|ko|KR|set:03e9b56b63925d3a|1|unspecified,ko,KR,pokemon|ko|KR|tcgdex:SV5K,"{""tcgdex"": ""SV5K""}",001,71,"{""tcgdex"": ""SV5K-001""}","[{""provider"": ""tcgdex"", ""providerCardId"": ""SV5K-001"", ""providerSetId"": ""SV5K"", ""serieId"": ""SV"", ""serieName"": ""스칼렛・바이올렛"", ""sourceLanguage"": ""ko""}]",Explicit language-scoped provider card/set ID plus canonical set and collector identity; native name is corroborating only.,,exact_catalogue_record
pokemon|ko|KR|set:656c66f1bb45483c|7|unspecified,ko,KR,pokemon|ko|KR|tcgdex:SV4K,"{""tcgdex"": ""SV4K""}",007,66,"{""tcgdex"": ""SV4K-007""}","[{""provider"": ""tcgdex"", ""providerCardId"": ""SV4K-007"", ""providerSetId"": ""SV4K"", ""serieId"": ""SV"", ""serieName"": ""스칼렛・바이올렛"", ""sourceLanguage"": ""ko""}]",Explicit language-scoped provider card/set ID plus canonical set and collector identity; native name is corroborating only.,,exact_catalogue_record
pokemon|ko|KR|set:0a878bd9f4493894|59|unspecified,ko,KR,pokemon|ko|KR|tcgdex:SV4M,"{""tcgdex"": ""SV4M""}",059,66,"{""tcgdex"": ""SV4M-059""}","[{""provider"": ""tcgdex"", ""providerCardId"": ""SV4M-059"", ""providerSetId"": ""SV4M"", ""serieId"": ""SV"", ""serieName"": ""스칼렛・바이올렛"", ""sourceLanguage"": ""ko""}]",Explicit language-scoped provider card/set ID plus canonical set and collector identity; native name is corroborating only.,,exact_catalogue_record
pokemon|ko|KR|set:0a878bd9f4493894|69|unspecified,ko,KR,pokemon|ko|KR|tcgdex:SV4M,"{""tcgdex"": ""SV4M""}",069,66,"{""tcgdex"": ""SV4M-069""}","[{""provider"": ""tcgdex"", ""providerCardId"": ""SV4M-069"", ""providerSetId"": ""SV4M"", ""serieId"": ""SV"", ""serieName"": ""스칼렛・바이올렛"", ""sourceLanguage"": ""ko""}]",Explicit language-scoped provider card/set ID plus canonical set and collector identity; native name is corroborating only.,,exact_catalogue_record
pokemon|ko|KR|set:0a878bd9f4493894|9|unspecified,ko,KR,pokemon|ko|KR|tcgdex:SV4M,"{""tcgdex"": ""SV4M""}",009,66,"{""tcgdex"": ""SV4M-009""}","[{""provider"": ""tcgdex"", ""providerCardId"": ""SV4M-009"", ""providerSetId"": ""SV4M"", ""serieId"": ""SV"", ""serieName"": ""스칼렛・바이올렛"", ""sourceLanguage"": ""ko""}]",Explicit language-scoped provider card/set ID plus canonical set and collector identity; native name is corroborating only.,,exact_catalogue_record
pokemon|ko|KR|set:656c66f1bb45483c|60|unspecified,ko,KR,pokemon|ko|KR|tcgdex:SV4K,"{""tcgdex"": ""SV4K""}",060,66,"{""tcgdex"": ""SV4K-060""}","[{""provider"": ""tcgdex"", ""providerCardId"": ""SV4K-060"", ""providerSetId"": ""SV4K"", ""serieId"": ""SV"", ""serieName"": ""스칼렛・바이올렛"", ""sourceLanguage"": ""ko""}]",Explicit language-scoped provider card/set ID plus canonical set and collector identity; native name is corroborating only.,,exact_catalogue_record
pokemon|ko|KR|set:0a878bd9f4493894|77|unspecified,ko,KR,pokemon|ko|KR|tcgdex:SV4M,"{""tcgdex"": ""SV4M""}",077,66,"{""tcgdex"": ""SV4M-077""}","[{""provider"": ""tcgdex"", ""providerCardId"": ""SV4M-077"", ""providerSetId"": ""SV4M"", ""serieId"": ""SV"", ""serieName"": ""스칼렛・바이올렛"", ""sourceLanguage"": ""ko""}]",Explicit language-scoped provider card/set ID plus canonical set and collector identity; native name is corroborating only.,,exact_catalogue_record
pokemon|ko|KR|set:0a878bd9f4493894|70|unspecified,ko,KR,pokemon|ko|KR|tcgdex:SV4M,"{""tcgdex"": ""SV4M""}",070,66,"{""tcgdex"": ""SV4M-070""}","[{""provider"": ""tcgdex"", ""providerCardId"": ""SV4M-070"", ""providerSetId"": ""SV4M"", ""serieId"": ""SV"", ""serieName"": ""스칼렛・바이올렛"", ""sourceLanguage"": ""ko""}]",Explicit language-scoped provider card/set ID plus canonical set and collector identity; native name is corroborating only.,,exact_catalogue_record
pokemon|ko|KR|set:656c66f1bb45483c|19|unspecified,ko,KR,pokemon|ko|KR|tcgdex:SV4K,"{""tcgdex"": ""SV4K""}",019,66,"{""tcgdex"": ""SV4K-019""}","[{""provider"": ""tcgdex"", ""providerCardId"": ""SV4K-019"", ""providerSetId"": ""SV4K"", ""serieId"": ""SV"", ""serieName"": ""스칼렛・바이올렛"", ""sourceLanguage"": ""ko""}]",Explicit language-scoped provider card/set ID plus canonical set and collector identity; native name is corroborating only.,,exact_catalogue_record
pokemon|ko|KR|set:0a878bd9f4493894|37|unspecified,ko,KR,pokemon|ko|KR|tcgdex:SV4M,"{""tcgdex"": ""SV4M""}",037,66,"{""tcgdex"": ""SV4M-037""}","[{""provider"": ""tcgdex"", ""providerCardId"": ""SV4M-037"", ""providerSetId"": ""SV4M"", ""serieId"": ""SV"", ""serieName"": ""스칼렛・바이올렛"", ""sourceLanguage"": ""ko""}]",Explicit language-scoped provider card/set ID plus canonical set and collector identity; native name is corroborating only.,,exact_catalogue_record
pokemon|ko|KR|set:0a878bd9f4493894|65|unspecified,ko,KR,pokemon|ko|KR|tcgdex:SV4M,"{""tcgdex"": ""SV4M""}",065,66,"{""tcgdex"": ""SV4M-065""}","[{""provider"": ""tcgdex"", ""providerCardId"": ""SV4M-065"", ""providerSetId"": ""SV4M"", ""serieId"": ""SV"", ""serieName"": ""스칼렛・바이올렛"", ""sourceLanguage"": ""ko""}]",Explicit language-scoped provider card/set ID plus canonical set and collector identity; native name is corroborating only.,,exact_catalogue_record
pokemon|ko|KR|set:656c66f1bb45483c|39|unspecified,ko,KR,pokemon|ko|KR|tcgdex:SV4K,"{""tcgdex"": ""SV4K""}",039,66,"{""tcgdex"": ""SV4K-039""}","[{""provider"": ""tcgdex"", ""providerCardId"": ""SV4K-039"", ""providerSetId"": ""SV4K"", ""serieId"": ""SV"", ""serieName"": ""스칼렛・바이올렛"", ""sourceLanguage"": ""ko""}]",Explicit language-scoped provider card/set ID plus canonical set and collector identity; native name is corroborating only.,,exact_catalogue_record
pokemon|ko|KR|set:0a878bd9f4493894|87|unspecified,ko,KR,pokemon|ko|KR|tcgdex:SV4M,"{""tcgdex"": ""SV4M""}",087,66,"{""tcgdex"": ""SV4M-087""}","[{""provider"": ""tcgdex"", ""providerCardId"": ""SV4M-087"", ""providerSetId"": ""SV4M"", ""serieId"": ""SV"", ""serieName"": ""스칼렛・바이올렛"", ""sourceLanguage"": ""ko""}]",Explicit language-scoped provider card/set ID plus canonical set and collector identity; native name is corroborating only.,,exact_catalogue_record
pokemon|ko|KR|set:656c66f1bb45483c|65|unspecified,ko,KR,pokemon|ko|KR|tcgdex:SV4K,"{""tcgdex"": ""SV4K""}",065,66,"{""tcgdex"": ""SV4K-065""}","[{""provider"": ""tcgdex"", ""providerCardId"": ""SV4K-065"", ""providerSetId"": ""SV4K"", ""serieId"": ""SV"", ""serieName"": ""스칼렛・바이올렛"", ""sourceLanguage"": ""ko""}]",Explicit language-scoped provider card/set ID plus canonical set and collector identity; native name is corroborating only.,,exact_catalogue_record
pokemon|ko|KR|set:0a878bd9f4493894|30|unspecified,ko,KR,pokemon|ko|KR|tcgdex:SV4M,"{""tcgdex"": ""SV4M""}",030,66,"{""tcgdex"": ""SV4M-030""}","[{""provider"": ""tcgdex"", ""providerCardId"": ""SV4M-030"", ""providerSetId"": ""SV4M"", ""serieId"": ""SV"", ""serieName"": ""스칼렛・바이올렛"", ""sourceLanguage"": ""ko""}]",Explicit language-scoped provider card/set ID plus canonical set and collector identity; native name is corroborating only.,,exact_catalogue_record
pokemon|ko|KR|set:0a878bd9f4493894|74|unspecified,ko,KR,pokemon|ko|KR|tcgdex:SV4M,"{""tcgdex"": ""SV4M""}",074,66,"{""tcgdex"": ""SV4M-074""}","[{""provider"": ""tcgdex"", ""providerCardId"": ""SV4M-074"", ""providerSetId"": ""SV4M"", ""serieId"": ""SV"", ""serieName"": ""스칼렛・바이올렛"", ""sourceLanguage"": ""ko""}]",Explicit language-scoped provider card/set ID plus canonical set and collector identity; native name is corroborating only.,,exact_catalogue_record
pokemon|ko|KR|set:656c66f1bb45483c|58|unspecified,ko,KR,pokemon|ko|KR|tcgdex:SV4K,"{""tcgdex"": ""SV4K""}",058,66,"{""tcgdex"": ""SV4K-058""}","[{""provider"": ""tcgdex"", ""providerCardId"": ""SV4K-058"", ""providerSetId"": ""SV4K"", ""serieId"": ""SV"", ""serieName"": ""스칼렛・바이올렛"", ""sourceLanguage"": ""ko""}]",Explicit language-scoped provider card/set ID plus canonical set and collector identity; native name is corroborating only.,,exact_catalogue_record
pokemon|ko|KR|set:656c66f1bb45483c|54|unspecified,ko,KR,pokemon|ko|KR|tcgdex:SV4K,"{""tcgdex"": ""SV4K""}",054,66,"{""tcgdex"": ""SV4K-054""}","[{""provider"": ""tcgdex"", ""providerCardId"": ""SV4K-054"", ""providerSetId"": ""SV4K"", ""serieId"": ""SV"", ""serieName"": ""스칼렛・바이올렛"", ""sourceLanguage"": ""ko""}]",Explicit language-scoped provider card/set ID plus canonical set and collector identity; native name is corroborating only.,,exact_catalogue_record
pokemon|ko|KR|set:656c66f1bb45483c|59|unspecified,ko,KR,pokemon|ko|KR|tcgdex:SV4K,"{""tcgdex"": ""SV4K""}",059,66,"{""tcgdex"": ""SV4K-059""}","[{""provider"": ""tcgdex"", ""providerCardId"": ""SV4K-059"", ""providerSetId"": ""SV4K"", ""serieId"": ""SV"", ""serieName"": ""스칼렛・바이올렛"", ""sourceLanguage"": ""ko""}]",Explicit language-scoped provider card/set ID plus canonical set and collector identity; native name is corroborating only.,,exact_catalogue_record
pokemon|ko|KR|set:0a878bd9f4493894|29|unspecified,ko,KR,pokemon|ko|KR|tcgdex:SV4M,"{""tcgdex"": ""SV4M""}",029,66,"{""tcgdex"": ""SV4M-029""}","[{""provider"": ""tcgdex"", ""providerCardId"": ""SV4M-029"", ""providerSetId"": ""SV4M"", ""serieId"": ""SV"", ""serieName"": ""스칼렛・바이올렛"", ""sourceLanguage"": ""ko""}]",Explicit language-scoped provider card/set ID plus canonical set and collector identity; native name is corroborating only.,,exact_catalogue_record
pokemon|ko|KR|set:0a878bd9f4493894|40|unspecified,ko,KR,pokemon|ko|KR|tcgdex:SV4M,"{""tcgdex"": ""SV4M""}",040,66,"{""tcgdex"": ""SV4M-040""}","[{""provider"": ""tcgdex"", ""providerCardId"": ""SV4M-040"", ""providerSetId"": ""SV4M"", ""serieId"": ""SV"", ""serieName"": ""스칼렛・바이올렛"", ""sourceLanguage"": ""ko""}]",Explicit language-scoped provider card/set ID plus canonical set and collector identity; native name is corroborating only.,,exact_catalogue_record
pokemon|ko|KR|set:656c66f1bb45483c|75|unspecified,ko,KR,pokemon|ko|KR|tcgdex:SV4K,"{""tcgdex"": ""SV4K""}",075,66,"{""tcgdex"": ""SV4K-075""}","[{""provider"": ""tcgdex"", ""providerCardId"": ""SV4K-075"", ""providerSetId"": ""SV4K"", ""serieId"": ""SV"", ""serieName"": ""스칼렛・바이올렛"", ""sourceLanguage"": ""ko""}]",Explicit language-scoped provider card/set ID plus canonical set and collector identity; native name is corroborating only.,,exact_catalogue_record
pokemon|ko|KR|set:656c66f1bb45483c|69|unspecified,ko,KR,pokemon|ko|KR|tcgdex:SV4K,"{""tcgdex"": ""SV4K""}",069,66,"{""tcgdex"": ""SV4K-069""}","[{""provider"": ""tcgdex"", ""providerCardId"": ""SV4K-069"", ""providerSetId"": ""SV4K"", ""serieId"": ""SV"", ""serieName"": ""스칼렛・바이올렛"", ""sourceLanguage"": ""ko""}]",Explicit language-scoped provider card/set ID plus canonical set and collector identity; native name is corroborating only.,,exact_catalogue_record
pokemon|ko|KR|set:656c66f1bb45483c|90|unspecified,ko,KR,pokemon|ko|KR|tcgdex:SV4K,"{""tcgdex"": ""SV4K""}",090,66,"{""tcgdex"": ""SV4K-090""}","[{""provider"": ""tcgdex"", ""providerCardId"": ""SV4K-090"", ""providerSetId"": ""SV4K"", ""serieId"": ""SV"", ""serieName"": ""스칼렛・바이올렛"", ""sourceLanguage"": ""ko""}]",Explicit language-scoped provider card/set ID plus canonical set and collector identity; native name is corroborating only.,,exact_catalogue_record
pokemon|ko|KR|set:656c66f1bb45483c|93|unspecified,ko,KR,pokemon|ko|KR|tcgdex:SV4K,"{""tcgdex"": ""SV4K""}",093,66,"{""tcgdex"": ""SV4K-093""}","[{""provider"": ""tcgdex"", ""providerCardId"": ""SV4K-093"", ""providerSetId"": ""SV4K"", ""serieId"": ""SV"", ""serieName"": ""스칼렛・바이올렛"", ""sourceLanguage"": ""ko""}]",Explicit language-scoped provider card/set ID plus canonical set and collector identity; native name is corroborating only.,,exact_catalogue_record
pokemon|ko|KR|set:0a878bd9f4493894|89|unspecified,ko,KR,pokemon|ko|KR|tcgdex:SV4M,"{""tcgdex"": ""SV4M""}",089,66,"{""tcgdex"": ""SV4M-089""}","[{""provider"": ""tcgdex"", ""providerCardId"": ""SV4M-089"", ""providerSetId"": ""SV4M"", ""serieId"": ""SV"", ""serieName"": ""스칼렛・바이올렛"", ""sourceLanguage"": ""ko""}]",Explicit language-scoped provider card/set ID plus canonical set and collector identity; native name is corroborating only.,,exact_catalogue_record
pokemon|ko|KR|set:0a878bd9f4493894|60|unspecified,ko,KR,pokemon|ko|KR|tcgdex:SV4M,"{""tcgdex"": ""SV4M""}",060,66,"{""tcgdex"": ""SV4M-060""}","[{""provider"": ""tcgdex"", ""providerCardId"": ""SV4M-060"", ""providerSetId"": ""SV4M"", ""serieId"": ""SV"", ""serieName"": ""스칼렛・바이올렛"", ""sourceLanguage"": ""ko""}]",Explicit language-scoped provider card/set ID plus canonical set and collector identity; native name is corroborating only.,,exact_catalogue_record
pokemon|ko|KR|set:656c66f1bb45483c|68|unspecified,ko,KR,pokemon|ko|KR|tcgdex:SV4K,"{""tcgdex"": ""SV4K""}",068,66,"{""tcgdex"": ""SV4K-068""}","[{""provider"": ""tcgdex"", ""providerCardId"": ""SV4K-068"", ""providerSetId"": ""SV4K"", ""serieId"": ""SV"", ""serieName"": ""스칼렛・바이올렛"", ""sourceLanguage"": ""ko""}]",Explicit language-scoped provider card/set ID plus canonical set and collector identity; native name is corroborating only.,,exact_catalogue_record
pokemon|ko|KR|set:656c66f1bb45483c|23|unspecified,ko,KR,pokemon|ko|KR|tcgdex:SV4K,"{""tcgdex"": ""SV4K""}",023,66,"{""tcgdex"": ""SV4K-023""}","[{""provider"": ""tcgdex"", ""providerCardId"": ""SV4K-023"", ""providerSetId"": ""SV4K"", ""serieId"": ""SV"", ""serieName"": ""스칼렛・바이올렛"", ""sourceLanguage"": ""ko""}]",Explicit language-scoped provider card/set ID plus canonical set and collector identity; native name is corroborating only.,,exact_catalogue_record
pokemon|ko|KR|set:0a878bd9f4493894|6|unspecified,ko,KR,pokemon|ko|KR|tcgdex:SV4M,"{""tcgdex"": ""SV4M""}",006,66,"{""tcgdex"": ""SV4M-006""}","[{""provider"": ""tcgdex"", ""providerCardId"": ""SV4M-006"", ""providerSetId"": ""SV4M"", ""serieId"": ""SV"", ""serieName"": ""스칼렛・바이올렛"", ""sourceLanguage"": ""ko""}]",Explicit language-scoped provider card/set ID plus canonical set and collector identity; native name is corroborating only.,,exact_catalogue_record
pokemon|ko|KR|set:03e9b56b63925d3a|18|unspecified,ko,KR,pokemon|ko|KR|tcgdex:SV5K,"{""tcgdex"": ""SV5K""}",018,71,"{""tcgdex"": ""SV5K-018""}","[{""provider"": ""tcgdex"", ""providerCardId"": ""SV5K-018"", ""providerSetId"": ""SV5K"", ""serieId"": ""SV"", ""serieName"": ""스칼렛・바이올렛"", ""sourceLanguage"": ""ko""}]",Explicit language-scoped provider card/set ID plus canonical set and collector identity; native name is corroborating only.,,exact_catalogue_record
pokemon|ko|KR|set:656c66f1bb45483c|44|unspecified,ko,KR,pokemon|ko|KR|tcgdex:SV4K,"{""tcgdex"": ""SV4K""}",044,66,"{""tcgdex"": ""SV4K-044""}","[{""provider"": ""tcgdex"", ""providerCardId"": ""SV4K-044"", ""providerSetId"": ""SV4K"", ""serieId"": ""SV"", ""serieName"": ""스칼렛・바이올렛"", ""sourceLanguage"": ""ko""}]",Explicit language-scoped provider card/set ID plus canonical set and collector identity; native name is corroborating only.,,exact_catalogue_record
pokemon|ko|KR|set:656c66f1bb45483c|36|unspecified,ko,KR,pokemon|ko|KR|tcgdex:SV4K,"{""tcgdex"": ""SV4K""}",036,66,"{""tcgdex"": ""SV4K-036""}","[{""provider"": ""tcgdex"", ""providerCardId"": ""SV4K-036"", ""providerSetId"": ""SV4K"", ""serieId"": ""SV"", ""serieName"": ""스칼렛・바이올렛"", ""sourceLanguage"": ""ko""}]",Explicit language-scoped provider card/set ID plus canonical set and collector identity; native name is corroborating only.,,exact_catalogue_record
pokemon|ko|KR|set:656c66f1bb45483c|34|unspecified,ko,KR,pokemon|ko|KR|tcgdex:SV4K,"{""tcgdex"": ""SV4K""}",034,66,"{""tcgdex"": ""SV4K-034""}","[{""provider"": ""tcgdex"", ""providerCardId"": ""SV4K-034"", ""providerSetId"": ""SV4K"", ""serieId"": ""SV"", ""serieName"": ""스칼렛・바이올렛"", ""sourceLanguage"": ""ko""}]",Explicit language-scoped provider card/set ID plus canonical set and collector identity; native name is corroborating only.,,exact_catalogue_record
pokemon|ko|KR|set:0a878bd9f4493894|90|unspecified,ko,KR,pokemon|ko|KR|tcgdex:SV4M,"{""tcgdex"": ""SV4M""}",090,66,"{""tcgdex"": ""SV4M-090""}","[{""provider"": ""tcgdex"", ""providerCardId"": ""SV4M-090"", ""providerSetId"": ""SV4M"", ""serieId"": ""SV"", ""serieName"": ""스칼렛・바이올렛"", ""sourceLanguage"": ""ko""}]",Explicit language-scoped provider card/set ID plus canonical set and collector identity; native name is corroborating only.,,exact_catalogue_record
pokemon|ko|KR|set:656c66f1bb45483c|66|unspecified,ko,KR,pokemon|ko|KR|tcgdex:SV4K,"{""tcgdex"": ""SV4K""}",066,66,"{""tcgdex"": ""SV4K-066""}","[{""provider"": ""tcgdex"", ""providerCardId"": ""SV4K-066"", ""providerSetId"": ""SV4K"", ""serieId"": ""SV"", ""serieName"": ""스칼렛・바이올렛"", ""sourceLanguage"": ""ko""}]",Explicit language-scoped provider card/set ID plus canonical set and collector identity; native name is corroborating only.,,exact_catalogue_record
pokemon|ko|KR|set:656c66f1bb45483c|49|unspecified,ko,KR,pokemon|ko|KR|tcgdex:SV4K,"{""tcgdex"": ""SV4K""}",049,66,"{""tcgdex"": ""SV4K-049""}","[{""provider"": ""tcgdex"", ""providerCardId"": ""SV4K-049"", ""providerSetId"": ""SV4K"", ""serieId"": ""SV"", ""serieName"": ""스칼렛・바이올렛"", ""sourceLanguage"": ""ko""}]",Explicit language-scoped provider card/set ID plus canonical set and collector identity; native name is corroborating only.,,exact_catalogue_record
pokemon|ko|KR|set:0a878bd9f4493894|27|unspecified,ko,KR,pokemon|ko|KR|tcgdex:SV4M,"{""tcgdex"": ""SV4M""}",027,66,"{""tcgdex"": ""SV4M-027""}","[{""provider"": ""tcgdex"", ""providerCardId"": ""SV4M-027"", ""providerSetId"": ""SV4M"", ""serieId"": ""SV"", ""serieName"": ""스칼렛・바이올렛"", ""sourceLanguage"": ""ko""}]",Explicit language-scoped provider card/set ID plus canonical set and collector identity; native name is corroborating only.,,exact_catalogue_record
pokemon|ko|KR|set:0a878bd9f4493894|75|unspecified,ko,KR,pokemon|ko|KR|tcgdex:SV4M,"{""tcgdex"": ""SV4M""}",075,66,"{""tcgdex"": ""SV4M-075""}","[{""provider"": ""tcgdex"", ""providerCardId"": ""SV4M-075"", ""providerSetId"": ""SV4M"", ""serieId"": ""SV"", ""serieName"": ""스칼렛・바이올렛"", ""sourceLanguage"": ""ko""}]",Explicit language-scoped provider card/set ID plus canonical set and collector identity; native name is corroborating only.,,exact_catalogue_record
pokemon|ko|KR|set:03e9b56b63925d3a|19|unspecified,ko,KR,pokemon|ko|KR|tcgdex:SV5K,"{""tcgdex"": ""SV5K""}",019,71,"{""tcgdex"": ""SV5K-019""}","[{""provider"": ""tcgdex"", ""providerCardId"": ""SV5K-019"", ""providerSetId"": ""SV5K"", ""serieId"": ""SV"", ""serieName"": ""스칼렛・바이올렛"", ""sourceLanguage"": ""ko""}]",Explicit language-scoped provider card/set ID plus canonical set and collector identity; native name is corroborating only.,,exact_catalogue_record
pokemon|ko|KR|set:656c66f1bb45483c|95|unspecified,ko,KR,pokemon|ko|KR|tcgdex:SV4K,"{""tcgdex"": ""SV4K""}",095,66,"{""tcgdex"": ""SV4K-095""}","[{""provider"": ""tcgdex"", ""providerCardId"": ""SV4K-095"", ""providerSetId"": ""SV4K"", ""serieId"": ""SV"", ""serieName"": ""스칼렛・바이올렛"", ""sourceLanguage"": ""ko""}]",Explicit language-scoped provider card/set ID plus canonical set and collector identity; native name is corroborating only.,,exact_catalogue_record
pokemon|ko|KR|set:03e9b56b63925d3a|10|unspecified,ko,KR,pokemon|ko|KR|tcgdex:SV5K,"{""tcgdex"": ""SV5K""}",010,71,"{""tcgdex"": ""SV5K-010""}","[{""provider"": ""tcgdex"", ""providerCardId"": ""SV5K-010"", ""providerSetId"": ""SV5K"", ""serieId"": ""SV"", ""serieName"": ""스칼렛・바이올렛"", ""sourceLanguage"": ""ko""}]",Explicit language-scoped provider card/set ID plus canonical set and collector identity; native name is corroborating only.,,exact_catalogue_record
pokemon|ko|KR|set:03e9b56b63925d3a|15|unspecified,ko,KR,pokemon|ko|KR|tcgdex:SV5K,"{""tcgdex"": ""SV5K""}",015,71,"{""tcgdex"": ""SV5K-015""}","[{""provider"": ""tcgdex"", ""providerCardId"": ""SV5K-015"", ""providerSetId"": ""SV5K"", ""serieId"": ""SV"", ""serieName"": ""스칼렛・바이올렛"", ""sourceLanguage"": ""ko""}]",Explicit language-scoped provider card/set ID plus canonical set and collector identity; native name is corroborating only.,,exact_catalogue_record
pokemon|ko|KR|set:0a878bd9f4493894|35|unspecified,ko,KR,pokemon|ko|KR|tcgdex:SV4M,"{""tcgdex"": ""SV4M""}",035,66,"{""tcgdex"": ""SV4M-035""}","[{""provider"": ""tcgdex"", ""providerCardId"": ""SV4M-035"", ""providerSetId"": ""SV4M"", ""serieId"": ""SV"", ""serieName"": ""스칼렛・바이올렛"", ""sourceLanguage"": ""ko""}]",Explicit language-scoped provider card/set ID plus canonical set and collector identity; native name is corroborating only.,,exact_catalogue_record
pokemon|ko|KR|set:03e9b56b63925d3a|13|unspecified,ko,KR,pokemon|ko|KR|tcgdex:SV5K,"{""tcgdex"": ""SV5K""}",013,71,"{""tcgdex"": ""SV5K-013""}","[{""provider"": ""tcgdex"", ""providerCardId"": ""SV5K-013"", ""providerSetId"": ""SV5K"", ""serieId"": ""SV"", ""serieName"": ""스칼렛・바이올렛"", ""sourceLanguage"": ""ko""}]",Explicit language-scoped provider card/set ID plus canonical set and collector identity; native name is corroborating only.,,exact_catalogue_record
pokemon|ko|KR|set:656c66f1bb45483c|50|unspecified,ko,KR,pokemon|ko|KR|tcgdex:SV4K,"{""tcgdex"": ""SV4K""}",050,66,"{""tcgdex"": ""SV4K-050""}","[{""provider"": ""tcgdex"", ""providerCardId"": ""SV4K-050"", ""providerSetId"": ""SV4K"", ""serieId"": ""SV"", ""serieName"": ""스칼렛・바이올렛"", ""sourceLanguage"": ""ko""}]",Explicit language-scoped provider card/set ID plus canonical set and collector identity; native name is corroborating only.,,exact_catalogue_record
pokemon|ko|KR|set:0a878bd9f4493894|48|unspecified,ko,KR,pokemon|ko|KR|tcgdex:SV4M,"{""tcgdex"": ""SV4M""}",048,66,"{""tcgdex"": ""SV4M-048""}","[{""provider"": ""tcgdex"", ""providerCardId"": ""SV4M-048"", ""providerSetId"": ""SV4M"", ""serieId"": ""SV"", ""serieName"": ""스칼렛・바이올렛"", ""sourceLanguage"": ""ko""}]",Explicit language-scoped provider card/set ID plus canonical set and collector identity; native name is corroborating only.,,exact_catalogue_record
pokemon|ko|KR|set:656c66f1bb45483c|52|unspecified,ko,KR,pokemon|ko|KR|tcgdex:SV4K,"{""tcgdex"": ""SV4K""}",052,66,"{""tcgdex"": ""SV4K-052""}","[{""provider"": ""tcgdex"", ""providerCardId"": ""SV4K-052"", ""providerSetId"": ""SV4K"", ""serieId"": ""SV"", ""serieName"": ""스칼렛・바이올렛"", ""sourceLanguage"": ""ko""}]",Explicit language-scoped provider card/set ID plus canonical set and collector identity; native name is corroborating only.,,exact_catalogue_record
pokemon|ko|KR|set:0a878bd9f4493894|85|unspecified,ko,KR,pokemon|ko|KR|tcgdex:SV4M,"{""tcgdex"": ""SV4M""}",085,66,"{""tcgdex"": ""SV4M-085""}","[{""provider"": ""tcgdex"", ""providerCardId"": ""SV4M-085"", ""providerSetId"": ""SV4M"", ""serieId"": ""SV"", ""serieName"": ""스칼렛・바이올렛"", ""sourceLanguage"": ""ko""}]",Explicit language-scoped provider card/set ID plus canonical set and collector identity; native name is corroborating only.,,exact_catalogue_record
pokemon|ko|KR|set:656c66f1bb45483c|62|unspecified,ko,KR,pokemon|ko|KR|tcgdex:SV4K,"{""tcgdex"": ""SV4K""}",062,66,"{""tcgdex"": ""SV4K-062""}","[{""provider"": ""tcgdex"", ""providerCardId"": ""SV4K-062"", ""providerSetId"": ""SV4K"", ""serieId"": ""SV"", ""serieName"": ""스칼렛・바이올렛"", ""sourceLanguage"": ""ko""}]",Explicit language-scoped provider card/set ID plus canonical set and collector identity; native name is corroborating only.,,exact_catalogue_record
pokemon|ko|KR|set:03e9b56b63925d3a|16|unspecified,ko,KR,pokemon|ko|KR|tcgdex:SV5K,"{""tcgdex"": ""SV5K""}",016,71,"{""tcgdex"": ""SV5K-016""}","[{""provider"": ""tcgdex"", ""providerCardId"": ""SV5K-016"", ""providerSetId"": ""SV5K"", ""serieId"": ""SV"", ""serieName"": ""스칼렛・바이올렛"", ""sourceLanguage"": ""ko""}]",Explicit language-scoped provider card/set ID plus canonical set and collector identity; native name is corroborating only.,,exact_catalogue_record
pokemon|ko|KR|set:0a878bd9f4493894|52|unspecified,ko,KR,pokemon|ko|KR|tcgdex:SV4M,"{""tcgdex"": ""SV4M""}",052,66,"{""tcgdex"": ""SV4M-052""}","[{""provider"": ""tcgdex"", ""providerCardId"": ""SV4M-052"", ""providerSetId"": ""SV4M"", ""serieId"": ""SV"", ""serieName"": ""스칼렛・바이올렛"", ""sourceLanguage"": ""ko""}]",Explicit language-scoped provider card/set ID plus canonical set and collector identity; native name is corroborating only.,,exact_catalogue_record
pokemon|ko|KR|set:0a878bd9f4493894|76|unspecified,ko,KR,pokemon|ko|KR|tcgdex:SV4M,"{""tcgdex"": ""SV4M""}",076,66,"{""tcgdex"": ""SV4M-076""}","[{""provider"": ""tcgdex"", ""providerCardId"": ""SV4M-076"", ""providerSetId"": ""SV4M"", ""serieId"": ""SV"", ""serieName"": ""스칼렛・바이올렛"", ""sourceLanguage"": ""ko""}]",Explicit language-scoped provider card/set ID plus canonical set and collector identity; native name is corroborating only.,,exact_catalogue_record
pokemon|th|TH|set:6bc583f66149df8a|10|unspecified,th,TH,pokemon|th|TH|tcgdex:S5R,"{""tcgdex"": ""S5R""}",010,70,"{""tcgdex"": ""S5R-010""}","[{""provider"": ""tcgdex"", ""providerCardId"": ""S5R-010"", ""providerSetId"": ""S5R"", ""serieId"": ""S"", ""serieName"": ""ซอร์ด แอนด์ ชีลด์"", ""sourceLanguage"": ""th""}]",Explicit language-scoped provider card/set ID plus canonical set and collector identity; native name is corroborating only.,,exact_catalogue_record
pokemon|th|TH|set:6bc583f66149df8a|11|unspecified,th,TH,pokemon|th|TH|tcgdex:S5R,"{""tcgdex"": ""S5R""}",011,70,"{""tcgdex"": ""S5R-011""}","[{""provider"": ""tcgdex"", ""providerCardId"": ""S5R-011"", ""providerSetId"": ""S5R"", ""serieId"": ""S"", ""serieName"": ""ซอร์ด แอนด์ ชีลด์"", ""sourceLanguage"": ""th""}]",Explicit language-scoped provider card/set ID plus canonical set and collector identity; native name is corroborating only.,,exact_catalogue_record
pokemon|th|TH|set:6bc583f66149df8a|12|unspecified,th,TH,pokemon|th|TH|tcgdex:S5R,"{""tcgdex"": ""S5R""}",012,70,"{""tcgdex"": ""S5R-012""}","[{""provider"": ""tcgdex"", ""providerCardId"": ""S5R-012"", ""providerSetId"": ""S5R"", ""serieId"": ""S"", ""serieName"": ""ซอร์ด แอนด์ ชีลด์"", ""sourceLanguage"": ""th""}]",Explicit language-scoped provider card/set ID plus canonical set and collector identity; native name is corroborating only.,,exact_catalogue_record
pokemon|th|TH|set:6bc583f66149df8a|13|unspecified,th,TH,pokemon|th|TH|tcgdex:S5R,"{""tcgdex"": ""S5R""}",013,70,"{""tcgdex"": ""S5R-013""}","[{""provider"": ""tcgdex"", ""providerCardId"": ""S5R-013"", ""providerSetId"": ""S5R"", ""serieId"": ""S"", ""serieName"": ""ซอร์ด แอนด์ ชีลด์"", ""sourceLanguage"": ""th""}]",Explicit language-scoped provider card/set ID plus canonical set and collector identity; native name is corroborating only.,,exact_catalogue_record
pokemon|th|TH|set:6bc583f66149df8a|14|unspecified,th,TH,pokemon|th|TH|tcgdex:S5R,"{""tcgdex"": ""S5R""}",014,70,"{""tcgdex"": ""S5R-014""}","[{""provider"": ""tcgdex"", ""providerCardId"": ""S5R-014"", ""providerSetId"": ""S5R"", ""serieId"": ""S"", ""serieName"": ""ซอร์ด แอนด์ ชีลด์"", ""sourceLanguage"": ""th""}]",Explicit language-scoped provider card/set ID plus canonical set and collector identity; native name is corroborating only.,,exact_catalogue_record
pokemon|th|TH|set:6bc583f66149df8a|15|unspecified,th,TH,pokemon|th|TH|tcgdex:S5R,"{""tcgdex"": ""S5R""}",015,70,"{""tcgdex"": ""S5R-015""}","[{""provider"": ""tcgdex"", ""providerCardId"": ""S5R-015"", ""providerSetId"": ""S5R"", ""serieId"": ""S"", ""serieName"": ""ซอร์ด แอนด์ ชีลด์"", ""sourceLanguage"": ""th""}]",Explicit language-scoped provider card/set ID plus canonical set and collector identity; native name is corroborating only.,,exact_catalogue_record
pokemon|th|TH|set:6bc583f66149df8a|16|unspecified,th,TH,pokemon|th|TH|tcgdex:S5R,"{""tcgdex"": ""S5R""}",016,70,"{""tcgdex"": ""S5R-016""}","[{""provider"": ""tcgdex"", ""providerCardId"": ""S5R-016"", ""providerSetId"": ""S5R"", ""serieId"": ""S"", ""serieName"": ""ซอร์ด แอนด์ ชีลด์"", ""sourceLanguage"": ""th""}]",Explicit language-scoped provider card/set ID plus canonical set and collector identity; native name is corroborating only.,,exact_catalogue_record
pokemon|th|TH|set:6bc583f66149df8a|17|unspecified,th,TH,pokemon|th|TH|tcgdex:S5R,"{""tcgdex"": ""S5R""}",017,70,"{""tcgdex"": ""S5R-017""}","[{""provider"": ""tcgdex"", ""providerCardId"": ""S5R-017"", ""providerSetId"": ""S5R"", ""serieId"": ""S"", ""serieName"": ""ซอร์ด แอนด์ ชีลด์"", ""sourceLanguage"": ""th""}]",Explicit language-scoped provider card/set ID plus canonical set and collector identity; native name is corroborating only.,,exact_catalogue_record
pokemon|th|TH|set:6bc583f66149df8a|18|unspecified,th,TH,pokemon|th|TH|tcgdex:S5R,"{""tcgdex"": ""S5R""}",018,70,"{""tcgdex"": ""S5R-018""}","[{""provider"": ""tcgdex"", ""providerCardId"": ""S5R-018"", ""providerSetId"": ""S5R"", ""serieId"": ""S"", ""serieName"": ""ซอร์ด แอนด์ ชีลด์"", ""sourceLanguage"": ""th""}]",Explicit language-scoped provider card/set ID plus canonical set and collector identity; native name is corroborating only.,,exact_catalogue_record
pokemon|th|TH|set:6bc583f66149df8a|19|unspecified,th,TH,pokemon|th|TH|tcgdex:S5R,"{""tcgdex"": ""S5R""}",019,70,"{""tcgdex"": ""S5R-019""}","[{""provider"": ""tcgdex"", ""providerCardId"": ""S5R-019"", ""providerSetId"": ""S5R"", ""serieId"": ""S"", ""serieName"": ""ซอร์ด แอนด์ ชีลด์"", ""sourceLanguage"": ""th""}]",Explicit language-scoped provider card/set ID plus canonical set and collector identity; native name is corroborating only.,,exact_catalogue_record
pokemon|th|TH|set:6bc583f66149df8a|1|unspecified,th,TH,pokemon|th|TH|tcgdex:S5R,"{""tcgdex"": ""S5R""}",001,70,"{""tcgdex"": ""S5R-001""}","[{""provider"": ""tcgdex"", ""providerCardId"": ""S5R-001"", ""providerSetId"": ""S5R"", ""serieId"": ""S"", ""serieName"": ""ซอร์ด แอนด์ ชีลด์"", ""sourceLanguage"": ""th""}]",Explicit language-scoped provider card/set ID plus canonical set and collector identity; native name is corroborating only.,,exact_catalogue_record
pokemon|th|TH|set:6bc583f66149df8a|20|unspecified,th,TH,pokemon|th|TH|tcgdex:S5R,"{""tcgdex"": ""S5R""}",020,70,"{""tcgdex"": ""S5R-020""}","[{""provider"": ""tcgdex"", ""providerCardId"": ""S5R-020"", ""providerSetId"": ""S5R"", ""serieId"": ""S"", ""serieName"": ""ซอร์ด แอนด์ ชีลด์"", ""sourceLanguage"": ""th""}]",Explicit language-scoped provider card/set ID plus canonical set and collector identity; native name is corroborating only.,,exact_catalogue_record
pokemon|th|TH|set:6bc583f66149df8a|21|unspecified,th,TH,pokemon|th|TH|tcgdex:S5R,"{""tcgdex"": ""S5R""}",021,70,"{""tcgdex"": ""S5R-021""}","[{""provider"": ""tcgdex"", ""providerCardId"": ""S5R-021"", ""providerSetId"": ""S5R"", ""serieId"": ""S"", ""serieName"": ""ซอร์ด แอนด์ ชีลด์"", ""sourceLanguage"": ""th""}]",Explicit language-scoped provider card/set ID plus canonical set and collector identity; native name is corroborating only.,,exact_catalogue_record
pokemon|th|TH|set:6bc583f66149df8a|22|unspecified,th,TH,pokemon|th|TH|tcgdex:S5R,"{""tcgdex"": ""S5R""}",022,70,"{""tcgdex"": ""S5R-022""}","[{""provider"": ""tcgdex"", ""providerCardId"": ""S5R-022"", ""providerSetId"": ""S5R"", ""serieId"": ""S"", ""serieName"": ""ซอร์ด แอนด์ ชีลด์"", ""sourceLanguage"": ""th""}]",Explicit language-scoped provider card/set ID plus canonical set and collector identity; native name is corroborating only.,,exact_catalogue_record
pokemon|th|TH|set:6bc583f66149df8a|23|unspecified,th,TH,pokemon|th|TH|tcgdex:S5R,"{""tcgdex"": ""S5R""}",023,70,"{""tcgdex"": ""S5R-023""}","[{""provider"": ""tcgdex"", ""providerCardId"": ""S5R-023"", ""providerSetId"": ""S5R"", ""serieId"": ""S"", ""serieName"": ""ซอร์ด แอนด์ ชีลด์"", ""sourceLanguage"": ""th""}]",Explicit language-scoped provider card/set ID plus canonical set and collector identity; native name is corroborating only.,,exact_catalogue_record
pokemon|th|TH|set:0ba1eac0785b736e|9|unspecified,th,TH,pokemon|th|TH|tcgdex:SV9s,"{""tcgdex"": ""SV9s""}",009,139,"{""tcgdex"": ""SV9s-009""}","[{""provider"": ""tcgdex"", ""providerCardId"": ""SV9s-009"", ""providerSetId"": ""SV9s"", ""serieId"": ""SV"", ""serieName"": ""สการ์เล็ต&ไวโอเล็ต"", ""sourceLanguage"": ""th""}]",Explicit language-scoped provider card/set ID plus canonical set and collector identity; native name is corroborating only.,,exact_catalogue_record
pokemon|th|TH|set:0ba1eac0785b736e|99|unspecified,th,TH,pokemon|th|TH|tcgdex:SV9s,"{""tcgdex"": ""SV9s""}",099,139,"{""tcgdex"": ""SV9s-099""}","[{""provider"": ""tcgdex"", ""providerCardId"": ""SV9s-099"", ""providerSetId"": ""SV9s"", ""serieId"": ""SV"", ""serieName"": ""สการ์เล็ต&ไวโอเล็ต"", ""sourceLanguage"": ""th""}]",Explicit language-scoped provider card/set ID plus canonical set and collector identity; native name is corroborating only.,,exact_catalogue_record
pokemon|th|TH|set:0ba1eac0785b736e|98|unspecified,th,TH,pokemon|th|TH|tcgdex:SV9s,"{""tcgdex"": ""SV9s""}",098,139,"{""tcgdex"": ""SV9s-098""}","[{""provider"": ""tcgdex"", ""providerCardId"": ""SV9s-098"", ""providerSetId"": ""SV9s"", ""serieId"": ""SV"", ""serieName"": ""สการ์เล็ต&ไวโอเล็ต"", ""sourceLanguage"": ""th""}]",Explicit language-scoped provider card/set ID plus canonical set and collector identity; native name is corroborating only.,,exact_catalogue_record
pokemon|th|TH|set:0ba1eac0785b736e|97|unspecified,th,TH,pokemon|th|TH|tcgdex:SV9s,"{""tcgdex"": ""SV9s""}",097,139,"{""tcgdex"": ""SV9s-097""}","[{""provider"": ""tcgdex"", ""providerCardId"": ""SV9s-097"", ""providerSetId"": ""SV9s"", ""serieId"": ""SV"", ""serieName"": ""สการ์เล็ต&ไวโอเล็ต"", ""sourceLanguage"": ""th""}]",Explicit language-scoped provider card/set ID plus canonical set and collector identity; native name is corroborating only.,,exact_catalogue_record
pokemon|th|TH|set:0ba1eac0785b736e|96|unspecified,th,TH,pokemon|th|TH|tcgdex:SV9s,"{""tcgdex"": ""SV9s""}",096,139,"{""tcgdex"": ""SV9s-096""}","[{""provider"": ""tcgdex"", ""providerCardId"": ""SV9s-096"", ""providerSetId"": ""SV9s"", ""serieId"": ""SV"", ""serieName"": ""สการ์เล็ต&ไวโอเล็ต"", ""sourceLanguage"": ""th""}]",Explicit language-scoped provider card/set ID plus canonical set and collector identity; native name is corroborating only.,,exact_catalogue_record
pokemon|th|TH|set:0ba1eac0785b736e|95|unspecified,th,TH,pokemon|th|TH|tcgdex:SV9s,"{""tcgdex"": ""SV9s""}",095,139,"{""tcgdex"": ""SV9s-095""}","[{""provider"": ""tcgdex"", ""providerCardId"": ""SV9s-095"", ""providerSetId"": ""SV9s"", ""serieId"": ""SV"", ""serieName"": ""สการ์เล็ต&ไวโอเล็ต"", ""sourceLanguage"": ""th""}]",Explicit language-scoped provider card/set ID plus canonical set and collector identity; native name is corroborating only.,,exact_catalogue_record
pokemon|th|TH|set:0ba1eac0785b736e|94|unspecified,th,TH,pokemon|th|TH|tcgdex:SV9s,"{""tcgdex"": ""SV9s""}",094,139,"{""tcgdex"": ""SV9s-094""}","[{""provider"": ""tcgdex"", ""providerCardId"": ""SV9s-094"", ""providerSetId"": ""SV9s"", ""serieId"": ""SV"", ""serieName"": ""สการ์เล็ต&ไวโอเล็ต"", ""sourceLanguage"": ""th""}]",Explicit language-scoped provider card/set ID plus canonical set and collector identity; native name is corroborating only.,,exact_catalogue_record
pokemon|th|TH|set:0ba1eac0785b736e|93|unspecified,th,TH,pokemon|th|TH|tcgdex:SV9s,"{""tcgdex"": ""SV9s""}",093,139,"{""tcgdex"": ""SV9s-093""}","[{""provider"": ""tcgdex"", ""providerCardId"": ""SV9s-093"", ""providerSetId"": ""SV9s"", ""serieId"": ""SV"", ""serieName"": ""สการ์เล็ต&ไวโอเล็ต"", ""sourceLanguage"": ""th""}]",Explicit language-scoped provider card/set ID plus canonical set and collector identity; native name is corroborating only.,,exact_catalogue_record
pokemon|th|TH|set:0ba1eac0785b736e|92|unspecified,th,TH,pokemon|th|TH|tcgdex:SV9s,"{""tcgdex"": ""SV9s""}",092,139,"{""tcgdex"": ""SV9s-092""}","[{""provider"": ""tcgdex"", ""providerCardId"": ""SV9s-092"", ""providerSetId"": ""SV9s"", ""serieId"": ""SV"", ""serieName"": ""สการ์เล็ต&ไวโอเล็ต"", ""sourceLanguage"": ""th""}]",Explicit language-scoped provider card/set ID plus canonical set and collector identity; native name is corroborating only.,,exact_catalogue_record
pokemon|th|TH|set:0ba1eac0785b736e|91|unspecified,th,TH,pokemon|th|TH|tcgdex:SV9s,"{""tcgdex"": ""SV9s""}",091,139,"{""tcgdex"": ""SV9s-091""}","[{""provider"": ""tcgdex"", ""providerCardId"": ""SV9s-091"", ""providerSetId"": ""SV9s"", ""serieId"": ""SV"", ""serieName"": ""สการ์เล็ต&ไวโอเล็ต"", ""sourceLanguage"": ""th""}]",Explicit language-scoped provider card/set ID plus canonical set and collector identity; native name is corroborating only.,,exact_catalogue_record
pokemon|th|TH|set:0ba1eac0785b736e|90|unspecified,th,TH,pokemon|th|TH|tcgdex:SV9s,"{""tcgdex"": ""SV9s""}",090,139,"{""tcgdex"": ""SV9s-090""}","[{""provider"": ""tcgdex"", ""providerCardId"": ""SV9s-090"", ""providerSetId"": ""SV9s"", ""serieId"": ""SV"", ""serieName"": ""สการ์เล็ต&ไวโอเล็ต"", ""sourceLanguage"": ""th""}]",Explicit language-scoped provider card/set ID plus canonical set and collector identity; native name is corroborating only.,,exact_catalogue_record
pokemon|th|TH|set:0ba1eac0785b736e|8|unspecified,th,TH,pokemon|th|TH|tcgdex:SV9s,"{""tcgdex"": ""SV9s""}",008,139,"{""tcgdex"": ""SV9s-008""}","[{""provider"": ""tcgdex"", ""providerCardId"": ""SV9s-008"", ""providerSetId"": ""SV9s"", ""serieId"": ""SV"", ""serieName"": ""สการ์เล็ต&ไวโอเล็ต"", ""sourceLanguage"": ""th""}]",Explicit language-scoped provider card/set ID plus canonical set and collector identity; native name is corroborating only.,,exact_catalogue_record
pokemon|th|TH|set:0ba1eac0785b736e|89|unspecified,th,TH,pokemon|th|TH|tcgdex:SV9s,"{""tcgdex"": ""SV9s""}",089,139,"{""tcgdex"": ""SV9s-089""}","[{""provider"": ""tcgdex"", ""providerCardId"": ""SV9s-089"", ""providerSetId"": ""SV9s"", ""serieId"": ""SV"", ""serieName"": ""สการ์เล็ต&ไวโอเล็ต"", ""sourceLanguage"": ""th""}]",Explicit language-scoped provider card/set ID plus canonical set and collector identity; native name is corroborating only.,,exact_catalogue_record
pokemon|th|TH|set:0ba1eac0785b736e|88|unspecified,th,TH,pokemon|th|TH|tcgdex:SV9s,"{""tcgdex"": ""SV9s""}",088,139,"{""tcgdex"": ""SV9s-088""}","[{""provider"": ""tcgdex"", ""providerCardId"": ""SV9s-088"", ""providerSetId"": ""SV9s"", ""serieId"": ""SV"", ""serieName"": ""สการ์เล็ต&ไวโอเล็ต"", ""sourceLanguage"": ""th""}]",Explicit language-scoped provider card/set ID plus canonical set and collector identity; native name is corroborating only.,,exact_catalogue_record
pokemon|th|TH|set:0ba1eac0785b736e|87|unspecified,th,TH,pokemon|th|TH|tcgdex:SV9s,"{""tcgdex"": ""SV9s""}",087,139,"{""tcgdex"": ""SV9s-087""}","[{""provider"": ""tcgdex"", ""providerCardId"": ""SV9s-087"", ""providerSetId"": ""SV9s"", ""serieId"": ""SV"", ""serieName"": ""สการ์เล็ต&ไวโอเล็ต"", ""sourceLanguage"": ""th""}]",Explicit language-scoped provider card/set ID plus canonical set and collector identity; native name is corroborating only.,,exact_catalogue_record
pokemon|th|TH|set:5b07023386f698c4|DAR|unspecified,th,TH,pokemon|th|TH|tcgdex:SVDs,"{""tcgdex"": ""SVDs""}",DAR,163,"{""tcgdex"": ""SVDs-DAR""}","[{""provider"": ""tcgdex"", ""providerCardId"": ""SVDs-DAR"", ""providerSetId"": ""SVDs"", ""serieId"": ""SV"", ""serieName"": ""สการ์เล็ต&ไวโอเล็ต"", ""sourceLanguage"": ""th""}]",Explicit language-scoped provider card/set ID plus canonical set and collector identity; native name is corroborating only.,,exact_catalogue_record
pokemon|th|TH|set:5b07023386f698c4|FIG|unspecified,th,TH,pokemon|th|TH|tcgdex:SVDs,"{""tcgdex"": ""SVDs""}",FIG,163,"{""tcgdex"": ""SVDs-FIG""}","[{""provider"": ""tcgdex"", ""providerCardId"": ""SVDs-FIG"", ""providerSetId"": ""SVDs"", ""serieId"": ""SV"", ""serieName"": ""สการ์เล็ต&ไวโอเล็ต"", ""sourceLanguage"": ""th""}]",Explicit language-scoped provider card/set ID plus canonical set and collector identity; native name is corroborating only.,,exact_catalogue_record
pokemon|th|TH|set:5b07023386f698c4|FIR|unspecified,th,TH,pokemon|th|TH|tcgdex:SVDs,"{""tcgdex"": ""SVDs""}",FIR,163,"{""tcgdex"": ""SVDs-FIR""}","[{""provider"": ""tcgdex"", ""providerCardId"": ""SVDs-FIR"", ""providerSetId"": ""SVDs"", ""serieId"": ""SV"", ""serieName"": ""สการ์เล็ต&ไวโอเล็ต"", ""sourceLanguage"": ""th""}]",Explicit language-scoped provider card/set ID plus canonical set and collector identity; native name is corroborating only.,,exact_catalogue_record
pokemon|th|TH|set:5b07023386f698c4|GRA|unspecified,th,TH,pokemon|th|TH|tcgdex:SVDs,"{""tcgdex"": ""SVDs""}",GRA,163,"{""tcgdex"": ""SVDs-GRA""}","[{""provider"": ""tcgdex"", ""providerCardId"": ""SVDs-GRA"", ""providerSetId"": ""SVDs"", ""serieId"": ""SV"", ""serieName"": ""สการ์เล็ต&ไวโอเล็ต"", ""sourceLanguage"": ""th""}]",Explicit language-scoped provider card/set ID plus canonical set and collector identity; native name is corroborating only.,,exact_catalogue_record
pokemon|th|TH|set:5b07023386f698c4|LIG|unspecified,th,TH,pokemon|th|TH|tcgdex:SVDs,"{""tcgdex"": ""SVDs""}",LIG,163,"{""tcgdex"": ""SVDs-LIG""}","[{""provider"": ""tcgdex"", ""providerCardId"": ""SVDs-LIG"", ""providerSetId"": ""SVDs"", ""serieId"": ""SV"", ""serieName"": ""สการ์เล็ต&ไวโอเล็ต"", ""sourceLanguage"": ""th""}]",Explicit language-scoped provider card/set ID plus canonical set and collector identity; native name is corroborating only.,,exact_catalogue_record
pokemon|th|TH|set:5b07023386f698c4|MET|unspecified,th,TH,pokemon|th|TH|tcgdex:SVDs,"{""tcgdex"": ""SVDs""}",MET,163,"{""tcgdex"": ""SVDs-MET""}","[{""provider"": ""tcgdex"", ""providerCardId"": ""SVDs-MET"", ""providerSetId"": ""SVDs"", ""serieId"": ""SV"", ""serieName"": ""สการ์เล็ต&ไวโอเล็ต"", ""sourceLanguage"": ""th""}]",Explicit language-scoped provider card/set ID plus canonical set and collector identity; native name is corroborating only.,,exact_catalogue_record
pokemon|th|TH|set:5b07023386f698c4|PSY|unspecified,th,TH,pokemon|th|TH|tcgdex:SVDs,"{""tcgdex"": ""SVDs""}",PSY,163,"{""tcgdex"": ""SVDs-PSY""}","[{""provider"": ""tcgdex"", ""providerCardId"": ""SVDs-PSY"", ""providerSetId"": ""SVDs"", ""serieId"": ""SV"", ""serieName"": ""สการ์เล็ต&ไวโอเล็ต"", ""sourceLanguage"": ""th""}]",Explicit language-scoped provider card/set ID plus canonical set and collector identity; native name is corroborating only.,,exact_catalogue_record
pokemon|th|TH|set:5b07023386f698c4|WAT|unspecified,th,TH,pokemon|th|TH|tcgdex:SVDs,"{""tcgdex"": ""SVDs""}",WAT,163,"{""tcgdex"": ""SVDs-WAT""}","[{""provider"": ""tcgdex"", ""providerCardId"": ""SVDs-WAT"", ""providerSetId"": ""SVDs"", ""serieId"": ""SV"", ""serieName"": ""สการ์เล็ต&ไวโอเล็ต"", ""sourceLanguage"": ""th""}]",Explicit language-scoped provider card/set ID plus canonical set and collector identity; native name is corroborating only.,,exact_catalogue_record
pokemon|th|TH|set:164c0acc04daa9d2|FIG|unspecified,th,TH,pokemon|th|TH|tcgdex:SVHK,"{""tcgdex"": ""SVHK""}",FIG,22,"{""tcgdex"": ""SVHK-FIG""}","[{""provider"": ""tcgdex"", ""providerCardId"": ""SVHK-FIG"", ""providerSetId"": ""SVHK"", ""serieId"": ""SV"", ""serieName"": ""สการ์เล็ต&ไวโอเล็ต"", ""sourceLanguage"": ""th""}]",Explicit language-scoped provider card/set ID plus canonical set and collector identity; native name is corroborating only.,,exact_catalogue_record
pokemon|th|TH|set:164c0acc04daa9d2|FIR|unspecified,th,TH,pokemon|th|TH|tcgdex:SVHK,"{""tcgdex"": ""SVHK""}",FIR,22,"{""tcgdex"": ""SVHK-FIR""}","[{""provider"": ""tcgdex"", ""providerCardId"": ""SVHK-FIR"", ""providerSetId"": ""SVHK"", ""serieId"": ""SV"", ""serieName"": ""สการ์เล็ต&ไวโอเล็ต"", ""sourceLanguage"": ""th""}]",Explicit language-scoped provider card/set ID plus canonical set and collector identity; native name is corroborating only.,,exact_catalogue_record
pokemon|th|TH|set:88f2b2471c2eed6c|LIG|unspecified,th,TH,pokemon|th|TH|tcgdex:SVHM,"{""tcgdex"": ""SVHM""}",LIG,22,"{""tcgdex"": ""SVHM-LIG""}","[{""provider"": ""tcgdex"", ""providerCardId"": ""SVHM-LIG"", ""providerSetId"": ""SVHM"", ""serieId"": ""SV"", ""serieName"": ""สการ์เล็ต&ไวโอเล็ต"", ""sourceLanguage"": ""th""}]",Explicit language-scoped provider card/set ID plus canonical set and collector identity; native name is corroborating only.,,exact_catalogue_record
pokemon|th|TH|set:88f2b2471c2eed6c|PSY|unspecified,th,TH,pokemon|th|TH|tcgdex:SVHM,"{""tcgdex"": ""SVHM""}",PSY,22,"{""tcgdex"": ""SVHM-PSY""}","[{""provider"": ""tcgdex"", ""providerCardId"": ""SVHM-PSY"", ""providerSetId"": ""SVHM"", ""serieId"": ""SV"", ""serieName"": ""สการ์เล็ต&ไวโอเล็ต"", ""sourceLanguage"": ""th""}]",Explicit language-scoped provider card/set ID plus canonical set and collector identity; native name is corroborating only.,,exact_catalogue_record
pokemon|th|TH|set:fc9d66e070d2dca8|1|unspecified,th,TH,pokemon|th|TH|tcgdex:S10a,"{""tcgdex"": ""S10a""}",001,71,"{""tcgdex"": ""S10a-001""}","[{""provider"": ""tcgdex"", ""providerCardId"": ""S10a-001"", ""providerSetId"": ""S10a"", ""serieId"": ""S"", ""serieName"": ""ซอร์ด แอนด์ ชีลด์"", ""sourceLanguage"": ""th""}]",Explicit language-scoped provider card/set ID plus canonical set and collector identity; native name is corroborating only.,,exact_catalogue_record
pokemon|th|TH|set:fc9d66e070d2dca8|2|unspecified,th,TH,pokemon|th|TH|tcgdex:S10a,"{""tcgdex"": ""S10a""}",002,71,"{""tcgdex"": ""S10a-002""}","[{""provider"": ""tcgdex"", ""providerCardId"": ""S10a-002"", ""providerSetId"": ""S10a"", ""serieId"": ""S"", ""serieName"": ""ซอร์ด แอนด์ ชีลด์"", ""sourceLanguage"": ""th""}]",Explicit language-scoped provider card/set ID plus canonical set and collector identity; native name is corroborating only.,,exact_catalogue_record
pokemon|th|TH|set:fc9d66e070d2dca8|3|unspecified,th,TH,pokemon|th|TH|tcgdex:S10a,"{""tcgdex"": ""S10a""}",003,71,"{""tcgdex"": ""S10a-003""}","[{""provider"": ""tcgdex"", ""providerCardId"": ""S10a-003"", ""providerSetId"": ""S10a"", ""serieId"": ""S"", ""serieName"": ""ซอร์ด แอนด์ ชีลด์"", ""sourceLanguage"": ""th""}]",Explicit language-scoped provider card/set ID plus canonical set and collector identity; native name is corroborating only.,,exact_catalogue_record
pokemon|th|TH|set:fc9d66e070d2dca8|4|unspecified,th,TH,pokemon|th|TH|tcgdex:S10a,"{""tcgdex"": ""S10a""}",004,71,"{""tcgdex"": ""S10a-004""}","[{""provider"": ""tcgdex"", ""providerCardId"": ""S10a-004"", ""providerSetId"": ""S10a"", ""serieId"": ""S"", ""serieName"": ""ซอร์ด แอนด์ ชีลด์"", ""sourceLanguage"": ""th""}]",Explicit language-scoped provider card/set ID plus canonical set and collector identity; native name is corroborating only.,,exact_catalogue_record
pokemon|th|TH|set:fc9d66e070d2dca8|5|unspecified,th,TH,pokemon|th|TH|tcgdex:S10a,"{""tcgdex"": ""S10a""}",005,71,"{""tcgdex"": ""S10a-005""}","[{""provider"": ""tcgdex"", ""providerCardId"": ""S10a-005"", ""providerSetId"": ""S10a"", ""serieId"": ""S"", ""serieName"": ""ซอร์ด แอนด์ ชีลด์"", ""sourceLanguage"": ""th""}]",Explicit language-scoped provider card/set ID plus canonical set and collector identity; native name is corroborating only.,,exact_catalogue_record
pokemon|th|TH|set:fc9d66e070d2dca8|6|unspecified,th,TH,pokemon|th|TH|tcgdex:S10a,"{""tcgdex"": ""S10a""}",006,71,"{""tcgdex"": ""S10a-006""}","[{""provider"": ""tcgdex"", ""providerCardId"": ""S10a-006"", ""providerSetId"": ""S10a"", ""serieId"": ""S"", ""serieName"": ""ซอร์ด แอนด์ ชีลด์"", ""sourceLanguage"": ""th""}]",Explicit language-scoped provider card/set ID plus canonical set and collector identity; native name is corroborating only.,,exact_catalogue_record
pokemon|th|TH|set:fc9d66e070d2dca8|7|unspecified,th,TH,pokemon|th|TH|tcgdex:S10a,"{""tcgdex"": ""S10a""}",007,71,"{""tcgdex"": ""S10a-007""}","[{""provider"": ""tcgdex"", ""providerCardId"": ""S10a-007"", ""providerSetId"": ""S10a"", ""serieId"": ""S"", ""serieName"": ""ซอร์ด แอนด์ ชีลด์"", ""sourceLanguage"": ""th""}]",Explicit language-scoped provider card/set ID plus canonical set and collector identity; native name is corroborating only.,,exact_catalogue_record
pokemon|th|TH|set:fc9d66e070d2dca8|8|unspecified,th,TH,pokemon|th|TH|tcgdex:S10a,"{""tcgdex"": ""S10a""}",008,71,"{""tcgdex"": ""S10a-008""}","[{""provider"": ""tcgdex"", ""providerCardId"": ""S10a-008"", ""providerSetId"": ""S10a"", ""serieId"": ""S"", ""serieName"": ""ซอร์ด แอนด์ ชีลด์"", ""sourceLanguage"": ""th""}]",Explicit language-scoped provider card/set ID plus canonical set and collector identity; native name is corroborating only.,,exact_catalogue_record
pokemon|th|TH|set:47b7eea455667698|1|unspecified,th,TH,pokemon|th|TH|tcgdex:S12,"{""tcgdex"": ""S12""}",001,98,"{""tcgdex"": ""S12-001""}","[{""provider"": ""tcgdex"", ""providerCardId"": ""S12-001"", ""providerSetId"": ""S12"", ""serieId"": ""S"", ""serieName"": ""ซอร์ด แอนด์ ชีลด์"", ""sourceLanguage"": ""th""}]",Explicit language-scoped provider card/set ID plus canonical set and collector identity; native name is corroborating only.,,exact_catalogue_record
pokemon|th|TH|set:47b7eea455667698|10|unspecified,th,TH,pokemon|th|TH|tcgdex:S12,"{""tcgdex"": ""S12""}",010,98,"{""tcgdex"": ""S12-010""}","[{""provider"": ""tcgdex"", ""providerCardId"": ""S12-010"", ""providerSetId"": ""S12"", ""serieId"": ""S"", ""serieName"": ""ซอร์ด แอนด์ ชีลด์"", ""sourceLanguage"": ""th""}]",Explicit language-scoped provider card/set ID plus canonical set and collector identity; native name is corroborating only.,,exact_catalogue_record
pokemon|th|TH|set:7155e789355e6799|1|unspecified,th,TH,pokemon|th|TH|tcgdex:SV-P,"{""tcgdex"": ""SV-P""}",001,0,"{""tcgdex"": ""SV-P-001""}","[{""provider"": ""tcgdex"", ""providerCardId"": ""SV-P-001"", ""providerSetId"": ""SV-P"", ""serieId"": ""SV"", ""serieName"": ""สการ์เล็ต&ไวโอเล็ต"", ""sourceLanguage"": ""th""}]",Explicit language-scoped provider card/set ID plus canonical set and collector identity; native name is corroborating only.,,exact_catalogue_record
pokemon|th|TH|set:2725bd94f63331a2|107|unspecified,th,TH,pokemon|th|TH|tcgdex:SV8a,"{""tcgdex"": ""SV8a""}",107,187,"{""tcgdex"": ""SV8a-107""}","[{""provider"": ""tcgdex"", ""providerCardId"": ""SV8a-107"", ""providerSetId"": ""SV8a"", ""serieId"": ""SV"", ""serieName"": ""สการ์เล็ต&ไวโอเล็ต"", ""sourceLanguage"": ""th""}]",Explicit language-scoped provider card/set ID plus canonical set and collector identity; native name is corroborating only.,,exact_catalogue_record
pokemon|th|TH|set:96ab53257df97b0c|210|unspecified,th,TH,pokemon|th|TH|tcgdex:SV7s,"{""tcgdex"": ""SV7s""}",210,166,"{""tcgdex"": ""SV7s-210""}","[{""provider"": ""tcgdex"", ""providerCardId"": ""SV7s-210"", ""providerSetId"": ""SV7s"", ""serieId"": ""SV"", ""serieName"": ""สการ์เล็ต&ไวโอเล็ต"", ""sourceLanguage"": ""th""}]",Explicit language-scoped provider card/set ID plus canonical set and collector identity; native name is corroborating only.,,exact_catalogue_record
pokemon|th|TH|set:54b7da743bea5be6|86|unspecified,th,TH,pokemon|th|TH|tcgdex:SV4M,"{""tcgdex"": ""SV4M""}",086,66,"{""tcgdex"": ""SV4M-086""}","[{""provider"": ""tcgdex"", ""providerCardId"": ""SV4M-086"", ""providerSetId"": ""SV4M"", ""serieId"": ""SV"", ""serieName"": ""สการ์เล็ต&ไวโอเล็ต"", ""sourceLanguage"": ""th""}]",Explicit language-scoped provider card/set ID plus canonical set and collector identity; native name is corroborating only.,,exact_catalogue_record
pokemon|th|TH|set:79463e01100358d1|97|unspecified,th,TH,pokemon|th|TH|tcgdex:S12a,"{""tcgdex"": ""S12a""}",097,172,"{""tcgdex"": ""S12a-097""}","[{""provider"": ""tcgdex"", ""providerCardId"": ""S12a-097"", ""providerSetId"": ""S12a"", ""serieId"": ""S"", ""serieName"": ""ซอร์ด แอนด์ ชีลด์"", ""sourceLanguage"": ""th""}]",Explicit language-scoped provider card/set ID plus canonical set and collector identity; native name is corroborating only.,,exact_catalogue_record
pokemon|th|TH|set:ab4f4873a2e158a2|80|unspecified,th,TH,pokemon|th|TH|tcgdex:SV6,"{""tcgdex"": ""SV6""}",080,101,"{""tcgdex"": ""SV6-080""}","[{""provider"": ""tcgdex"", ""providerCardId"": ""SV6-080"", ""providerSetId"": ""SV6"", ""serieId"": ""SV"", ""serieName"": ""สการ์เล็ต&ไวโอเล็ต"", ""sourceLanguage"": ""th""}]",Explicit language-scoped provider card/set ID plus canonical set and collector identity; native name is corroborating only.,,exact_catalogue_record
pokemon|th|TH|set:dcf4b701b3b7e4fa|37|unspecified,th,TH,pokemon|th|TH|tcgdex:SV2D,"{""tcgdex"": ""SV2D""}",037,71,"{""tcgdex"": ""SV2D-037""}","[{""provider"": ""tcgdex"", ""providerCardId"": ""SV2D-037"", ""providerSetId"": ""SV2D"", ""serieId"": ""SV"", ""serieName"": ""สการ์เล็ต&ไวโอเล็ต"", ""sourceLanguage"": ""th""}]",Explicit language-scoped provider card/set ID plus canonical set and collector identity; native name is corroborating only.,,exact_catalogue_record
pokemon|th|TH|set:5b07023386f698c4|68|unspecified,th,TH,pokemon|th|TH|tcgdex:SVDs,"{""tcgdex"": ""SVDs""}",068,163,"{""tcgdex"": ""SVDs-068""}","[{""provider"": ""tcgdex"", ""providerCardId"": ""SVDs-068"", ""providerSetId"": ""SVDs"", ""serieId"": ""SV"", ""serieName"": ""สการ์เล็ต&ไวโอเล็ต"", ""sourceLanguage"": ""th""}]",Explicit language-scoped provider card/set ID plus canonical set and collector identity; native name is corroborating only.,,exact_catalogue_record
pokemon|th|TH|set:79463e01100358d1|18|unspecified,th,TH,pokemon|th|TH|tcgdex:S12a,"{""tcgdex"": ""S12a""}",018,172,"{""tcgdex"": ""S12a-018""}","[{""provider"": ""tcgdex"", ""providerCardId"": ""S12a-018"", ""providerSetId"": ""S12a"", ""serieId"": ""S"", ""serieName"": ""ซอร์ด แอนด์ ชีลด์"", ""sourceLanguage"": ""th""}]",Explicit language-scoped provider card/set ID plus canonical set and collector identity; native name is corroborating only.,,exact_catalogue_record
pokemon|th|TH|set:79463e01100358d1|67|unspecified,th,TH,pokemon|th|TH|tcgdex:S12a,"{""tcgdex"": ""S12a""}",067,172,"{""tcgdex"": ""S12a-067""}","[{""provider"": ""tcgdex"", ""providerCardId"": ""S12a-067"", ""providerSetId"": ""S12a"", ""serieId"": ""S"", ""serieName"": ""ซอร์ด แอนด์ ชีลด์"", ""sourceLanguage"": ""th""}]",Explicit language-scoped provider card/set ID plus canonical set and collector identity; native name is corroborating only.,,exact_catalogue_record
pokemon|th|TH|set:556156de7700e86c|87|unspecified,th,TH,pokemon|th|TH|tcgdex:SV5M,"{""tcgdex"": ""SV5M""}",087,71,"{""tcgdex"": ""SV5M-087""}","[{""provider"": ""tcgdex"", ""providerCardId"": ""SV5M-087"", ""providerSetId"": ""SV5M"", ""serieId"": ""SV"", ""serieName"": ""สการ์เล็ต&ไวโอเล็ต"", ""sourceLanguage"": ""th""}]",Explicit language-scoped provider card/set ID plus canonical set and collector identity; native name is corroborating only.,,exact_catalogue_record
pokemon|th|TH|set:7c6623edc759c14c|45|unspecified,th,TH,pokemon|th|TH|tcgdex:SV5a,"{""tcgdex"": ""SV5a""}",045,66,"{""tcgdex"": ""SV5a-045""}","[{""provider"": ""tcgdex"", ""providerCardId"": ""SV5a-045"", ""providerSetId"": ""SV5a"", ""serieId"": ""SV"", ""serieName"": ""สการ์เล็ต&ไวโอเล็ต"", ""sourceLanguage"": ""th""}]",Explicit language-scoped provider card/set ID plus canonical set and collector identity; native name is corroborating only.,,exact_catalogue_record
pokemon|th|TH|set:5b07023386f698c4|90|unspecified,th,TH,pokemon|th|TH|tcgdex:SVDs,"{""tcgdex"": ""SVDs""}",090,163,"{""tcgdex"": ""SVDs-090""}","[{""provider"": ""tcgdex"", ""providerCardId"": ""SVDs-090"", ""providerSetId"": ""SVDs"", ""serieId"": ""SV"", ""serieName"": ""สการ์เล็ต&ไวโอเล็ต"", ""sourceLanguage"": ""th""}]",Explicit language-scoped provider card/set ID plus canonical set and collector identity; native name is corroborating only.,,exact_catalogue_record
pokemon|th|TH|set:5b07023386f698c4|34|unspecified,th,TH,pokemon|th|TH|tcgdex:SVDs,"{""tcgdex"": ""SVDs""}",034,163,"{""tcgdex"": ""SVDs-034""}","[{""provider"": ""tcgdex"", ""providerCardId"": ""SVDs-034"", ""providerSetId"": ""SVDs"", ""serieId"": ""SV"", ""serieName"": ""สการ์เล็ต&ไวโอเล็ต"", ""sourceLanguage"": ""th""}]",Explicit language-scoped provider card/set ID plus canonical set and collector identity; native name is corroborating only.,,exact_catalogue_record
pokemon|th|TH|set:85df65569d535354|97|unspecified,th,TH,pokemon|th|TH|tcgdex:SV5K,"{""tcgdex"": ""SV5K""}",097,71,"{""tcgdex"": ""SV5K-097""}","[{""provider"": ""tcgdex"", ""providerCardId"": ""SV5K-097"", ""providerSetId"": ""SV5K"", ""serieId"": ""SV"", ""serieName"": ""สการ์เล็ต&ไวโอเล็ต"", ""sourceLanguage"": ""th""}]",Explicit language-scoped provider card/set ID plus canonical set and collector identity; native name is corroborating only.,,exact_catalogue_record
pokemon|th|TH|set:6bc583f66149df8a|26|unspecified,th,TH,pokemon|th|TH|tcgdex:S5R,"{""tcgdex"": ""S5R""}",026,70,"{""tcgdex"": ""S5R-026""}","[{""provider"": ""tcgdex"", ""providerCardId"": ""S5R-026"", ""providerSetId"": ""S5R"", ""serieId"": ""S"", ""serieName"": ""ซอร์ด แอนด์ ชีลด์"", ""sourceLanguage"": ""th""}]",Explicit language-scoped provider card/set ID plus canonical set and collector identity; native name is corroborating only.,,exact_catalogue_record
pokemon|th|TH|set:96ab53257df97b0c|129|unspecified,th,TH,pokemon|th|TH|tcgdex:SV7s,"{""tcgdex"": ""SV7s""}",129,166,"{""tcgdex"": ""SV7s-129""}","[{""provider"": ""tcgdex"", ""providerCardId"": ""SV7s-129"", ""providerSetId"": ""SV7s"", ""serieId"": ""SV"", ""serieName"": ""สการ์เล็ต&ไวโอเล็ต"", ""sourceLanguage"": ""th""}]",Explicit language-scoped provider card/set ID plus canonical set and collector identity; native name is corroborating only.,,exact_catalogue_record
pokemon|th|TH|set:2725bd94f63331a2|42|unspecified,th,TH,pokemon|th|TH|tcgdex:SV8a,"{""tcgdex"": ""SV8a""}",042,187,"{""tcgdex"": ""SV8a-042""}","[{""provider"": ""tcgdex"", ""providerCardId"": ""SV8a-042"", ""providerSetId"": ""SV8a"", ""serieId"": ""SV"", ""serieName"": ""สการ์เล็ต&ไวโอเล็ต"", ""sourceLanguage"": ""th""}]",Explicit language-scoped provider card/set ID plus canonical set and collector identity; native name is corroborating only.,,exact_catalogue_record
pokemon|th|TH|set:5b07023386f698c4|158|unspecified,th,TH,pokemon|th|TH|tcgdex:SVDs,"{""tcgdex"": ""SVDs""}",158,163,"{""tcgdex"": ""SVDs-158""}","[{""provider"": ""tcgdex"", ""providerCardId"": ""SVDs-158"", ""providerSetId"": ""SVDs"", ""serieId"": ""SV"", ""serieName"": ""สการ์เล็ต&ไวโอเล็ต"", ""sourceLanguage"": ""th""}]",Explicit language-scoped provider card/set ID plus canonical set and collector identity; native name is corroborating only.,,exact_catalogue_record
pokemon|th|TH|set:8cd030b1f6e1a67c|2|unspecified,th,TH,pokemon|th|TH|tcgdex:SV2P,"{""tcgdex"": ""SV2P""}",002,71,"{""tcgdex"": ""SV2P-002""}","[{""provider"": ""tcgdex"", ""providerCardId"": ""SV2P-002"", ""providerSetId"": ""SV2P"", ""serieId"": ""SV"", ""serieName"": ""สการ์เล็ต&ไวโอเล็ต"", ""sourceLanguage"": ""th""}]",Explicit language-scoped provider card/set ID plus canonical set and collector identity; native name is corroborating only.,,exact_catalogue_record
pokemon|th|TH|set:cdfbc909bbd9a859|65|unspecified,th,TH,pokemon|th|TH|tcgdex:S5I,"{""tcgdex"": ""S5I""}",065,70,"{""tcgdex"": ""S5I-065""}","[{""provider"": ""tcgdex"", ""providerCardId"": ""S5I-065"", ""providerSetId"": ""S5I"", ""serieId"": ""S"", ""serieName"": ""ซอร์ด แอนด์ ชีลด์"", ""sourceLanguage"": ""th""}]",Explicit language-scoped provider card/set ID plus canonical set and collector identity; native name is corroborating only.,,exact_catalogue_record
pokemon|th|TH|set:ddf6e4eb76c31264|13|unspecified,th,TH,pokemon|th|TH|tcgdex:SV3a,"{""tcgdex"": ""SV3a""}",013,62,"{""tcgdex"": ""SV3a-013""}","[{""provider"": ""tcgdex"", ""providerCardId"": ""SV3a-013"", ""providerSetId"": ""SV3a"", ""serieId"": ""SV"", ""serieName"": ""สการ์เล็ต&ไวโอเล็ต"", ""sourceLanguage"": ""th""}]",Explicit language-scoped provider card/set ID plus canonical set and collector identity; native name is corroborating only.,,exact_catalogue_record
pokemon|th|TH|set:cdfbc909bbd9a859|38|unspecified,th,TH,pokemon|th|TH|tcgdex:S5I,"{""tcgdex"": ""S5I""}",038,70,"{""tcgdex"": ""S5I-038""}","[{""provider"": ""tcgdex"", ""providerCardId"": ""S5I-038"", ""providerSetId"": ""S5I"", ""serieId"": ""S"", ""serieName"": ""ซอร์ด แอนด์ ชีลด์"", ""sourceLanguage"": ""th""}]",Explicit language-scoped provider card/set ID plus canonical set and collector identity; native name is corroborating only.,,exact_catalogue_record
pokemon|th|TH|set:79463e01100358d1|88|unspecified,th,TH,pokemon|th|TH|tcgdex:S12a,"{""tcgdex"": ""S12a""}",088,172,"{""tcgdex"": ""S12a-088""}","[{""provider"": ""tcgdex"", ""providerCardId"": ""S12a-088"", ""providerSetId"": ""S12a"", ""serieId"": ""S"", ""serieName"": ""ซอร์ด แอนด์ ชีลด์"", ""sourceLanguage"": ""th""}]",Explicit language-scoped provider card/set ID plus canonical set and collector identity; native name is corroborating only.,,exact_catalogue_record
pokemon|th|TH|set:96ab53257df97b0c|77|unspecified,th,TH,pokemon|th|TH|tcgdex:SV7s,"{""tcgdex"": ""SV7s""}",077,166,"{""tcgdex"": ""SV7s-077""}","[{""provider"": ""tcgdex"", ""providerCardId"": ""SV7s-077"", ""providerSetId"": ""SV7s"", ""serieId"": ""SV"", ""serieName"": ""สการ์เล็ต&ไวโอเล็ต"", ""sourceLanguage"": ""th""}]",Explicit language-scoped provider card/set ID plus canonical set and collector identity; native name is corroborating only.,,exact_catalogue_record
pokemon|th|TH|set:96ab53257df97b0c|202|unspecified,th,TH,pokemon|th|TH|tcgdex:SV7s,"{""tcgdex"": ""SV7s""}",202,166,"{""tcgdex"": ""SV7s-202""}","[{""provider"": ""tcgdex"", ""providerCardId"": ""SV7s-202"", ""providerSetId"": ""SV7s"", ""serieId"": ""SV"", ""serieName"": ""สการ์เล็ต&ไวโอเล็ต"", ""sourceLanguage"": ""th""}]",Explicit language-scoped provider card/set ID plus canonical set and collector identity; native name is corroborating only.,,exact_catalogue_record
pokemon|th|TH|set:15631748861c7cd1|127|unspecified,th,TH,pokemon|th|TH|tcgdex:SV2a,"{""tcgdex"": ""SV2a""}",127,165,"{""tcgdex"": ""SV2a-127""}","[{""provider"": ""tcgdex"", ""providerCardId"": ""SV2a-127"", ""providerSetId"": ""SV2a"", ""serieId"": ""SV"", ""serieName"": ""สการ์เล็ต&ไวโอเล็ต"", ""sourceLanguage"": ""th""}]",Explicit language-scoped provider card/set ID plus canonical set and collector identity; native name is corroborating only.,,exact_catalogue_record
pokemon|th|TH|set:15631748861c7cd1|180|unspecified,th,TH,pokemon|th|TH|tcgdex:SV2a,"{""tcgdex"": ""SV2a""}",180,165,"{""tcgdex"": ""SV2a-180""}","[{""provider"": ""tcgdex"", ""providerCardId"": ""SV2a-180"", ""providerSetId"": ""SV2a"", ""serieId"": ""SV"", ""serieName"": ""สการ์เล็ต&ไวโอเล็ต"", ""sourceLanguage"": ""th""}]",Explicit language-scoped provider card/set ID plus canonical set and collector identity; native name is corroborating only.,,exact_catalogue_record
pokemon|th|TH|set:811f1a10a8e762b3|39|unspecified,th,TH,pokemon|th|TH|tcgdex:SV4K,"{""tcgdex"": ""SV4K""}",039,66,"{""tcgdex"": ""SV4K-039""}","[{""provider"": ""tcgdex"", ""providerCardId"": ""SV4K-039"", ""providerSetId"": ""SV4K"", ""serieId"": ""SV"", ""serieName"": ""สการ์เล็ต&ไวโอเล็ต"", ""sourceLanguage"": ""th""}]",Explicit language-scoped provider card/set ID plus canonical set and collector identity; native name is corroborating only.,,exact_catalogue_record
pokemon|th|TH|set:7437e58cd3b5adb2|9|unspecified,th,TH,pokemon|th|TH|tcgdex:SV8s,"{""tcgdex"": ""SV8s""}",009,182,"{""tcgdex"": ""SV8s-009""}","[{""provider"": ""tcgdex"", ""providerCardId"": ""SV8s-009"", ""providerSetId"": ""SV8s"", ""serieId"": ""SV"", ""serieName"": ""สการ์เล็ต&ไวโอเล็ต"", ""sourceLanguage"": ""th""}]",Explicit language-scoped provider card/set ID plus canonical set and collector identity; native name is corroborating only.,,exact_catalogue_record
pokemon|th|TH|set:54b7da743bea5be6|71|unspecified,th,TH,pokemon|th|TH|tcgdex:SV4M,"{""tcgdex"": ""SV4M""}",071,66,"{""tcgdex"": ""SV4M-071""}","[{""provider"": ""tcgdex"", ""providerCardId"": ""SV4M-071"", ""providerSetId"": ""SV4M"", ""serieId"": ""SV"", ""serieName"": ""สการ์เล็ต&ไวโอเล็ต"", ""sourceLanguage"": ""th""}]",Explicit language-scoped provider card/set ID plus canonical set and collector identity; native name is corroborating only.,,exact_catalogue_record
pokemon|th|TH|set:47b7eea455667698|82|unspecified,th,TH,pokemon|th|TH|tcgdex:S12,"{""tcgdex"": ""S12""}",082,98,"{""tcgdex"": ""S12-082""}","[{""provider"": ""tcgdex"", ""providerCardId"": ""S12-082"", ""providerSetId"": ""S12"", ""serieId"": ""S"", ""serieName"": ""ซอร์ด แอนด์ ชีลด์"", ""sourceLanguage"": ""th""}]",Explicit language-scoped provider card/set ID plus canonical set and collector identity; native name is corroborating only.,,exact_catalogue_record
pokemon|th|TH|set:5b07023386f698c4|152|unspecified,th,TH,pokemon|th|TH|tcgdex:SVDs,"{""tcgdex"": ""SVDs""}",152,163,"{""tcgdex"": ""SVDs-152""}","[{""provider"": ""tcgdex"", ""providerCardId"": ""SVDs-152"", ""providerSetId"": ""SVDs"", ""serieId"": ""SV"", ""serieName"": ""สการ์เล็ต&ไวโอเล็ต"", ""sourceLanguage"": ""th""}]",Explicit language-scoped provider card/set ID plus canonical set and collector identity; native name is corroborating only.,,exact_catalogue_record
pokemon|th|TH|set:96ab53257df97b0c|162|unspecified,th,TH,pokemon|th|TH|tcgdex:SV7s,"{""tcgdex"": ""SV7s""}",162,166,"{""tcgdex"": ""SV7s-162""}","[{""provider"": ""tcgdex"", ""providerCardId"": ""SV7s-162"", ""providerSetId"": ""SV7s"", ""serieId"": ""SV"", ""serieName"": ""สการ์เล็ต&ไวโอเล็ต"", ""sourceLanguage"": ""th""}]",Explicit language-scoped provider card/set ID plus canonical set and collector identity; native name is corroborating only.,,exact_catalogue_record
pokemon|th|TH|set:2725bd94f63331a2|135|unspecified,th,TH,pokemon|th|TH|tcgdex:SV8a,"{""tcgdex"": ""SV8a""}",135,187,"{""tcgdex"": ""SV8a-135""}","[{""provider"": ""tcgdex"", ""providerCardId"": ""SV8a-135"", ""providerSetId"": ""SV8a"", ""serieId"": ""SV"", ""serieName"": ""สการ์เล็ต&ไวโอเล็ต"", ""sourceLanguage"": ""th""}]",Explicit language-scoped provider card/set ID plus canonical set and collector identity; native name is corroborating only.,,exact_catalogue_record
pokemon|th|TH|set:15631748861c7cd1|34|unspecified,th,TH,pokemon|th|TH|tcgdex:SV2a,"{""tcgdex"": ""SV2a""}",034,165,"{""tcgdex"": ""SV2a-034""}","[{""provider"": ""tcgdex"", ""providerCardId"": ""SV2a-034"", ""providerSetId"": ""SV2a"", ""serieId"": ""SV"", ""serieName"": ""สการ์เล็ต&ไวโอเล็ต"", ""sourceLanguage"": ""th""}]",Explicit language-scoped provider card/set ID plus canonical set and collector identity; native name is corroborating only.,,exact_catalogue_record
pokemon|th|TH|set:7437e58cd3b5adb2|171|unspecified,th,TH,pokemon|th|TH|tcgdex:SV8s,"{""tcgdex"": ""SV8s""}",171,182,"{""tcgdex"": ""SV8s-171""}","[{""provider"": ""tcgdex"", ""providerCardId"": ""SV8s-171"", ""providerSetId"": ""SV8s"", ""serieId"": ""SV"", ""serieName"": ""สการ์เล็ต&ไวโอเล็ต"", ""sourceLanguage"": ""th""}]",Explicit language-scoped provider card/set ID plus canonical set and collector identity; native name is corroborating only.,,exact_catalogue_record
pokemon|th|TH|set:8cd030b1f6e1a67c|21|unspecified,th,TH,pokemon|th|TH|tcgdex:SV2P,"{""tcgdex"": ""SV2P""}",021,71,"{""tcgdex"": ""SV2P-021""}","[{""provider"": ""tcgdex"", ""providerCardId"": ""SV2P-021"", ""providerSetId"": ""SV2P"", ""serieId"": ""SV"", ""serieName"": ""สการ์เล็ต&ไวโอเล็ต"", ""sourceLanguage"": ""th""}]",Explicit language-scoped provider card/set ID plus canonical set and collector identity; native name is corroborating only.,,exact_catalogue_record
pokemon|th|TH|set:54b7da743bea5be6|92|unspecified,th,TH,pokemon|th|TH|tcgdex:SV4M,"{""tcgdex"": ""SV4M""}",092,66,"{""tcgdex"": ""SV4M-092""}","[{""provider"": ""tcgdex"", ""providerCardId"": ""SV4M-092"", ""providerSetId"": ""SV4M"", ""serieId"": ""SV"", ""serieName"": ""สการ์เล็ต&ไวโอเล็ต"", ""sourceLanguage"": ""th""}]",Explicit language-scoped provider card/set ID plus canonical set and collector identity; native name is corroborating only.,,exact_catalogue_record
pokemon|th|TH|set:cdfbc909bbd9a859|4|unspecified,th,TH,pokemon|th|TH|tcgdex:S5I,"{""tcgdex"": ""S5I""}",004,70,"{""tcgdex"": ""S5I-004""}","[{""provider"": ""tcgdex"", ""providerCardId"": ""S5I-004"", ""providerSetId"": ""S5I"", ""serieId"": ""S"", ""serieName"": ""ซอร์ด แอนด์ ชีลด์"", ""sourceLanguage"": ""th""}]",Explicit language-scoped provider card/set ID plus canonical set and collector identity; native name is corroborating only.,,exact_catalogue_record
pokemon|th|TH|set:ab4f4873a2e158a2|74|unspecified,th,TH,pokemon|th|TH|tcgdex:SV6,"{""tcgdex"": ""SV6""}",074,101,"{""tcgdex"": ""SV6-074""}","[{""provider"": ""tcgdex"", ""providerCardId"": ""SV6-074"", ""providerSetId"": ""SV6"", ""serieId"": ""SV"", ""serieName"": ""สการ์เล็ต&ไวโอเล็ต"", ""sourceLanguage"": ""th""}]",Explicit language-scoped provider card/set ID plus canonical set and collector identity; native name is corroborating only.,,exact_catalogue_record
pokemon|th|TH|set:85df65569d535354|91|unspecified,th,TH,pokemon|th|TH|tcgdex:SV5K,"{""tcgdex"": ""SV5K""}",091,71,"{""tcgdex"": ""SV5K-091""}","[{""provider"": ""tcgdex"", ""providerCardId"": ""SV5K-091"", ""providerSetId"": ""SV5K"", ""serieId"": ""SV"", ""serieName"": ""สการ์เล็ต&ไวโอเล็ต"", ""sourceLanguage"": ""th""}]",Explicit language-scoped provider card/set ID plus canonical set and collector identity; native name is corroborating only.,,exact_catalogue_record
pokemon|th|TH|set:85df65569d535354|6|unspecified,th,TH,pokemon|th|TH|tcgdex:SV5K,"{""tcgdex"": ""SV5K""}",006,71,"{""tcgdex"": ""SV5K-006""}","[{""provider"": ""tcgdex"", ""providerCardId"": ""SV5K-006"", ""providerSetId"": ""SV5K"", ""serieId"": ""SV"", ""serieName"": ""สการ์เล็ต&ไวโอเล็ต"", ""sourceLanguage"": ""th""}]",Explicit language-scoped provider card/set ID plus canonical set and collector identity; native name is corroborating only.,,exact_catalogue_record
pokemon|th|TH|set:ddf6e4eb76c31264|68|unspecified,th,TH,pokemon|th|TH|tcgdex:SV3a,"{""tcgdex"": ""SV3a""}",068,62,"{""tcgdex"": ""SV3a-068""}","[{""provider"": ""tcgdex"", ""providerCardId"": ""SV3a-068"", ""providerSetId"": ""SV3a"", ""serieId"": ""SV"", ""serieName"": ""สการ์เล็ต&ไวโอเล็ต"", ""sourceLanguage"": ""th""}]",Explicit language-scoped provider card/set ID plus canonical set and collector identity; native name is corroborating only.,,exact_catalogue_record
pokemon|th|TH|set:dcf4b701b3b7e4fa|62|unspecified,th,TH,pokemon|th|TH|tcgdex:SV2D,"{""tcgdex"": ""SV2D""}",062,71,"{""tcgdex"": ""SV2D-062""}","[{""provider"": ""tcgdex"", ""providerCardId"": ""SV2D-062"", ""providerSetId"": ""SV2D"", ""serieId"": ""SV"", ""serieName"": ""สการ์เล็ต&ไวโอเล็ต"", ""sourceLanguage"": ""th""}]",Explicit language-scoped provider card/set ID plus canonical set and collector identity; native name is corroborating only.,,exact_catalogue_record
pokemon|th|TH|set:dcf4b701b3b7e4fa|15|unspecified,th,TH,pokemon|th|TH|tcgdex:SV2D,"{""tcgdex"": ""SV2D""}",015,71,"{""tcgdex"": ""SV2D-015""}","[{""provider"": ""tcgdex"", ""providerCardId"": ""SV2D-015"", ""providerSetId"": ""SV2D"", ""serieId"": ""SV"", ""serieName"": ""สการ์เล็ต&ไวโอเล็ต"", ""sourceLanguage"": ""th""}]",Explicit language-scoped provider card/set ID plus canonical set and collector identity; native name is corroborating only.,,exact_catalogue_record
pokemon|th|TH|set:79463e01100358d1|45|unspecified,th,TH,pokemon|th|TH|tcgdex:S12a,"{""tcgdex"": ""S12a""}",045,172,"{""tcgdex"": ""S12a-045""}","[{""provider"": ""tcgdex"", ""providerCardId"": ""S12a-045"", ""providerSetId"": ""S12a"", ""serieId"": ""S"", ""serieName"": ""ซอร์ด แอนด์ ชีลด์"", ""sourceLanguage"": ""th""}]",Explicit language-scoped provider card/set ID plus canonical set and collector identity; native name is corroborating only.,,exact_catalogue_record
pokemon|th|TH|set:7437e58cd3b5adb2|172|unspecified,th,TH,pokemon|th|TH|tcgdex:SV8s,"{""tcgdex"": ""SV8s""}",172,182,"{""tcgdex"": ""SV8s-172""}","[{""provider"": ""tcgdex"", ""providerCardId"": ""SV8s-172"", ""providerSetId"": ""SV8s"", ""serieId"": ""SV"", ""serieName"": ""สการ์เล็ต&ไวโอเล็ต"", ""sourceLanguage"": ""th""}]",Explicit language-scoped provider card/set ID plus canonical set and collector identity; native name is corroborating only.,,exact_catalogue_record
pokemon|id|ID|set:06267c1e8ddfde25|10|unspecified,id,ID,pokemon|id|ID|tcgdex:SVAW,"{""tcgdex"": ""SVAW""}",010,23,"{""tcgdex"": ""SVAW-010""}","[{""provider"": ""tcgdex"", ""providerCardId"": ""SVAW-010"", ""providerSetId"": ""SVAW"", ""serieId"": ""SV"", ""serieName"": ""Scarlet & Violet"", ""sourceLanguage"": ""id""}]",Explicit language-scoped provider card/set ID plus canonical set and collector identity; native name is corroborating only.,,exact_catalogue_record
pokemon|id|ID|set:06267c1e8ddfde25|11|unspecified,id,ID,pokemon|id|ID|tcgdex:SVAW,"{""tcgdex"": ""SVAW""}",011,23,"{""tcgdex"": ""SVAW-011""}","[{""provider"": ""tcgdex"", ""providerCardId"": ""SVAW-011"", ""providerSetId"": ""SVAW"", ""serieId"": ""SV"", ""serieName"": ""Scarlet & Violet"", ""sourceLanguage"": ""id""}]",Explicit language-scoped provider card/set ID plus canonical set and collector identity; native name is corroborating only.,,exact_catalogue_record
pokemon|id|ID|set:06267c1e8ddfde25|12|unspecified,id,ID,pokemon|id|ID|tcgdex:SVAW,"{""tcgdex"": ""SVAW""}",012,23,"{""tcgdex"": ""SVAW-012""}","[{""provider"": ""tcgdex"", ""providerCardId"": ""SVAW-012"", ""providerSetId"": ""SVAW"", ""serieId"": ""SV"", ""serieName"": ""Scarlet & Violet"", ""sourceLanguage"": ""id""}]",Explicit language-scoped provider card/set ID plus canonical set and collector identity; native name is corroborating only.,,exact_catalogue_record
pokemon|id|ID|set:06267c1e8ddfde25|13|unspecified,id,ID,pokemon|id|ID|tcgdex:SVAW,"{""tcgdex"": ""SVAW""}",013,23,"{""tcgdex"": ""SVAW-013""}","[{""provider"": ""tcgdex"", ""providerCardId"": ""SVAW-013"", ""providerSetId"": ""SVAW"", ""serieId"": ""SV"", ""serieName"": ""Scarlet & Violet"", ""sourceLanguage"": ""id""}]",Explicit language-scoped provider card/set ID plus canonical set and collector identity; native name is corroborating only.,,exact_catalogue_record
pokemon|id|ID|set:06267c1e8ddfde25|14|unspecified,id,ID,pokemon|id|ID|tcgdex:SVAW,"{""tcgdex"": ""SVAW""}",014,23,"{""tcgdex"": ""SVAW-014""}","[{""provider"": ""tcgdex"", ""providerCardId"": ""SVAW-014"", ""providerSetId"": ""SVAW"", ""serieId"": ""SV"", ""serieName"": ""Scarlet & Violet"", ""sourceLanguage"": ""id""}]",Explicit language-scoped provider card/set ID plus canonical set and collector identity; native name is corroborating only.,,exact_catalogue_record
pokemon|id|ID|set:06267c1e8ddfde25|15|unspecified,id,ID,pokemon|id|ID|tcgdex:SVAW,"{""tcgdex"": ""SVAW""}",015,23,"{""tcgdex"": ""SVAW-015""}","[{""provider"": ""tcgdex"", ""providerCardId"": ""SVAW-015"", ""providerSetId"": ""SVAW"", ""serieId"": ""SV"", ""serieName"": ""Scarlet & Violet"", ""sourceLanguage"": ""id""}]",Explicit language-scoped provider card/set ID plus canonical set and collector identity; native name is corroborating only.,,exact_catalogue_record
pokemon|id|ID|set:06267c1e8ddfde25|16|unspecified,id,ID,pokemon|id|ID|tcgdex:SVAW,"{""tcgdex"": ""SVAW""}",016,23,"{""tcgdex"": ""SVAW-016""}","[{""provider"": ""tcgdex"", ""providerCardId"": ""SVAW-016"", ""providerSetId"": ""SVAW"", ""serieId"": ""SV"", ""serieName"": ""Scarlet & Violet"", ""sourceLanguage"": ""id""}]",Explicit language-scoped provider card/set ID plus canonical set and collector identity; native name is corroborating only.,,exact_catalogue_record
pokemon|id|ID|set:06267c1e8ddfde25|17|unspecified,id,ID,pokemon|id|ID|tcgdex:SVAW,"{""tcgdex"": ""SVAW""}",017,23,"{""tcgdex"": ""SVAW-017""}","[{""provider"": ""tcgdex"", ""providerCardId"": ""SVAW-017"", ""providerSetId"": ""SVAW"", ""serieId"": ""SV"", ""serieName"": ""Scarlet & Violet"", ""sourceLanguage"": ""id""}]",Explicit language-scoped provider card/set ID plus canonical set and collector identity; native name is corroborating only.,,exact_catalogue_record
pokemon|id|ID|set:06267c1e8ddfde25|18|unspecified,id,ID,pokemon|id|ID|tcgdex:SVAW,"{""tcgdex"": ""SVAW""}",018,23,"{""tcgdex"": ""SVAW-018""}","[{""provider"": ""tcgdex"", ""providerCardId"": ""SVAW-018"", ""providerSetId"": ""SVAW"", ""serieId"": ""SV"", ""serieName"": ""Scarlet & Violet"", ""sourceLanguage"": ""id""}]",Explicit language-scoped provider card/set ID plus canonical set and collector identity; native name is corroborating only.,,exact_catalogue_record
pokemon|id|ID|set:06267c1e8ddfde25|19|unspecified,id,ID,pokemon|id|ID|tcgdex:SVAW,"{""tcgdex"": ""SVAW""}",019,23,"{""tcgdex"": ""SVAW-019""}","[{""provider"": ""tcgdex"", ""providerCardId"": ""SVAW-019"", ""providerSetId"": ""SVAW"", ""serieId"": ""SV"", ""serieName"": ""Scarlet & Violet"", ""sourceLanguage"": ""id""}]",Explicit language-scoped provider card/set ID plus canonical set and collector identity; native name is corroborating only.,,exact_catalogue_record
pokemon|id|ID|set:06267c1e8ddfde25|1|unspecified,id,ID,pokemon|id|ID|tcgdex:SVAW,"{""tcgdex"": ""SVAW""}",001,23,"{""tcgdex"": ""SVAW-001""}","[{""provider"": ""tcgdex"", ""providerCardId"": ""SVAW-001"", ""providerSetId"": ""SVAW"", ""serieId"": ""SV"", ""serieName"": ""Scarlet & Violet"", ""sourceLanguage"": ""id""}]",Explicit language-scoped provider card/set ID plus canonical set and collector identity; native name is corroborating only.,,exact_catalogue_record
pokemon|id|ID|set:06267c1e8ddfde25|20|unspecified,id,ID,pokemon|id|ID|tcgdex:SVAW,"{""tcgdex"": ""SVAW""}",020,23,"{""tcgdex"": ""SVAW-020""}","[{""provider"": ""tcgdex"", ""providerCardId"": ""SVAW-020"", ""providerSetId"": ""SVAW"", ""serieId"": ""SV"", ""serieName"": ""Scarlet & Violet"", ""sourceLanguage"": ""id""}]",Explicit language-scoped provider card/set ID plus canonical set and collector identity; native name is corroborating only.,,exact_catalogue_record
pokemon|id|ID|set:06267c1e8ddfde25|21|unspecified,id,ID,pokemon|id|ID|tcgdex:SVAW,"{""tcgdex"": ""SVAW""}",021,23,"{""tcgdex"": ""SVAW-021""}","[{""provider"": ""tcgdex"", ""providerCardId"": ""SVAW-021"", ""providerSetId"": ""SVAW"", ""serieId"": ""SV"", ""serieName"": ""Scarlet & Violet"", ""sourceLanguage"": ""id""}]",Explicit language-scoped provider card/set ID plus canonical set and collector identity; native name is corroborating only.,,exact_catalogue_record
pokemon|id|ID|set:06267c1e8ddfde25|22|unspecified,id,ID,pokemon|id|ID|tcgdex:SVAW,"{""tcgdex"": ""SVAW""}",022,23,"{""tcgdex"": ""SVAW-022""}","[{""provider"": ""tcgdex"", ""providerCardId"": ""SVAW-022"", ""providerSetId"": ""SVAW"", ""serieId"": ""SV"", ""serieName"": ""Scarlet & Violet"", ""sourceLanguage"": ""id""}]",Explicit language-scoped provider card/set ID plus canonical set and collector identity; native name is corroborating only.,,exact_catalogue_record
pokemon|id|ID|set:06267c1e8ddfde25|23|unspecified,id,ID,pokemon|id|ID|tcgdex:SVAW,"{""tcgdex"": ""SVAW""}",023,23,"{""tcgdex"": ""SVAW-023""}","[{""provider"": ""tcgdex"", ""providerCardId"": ""SVAW-023"", ""providerSetId"": ""SVAW"", ""serieId"": ""SV"", ""serieName"": ""Scarlet & Violet"", ""sourceLanguage"": ""id""}]",Explicit language-scoped provider card/set ID plus canonical set and collector identity; native name is corroborating only.,,exact_catalogue_record
pokemon|id|ID|set:22c6f4128960906a|9|unspecified,id,ID,pokemon|id|ID|tcgdex:SV9s,"{""tcgdex"": ""SV9s""}",009,139,"{""tcgdex"": ""SV9s-009""}","[{""provider"": ""tcgdex"", ""providerCardId"": ""SV9s-009"", ""providerSetId"": ""SV9s"", ""serieId"": ""SV"", ""serieName"": ""Scarlet & Violet"", ""sourceLanguage"": ""id""}]",Explicit language-scoped provider card/set ID plus canonical set and collector identity; native name is corroborating only.,,exact_catalogue_record
pokemon|id|ID|set:22c6f4128960906a|99|unspecified,id,ID,pokemon|id|ID|tcgdex:SV9s,"{""tcgdex"": ""SV9s""}",099,139,"{""tcgdex"": ""SV9s-099""}","[{""provider"": ""tcgdex"", ""providerCardId"": ""SV9s-099"", ""providerSetId"": ""SV9s"", ""serieId"": ""SV"", ""serieName"": ""Scarlet & Violet"", ""sourceLanguage"": ""id""}]",Explicit language-scoped provider card/set ID plus canonical set and collector identity; native name is corroborating only.,,exact_catalogue_record
pokemon|id|ID|set:22c6f4128960906a|98|unspecified,id,ID,pokemon|id|ID|tcgdex:SV9s,"{""tcgdex"": ""SV9s""}",098,139,"{""tcgdex"": ""SV9s-098""}","[{""provider"": ""tcgdex"", ""providerCardId"": ""SV9s-098"", ""providerSetId"": ""SV9s"", ""serieId"": ""SV"", ""serieName"": ""Scarlet & Violet"", ""sourceLanguage"": ""id""}]",Explicit language-scoped provider card/set ID plus canonical set and collector identity; native name is corroborating only.,,exact_catalogue_record
pokemon|id|ID|set:22c6f4128960906a|97|unspecified,id,ID,pokemon|id|ID|tcgdex:SV9s,"{""tcgdex"": ""SV9s""}",097,139,"{""tcgdex"": ""SV9s-097""}","[{""provider"": ""tcgdex"", ""providerCardId"": ""SV9s-097"", ""providerSetId"": ""SV9s"", ""serieId"": ""SV"", ""serieName"": ""Scarlet & Violet"", ""sourceLanguage"": ""id""}]",Explicit language-scoped provider card/set ID plus canonical set and collector identity; native name is corroborating only.,,exact_catalogue_record
pokemon|id|ID|set:22c6f4128960906a|96|unspecified,id,ID,pokemon|id|ID|tcgdex:SV9s,"{""tcgdex"": ""SV9s""}",096,139,"{""tcgdex"": ""SV9s-096""}","[{""provider"": ""tcgdex"", ""providerCardId"": ""SV9s-096"", ""providerSetId"": ""SV9s"", ""serieId"": ""SV"", ""serieName"": ""Scarlet & Violet"", ""sourceLanguage"": ""id""}]",Explicit language-scoped provider card/set ID plus canonical set and collector identity; native name is corroborating only.,,exact_catalogue_record
pokemon|id|ID|set:22c6f4128960906a|95|unspecified,id,ID,pokemon|id|ID|tcgdex:SV9s,"{""tcgdex"": ""SV9s""}",095,139,"{""tcgdex"": ""SV9s-095""}","[{""provider"": ""tcgdex"", ""providerCardId"": ""SV9s-095"", ""providerSetId"": ""SV9s"", ""serieId"": ""SV"", ""serieName"": ""Scarlet & Violet"", ""sourceLanguage"": ""id""}]",Explicit language-scoped provider card/set ID plus canonical set and collector identity; native name is corroborating only.,,exact_catalogue_record
pokemon|id|ID|set:22c6f4128960906a|94|unspecified,id,ID,pokemon|id|ID|tcgdex:SV9s,"{""tcgdex"": ""SV9s""}",094,139,"{""tcgdex"": ""SV9s-094""}","[{""provider"": ""tcgdex"", ""providerCardId"": ""SV9s-094"", ""providerSetId"": ""SV9s"", ""serieId"": ""SV"", ""serieName"": ""Scarlet & Violet"", ""sourceLanguage"": ""id""}]",Explicit language-scoped provider card/set ID plus canonical set and collector identity; native name is corroborating only.,,exact_catalogue_record
pokemon|id|ID|set:22c6f4128960906a|93|unspecified,id,ID,pokemon|id|ID|tcgdex:SV9s,"{""tcgdex"": ""SV9s""}",093,139,"{""tcgdex"": ""SV9s-093""}","[{""provider"": ""tcgdex"", ""providerCardId"": ""SV9s-093"", ""providerSetId"": ""SV9s"", ""serieId"": ""SV"", ""serieName"": ""Scarlet & Violet"", ""sourceLanguage"": ""id""}]",Explicit language-scoped provider card/set ID plus canonical set and collector identity; native name is corroborating only.,,exact_catalogue_record
pokemon|id|ID|set:22c6f4128960906a|92|unspecified,id,ID,pokemon|id|ID|tcgdex:SV9s,"{""tcgdex"": ""SV9s""}",092,139,"{""tcgdex"": ""SV9s-092""}","[{""provider"": ""tcgdex"", ""providerCardId"": ""SV9s-092"", ""providerSetId"": ""SV9s"", ""serieId"": ""SV"", ""serieName"": ""Scarlet & Violet"", ""sourceLanguage"": ""id""}]",Explicit language-scoped provider card/set ID plus canonical set and collector identity; native name is corroborating only.,,exact_catalogue_record
pokemon|id|ID|set:22c6f4128960906a|91|unspecified,id,ID,pokemon|id|ID|tcgdex:SV9s,"{""tcgdex"": ""SV9s""}",091,139,"{""tcgdex"": ""SV9s-091""}","[{""provider"": ""tcgdex"", ""providerCardId"": ""SV9s-091"", ""providerSetId"": ""SV9s"", ""serieId"": ""SV"", ""serieName"": ""Scarlet & Violet"", ""sourceLanguage"": ""id""}]",Explicit language-scoped provider card/set ID plus canonical set and collector identity; native name is corroborating only.,,exact_catalogue_record
pokemon|id|ID|set:22c6f4128960906a|90|unspecified,id,ID,pokemon|id|ID|tcgdex:SV9s,"{""tcgdex"": ""SV9s""}",090,139,"{""tcgdex"": ""SV9s-090""}","[{""provider"": ""tcgdex"", ""providerCardId"": ""SV9s-090"", ""providerSetId"": ""SV9s"", ""serieId"": ""SV"", ""serieName"": ""Scarlet & Violet"", ""sourceLanguage"": ""id""}]",Explicit language-scoped provider card/set ID plus canonical set and collector identity; native name is corroborating only.,,exact_catalogue_record
pokemon|id|ID|set:22c6f4128960906a|8|unspecified,id,ID,pokemon|id|ID|tcgdex:SV9s,"{""tcgdex"": ""SV9s""}",008,139,"{""tcgdex"": ""SV9s-008""}","[{""provider"": ""tcgdex"", ""providerCardId"": ""SV9s-008"", ""providerSetId"": ""SV9s"", ""serieId"": ""SV"", ""serieName"": ""Scarlet & Violet"", ""sourceLanguage"": ""id""}]",Explicit language-scoped provider card/set ID plus canonical set and collector identity; native name is corroborating only.,,exact_catalogue_record
pokemon|id|ID|set:22c6f4128960906a|89|unspecified,id,ID,pokemon|id|ID|tcgdex:SV9s,"{""tcgdex"": ""SV9s""}",089,139,"{""tcgdex"": ""SV9s-089""}","[{""provider"": ""tcgdex"", ""providerCardId"": ""SV9s-089"", ""providerSetId"": ""SV9s"", ""serieId"": ""SV"", ""serieName"": ""Scarlet & Violet"", ""sourceLanguage"": ""id""}]",Explicit language-scoped provider card/set ID plus canonical set and collector identity; native name is corroborating only.,,exact_catalogue_record
pokemon|id|ID|set:22c6f4128960906a|88|unspecified,id,ID,pokemon|id|ID|tcgdex:SV9s,"{""tcgdex"": ""SV9s""}",088,139,"{""tcgdex"": ""SV9s-088""}","[{""provider"": ""tcgdex"", ""providerCardId"": ""SV9s-088"", ""providerSetId"": ""SV9s"", ""serieId"": ""SV"", ""serieName"": ""Scarlet & Violet"", ""sourceLanguage"": ""id""}]",Explicit language-scoped provider card/set ID plus canonical set and collector identity; native name is corroborating only.,,exact_catalogue_record
pokemon|id|ID|set:22c6f4128960906a|87|unspecified,id,ID,pokemon|id|ID|tcgdex:SV9s,"{""tcgdex"": ""SV9s""}",087,139,"{""tcgdex"": ""SV9s-087""}","[{""provider"": ""tcgdex"", ""providerCardId"": ""SV9s-087"", ""providerSetId"": ""SV9s"", ""serieId"": ""SV"", ""serieName"": ""Scarlet & Violet"", ""sourceLanguage"": ""id""}]",Explicit language-scoped provider card/set ID plus canonical set and collector identity; native name is corroborating only.,,exact_catalogue_record
pokemon|id|ID|set:2982ea2b139b70c1|FIR|unspecified,id,ID,pokemon|id|ID|tcgdex:SVAL,"{""tcgdex"": ""SVAL""}",FIR,21,"{""tcgdex"": ""SVAL-FIR""}","[{""provider"": ""tcgdex"", ""providerCardId"": ""SVAL-FIR"", ""providerSetId"": ""SVAL"", ""serieId"": ""SV"", ""serieName"": ""Scarlet & Violet"", ""sourceLanguage"": ""id""}]",Explicit language-scoped provider card/set ID plus canonical set and collector identity; native name is corroborating only.,,exact_catalogue_record
pokemon|id|ID|set:2982ea2b139b70c1|LIG|unspecified,id,ID,pokemon|id|ID|tcgdex:SVAL,"{""tcgdex"": ""SVAL""}",LIG,21,"{""tcgdex"": ""SVAL-LIG""}","[{""provider"": ""tcgdex"", ""providerCardId"": ""SVAL-LIG"", ""providerSetId"": ""SVAL"", ""serieId"": ""SV"", ""serieName"": ""Scarlet & Violet"", ""sourceLanguage"": ""id""}]",Explicit language-scoped provider card/set ID plus canonical set and collector identity; native name is corroborating only.,,exact_catalogue_record
pokemon|id|ID|set:4447bac5663246f2|FIG|unspecified,id,ID,pokemon|id|ID|tcgdex:SVAM,"{""tcgdex"": ""SVAM""}",FIG,23,"{""tcgdex"": ""SVAM-FIG""}","[{""provider"": ""tcgdex"", ""providerCardId"": ""SVAM-FIG"", ""providerSetId"": ""SVAM"", ""serieId"": ""SV"", ""serieName"": ""Scarlet & Violet"", ""sourceLanguage"": ""id""}]",Explicit language-scoped provider card/set ID plus canonical set and collector identity; native name is corroborating only.,,exact_catalogue_record
pokemon|id|ID|set:4447bac5663246f2|GRA|unspecified,id,ID,pokemon|id|ID|tcgdex:SVAM,"{""tcgdex"": ""SVAM""}",GRA,23,"{""tcgdex"": ""SVAM-GRA""}","[{""provider"": ""tcgdex"", ""providerCardId"": ""SVAM-GRA"", ""providerSetId"": ""SVAM"", ""serieId"": ""SV"", ""serieName"": ""Scarlet & Violet"", ""sourceLanguage"": ""id""}]",Explicit language-scoped provider card/set ID plus canonical set and collector identity; native name is corroborating only.,,exact_catalogue_record
pokemon|id|ID|set:06267c1e8ddfde25|PSY|unspecified,id,ID,pokemon|id|ID|tcgdex:SVAW,"{""tcgdex"": ""SVAW""}",PSY,23,"{""tcgdex"": ""SVAW-PSY""}","[{""provider"": ""tcgdex"", ""providerCardId"": ""SVAW-PSY"", ""providerSetId"": ""SVAW"", ""serieId"": ""SV"", ""serieName"": ""Scarlet & Violet"", ""sourceLanguage"": ""id""}]",Explicit language-scoped provider card/set ID plus canonical set and collector identity; native name is corroborating only.,,exact_catalogue_record
pokemon|id|ID|set:06267c1e8ddfde25|WAT|unspecified,id,ID,pokemon|id|ID|tcgdex:SVAW,"{""tcgdex"": ""SVAW""}",WAT,23,"{""tcgdex"": ""SVAW-WAT""}","[{""provider"": ""tcgdex"", ""providerCardId"": ""SVAW-WAT"", ""providerSetId"": ""SVAW"", ""serieId"": ""SV"", ""serieName"": ""Scarlet & Violet"", ""sourceLanguage"": ""id""}]",Explicit language-scoped provider card/set ID plus canonical set and collector identity; native name is corroborating only.,,exact_catalogue_record
pokemon|id|ID|set:3bc75ffd219e4f97|DAR|unspecified,id,ID,pokemon|id|ID|tcgdex:SVDs,"{""tcgdex"": ""SVDs""}",DAR,163,"{""tcgdex"": ""SVDs-DAR""}","[{""provider"": ""tcgdex"", ""providerCardId"": ""SVDs-DAR"", ""providerSetId"": ""SVDs"", ""serieId"": ""SV"", ""serieName"": ""Scarlet & Violet"", ""sourceLanguage"": ""id""}]",Explicit language-scoped provider card/set ID plus canonical set and collector identity; native name is corroborating only.,,exact_catalogue_record
pokemon|id|ID|set:3bc75ffd219e4f97|FIG|unspecified,id,ID,pokemon|id|ID|tcgdex:SVDs,"{""tcgdex"": ""SVDs""}",FIG,163,"{""tcgdex"": ""SVDs-FIG""}","[{""provider"": ""tcgdex"", ""providerCardId"": ""SVDs-FIG"", ""providerSetId"": ""SVDs"", ""serieId"": ""SV"", ""serieName"": ""Scarlet & Violet"", ""sourceLanguage"": ""id""}]",Explicit language-scoped provider card/set ID plus canonical set and collector identity; native name is corroborating only.,,exact_catalogue_record
pokemon|id|ID|set:3bc75ffd219e4f97|FIR|unspecified,id,ID,pokemon|id|ID|tcgdex:SVDs,"{""tcgdex"": ""SVDs""}",FIR,163,"{""tcgdex"": ""SVDs-FIR""}","[{""provider"": ""tcgdex"", ""providerCardId"": ""SVDs-FIR"", ""providerSetId"": ""SVDs"", ""serieId"": ""SV"", ""serieName"": ""Scarlet & Violet"", ""sourceLanguage"": ""id""}]",Explicit language-scoped provider card/set ID plus canonical set and collector identity; native name is corroborating only.,,exact_catalogue_record
pokemon|id|ID|set:3bc75ffd219e4f97|GRA|unspecified,id,ID,pokemon|id|ID|tcgdex:SVDs,"{""tcgdex"": ""SVDs""}",GRA,163,"{""tcgdex"": ""SVDs-GRA""}","[{""provider"": ""tcgdex"", ""providerCardId"": ""SVDs-GRA"", ""providerSetId"": ""SVDs"", ""serieId"": ""SV"", ""serieName"": ""Scarlet & Violet"", ""sourceLanguage"": ""id""}]",Explicit language-scoped provider card/set ID plus canonical set and collector identity; native name is corroborating only.,,exact_catalogue_record
pokemon|id|ID|set:3bc75ffd219e4f97|LIG|unspecified,id,ID,pokemon|id|ID|tcgdex:SVDs,"{""tcgdex"": ""SVDs""}",LIG,163,"{""tcgdex"": ""SVDs-LIG""}","[{""provider"": ""tcgdex"", ""providerCardId"": ""SVDs-LIG"", ""providerSetId"": ""SVDs"", ""serieId"": ""SV"", ""serieName"": ""Scarlet & Violet"", ""sourceLanguage"": ""id""}]",Explicit language-scoped provider card/set ID plus canonical set and collector identity; native name is corroborating only.,,exact_catalogue_record
pokemon|id|ID|set:3bc75ffd219e4f97|MET|unspecified,id,ID,pokemon|id|ID|tcgdex:SVDs,"{""tcgdex"": ""SVDs""}",MET,163,"{""tcgdex"": ""SVDs-MET""}","[{""provider"": ""tcgdex"", ""providerCardId"": ""SVDs-MET"", ""providerSetId"": ""SVDs"", ""serieId"": ""SV"", ""serieName"": ""Scarlet & Violet"", ""sourceLanguage"": ""id""}]",Explicit language-scoped provider card/set ID plus canonical set and collector identity; native name is corroborating only.,,exact_catalogue_record
pokemon|id|ID|set:3bc75ffd219e4f97|PSY|unspecified,id,ID,pokemon|id|ID|tcgdex:SVDs,"{""tcgdex"": ""SVDs""}",PSY,163,"{""tcgdex"": ""SVDs-PSY""}","[{""provider"": ""tcgdex"", ""providerCardId"": ""SVDs-PSY"", ""providerSetId"": ""SVDs"", ""serieId"": ""SV"", ""serieName"": ""Scarlet & Violet"", ""sourceLanguage"": ""id""}]",Explicit language-scoped provider card/set ID plus canonical set and collector identity; native name is corroborating only.,,exact_catalogue_record
pokemon|id|ID|set:3bc75ffd219e4f97|WAT|unspecified,id,ID,pokemon|id|ID|tcgdex:SVDs,"{""tcgdex"": ""SVDs""}",WAT,163,"{""tcgdex"": ""SVDs-WAT""}","[{""provider"": ""tcgdex"", ""providerCardId"": ""SVDs-WAT"", ""providerSetId"": ""SVDs"", ""serieId"": ""SV"", ""serieName"": ""Scarlet & Violet"", ""sourceLanguage"": ""id""}]",Explicit language-scoped provider card/set ID plus canonical set and collector identity; native name is corroborating only.,,exact_catalogue_record
pokemon|id|ID|set:ed9ab3f0c29ebb81|FIG|unspecified,id,ID,pokemon|id|ID|tcgdex:SVHK,"{""tcgdex"": ""SVHK""}",FIG,22,"{""tcgdex"": ""SVHK-FIG""}","[{""provider"": ""tcgdex"", ""providerCardId"": ""SVHK-FIG"", ""providerSetId"": ""SVHK"", ""serieId"": ""SV"", ""serieName"": ""Scarlet & Violet"", ""sourceLanguage"": ""id""}]",Explicit language-scoped provider card/set ID plus canonical set and collector identity; native name is corroborating only.,,exact_catalogue_record
pokemon|id|ID|set:96a706f8e3ae3b5d|1|unspecified,id,ID,pokemon|id|ID|tcgdex:SV1a,"{""tcgdex"": ""SV1a""}",001,73,"{""tcgdex"": ""SV1a-001""}","[{""provider"": ""tcgdex"", ""providerCardId"": ""SV1a-001"", ""providerSetId"": ""SV1a"", ""serieId"": ""SV"", ""serieName"": ""Scarlet & Violet"", ""sourceLanguage"": ""id""}]",Explicit language-scoped provider card/set ID plus canonical set and collector identity; native name is corroborating only.,,exact_catalogue_record
pokemon|id|ID|set:96a706f8e3ae3b5d|10|unspecified,id,ID,pokemon|id|ID|tcgdex:SV1a,"{""tcgdex"": ""SV1a""}",010,73,"{""tcgdex"": ""SV1a-010""}","[{""provider"": ""tcgdex"", ""providerCardId"": ""SV1a-010"", ""providerSetId"": ""SV1a"", ""serieId"": ""SV"", ""serieName"": ""Scarlet & Violet"", ""sourceLanguage"": ""id""}]",Explicit language-scoped provider card/set ID plus canonical set and collector identity; native name is corroborating only.,,exact_catalogue_record
pokemon|id|ID|set:96a706f8e3ae3b5d|11|unspecified,id,ID,pokemon|id|ID|tcgdex:SV1a,"{""tcgdex"": ""SV1a""}",011,73,"{""tcgdex"": ""SV1a-011""}","[{""provider"": ""tcgdex"", ""providerCardId"": ""SV1a-011"", ""providerSetId"": ""SV1a"", ""serieId"": ""SV"", ""serieName"": ""Scarlet & Violet"", ""sourceLanguage"": ""id""}]",Explicit language-scoped provider card/set ID plus canonical set and collector identity; native name is corroborating only.,,exact_catalogue_record
pokemon|id|ID|set:96a706f8e3ae3b5d|12|unspecified,id,ID,pokemon|id|ID|tcgdex:SV1a,"{""tcgdex"": ""SV1a""}",012,73,"{""tcgdex"": ""SV1a-012""}","[{""provider"": ""tcgdex"", ""providerCardId"": ""SV1a-012"", ""providerSetId"": ""SV1a"", ""serieId"": ""SV"", ""serieName"": ""Scarlet & Violet"", ""sourceLanguage"": ""id""}]",Explicit language-scoped provider card/set ID plus canonical set and collector identity; native name is corroborating only.,,exact_catalogue_record
pokemon|id|ID|set:96a706f8e3ae3b5d|13|unspecified,id,ID,pokemon|id|ID|tcgdex:SV1a,"{""tcgdex"": ""SV1a""}",013,73,"{""tcgdex"": ""SV1a-013""}","[{""provider"": ""tcgdex"", ""providerCardId"": ""SV1a-013"", ""providerSetId"": ""SV1a"", ""serieId"": ""SV"", ""serieName"": ""Scarlet & Violet"", ""sourceLanguage"": ""id""}]",Explicit language-scoped provider card/set ID plus canonical set and collector identity; native name is corroborating only.,,exact_catalogue_record
pokemon|id|ID|set:96a706f8e3ae3b5d|14|unspecified,id,ID,pokemon|id|ID|tcgdex:SV1a,"{""tcgdex"": ""SV1a""}",014,73,"{""tcgdex"": ""SV1a-014""}","[{""provider"": ""tcgdex"", ""providerCardId"": ""SV1a-014"", ""providerSetId"": ""SV1a"", ""serieId"": ""SV"", ""serieName"": ""Scarlet & Violet"", ""sourceLanguage"": ""id""}]",Explicit language-scoped provider card/set ID plus canonical set and collector identity; native name is corroborating only.,,exact_catalogue_record
pokemon|id|ID|set:96a706f8e3ae3b5d|15|unspecified,id,ID,pokemon|id|ID|tcgdex:SV1a,"{""tcgdex"": ""SV1a""}",015,73,"{""tcgdex"": ""SV1a-015""}","[{""provider"": ""tcgdex"", ""providerCardId"": ""SV1a-015"", ""providerSetId"": ""SV1a"", ""serieId"": ""SV"", ""serieName"": ""Scarlet & Violet"", ""sourceLanguage"": ""id""}]",Explicit language-scoped provider card/set ID plus canonical set and collector identity; native name is corroborating only.,,exact_catalogue_record
pokemon|id|ID|set:96a706f8e3ae3b5d|16|unspecified,id,ID,pokemon|id|ID|tcgdex:SV1a,"{""tcgdex"": ""SV1a""}",016,73,"{""tcgdex"": ""SV1a-016""}","[{""provider"": ""tcgdex"", ""providerCardId"": ""SV1a-016"", ""providerSetId"": ""SV1a"", ""serieId"": ""SV"", ""serieName"": ""Scarlet & Violet"", ""sourceLanguage"": ""id""}]",Explicit language-scoped provider card/set ID plus canonical set and collector identity; native name is corroborating only.,,exact_catalogue_record
pokemon|id|ID|set:96a706f8e3ae3b5d|17|unspecified,id,ID,pokemon|id|ID|tcgdex:SV1a,"{""tcgdex"": ""SV1a""}",017,73,"{""tcgdex"": ""SV1a-017""}","[{""provider"": ""tcgdex"", ""providerCardId"": ""SV1a-017"", ""providerSetId"": ""SV1a"", ""serieId"": ""SV"", ""serieName"": ""Scarlet & Violet"", ""sourceLanguage"": ""id""}]",Explicit language-scoped provider card/set ID plus canonical set and collector identity; native name is corroborating only.,,exact_catalogue_record
pokemon|id|ID|set:96a706f8e3ae3b5d|18|unspecified,id,ID,pokemon|id|ID|tcgdex:SV1a,"{""tcgdex"": ""SV1a""}",018,73,"{""tcgdex"": ""SV1a-018""}","[{""provider"": ""tcgdex"", ""providerCardId"": ""SV1a-018"", ""providerSetId"": ""SV1a"", ""serieId"": ""SV"", ""serieName"": ""Scarlet & Violet"", ""sourceLanguage"": ""id""}]",Explicit language-scoped provider card/set ID plus canonical set and collector identity; native name is corroborating only.,,exact_catalogue_record
pokemon|id|ID|set:3ff04fe84566a441|54|unspecified,id,ID,pokemon|id|ID|tcgdex:SV7s,"{""tcgdex"": ""SV7s""}",054,166,"{""tcgdex"": ""SV7s-054""}","[{""provider"": ""tcgdex"", ""providerCardId"": ""SV7s-054"", ""providerSetId"": ""SV7s"", ""serieId"": ""SV"", ""serieName"": ""Scarlet & Violet"", ""sourceLanguage"": ""id""}]",Explicit language-scoped provider card/set ID plus canonical set and collector identity; native name is corroborating only.,,exact_catalogue_record
pokemon|id|ID|set:b78a2429d331fb54|67|unspecified,id,ID,pokemon|id|ID|tcgdex:SV2P,"{""tcgdex"": ""SV2P""}",067,71,"{""tcgdex"": ""SV2P-067""}","[{""provider"": ""tcgdex"", ""providerCardId"": ""SV2P-067"", ""providerSetId"": ""SV2P"", ""serieId"": ""SV"", ""serieName"": ""Scarlet & Violet"", ""sourceLanguage"": ""id""}]",Explicit language-scoped provider card/set ID plus canonical set and collector identity; native name is corroborating only.,,exact_catalogue_record
pokemon|id|ID|set:22c6f4128960906a|142|unspecified,id,ID,pokemon|id|ID|tcgdex:SV9s,"{""tcgdex"": ""SV9s""}",142,139,"{""tcgdex"": ""SV9s-142""}","[{""provider"": ""tcgdex"", ""providerCardId"": ""SV9s-142"", ""providerSetId"": ""SV9s"", ""serieId"": ""SV"", ""serieName"": ""Scarlet & Violet"", ""sourceLanguage"": ""id""}]",Explicit language-scoped provider card/set ID plus canonical set and collector identity; native name is corroborating only.,,exact_catalogue_record
pokemon|id|ID|set:654911be10b33d49|125|unspecified,id,ID,pokemon|id|ID|tcgdex:SV3s,"{""tcgdex"": ""SV3s""}",125,170,"{""tcgdex"": ""SV3s-125""}","[{""provider"": ""tcgdex"", ""providerCardId"": ""SV3s-125"", ""providerSetId"": ""SV3s"", ""serieId"": ""SV"", ""serieName"": ""Scarlet & Violet"", ""sourceLanguage"": ""id""}]",Explicit language-scoped provider card/set ID plus canonical set and collector identity; native name is corroborating only.,,exact_catalogue_record
pokemon|id|ID|set:654911be10b33d49|89|unspecified,id,ID,pokemon|id|ID|tcgdex:SV3s,"{""tcgdex"": ""SV3s""}",089,170,"{""tcgdex"": ""SV3s-089""}","[{""provider"": ""tcgdex"", ""providerCardId"": ""SV3s-089"", ""providerSetId"": ""SV3s"", ""serieId"": ""SV"", ""serieName"": ""Scarlet & Violet"", ""sourceLanguage"": ""id""}]",Explicit language-scoped provider card/set ID plus canonical set and collector identity; native name is corroborating only.,,exact_catalogue_record
pokemon|id|ID|set:d741b405bb7cceb6|179|unspecified,id,ID,pokemon|id|ID|tcgdex:SV8s,"{""tcgdex"": ""SV8s""}",179,182,"{""tcgdex"": ""SV8s-179""}","[{""provider"": ""tcgdex"", ""providerCardId"": ""SV8s-179"", ""providerSetId"": ""SV8s"", ""serieId"": ""SV"", ""serieName"": ""Scarlet & Violet"", ""sourceLanguage"": ""id""}]",Explicit language-scoped provider card/set ID plus canonical set and collector identity; native name is corroborating only.,,exact_catalogue_record
pokemon|id|ID|set:5151fed58f338b53|287|unspecified,id,ID,pokemon|id|ID|tcgdex:SV4a,"{""tcgdex"": ""SV4a""}",287,190,"{""tcgdex"": ""SV4a-287""}","[{""provider"": ""tcgdex"", ""providerCardId"": ""SV4a-287"", ""providerSetId"": ""SV4a"", ""serieId"": ""SV"", ""serieName"": ""Scarlet & Violet"", ""sourceLanguage"": ""id""}]",Explicit language-scoped provider card/set ID plus canonical set and collector identity; native name is corroborating only.,,exact_catalogue_record
pokemon|id|ID|set:78bf193c0c629fc4|66|unspecified,id,ID,pokemon|id|ID|tcgdex:SV5s,"{""tcgdex"": ""SV5s""}",066,142,"{""tcgdex"": ""SV5s-066""}","[{""provider"": ""tcgdex"", ""providerCardId"": ""SV5s-066"", ""providerSetId"": ""SV5s"", ""serieId"": ""SV"", ""serieName"": ""Scarlet & Violet"", ""sourceLanguage"": ""id""}]",Explicit language-scoped provider card/set ID plus canonical set and collector identity; native name is corroborating only.,,exact_catalogue_record
pokemon|id|ID|set:3ff04fe84566a441|16|unspecified,id,ID,pokemon|id|ID|tcgdex:SV7s,"{""tcgdex"": ""SV7s""}",016,166,"{""tcgdex"": ""SV7s-016""}","[{""provider"": ""tcgdex"", ""providerCardId"": ""SV7s-016"", ""providerSetId"": ""SV7s"", ""serieId"": ""SV"", ""serieName"": ""Scarlet & Violet"", ""sourceLanguage"": ""id""}]",Explicit language-scoped provider card/set ID plus canonical set and collector identity; native name is corroborating only.,,exact_catalogue_record
pokemon|id|ID|set:5151fed58f338b53|235|unspecified,id,ID,pokemon|id|ID|tcgdex:SV4a,"{""tcgdex"": ""SV4a""}",235,190,"{""tcgdex"": ""SV4a-235""}","[{""provider"": ""tcgdex"", ""providerCardId"": ""SV4a-235"", ""providerSetId"": ""SV4a"", ""serieId"": ""SV"", ""serieName"": ""Scarlet & Violet"", ""sourceLanguage"": ""id""}]",Explicit language-scoped provider card/set ID plus canonical set and collector identity; native name is corroborating only.,,exact_catalogue_record
pokemon|id|ID|set:0c3a1046f1ee2d59|167|unspecified,id,ID,pokemon|id|ID|tcgdex:SV6s,"{""tcgdex"": ""SV6s""}",167,167,"{""tcgdex"": ""SV6s-167""}","[{""provider"": ""tcgdex"", ""providerCardId"": ""SV6s-167"", ""providerSetId"": ""SV6s"", ""serieId"": ""SV"", ""serieName"": ""Scarlet & Violet"", ""sourceLanguage"": ""id""}]",Explicit language-scoped provider card/set ID plus canonical set and collector identity; native name is corroborating only.,,exact_catalogue_record
pokemon|id|ID|set:654911be10b33d49|151|unspecified,id,ID,pokemon|id|ID|tcgdex:SV3s,"{""tcgdex"": ""SV3s""}",151,170,"{""tcgdex"": ""SV3s-151""}","[{""provider"": ""tcgdex"", ""providerCardId"": ""SV3s-151"", ""providerSetId"": ""SV3s"", ""serieId"": ""SV"", ""serieName"": ""Scarlet & Violet"", ""sourceLanguage"": ""id""}]",Explicit language-scoped provider card/set ID plus canonical set and collector identity; native name is corroborating only.,,exact_catalogue_record
pokemon|id|ID|set:d741b405bb7cceb6|185|unspecified,id,ID,pokemon|id|ID|tcgdex:SV8s,"{""tcgdex"": ""SV8s""}",185,182,"{""tcgdex"": ""SV8s-185""}","[{""provider"": ""tcgdex"", ""providerCardId"": ""SV8s-185"", ""providerSetId"": ""SV8s"", ""serieId"": ""SV"", ""serieName"": ""Scarlet & Violet"", ""sourceLanguage"": ""id""}]",Explicit language-scoped provider card/set ID plus canonical set and collector identity; native name is corroborating only.,,exact_catalogue_record
pokemon|id|ID|set:654911be10b33d49|141|unspecified,id,ID,pokemon|id|ID|tcgdex:SV3s,"{""tcgdex"": ""SV3s""}",141,170,"{""tcgdex"": ""SV3s-141""}","[{""provider"": ""tcgdex"", ""providerCardId"": ""SV3s-141"", ""providerSetId"": ""SV3s"", ""serieId"": ""SV"", ""serieName"": ""Scarlet & Violet"", ""sourceLanguage"": ""id""}]",Explicit language-scoped provider card/set ID plus canonical set and collector identity; native name is corroborating only.,,exact_catalogue_record
pokemon|id|ID|set:972e6c4b8347b7a1|119|unspecified,id,ID,pokemon|id|ID|tcgdex:SV4s,"{""tcgdex"": ""SV4s""}",119,132,"{""tcgdex"": ""SV4s-119""}","[{""provider"": ""tcgdex"", ""providerCardId"": ""SV4s-119"", ""providerSetId"": ""SV4s"", ""serieId"": ""SV"", ""serieName"": ""Scarlet & Violet"", ""sourceLanguage"": ""id""}]",Explicit language-scoped provider card/set ID plus canonical set and collector identity; native name is corroborating only.,,exact_catalogue_record
pokemon|id|ID|set:22c6f4128960906a|108|unspecified,id,ID,pokemon|id|ID|tcgdex:SV9s,"{""tcgdex"": ""SV9s""}",108,139,"{""tcgdex"": ""SV9s-108""}","[{""provider"": ""tcgdex"", ""providerCardId"": ""SV9s-108"", ""providerSetId"": ""SV9s"", ""serieId"": ""SV"", ""serieName"": ""Scarlet & Violet"", ""sourceLanguage"": ""id""}]",Explicit language-scoped provider card/set ID plus canonical set and collector identity; native name is corroborating only.,,exact_catalogue_record
pokemon|id|ID|set:22c6f4128960906a|14|unspecified,id,ID,pokemon|id|ID|tcgdex:SV9s,"{""tcgdex"": ""SV9s""}",014,139,"{""tcgdex"": ""SV9s-014""}","[{""provider"": ""tcgdex"", ""providerCardId"": ""SV9s-014"", ""providerSetId"": ""SV9s"", ""serieId"": ""SV"", ""serieName"": ""Scarlet & Violet"", ""sourceLanguage"": ""id""}]",Explicit language-scoped provider card/set ID plus canonical set and collector identity; native name is corroborating only.,,exact_catalogue_record
pokemon|id|ID|set:79cd00101f9e6174|34|unspecified,id,ID,pokemon|id|ID|tcgdex:SV2D,"{""tcgdex"": ""SV2D""}",034,71,"{""tcgdex"": ""SV2D-034""}","[{""provider"": ""tcgdex"", ""providerCardId"": ""SV2D-034"", ""providerSetId"": ""SV2D"", ""serieId"": ""SV"", ""serieName"": ""Scarlet & Violet"", ""sourceLanguage"": ""id""}]",Explicit language-scoped provider card/set ID plus canonical set and collector identity; native name is corroborating only.,,exact_catalogue_record
pokemon|id|ID|set:654911be10b33d49|108|unspecified,id,ID,pokemon|id|ID|tcgdex:SV3s,"{""tcgdex"": ""SV3s""}",108,170,"{""tcgdex"": ""SV3s-108""}","[{""provider"": ""tcgdex"", ""providerCardId"": ""SV3s-108"", ""providerSetId"": ""SV3s"", ""serieId"": ""SV"", ""serieName"": ""Scarlet & Violet"", ""sourceLanguage"": ""id""}]",Explicit language-scoped provider card/set ID plus canonical set and collector identity; native name is corroborating only.,,exact_catalogue_record
pokemon|id|ID|set:d37feded38507b35|166|unspecified,id,ID,pokemon|id|ID|tcgdex:SV8a,"{""tcgdex"": ""SV8a""}",166,187,"{""tcgdex"": ""SV8a-166""}","[{""provider"": ""tcgdex"", ""providerCardId"": ""SV8a-166"", ""providerSetId"": ""SV8a"", ""serieId"": ""SV"", ""serieName"": ""Scarlet & Violet"", ""sourceLanguage"": ""id""}]",Explicit language-scoped provider card/set ID plus canonical set and collector identity; native name is corroborating only.,,exact_catalogue_record
pokemon|id|ID|set:78bf193c0c629fc4|161|unspecified,id,ID,pokemon|id|ID|tcgdex:SV5s,"{""tcgdex"": ""SV5s""}",161,142,"{""tcgdex"": ""SV5s-161""}","[{""provider"": ""tcgdex"", ""providerCardId"": ""SV5s-161"", ""providerSetId"": ""SV5s"", ""serieId"": ""SV"", ""serieName"": ""Scarlet & Violet"", ""sourceLanguage"": ""id""}]",Explicit language-scoped provider card/set ID plus canonical set and collector identity; native name is corroborating only.,,exact_catalogue_record
pokemon|id|ID|set:d741b405bb7cceb6|44|unspecified,id,ID,pokemon|id|ID|tcgdex:SV8s,"{""tcgdex"": ""SV8s""}",044,182,"{""tcgdex"": ""SV8s-044""}","[{""provider"": ""tcgdex"", ""providerCardId"": ""SV8s-044"", ""providerSetId"": ""SV8s"", ""serieId"": ""SV"", ""serieName"": ""Scarlet & Violet"", ""sourceLanguage"": ""id""}]",Explicit language-scoped provider card/set ID plus canonical set and collector identity; native name is corroborating only.,,exact_catalogue_record
pokemon|id|ID|set:3ff04fe84566a441|14|unspecified,id,ID,pokemon|id|ID|tcgdex:SV7s,"{""tcgdex"": ""SV7s""}",014,166,"{""tcgdex"": ""SV7s-014""}","[{""provider"": ""tcgdex"", ""providerCardId"": ""SV7s-014"", ""providerSetId"": ""SV7s"", ""serieId"": ""SV"", ""serieName"": ""Scarlet & Violet"", ""sourceLanguage"": ""id""}]",Explicit language-scoped provider card/set ID plus canonical set and collector identity; native name is corroborating only.,,exact_catalogue_record
pokemon|id|ID|set:5151fed58f338b53|296|unspecified,id,ID,pokemon|id|ID|tcgdex:SV4a,"{""tcgdex"": ""SV4a""}",296,190,"{""tcgdex"": ""SV4a-296""}","[{""provider"": ""tcgdex"", ""providerCardId"": ""SV4a-296"", ""providerSetId"": ""SV4a"", ""serieId"": ""SV"", ""serieName"": ""Scarlet & Violet"", ""sourceLanguage"": ""id""}]",Explicit language-scoped provider card/set ID plus canonical set and collector identity; native name is corroborating only.,,exact_catalogue_record
pokemon|id|ID|set:451078fb61c6db8c|46|unspecified,id,ID,pokemon|id|ID|tcgdex:SV2a,"{""tcgdex"": ""SV2a""}",046,165,"{""tcgdex"": ""SV2a-046""}","[{""provider"": ""tcgdex"", ""providerCardId"": ""SV2a-046"", ""providerSetId"": ""SV2a"", ""serieId"": ""SV"", ""serieName"": ""Scarlet & Violet"", ""sourceLanguage"": ""id""}]",Explicit language-scoped provider card/set ID plus canonical set and collector identity; native name is corroborating only.,,exact_catalogue_record
pokemon|id|ID|set:654911be10b33d49|58|unspecified,id,ID,pokemon|id|ID|tcgdex:SV3s,"{""tcgdex"": ""SV3s""}",058,170,"{""tcgdex"": ""SV3s-058""}","[{""provider"": ""tcgdex"", ""providerCardId"": ""SV3s-058"", ""providerSetId"": ""SV3s"", ""serieId"": ""SV"", ""serieName"": ""Scarlet & Violet"", ""sourceLanguage"": ""id""}]",Explicit language-scoped provider card/set ID plus canonical set and collector identity; native name is corroborating only.,,exact_catalogue_record
pokemon|id|ID|set:d741b405bb7cceb6|127|unspecified,id,ID,pokemon|id|ID|tcgdex:SV8s,"{""tcgdex"": ""SV8s""}",127,182,"{""tcgdex"": ""SV8s-127""}","[{""provider"": ""tcgdex"", ""providerCardId"": ""SV8s-127"", ""providerSetId"": ""SV8s"", ""serieId"": ""SV"", ""serieName"": ""Scarlet & Violet"", ""sourceLanguage"": ""id""}]",Explicit language-scoped provider card/set ID plus canonical set and collector identity; native name is corroborating only.,,exact_catalogue_record
pokemon|id|ID|set:5151fed58f338b53|183|unspecified,id,ID,pokemon|id|ID|tcgdex:SV4a,"{""tcgdex"": ""SV4a""}",183,190,"{""tcgdex"": ""SV4a-183""}","[{""provider"": ""tcgdex"", ""providerCardId"": ""SV4a-183"", ""providerSetId"": ""SV4a"", ""serieId"": ""SV"", ""serieName"": ""Scarlet & Violet"", ""sourceLanguage"": ""id""}]",Explicit language-scoped provider card/set ID plus canonical set and collector identity; native name is corroborating only.,,exact_catalogue_record
pokemon|id|ID|set:d741b405bb7cceb6|211|unspecified,id,ID,pokemon|id|ID|tcgdex:SV8s,"{""tcgdex"": ""SV8s""}",211,182,"{""tcgdex"": ""SV8s-211""}","[{""provider"": ""tcgdex"", ""providerCardId"": ""SV8s-211"", ""providerSetId"": ""SV8s"", ""serieId"": ""SV"", ""serieName"": ""Scarlet & Violet"", ""sourceLanguage"": ""id""}]",Explicit language-scoped provider card/set ID plus canonical set and collector identity; native name is corroborating only.,,exact_catalogue_record
pokemon|id|ID|set:22c6f4128960906a|124|unspecified,id,ID,pokemon|id|ID|tcgdex:SV9s,"{""tcgdex"": ""SV9s""}",124,139,"{""tcgdex"": ""SV9s-124""}","[{""provider"": ""tcgdex"", ""providerCardId"": ""SV9s-124"", ""providerSetId"": ""SV9s"", ""serieId"": ""SV"", ""serieName"": ""Scarlet & Violet"", ""sourceLanguage"": ""id""}]",Explicit language-scoped provider card/set ID plus canonical set and collector identity; native name is corroborating only.,,exact_catalogue_record
pokemon|id|ID|set:78bf193c0c629fc4|117|unspecified,id,ID,pokemon|id|ID|tcgdex:SV5s,"{""tcgdex"": ""SV5s""}",117,142,"{""tcgdex"": ""SV5s-117""}","[{""provider"": ""tcgdex"", ""providerCardId"": ""SV5s-117"", ""providerSetId"": ""SV5s"", ""serieId"": ""SV"", ""serieName"": ""Scarlet & Violet"", ""sourceLanguage"": ""id""}]",Explicit language-scoped provider card/set ID plus canonical set and collector identity; native name is corroborating only.,,exact_catalogue_record
pokemon|id|ID|set:0c3a1046f1ee2d59|155|unspecified,id,ID,pokemon|id|ID|tcgdex:SV6s,"{""tcgdex"": ""SV6s""}",155,167,"{""tcgdex"": ""SV6s-155""}","[{""provider"": ""tcgdex"", ""providerCardId"": ""SV6s-155"", ""providerSetId"": ""SV6s"", ""serieId"": ""SV"", ""serieName"": ""Scarlet & Violet"", ""sourceLanguage"": ""id""}]",Explicit language-scoped provider card/set ID plus canonical set and collector identity; native name is corroborating only.,,exact_catalogue_record
pokemon|id|ID|set:d741b405bb7cceb6|131|unspecified,id,ID,pokemon|id|ID|tcgdex:SV8s,"{""tcgdex"": ""SV8s""}",131,182,"{""tcgdex"": ""SV8s-131""}","[{""provider"": ""tcgdex"", ""providerCardId"": ""SV8s-131"", ""providerSetId"": ""SV8s"", ""serieId"": ""SV"", ""serieName"": ""Scarlet & Violet"", ""sourceLanguage"": ""id""}]",Explicit language-scoped provider card/set ID plus canonical set and collector identity; native name is corroborating only.,,exact_catalogue_record
pokemon|id|ID|set:22c6f4128960906a|76|unspecified,id,ID,pokemon|id|ID|tcgdex:SV9s,"{""tcgdex"": ""SV9s""}",076,139,"{""tcgdex"": ""SV9s-076""}","[{""provider"": ""tcgdex"", ""providerCardId"": ""SV9s-076"", ""providerSetId"": ""SV9s"", ""serieId"": ""SV"", ""serieName"": ""Scarlet & Violet"", ""sourceLanguage"": ""id""}]",Explicit language-scoped provider card/set ID plus canonical set and collector identity; native name is corroborating only.,,exact_catalogue_record
pokemon|id|ID|set:ed9ab3f0c29ebb81|3|unspecified,id,ID,pokemon|id|ID|tcgdex:SVHK,"{""tcgdex"": ""SVHK""}",003,22,"{""tcgdex"": ""SVHK-003""}","[{""provider"": ""tcgdex"", ""providerCardId"": ""SVHK-003"", ""providerSetId"": ""SVHK"", ""serieId"": ""SV"", ""serieName"": ""Scarlet & Violet"", ""sourceLanguage"": ""id""}]",Explicit language-scoped provider card/set ID plus canonical set and collector identity; native name is corroborating only.,,exact_catalogue_record
pokemon|id|ID|set:451078fb61c6db8c|38|unspecified,id,ID,pokemon|id|ID|tcgdex:SV2a,"{""tcgdex"": ""SV2a""}",038,165,"{""tcgdex"": ""SV2a-038""}","[{""provider"": ""tcgdex"", ""providerCardId"": ""SV2a-038"", ""providerSetId"": ""SV2a"", ""serieId"": ""SV"", ""serieName"": ""Scarlet & Violet"", ""sourceLanguage"": ""id""}]",Explicit language-scoped provider card/set ID plus canonical set and collector identity; native name is corroborating only.,,exact_catalogue_record
pokemon|id|ID|set:0c3a1046f1ee2d59|69|unspecified,id,ID,pokemon|id|ID|tcgdex:SV6s,"{""tcgdex"": ""SV6s""}",069,167,"{""tcgdex"": ""SV6s-069""}","[{""provider"": ""tcgdex"", ""providerCardId"": ""SV6s-069"", ""providerSetId"": ""SV6s"", ""serieId"": ""SV"", ""serieName"": ""Scarlet & Violet"", ""sourceLanguage"": ""id""}]",Explicit language-scoped provider card/set ID plus canonical set and collector identity; native name is corroborating only.,,exact_catalogue_record
pokemon|id|ID|set:d741b405bb7cceb6|130|unspecified,id,ID,pokemon|id|ID|tcgdex:SV8s,"{""tcgdex"": ""SV8s""}",130,182,"{""tcgdex"": ""SV8s-130""}","[{""provider"": ""tcgdex"", ""providerCardId"": ""SV8s-130"", ""providerSetId"": ""SV8s"", ""serieId"": ""SV"", ""serieName"": ""Scarlet & Violet"", ""sourceLanguage"": ""id""}]",Explicit language-scoped provider card/set ID plus canonical set and collector identity; native name is corroborating only.,,exact_catalogue_record
pokemon|id|ID|set:5151fed58f338b53|13|unspecified,id,ID,pokemon|id|ID|tcgdex:SV4a,"{""tcgdex"": ""SV4a""}",013,190,"{""tcgdex"": ""SV4a-013""}","[{""provider"": ""tcgdex"", ""providerCardId"": ""SV4a-013"", ""providerSetId"": ""SV4a"", ""serieId"": ""SV"", ""serieName"": ""Scarlet & Violet"", ""sourceLanguage"": ""id""}]",Explicit language-scoped provider card/set ID plus canonical set and collector identity; native name is corroborating only.,,exact_catalogue_record
pokemon|id|ID|set:972e6c4b8347b7a1|157|unspecified,id,ID,pokemon|id|ID|tcgdex:SV4s,"{""tcgdex"": ""SV4s""}",157,132,"{""tcgdex"": ""SV4s-157""}","[{""provider"": ""tcgdex"", ""providerCardId"": ""SV4s-157"", ""providerSetId"": ""SV4s"", ""serieId"": ""SV"", ""serieName"": ""Scarlet & Violet"", ""sourceLanguage"": ""id""}]",Explicit language-scoped provider card/set ID plus canonical set and collector identity; native name is corroborating only.,,exact_catalogue_record
pokemon|id|ID|set:d37feded38507b35|199|unspecified,id,ID,pokemon|id|ID|tcgdex:SV8a,"{""tcgdex"": ""SV8a""}",199,187,"{""tcgdex"": ""SV8a-199""}","[{""provider"": ""tcgdex"", ""providerCardId"": ""SV8a-199"", ""providerSetId"": ""SV8a"", ""serieId"": ""SV"", ""serieName"": ""Scarlet & Violet"", ""sourceLanguage"": ""id""}]",Explicit language-scoped provider card/set ID plus canonical set and collector identity; native name is corroborating only.,,exact_catalogue_record
pokemon|id|ID|set:451078fb61c6db8c|148|unspecified,id,ID,pokemon|id|ID|tcgdex:SV2a,"{""tcgdex"": ""SV2a""}",148,165,"{""tcgdex"": ""SV2a-148""}","[{""provider"": ""tcgdex"", ""providerCardId"": ""SV2a-148"", ""providerSetId"": ""SV2a"", ""serieId"": ""SV"", ""serieName"": ""Scarlet & Violet"", ""sourceLanguage"": ""id""}]",Explicit language-scoped provider card/set ID plus canonical set and collector identity; native name is corroborating only.,,exact_catalogue_record
pokemon|id|ID|set:d741b405bb7cceb6|80|unspecified,id,ID,pokemon|id|ID|tcgdex:SV8s,"{""tcgdex"": ""SV8s""}",080,182,"{""tcgdex"": ""SV8s-080""}","[{""provider"": ""tcgdex"", ""providerCardId"": ""SV8s-080"", ""providerSetId"": ""SV8s"", ""serieId"": ""SV"", ""serieName"": ""Scarlet & Violet"", ""sourceLanguage"": ""id""}]",Explicit language-scoped provider card/set ID plus canonical set and collector identity; native name is corroborating only.,,exact_catalogue_record
pokemon|id|ID|set:654911be10b33d49|161|unspecified,id,ID,pokemon|id|ID|tcgdex:SV3s,"{""tcgdex"": ""SV3s""}",161,170,"{""tcgdex"": ""SV3s-161""}","[{""provider"": ""tcgdex"", ""providerCardId"": ""SV3s-161"", ""providerSetId"": ""SV3s"", ""serieId"": ""SV"", ""serieName"": ""Scarlet & Violet"", ""sourceLanguage"": ""id""}]",Explicit language-scoped provider card/set ID plus canonical set and collector identity; native name is corroborating only.,,exact_catalogue_record
pokemon|id|ID|set:3bc75ffd219e4f97|157|unspecified,id,ID,pokemon|id|ID|tcgdex:SVDs,"{""tcgdex"": ""SVDs""}",157,163,"{""tcgdex"": ""SVDs-157""}","[{""provider"": ""tcgdex"", ""providerCardId"": ""SVDs-157"", ""providerSetId"": ""SVDs"", ""serieId"": ""SV"", ""serieName"": ""Scarlet & Violet"", ""sourceLanguage"": ""id""}]",Explicit language-scoped provider card/set ID plus canonical set and collector identity; native name is corroborating only.,,exact_catalogue_record
pokemon|fr|FR|set:3c6a446373c6ade1|100|unspecified,fr,FR,pokemon|fr|FR|tcgdex:base1,"{""tcgdex"": ""base1""}",100,102,"{""tcgdex"": ""base1-100""}","[{""provider"": ""tcgdex"", ""providerCardId"": ""base1-100"", ""providerSetId"": ""base1"", ""serieId"": ""base"", ""serieName"": ""Base"", ""sourceLanguage"": ""fr""}]",Explicit language-scoped provider card/set ID plus canonical set and collector identity; native name is corroborating only.,,exact_catalogue_record
pokemon|fr|FR|set:3c6a446373c6ade1|101|unspecified,fr,FR,pokemon|fr|FR|tcgdex:base1,"{""tcgdex"": ""base1""}",101,102,"{""tcgdex"": ""base1-101""}","[{""provider"": ""tcgdex"", ""providerCardId"": ""base1-101"", ""providerSetId"": ""base1"", ""serieId"": ""base"", ""serieName"": ""Base"", ""sourceLanguage"": ""fr""}]",Explicit language-scoped provider card/set ID plus canonical set and collector identity; native name is corroborating only.,,exact_catalogue_record
pokemon|fr|FR|set:3c6a446373c6ade1|102|unspecified,fr,FR,pokemon|fr|FR|tcgdex:base1,"{""tcgdex"": ""base1""}",102,102,"{""tcgdex"": ""base1-102""}","[{""provider"": ""tcgdex"", ""providerCardId"": ""base1-102"", ""providerSetId"": ""base1"", ""serieId"": ""base"", ""serieName"": ""Base"", ""sourceLanguage"": ""fr""}]",Explicit language-scoped provider card/set ID plus canonical set and collector identity; native name is corroborating only.,,exact_catalogue_record
pokemon|fr|FR|set:3c6a446373c6ade1|10|unspecified,fr,FR,pokemon|fr|FR|tcgdex:base1,"{""tcgdex"": ""base1""}",10,102,"{""tcgdex"": ""base1-10""}","[{""provider"": ""tcgdex"", ""providerCardId"": ""base1-10"", ""providerSetId"": ""base1"", ""serieId"": ""base"", ""serieName"": ""Base"", ""sourceLanguage"": ""fr""}]",Explicit language-scoped provider card/set ID plus canonical set and collector identity; native name is corroborating only.,,exact_catalogue_record
pokemon|fr|FR|set:3c6a446373c6ade1|11|unspecified,fr,FR,pokemon|fr|FR|tcgdex:base1,"{""tcgdex"": ""base1""}",11,102,"{""tcgdex"": ""base1-11""}","[{""provider"": ""tcgdex"", ""providerCardId"": ""base1-11"", ""providerSetId"": ""base1"", ""serieId"": ""base"", ""serieName"": ""Base"", ""sourceLanguage"": ""fr""}]",Explicit language-scoped provider card/set ID plus canonical set and collector identity; native name is corroborating only.,,exact_catalogue_record
pokemon|fr|FR|set:3c6a446373c6ade1|12|unspecified,fr,FR,pokemon|fr|FR|tcgdex:base1,"{""tcgdex"": ""base1""}",12,102,"{""tcgdex"": ""base1-12""}","[{""provider"": ""tcgdex"", ""providerCardId"": ""base1-12"", ""providerSetId"": ""base1"", ""serieId"": ""base"", ""serieName"": ""Base"", ""sourceLanguage"": ""fr""}]",Explicit language-scoped provider card/set ID plus canonical set and collector identity; native name is corroborating only.,,exact_catalogue_record
pokemon|fr|FR|set:3c6a446373c6ade1|13|unspecified,fr,FR,pokemon|fr|FR|tcgdex:base1,"{""tcgdex"": ""base1""}",13,102,"{""tcgdex"": ""base1-13""}","[{""provider"": ""tcgdex"", ""providerCardId"": ""base1-13"", ""providerSetId"": ""base1"", ""serieId"": ""base"", ""serieName"": ""Base"", ""sourceLanguage"": ""fr""}]",Explicit language-scoped provider card/set ID plus canonical set and collector identity; native name is corroborating only.,,exact_catalogue_record
pokemon|fr|FR|set:3c6a446373c6ade1|14|unspecified,fr,FR,pokemon|fr|FR|tcgdex:base1,"{""tcgdex"": ""base1""}",14,102,"{""tcgdex"": ""base1-14""}","[{""provider"": ""tcgdex"", ""providerCardId"": ""base1-14"", ""providerSetId"": ""base1"", ""serieId"": ""base"", ""serieName"": ""Base"", ""sourceLanguage"": ""fr""}]",Explicit language-scoped provider card/set ID plus canonical set and collector identity; native name is corroborating only.,,exact_catalogue_record
pokemon|fr|FR|set:3c6a446373c6ade1|15|unspecified,fr,FR,pokemon|fr|FR|tcgdex:base1,"{""tcgdex"": ""base1""}",15,102,"{""tcgdex"": ""base1-15""}","[{""provider"": ""tcgdex"", ""providerCardId"": ""base1-15"", ""providerSetId"": ""base1"", ""serieId"": ""base"", ""serieName"": ""Base"", ""sourceLanguage"": ""fr""}]",Explicit language-scoped provider card/set ID plus canonical set and collector identity; native name is corroborating only.,,exact_catalogue_record
pokemon|fr|FR|set:3c6a446373c6ade1|16|unspecified,fr,FR,pokemon|fr|FR|tcgdex:base1,"{""tcgdex"": ""base1""}",16,102,"{""tcgdex"": ""base1-16""}","[{""provider"": ""tcgdex"", ""providerCardId"": ""base1-16"", ""providerSetId"": ""base1"", ""serieId"": ""base"", ""serieName"": ""Base"", ""sourceLanguage"": ""fr""}]",Explicit language-scoped provider card/set ID plus canonical set and collector identity; native name is corroborating only.,,exact_catalogue_record
pokemon|fr|FR|set:3c6a446373c6ade1|17|unspecified,fr,FR,pokemon|fr|FR|tcgdex:base1,"{""tcgdex"": ""base1""}",17,102,"{""tcgdex"": ""base1-17""}","[{""provider"": ""tcgdex"", ""providerCardId"": ""base1-17"", ""providerSetId"": ""base1"", ""serieId"": ""base"", ""serieName"": ""Base"", ""sourceLanguage"": ""fr""}]",Explicit language-scoped provider card/set ID plus canonical set and collector identity; native name is corroborating only.,,exact_catalogue_record
pokemon|fr|FR|set:3c6a446373c6ade1|18|unspecified,fr,FR,pokemon|fr|FR|tcgdex:base1,"{""tcgdex"": ""base1""}",18,102,"{""tcgdex"": ""base1-18""}","[{""provider"": ""tcgdex"", ""providerCardId"": ""base1-18"", ""providerSetId"": ""base1"", ""serieId"": ""base"", ""serieName"": ""Base"", ""sourceLanguage"": ""fr""}]",Explicit language-scoped provider card/set ID plus canonical set and collector identity; native name is corroborating only.,,exact_catalogue_record
pokemon|fr|FR|set:3c6a446373c6ade1|19|unspecified,fr,FR,pokemon|fr|FR|tcgdex:base1,"{""tcgdex"": ""base1""}",19,102,"{""tcgdex"": ""base1-19""}","[{""provider"": ""tcgdex"", ""providerCardId"": ""base1-19"", ""providerSetId"": ""base1"", ""serieId"": ""base"", ""serieName"": ""Base"", ""sourceLanguage"": ""fr""}]",Explicit language-scoped provider card/set ID plus canonical set and collector identity; native name is corroborating only.,,exact_catalogue_record
pokemon|fr|FR|set:3c6a446373c6ade1|1|unspecified,fr,FR,pokemon|fr|FR|tcgdex:base1,"{""tcgdex"": ""base1""}",1,102,"{""tcgdex"": ""base1-1""}","[{""provider"": ""tcgdex"", ""providerCardId"": ""base1-1"", ""providerSetId"": ""base1"", ""serieId"": ""base"", ""serieName"": ""Base"", ""sourceLanguage"": ""fr""}]",Explicit language-scoped provider card/set ID plus canonical set and collector identity; native name is corroborating only.,,exact_catalogue_record
pokemon|fr|FR|set:3c6a446373c6ade1|20|unspecified,fr,FR,pokemon|fr|FR|tcgdex:base1,"{""tcgdex"": ""base1""}",20,102,"{""tcgdex"": ""base1-20""}","[{""provider"": ""tcgdex"", ""providerCardId"": ""base1-20"", ""providerSetId"": ""base1"", ""serieId"": ""base"", ""serieName"": ""Base"", ""sourceLanguage"": ""fr""}]",Explicit language-scoped provider card/set ID plus canonical set and collector identity; native name is corroborating only.,,exact_catalogue_record
pokemon|fr|FR|set:e9e9f16456d6ad5c|9|unspecified,fr,FR,pokemon|fr|FR|tcgdex:me04,"{""tcgdex"": ""me04""}",009,86,"{""tcgdex"": ""me04-009""}","[{""provider"": ""tcgdex"", ""providerCardId"": ""me04-009"", ""providerSetId"": ""me04"", ""serieId"": ""me"", ""serieName"": ""Méga-Évolution"", ""sourceLanguage"": ""fr""}]",Explicit language-scoped provider card/set ID plus canonical set and collector identity; native name is corroborating only.,,exact_catalogue_record
pokemon|fr|FR|set:e9e9f16456d6ad5c|99|unspecified,fr,FR,pokemon|fr|FR|tcgdex:me04,"{""tcgdex"": ""me04""}",099,86,"{""tcgdex"": ""me04-099""}","[{""provider"": ""tcgdex"", ""providerCardId"": ""me04-099"", ""providerSetId"": ""me04"", ""serieId"": ""me"", ""serieName"": ""Méga-Évolution"", ""sourceLanguage"": ""fr""}]",Explicit language-scoped provider card/set ID plus canonical set and collector identity; native name is corroborating only.,,exact_catalogue_record
pokemon|fr|FR|set:e9e9f16456d6ad5c|98|unspecified,fr,FR,pokemon|fr|FR|tcgdex:me04,"{""tcgdex"": ""me04""}",098,86,"{""tcgdex"": ""me04-098""}","[{""provider"": ""tcgdex"", ""providerCardId"": ""me04-098"", ""providerSetId"": ""me04"", ""serieId"": ""me"", ""serieName"": ""Méga-Évolution"", ""sourceLanguage"": ""fr""}]",Explicit language-scoped provider card/set ID plus canonical set and collector identity; native name is corroborating only.,,exact_catalogue_record
pokemon|fr|FR|set:e9e9f16456d6ad5c|97|unspecified,fr,FR,pokemon|fr|FR|tcgdex:me04,"{""tcgdex"": ""me04""}",097,86,"{""tcgdex"": ""me04-097""}","[{""provider"": ""tcgdex"", ""providerCardId"": ""me04-097"", ""providerSetId"": ""me04"", ""serieId"": ""me"", ""serieName"": ""Méga-Évolution"", ""sourceLanguage"": ""fr""}]",Explicit language-scoped provider card/set ID plus canonical set and collector identity; native name is corroborating only.,,exact_catalogue_record
pokemon|fr|FR|set:e9e9f16456d6ad5c|96|unspecified,fr,FR,pokemon|fr|FR|tcgdex:me04,"{""tcgdex"": ""me04""}",096,86,"{""tcgdex"": ""me04-096""}","[{""provider"": ""tcgdex"", ""providerCardId"": ""me04-096"", ""providerSetId"": ""me04"", ""serieId"": ""me"", ""serieName"": ""Méga-Évolution"", ""sourceLanguage"": ""fr""}]",Explicit language-scoped provider card/set ID plus canonical set and collector identity; native name is corroborating only.,,exact_catalogue_record
pokemon|fr|FR|set:e9e9f16456d6ad5c|95|unspecified,fr,FR,pokemon|fr|FR|tcgdex:me04,"{""tcgdex"": ""me04""}",095,86,"{""tcgdex"": ""me04-095""}","[{""provider"": ""tcgdex"", ""providerCardId"": ""me04-095"", ""providerSetId"": ""me04"", ""serieId"": ""me"", ""serieName"": ""Méga-Évolution"", ""sourceLanguage"": ""fr""}]",Explicit language-scoped provider card/set ID plus canonical set and collector identity; native name is corroborating only.,,exact_catalogue_record
pokemon|fr|FR|set:e9e9f16456d6ad5c|94|unspecified,fr,FR,pokemon|fr|FR|tcgdex:me04,"{""tcgdex"": ""me04""}",094,86,"{""tcgdex"": ""me04-094""}","[{""provider"": ""tcgdex"", ""providerCardId"": ""me04-094"", ""providerSetId"": ""me04"", ""serieId"": ""me"", ""serieName"": ""Méga-Évolution"", ""sourceLanguage"": ""fr""}]",Explicit language-scoped provider card/set ID plus canonical set and collector identity; native name is corroborating only.,,exact_catalogue_record
pokemon|fr|FR|set:e9e9f16456d6ad5c|93|unspecified,fr,FR,pokemon|fr|FR|tcgdex:me04,"{""tcgdex"": ""me04""}",093,86,"{""tcgdex"": ""me04-093""}","[{""provider"": ""tcgdex"", ""providerCardId"": ""me04-093"", ""providerSetId"": ""me04"", ""serieId"": ""me"", ""serieName"": ""Méga-Évolution"", ""sourceLanguage"": ""fr""}]",Explicit language-scoped provider card/set ID plus canonical set and collector identity; native name is corroborating only.,,exact_catalogue_record
pokemon|fr|FR|set:e9e9f16456d6ad5c|92|unspecified,fr,FR,pokemon|fr|FR|tcgdex:me04,"{""tcgdex"": ""me04""}",092,86,"{""tcgdex"": ""me04-092""}","[{""provider"": ""tcgdex"", ""providerCardId"": ""me04-092"", ""providerSetId"": ""me04"", ""serieId"": ""me"", ""serieName"": ""Méga-Évolution"", ""sourceLanguage"": ""fr""}]",Explicit language-scoped provider card/set ID plus canonical set and collector identity; native name is corroborating only.,,exact_catalogue_record
pokemon|fr|FR|set:e9e9f16456d6ad5c|91|unspecified,fr,FR,pokemon|fr|FR|tcgdex:me04,"{""tcgdex"": ""me04""}",091,86,"{""tcgdex"": ""me04-091""}","[{""provider"": ""tcgdex"", ""providerCardId"": ""me04-091"", ""providerSetId"": ""me04"", ""serieId"": ""me"", ""serieName"": ""Méga-Évolution"", ""sourceLanguage"": ""fr""}]",Explicit language-scoped provider card/set ID plus canonical set and collector identity; native name is corroborating only.,,exact_catalogue_record
pokemon|fr|FR|set:e9e9f16456d6ad5c|90|unspecified,fr,FR,pokemon|fr|FR|tcgdex:me04,"{""tcgdex"": ""me04""}",090,86,"{""tcgdex"": ""me04-090""}","[{""provider"": ""tcgdex"", ""providerCardId"": ""me04-090"", ""providerSetId"": ""me04"", ""serieId"": ""me"", ""serieName"": ""Méga-Évolution"", ""sourceLanguage"": ""fr""}]",Explicit language-scoped provider card/set ID plus canonical set and collector identity; native name is corroborating only.,,exact_catalogue_record
pokemon|fr|FR|set:e9e9f16456d6ad5c|8|unspecified,fr,FR,pokemon|fr|FR|tcgdex:me04,"{""tcgdex"": ""me04""}",008,86,"{""tcgdex"": ""me04-008""}","[{""provider"": ""tcgdex"", ""providerCardId"": ""me04-008"", ""providerSetId"": ""me04"", ""serieId"": ""me"", ""serieName"": ""Méga-Évolution"", ""sourceLanguage"": ""fr""}]",Explicit language-scoped provider card/set ID plus canonical set and collector identity; native name is corroborating only.,,exact_catalogue_record
pokemon|fr|FR|set:e9e9f16456d6ad5c|89|unspecified,fr,FR,pokemon|fr|FR|tcgdex:me04,"{""tcgdex"": ""me04""}",089,86,"{""tcgdex"": ""me04-089""}","[{""provider"": ""tcgdex"", ""providerCardId"": ""me04-089"", ""providerSetId"": ""me04"", ""serieId"": ""me"", ""serieName"": ""Méga-Évolution"", ""sourceLanguage"": ""fr""}]",Explicit language-scoped provider card/set ID plus canonical set and collector identity; native name is corroborating only.,,exact_catalogue_record
pokemon|fr|FR|set:e9e9f16456d6ad5c|88|unspecified,fr,FR,pokemon|fr|FR|tcgdex:me04,"{""tcgdex"": ""me04""}",088,86,"{""tcgdex"": ""me04-088""}","[{""provider"": ""tcgdex"", ""providerCardId"": ""me04-088"", ""providerSetId"": ""me04"", ""serieId"": ""me"", ""serieName"": ""Méga-Évolution"", ""sourceLanguage"": ""fr""}]",Explicit language-scoped provider card/set ID plus canonical set and collector identity; native name is corroborating only.,,exact_catalogue_record
pokemon|fr|FR|set:e9e9f16456d6ad5c|87|unspecified,fr,FR,pokemon|fr|FR|tcgdex:me04,"{""tcgdex"": ""me04""}",087,86,"{""tcgdex"": ""me04-087""}","[{""provider"": ""tcgdex"", ""providerCardId"": ""me04-087"", ""providerSetId"": ""me04"", ""serieId"": ""me"", ""serieName"": ""Méga-Évolution"", ""sourceLanguage"": ""fr""}]",Explicit language-scoped provider card/set ID plus canonical set and collector identity; native name is corroborating only.,,exact_catalogue_record
pokemon|fr|FR|set:20c1d05830cbd55c|1|unspecified,fr,FR,pokemon|fr|FR|tcgdex:svp,"{""tcgdex"": ""svp""}",001,225,"{""tcgdex"": ""svp-001""}","[{""provider"": ""tcgdex"", ""providerCardId"": ""svp-001"", ""providerSetId"": ""svp"", ""serieId"": ""sv"", ""serieName"": ""Écarlate et Violet"", ""sourceLanguage"": ""fr""}]",Explicit language-scoped provider card/set ID plus canonical set and collector identity; native name is corroborating only.,,exact_catalogue_record
pokemon|fr|FR|set:20c1d05830cbd55c|10|unspecified,fr,FR,pokemon|fr|FR|tcgdex:svp,"{""tcgdex"": ""svp""}",010,225,"{""tcgdex"": ""svp-010""}","[{""provider"": ""tcgdex"", ""providerCardId"": ""svp-010"", ""providerSetId"": ""svp"", ""serieId"": ""sv"", ""serieName"": ""Écarlate et Violet"", ""sourceLanguage"": ""fr""}]",Explicit language-scoped provider card/set ID plus canonical set and collector identity; native name is corroborating only.,,exact_catalogue_record
pokemon|fr|FR|set:20c1d05830cbd55c|100|unspecified,fr,FR,pokemon|fr|FR|tcgdex:svp,"{""tcgdex"": ""svp""}",100,225,"{""tcgdex"": ""svp-100""}","[{""provider"": ""tcgdex"", ""providerCardId"": ""svp-100"", ""providerSetId"": ""svp"", ""serieId"": ""sv"", ""serieName"": ""Écarlate et Violet"", ""sourceLanguage"": ""fr""}]",Explicit language-scoped provider card/set ID plus canonical set and collector identity; native name is corroborating only.,,exact_catalogue_record
pokemon|fr|FR|set:20c1d05830cbd55c|101|unspecified,fr,FR,pokemon|fr|FR|tcgdex:svp,"{""tcgdex"": ""svp""}",101,225,"{""tcgdex"": ""svp-101""}","[{""provider"": ""tcgdex"", ""providerCardId"": ""svp-101"", ""providerSetId"": ""svp"", ""serieId"": ""sv"", ""serieName"": ""Écarlate et Violet"", ""sourceLanguage"": ""fr""}]",Explicit language-scoped provider card/set ID plus canonical set and collector identity; native name is corroborating only.,,exact_catalogue_record
pokemon|fr|FR|set:20c1d05830cbd55c|103|unspecified,fr,FR,pokemon|fr|FR|tcgdex:svp,"{""tcgdex"": ""svp""}",103,225,"{""tcgdex"": ""svp-103""}","[{""provider"": ""tcgdex"", ""providerCardId"": ""svp-103"", ""providerSetId"": ""svp"", ""serieId"": ""sv"", ""serieName"": ""Écarlate et Violet"", ""sourceLanguage"": ""fr""}]",Explicit language-scoped provider card/set ID plus canonical set and collector identity; native name is corroborating only.,,exact_catalogue_record
pokemon|fr|FR|set:20c1d05830cbd55c|104|unspecified,fr,FR,pokemon|fr|FR|tcgdex:svp,"{""tcgdex"": ""svp""}",104,225,"{""tcgdex"": ""svp-104""}","[{""provider"": ""tcgdex"", ""providerCardId"": ""svp-104"", ""providerSetId"": ""svp"", ""serieId"": ""sv"", ""serieName"": ""Écarlate et Violet"", ""sourceLanguage"": ""fr""}]",Explicit language-scoped provider card/set ID plus canonical set and collector identity; native name is corroborating only.,,exact_catalogue_record
pokemon|fr|FR|set:20c1d05830cbd55c|105|unspecified,fr,FR,pokemon|fr|FR|tcgdex:svp,"{""tcgdex"": ""svp""}",105,225,"{""tcgdex"": ""svp-105""}","[{""provider"": ""tcgdex"", ""providerCardId"": ""svp-105"", ""providerSetId"": ""svp"", ""serieId"": ""sv"", ""serieName"": ""Écarlate et Violet"", ""sourceLanguage"": ""fr""}]",Explicit language-scoped provider card/set ID plus canonical set and collector identity; native name is corroborating only.,,exact_catalogue_record
pokemon|fr|FR|set:20c1d05830cbd55c|106|unspecified,fr,FR,pokemon|fr|FR|tcgdex:svp,"{""tcgdex"": ""svp""}",106,225,"{""tcgdex"": ""svp-106""}","[{""provider"": ""tcgdex"", ""providerCardId"": ""svp-106"", ""providerSetId"": ""svp"", ""serieId"": ""sv"", ""serieName"": ""Écarlate et Violet"", ""sourceLanguage"": ""fr""}]",Explicit language-scoped provider card/set ID plus canonical set and collector identity; native name is corroborating only.,,exact_catalogue_record
pokemon|fr|FR|set:20c1d05830cbd55c|107|unspecified,fr,FR,pokemon|fr|FR|tcgdex:svp,"{""tcgdex"": ""svp""}",107,225,"{""tcgdex"": ""svp-107""}","[{""provider"": ""tcgdex"", ""providerCardId"": ""svp-107"", ""providerSetId"": ""svp"", ""serieId"": ""sv"", ""serieName"": ""Écarlate et Violet"", ""sourceLanguage"": ""fr""}]",Explicit language-scoped provider card/set ID plus canonical set and collector identity; native name is corroborating only.,,exact_catalogue_record
pokemon|fr|FR|set:20c1d05830cbd55c|108|unspecified,fr,FR,pokemon|fr|FR|tcgdex:svp,"{""tcgdex"": ""svp""}",108,225,"{""tcgdex"": ""svp-108""}","[{""provider"": ""tcgdex"", ""providerCardId"": ""svp-108"", ""providerSetId"": ""svp"", ""serieId"": ""sv"", ""serieName"": ""Écarlate et Violet"", ""sourceLanguage"": ""fr""}]",Explicit language-scoped provider card/set ID plus canonical set and collector identity; native name is corroborating only.,,exact_catalogue_record
pokemon|fr|FR|set:20c1d05830cbd55c|109|unspecified,fr,FR,pokemon|fr|FR|tcgdex:svp,"{""tcgdex"": ""svp""}",109,225,"{""tcgdex"": ""svp-109""}","[{""provider"": ""tcgdex"", ""providerCardId"": ""svp-109"", ""providerSetId"": ""svp"", ""serieId"": ""sv"", ""serieName"": ""Écarlate et Violet"", ""sourceLanguage"": ""fr""}]",Explicit language-scoped provider card/set ID plus canonical set and collector identity; native name is corroborating only.,,exact_catalogue_record
pokemon|fr|FR|set:20c1d05830cbd55c|11|unspecified,fr,FR,pokemon|fr|FR|tcgdex:svp,"{""tcgdex"": ""svp""}",011,225,"{""tcgdex"": ""svp-011""}","[{""provider"": ""tcgdex"", ""providerCardId"": ""svp-011"", ""providerSetId"": ""svp"", ""serieId"": ""sv"", ""serieName"": ""Écarlate et Violet"", ""sourceLanguage"": ""fr""}]",Explicit language-scoped provider card/set ID plus canonical set and collector identity; native name is corroborating only.,,exact_catalogue_record
pokemon|fr|FR|set:20c1d05830cbd55c|110|unspecified,fr,FR,pokemon|fr|FR|tcgdex:svp,"{""tcgdex"": ""svp""}",110,225,"{""tcgdex"": ""svp-110""}","[{""provider"": ""tcgdex"", ""providerCardId"": ""svp-110"", ""providerSetId"": ""svp"", ""serieId"": ""sv"", ""serieName"": ""Écarlate et Violet"", ""sourceLanguage"": ""fr""}]",Explicit language-scoped provider card/set ID plus canonical set and collector identity; native name is corroborating only.,,exact_catalogue_record
pokemon|fr|FR|set:20c1d05830cbd55c|111|unspecified,fr,FR,pokemon|fr|FR|tcgdex:svp,"{""tcgdex"": ""svp""}",111,225,"{""tcgdex"": ""svp-111""}","[{""provider"": ""tcgdex"", ""providerCardId"": ""svp-111"", ""providerSetId"": ""svp"", ""serieId"": ""sv"", ""serieName"": ""Écarlate et Violet"", ""sourceLanguage"": ""fr""}]",Explicit language-scoped provider card/set ID plus canonical set and collector identity; native name is corroborating only.,,exact_catalogue_record
pokemon|fr|FR|set:20c1d05830cbd55c|112|unspecified,fr,FR,pokemon|fr|FR|tcgdex:svp,"{""tcgdex"": ""svp""}",112,225,"{""tcgdex"": ""svp-112""}","[{""provider"": ""tcgdex"", ""providerCardId"": ""svp-112"", ""providerSetId"": ""svp"", ""serieId"": ""sv"", ""serieName"": ""Écarlate et Violet"", ""sourceLanguage"": ""fr""}]",Explicit language-scoped provider card/set ID plus canonical set and collector identity; native name is corroborating only.,,exact_catalogue_record
pokemon|fr|FR|set:7a7b35b0755ce4ea|33B|unspecified,fr,FR,pokemon|fr|FR|tcgdex:2019sm-fr,"{""tcgdex"": ""2019sm-fr""}",33b,40,"{""tcgdex"": ""2019sm-fr-33b""}","[{""provider"": ""tcgdex"", ""providerCardId"": ""2019sm-fr-33b"", ""providerSetId"": ""2019sm-fr"", ""serieId"": ""mc"", ""serieName"": ""Collection McDonald's"", ""sourceLanguage"": ""fr""}]",Explicit language-scoped provider card/set ID plus canonical set and collector identity; native name is corroborating only.,,exact_catalogue_record
pokemon|fr|FR|set:4b7d5e0be4a31978|BW1|unspecified,fr,FR,pokemon|fr|FR|tcgdex:bwp,"{""tcgdex"": ""bwp""}",BW01,101,"{""tcgdex"": ""bwp-BW01""}","[{""provider"": ""tcgdex"", ""providerCardId"": ""bwp-BW01"", ""providerSetId"": ""bwp"", ""serieId"": ""bw"", ""serieName"": ""Noir & Blanc"", ""sourceLanguage"": ""fr""}]",Explicit language-scoped provider card/set ID plus canonical set and collector identity; native name is corroborating only.,,exact_catalogue_record
pokemon|fr|FR|set:4b7d5e0be4a31978|BW10|unspecified,fr,FR,pokemon|fr|FR|tcgdex:bwp,"{""tcgdex"": ""bwp""}",BW10,101,"{""tcgdex"": ""bwp-BW10""}","[{""provider"": ""tcgdex"", ""providerCardId"": ""bwp-BW10"", ""providerSetId"": ""bwp"", ""serieId"": ""bw"", ""serieName"": ""Noir & Blanc"", ""sourceLanguage"": ""fr""}]",Explicit language-scoped provider card/set ID plus canonical set and collector identity; native name is corroborating only.,,exact_catalogue_record
pokemon|fr|FR|set:4b7d5e0be4a31978|BW100|unspecified,fr,FR,pokemon|fr|FR|tcgdex:bwp,"{""tcgdex"": ""bwp""}",BW100,101,"{""tcgdex"": ""bwp-BW100""}","[{""provider"": ""tcgdex"", ""providerCardId"": ""bwp-BW100"", ""providerSetId"": ""bwp"", ""serieId"": ""bw"", ""serieName"": ""Noir & Blanc"", ""sourceLanguage"": ""fr""}]",Explicit language-scoped provider card/set ID plus canonical set and collector identity; native name is corroborating only.,,exact_catalogue_record
pokemon|fr|FR|set:4b7d5e0be4a31978|BW101|unspecified,fr,FR,pokemon|fr|FR|tcgdex:bwp,"{""tcgdex"": ""bwp""}",BW101,101,"{""tcgdex"": ""bwp-BW101""}","[{""provider"": ""tcgdex"", ""providerCardId"": ""bwp-BW101"", ""providerSetId"": ""bwp"", ""serieId"": ""bw"", ""serieName"": ""Noir & Blanc"", ""sourceLanguage"": ""fr""}]",Explicit language-scoped provider card/set ID plus canonical set and collector identity; native name is corroborating only.,,exact_catalogue_record
pokemon|fr|FR|set:4b7d5e0be4a31978|BW11|unspecified,fr,FR,pokemon|fr|FR|tcgdex:bwp,"{""tcgdex"": ""bwp""}",BW11,101,"{""tcgdex"": ""bwp-BW11""}","[{""provider"": ""tcgdex"", ""providerCardId"": ""bwp-BW11"", ""providerSetId"": ""bwp"", ""serieId"": ""bw"", ""serieName"": ""Noir & Blanc"", ""sourceLanguage"": ""fr""}]",Explicit language-scoped provider card/set ID plus canonical set and collector identity; native name is corroborating only.,,exact_catalogue_record
pokemon|fr|FR|set:4b7d5e0be4a31978|BW12|unspecified,fr,FR,pokemon|fr|FR|tcgdex:bwp,"{""tcgdex"": ""bwp""}",BW12,101,"{""tcgdex"": ""bwp-BW12""}","[{""provider"": ""tcgdex"", ""providerCardId"": ""bwp-BW12"", ""providerSetId"": ""bwp"", ""serieId"": ""bw"", ""serieName"": ""Noir & Blanc"", ""sourceLanguage"": ""fr""}]",Explicit language-scoped provider card/set ID plus canonical set and collector identity; native name is corroborating only.,,exact_catalogue_record
pokemon|fr|FR|set:4b7d5e0be4a31978|BW13|unspecified,fr,FR,pokemon|fr|FR|tcgdex:bwp,"{""tcgdex"": ""bwp""}",BW13,101,"{""tcgdex"": ""bwp-BW13""}","[{""provider"": ""tcgdex"", ""providerCardId"": ""bwp-BW13"", ""providerSetId"": ""bwp"", ""serieId"": ""bw"", ""serieName"": ""Noir & Blanc"", ""sourceLanguage"": ""fr""}]",Explicit language-scoped provider card/set ID plus canonical set and collector identity; native name is corroborating only.,,exact_catalogue_record
pokemon|fr|FR|set:4b7d5e0be4a31978|BW14|unspecified,fr,FR,pokemon|fr|FR|tcgdex:bwp,"{""tcgdex"": ""bwp""}",BW14,101,"{""tcgdex"": ""bwp-BW14""}","[{""provider"": ""tcgdex"", ""providerCardId"": ""bwp-BW14"", ""providerSetId"": ""bwp"", ""serieId"": ""bw"", ""serieName"": ""Noir & Blanc"", ""sourceLanguage"": ""fr""}]",Explicit language-scoped provider card/set ID plus canonical set and collector identity; native name is corroborating only.,,exact_catalogue_record
pokemon|fr|FR|set:4b7d5e0be4a31978|BW15|unspecified,fr,FR,pokemon|fr|FR|tcgdex:bwp,"{""tcgdex"": ""bwp""}",BW15,101,"{""tcgdex"": ""bwp-BW15""}","[{""provider"": ""tcgdex"", ""providerCardId"": ""bwp-BW15"", ""providerSetId"": ""bwp"", ""serieId"": ""bw"", ""serieName"": ""Noir & Blanc"", ""sourceLanguage"": ""fr""}]",Explicit language-scoped provider card/set ID plus canonical set and collector identity; native name is corroborating only.,,exact_catalogue_record
pokemon|fr|FR|set:4b7d5e0be4a31978|BW16|unspecified,fr,FR,pokemon|fr|FR|tcgdex:bwp,"{""tcgdex"": ""bwp""}",BW16,101,"{""tcgdex"": ""bwp-BW16""}","[{""provider"": ""tcgdex"", ""providerCardId"": ""bwp-BW16"", ""providerSetId"": ""bwp"", ""serieId"": ""bw"", ""serieName"": ""Noir & Blanc"", ""sourceLanguage"": ""fr""}]",Explicit language-scoped provider card/set ID plus canonical set and collector identity; native name is corroborating only.,,exact_catalogue_record
pokemon|fr|FR|set:4b7d5e0be4a31978|BW17|unspecified,fr,FR,pokemon|fr|FR|tcgdex:bwp,"{""tcgdex"": ""bwp""}",BW17,101,"{""tcgdex"": ""bwp-BW17""}","[{""provider"": ""tcgdex"", ""providerCardId"": ""bwp-BW17"", ""providerSetId"": ""bwp"", ""serieId"": ""bw"", ""serieName"": ""Noir & Blanc"", ""sourceLanguage"": ""fr""}]",Explicit language-scoped provider card/set ID plus canonical set and collector identity; native name is corroborating only.,,exact_catalogue_record
pokemon|fr|FR|set:4b7d5e0be4a31978|BW18|unspecified,fr,FR,pokemon|fr|FR|tcgdex:bwp,"{""tcgdex"": ""bwp""}",BW18,101,"{""tcgdex"": ""bwp-BW18""}","[{""provider"": ""tcgdex"", ""providerCardId"": ""bwp-BW18"", ""providerSetId"": ""bwp"", ""serieId"": ""bw"", ""serieName"": ""Noir & Blanc"", ""sourceLanguage"": ""fr""}]",Explicit language-scoped provider card/set ID plus canonical set and collector identity; native name is corroborating only.,,exact_catalogue_record
pokemon|fr|FR|set:4b7d5e0be4a31978|BW19|unspecified,fr,FR,pokemon|fr|FR|tcgdex:bwp,"{""tcgdex"": ""bwp""}",BW19,101,"{""tcgdex"": ""bwp-BW19""}","[{""provider"": ""tcgdex"", ""providerCardId"": ""bwp-BW19"", ""providerSetId"": ""bwp"", ""serieId"": ""bw"", ""serieName"": ""Noir & Blanc"", ""sourceLanguage"": ""fr""}]",Explicit language-scoped provider card/set ID plus canonical set and collector identity; native name is corroborating only.,,exact_catalogue_record
pokemon|fr|FR|set:4b7d5e0be4a31978|BW2|unspecified,fr,FR,pokemon|fr|FR|tcgdex:bwp,"{""tcgdex"": ""bwp""}",BW02,101,"{""tcgdex"": ""bwp-BW02""}","[{""provider"": ""tcgdex"", ""providerCardId"": ""bwp-BW02"", ""providerSetId"": ""bwp"", ""serieId"": ""bw"", ""serieName"": ""Noir & Blanc"", ""sourceLanguage"": ""fr""}]",Explicit language-scoped provider card/set ID plus canonical set and collector identity; native name is corroborating only.,,exact_catalogue_record
pokemon|fr|FR|set:dd6a24bf8b6135f1|1|unspecified,fr,FR,pokemon|fr|FR|tcgdex:A1,"{""tcgdex"": ""A1""}",001,226,"{""tcgdex"": ""A1-001""}","[{""provider"": ""tcgdex"", ""providerCardId"": ""A1-001"", ""providerSetId"": ""A1"", ""serieId"": ""tcgp"", ""serieName"": ""Jeu de Cartes à Collectionner Pokémon Pocket"", ""sourceLanguage"": ""fr""}]",Explicit language-scoped provider card/set ID plus canonical set and collector identity; native name is corroborating only.,,exact_catalogue_record
pokemon|fr|FR|set:dd6a24bf8b6135f1|10|unspecified,fr,FR,pokemon|fr|FR|tcgdex:A1,"{""tcgdex"": ""A1""}",010,226,"{""tcgdex"": ""A1-010""}","[{""provider"": ""tcgdex"", ""providerCardId"": ""A1-010"", ""providerSetId"": ""A1"", ""serieId"": ""tcgp"", ""serieName"": ""Jeu de Cartes à Collectionner Pokémon Pocket"", ""sourceLanguage"": ""fr""}]",Explicit language-scoped provider card/set ID plus canonical set and collector identity; native name is corroborating only.,,exact_catalogue_record
pokemon|fr|FR|set:dd6a24bf8b6135f1|11|unspecified,fr,FR,pokemon|fr|FR|tcgdex:A1,"{""tcgdex"": ""A1""}",011,226,"{""tcgdex"": ""A1-011""}","[{""provider"": ""tcgdex"", ""providerCardId"": ""A1-011"", ""providerSetId"": ""A1"", ""serieId"": ""tcgp"", ""serieName"": ""Jeu de Cartes à Collectionner Pokémon Pocket"", ""sourceLanguage"": ""fr""}]",Explicit language-scoped provider card/set ID plus canonical set and collector identity; native name is corroborating only.,,exact_catalogue_record
pokemon|fr|FR|set:dd6a24bf8b6135f1|12|unspecified,fr,FR,pokemon|fr|FR|tcgdex:A1,"{""tcgdex"": ""A1""}",012,226,"{""tcgdex"": ""A1-012""}","[{""provider"": ""tcgdex"", ""providerCardId"": ""A1-012"", ""providerSetId"": ""A1"", ""serieId"": ""tcgp"", ""serieName"": ""Jeu de Cartes à Collectionner Pokémon Pocket"", ""sourceLanguage"": ""fr""}]",Explicit language-scoped provider card/set ID plus canonical set and collector identity; native name is corroborating only.,,exact_catalogue_record
pokemon|fr|FR|set:dd6a24bf8b6135f1|13|unspecified,fr,FR,pokemon|fr|FR|tcgdex:A1,"{""tcgdex"": ""A1""}",013,226,"{""tcgdex"": ""A1-013""}","[{""provider"": ""tcgdex"", ""providerCardId"": ""A1-013"", ""providerSetId"": ""A1"", ""serieId"": ""tcgp"", ""serieName"": ""Jeu de Cartes à Collectionner Pokémon Pocket"", ""sourceLanguage"": ""fr""}]",Explicit language-scoped provider card/set ID plus canonical set and collector identity; native name is corroborating only.,,exact_catalogue_record
pokemon|fr|FR|set:dd6a24bf8b6135f1|14|unspecified,fr,FR,pokemon|fr|FR|tcgdex:A1,"{""tcgdex"": ""A1""}",014,226,"{""tcgdex"": ""A1-014""}","[{""provider"": ""tcgdex"", ""providerCardId"": ""A1-014"", ""providerSetId"": ""A1"", ""serieId"": ""tcgp"", ""serieName"": ""Jeu de Cartes à Collectionner Pokémon Pocket"", ""sourceLanguage"": ""fr""}]",Explicit language-scoped provider card/set ID plus canonical set and collector identity; native name is corroborating only.,,exact_catalogue_record
pokemon|fr|FR|set:dd6a24bf8b6135f1|15|unspecified,fr,FR,pokemon|fr|FR|tcgdex:A1,"{""tcgdex"": ""A1""}",015,226,"{""tcgdex"": ""A1-015""}","[{""provider"": ""tcgdex"", ""providerCardId"": ""A1-015"", ""providerSetId"": ""A1"", ""serieId"": ""tcgp"", ""serieName"": ""Jeu de Cartes à Collectionner Pokémon Pocket"", ""sourceLanguage"": ""fr""}]",Explicit language-scoped provider card/set ID plus canonical set and collector identity; native name is corroborating only.,,exact_catalogue_record
pokemon|fr|FR|set:dd6a24bf8b6135f1|16|unspecified,fr,FR,pokemon|fr|FR|tcgdex:A1,"{""tcgdex"": ""A1""}",016,226,"{""tcgdex"": ""A1-016""}","[{""provider"": ""tcgdex"", ""providerCardId"": ""A1-016"", ""providerSetId"": ""A1"", ""serieId"": ""tcgp"", ""serieName"": ""Jeu de Cartes à Collectionner Pokémon Pocket"", ""sourceLanguage"": ""fr""}]",Explicit language-scoped provider card/set ID plus canonical set and collector identity; native name is corroborating only.,,exact_catalogue_record
pokemon|fr|FR|set:dd6a24bf8b6135f1|17|unspecified,fr,FR,pokemon|fr|FR|tcgdex:A1,"{""tcgdex"": ""A1""}",017,226,"{""tcgdex"": ""A1-017""}","[{""provider"": ""tcgdex"", ""providerCardId"": ""A1-017"", ""providerSetId"": ""A1"", ""serieId"": ""tcgp"", ""serieName"": ""Jeu de Cartes à Collectionner Pokémon Pocket"", ""sourceLanguage"": ""fr""}]",Explicit language-scoped provider card/set ID plus canonical set and collector identity; native name is corroborating only.,,exact_catalogue_record
pokemon|fr|FR|set:dd6a24bf8b6135f1|18|unspecified,fr,FR,pokemon|fr|FR|tcgdex:A1,"{""tcgdex"": ""A1""}",018,226,"{""tcgdex"": ""A1-018""}","[{""provider"": ""tcgdex"", ""providerCardId"": ""A1-018"", ""providerSetId"": ""A1"", ""serieId"": ""tcgp"", ""serieName"": ""Jeu de Cartes à Collectionner Pokémon Pocket"", ""sourceLanguage"": ""fr""}]",Explicit language-scoped provider card/set ID plus canonical set and collector identity; native name is corroborating only.,,exact_catalogue_record
pokemon|fr|FR|set:783ab74260c57a98|1|unspecified,fr,FR,pokemon|fr|FR|tcgdex:mep,"{""tcgdex"": ""mep""}",001,0,"{""tcgdex"": ""mep-001""}","[{""provider"": ""tcgdex"", ""providerCardId"": ""mep-001"", ""providerSetId"": ""mep"", ""serieId"": ""me"", ""serieName"": ""Méga-Évolution"", ""sourceLanguage"": ""fr""}]",Explicit language-scoped provider card/set ID plus canonical set and collector identity; native name is corroborating only.,,exact_catalogue_record
pokemon|fr|FR|set:783ab74260c57a98|10|unspecified,fr,FR,pokemon|fr|FR|tcgdex:mep,"{""tcgdex"": ""mep""}",010,0,"{""tcgdex"": ""mep-010""}","[{""provider"": ""tcgdex"", ""providerCardId"": ""mep-010"", ""providerSetId"": ""mep"", ""serieId"": ""me"", ""serieName"": ""Méga-Évolution"", ""sourceLanguage"": ""fr""}]",Explicit language-scoped provider card/set ID plus canonical set and collector identity; native name is corroborating only.,,exact_catalogue_record
pokemon|fr|FR|set:783ab74260c57a98|11|unspecified,fr,FR,pokemon|fr|FR|tcgdex:mep,"{""tcgdex"": ""mep""}",011,0,"{""tcgdex"": ""mep-011""}","[{""provider"": ""tcgdex"", ""providerCardId"": ""mep-011"", ""providerSetId"": ""mep"", ""serieId"": ""me"", ""serieName"": ""Méga-Évolution"", ""sourceLanguage"": ""fr""}]",Explicit language-scoped provider card/set ID plus canonical set and collector identity; native name is corroborating only.,,exact_catalogue_record
pokemon|fr|FR|set:783ab74260c57a98|12|unspecified,fr,FR,pokemon|fr|FR|tcgdex:mep,"{""tcgdex"": ""mep""}",012,0,"{""tcgdex"": ""mep-012""}","[{""provider"": ""tcgdex"", ""providerCardId"": ""mep-012"", ""providerSetId"": ""mep"", ""serieId"": ""me"", ""serieName"": ""Méga-Évolution"", ""sourceLanguage"": ""fr""}]",Explicit language-scoped provider card/set ID plus canonical set and collector identity; native name is corroborating only.,,exact_catalogue_record
pokemon|fr|FR|set:783ab74260c57a98|13|unspecified,fr,FR,pokemon|fr|FR|tcgdex:mep,"{""tcgdex"": ""mep""}",013,0,"{""tcgdex"": ""mep-013""}","[{""provider"": ""tcgdex"", ""providerCardId"": ""mep-013"", ""providerSetId"": ""mep"", ""serieId"": ""me"", ""serieName"": ""Méga-Évolution"", ""sourceLanguage"": ""fr""}]",Explicit language-scoped provider card/set ID plus canonical set and collector identity; native name is corroborating only.,,exact_catalogue_record
pokemon|fr|FR|set:783ab74260c57a98|14|unspecified,fr,FR,pokemon|fr|FR|tcgdex:mep,"{""tcgdex"": ""mep""}",014,0,"{""tcgdex"": ""mep-014""}","[{""provider"": ""tcgdex"", ""providerCardId"": ""mep-014"", ""providerSetId"": ""mep"", ""serieId"": ""me"", ""serieName"": ""Méga-Évolution"", ""sourceLanguage"": ""fr""}]",Explicit language-scoped provider card/set ID plus canonical set and collector identity; native name is corroborating only.,,exact_catalogue_record
pokemon|fr|FR|set:783ab74260c57a98|15|unspecified,fr,FR,pokemon|fr|FR|tcgdex:mep,"{""tcgdex"": ""mep""}",015,0,"{""tcgdex"": ""mep-015""}","[{""provider"": ""tcgdex"", ""providerCardId"": ""mep-015"", ""providerSetId"": ""mep"", ""serieId"": ""me"", ""serieName"": ""Méga-Évolution"", ""sourceLanguage"": ""fr""}]",Explicit language-scoped provider card/set ID plus canonical set and collector identity; native name is corroborating only.,,exact_catalogue_record
pokemon|fr|FR|set:783ab74260c57a98|16|unspecified,fr,FR,pokemon|fr|FR|tcgdex:mep,"{""tcgdex"": ""mep""}",016,0,"{""tcgdex"": ""mep-016""}","[{""provider"": ""tcgdex"", ""providerCardId"": ""mep-016"", ""providerSetId"": ""mep"", ""serieId"": ""me"", ""serieName"": ""Méga-Évolution"", ""sourceLanguage"": ""fr""}]",Explicit language-scoped provider card/set ID plus canonical set and collector identity; native name is corroborating only.,,exact_catalogue_record
pokemon|fr|FR|set:783ab74260c57a98|17|unspecified,fr,FR,pokemon|fr|FR|tcgdex:mep,"{""tcgdex"": ""mep""}",017,0,"{""tcgdex"": ""mep-017""}","[{""provider"": ""tcgdex"", ""providerCardId"": ""mep-017"", ""providerSetId"": ""mep"", ""serieId"": ""me"", ""serieName"": ""Méga-Évolution"", ""sourceLanguage"": ""fr""}]",Explicit language-scoped provider card/set ID plus canonical set and collector identity; native name is corroborating only.,,exact_catalogue_record
pokemon|fr|FR|set:783ab74260c57a98|18|unspecified,fr,FR,pokemon|fr|FR|tcgdex:mep,"{""tcgdex"": ""mep""}",018,0,"{""tcgdex"": ""mep-018""}","[{""provider"": ""tcgdex"", ""providerCardId"": ""mep-018"", ""providerSetId"": ""mep"", ""serieId"": ""me"", ""serieName"": ""Méga-Évolution"", ""sourceLanguage"": ""fr""}]",Explicit language-scoped provider card/set ID plus canonical set and collector identity; native name is corroborating only.,,exact_catalogue_record
pokemon|fr|FR|set:21d2960c8a94eaf5|18|unspecified,fr,FR,pokemon|fr|FR|tcgdex:ex4,"{""tcgdex"": ""ex4""}",18,95,"{""tcgdex"": ""ex4-18""}","[{""provider"": ""tcgdex"", ""providerCardId"": ""ex4-18"", ""providerSetId"": ""ex4"", ""serieId"": ""ex"", ""serieName"": ""EX"", ""sourceLanguage"": ""fr""}]",Explicit language-scoped provider card/set ID plus canonical set and collector identity; native name is corroborating only.,,exact_catalogue_record
pokemon|fr|FR|set:13d59598e3c55ab7|164|unspecified,fr,FR,pokemon|fr|FR|tcgdex:sm8,"{""tcgdex"": ""sm8""}",164,214,"{""tcgdex"": ""sm8-164""}","[{""provider"": ""tcgdex"", ""providerCardId"": ""sm8-164"", ""providerSetId"": ""sm8"", ""serieId"": ""sm"", ""serieName"": ""Soleil et Lune"", ""sourceLanguage"": ""fr""}]",Explicit language-scoped provider card/set ID plus canonical set and collector identity; native name is corroborating only.,,exact_catalogue_record
pokemon|fr|FR|set:7e61aa4c4b8fd9fd|57|unspecified,fr,FR,pokemon|fr|FR|tcgdex:neo1,"{""tcgdex"": ""neo1""}",57,111,"{""tcgdex"": ""neo1-57""}","[{""provider"": ""tcgdex"", ""providerCardId"": ""neo1-57"", ""providerSetId"": ""neo1"", ""serieId"": ""neo"", ""serieName"": ""Neo"", ""sourceLanguage"": ""fr""}]",Explicit language-scoped provider card/set ID plus canonical set and collector identity; native name is corroborating only.,,exact_catalogue_record
pokemon|fr|FR|set:95fbe304649476f6|131|unspecified,fr,FR,pokemon|fr|FR|tcgdex:sv10.5b,"{""tcgdex"": ""sv10.5b""}",131,86,"{""tcgdex"": ""sv10.5b-131""}","[{""provider"": ""tcgdex"", ""providerCardId"": ""sv10.5b-131"", ""providerSetId"": ""sv10.5b"", ""serieId"": ""sv"", ""serieName"": ""Écarlate et Violet"", ""sourceLanguage"": ""fr""}]",Explicit language-scoped provider card/set ID plus canonical set and collector identity; native name is corroborating only.,,exact_catalogue_record
pokemon|fr|FR|set:0fb5f0de3f1d6800|41|unspecified,fr,FR,pokemon|fr|FR|tcgdex:ex14,"{""tcgdex"": ""ex14""}",41,100,"{""tcgdex"": ""ex14-41""}","[{""provider"": ""tcgdex"", ""providerCardId"": ""ex14-41"", ""providerSetId"": ""ex14"", ""serieId"": ""ex"", ""serieName"": ""EX"", ""sourceLanguage"": ""fr""}]",Explicit language-scoped provider card/set ID plus canonical set and collector identity; native name is corroborating only.,,exact_catalogue_record
pokemon|fr|FR|set:13d59598e3c55ab7|31|unspecified,fr,FR,pokemon|fr|FR|tcgdex:sm8,"{""tcgdex"": ""sm8""}",31,214,"{""tcgdex"": ""sm8-31""}","[{""provider"": ""tcgdex"", ""providerCardId"": ""sm8-31"", ""providerSetId"": ""sm8"", ""serieId"": ""sm"", ""serieName"": ""Soleil et Lune"", ""sourceLanguage"": ""fr""}]",Explicit language-scoped provider card/set ID plus canonical set and collector identity; native name is corroborating only.,,exact_catalogue_record
pokemon|fr|FR|set:0fb5f0de3f1d6800|34|unspecified,fr,FR,pokemon|fr|FR|tcgdex:ex14,"{""tcgdex"": ""ex14""}",34,100,"{""tcgdex"": ""ex14-34""}","[{""provider"": ""tcgdex"", ""providerCardId"": ""ex14-34"", ""providerSetId"": ""ex14"", ""serieId"": ""ex"", ""serieName"": ""EX"", ""sourceLanguage"": ""fr""}]",Explicit language-scoped provider card/set ID plus canonical set and collector identity; native name is corroborating only.,,exact_catalogue_record
pokemon|fr|FR|set:dab787743640e1d7|1|unspecified,fr,FR,pokemon|fr|FR|tcgdex:sv03.5,"{""tcgdex"": ""sv03.5""}",001,165,"{""tcgdex"": ""sv03.5-001""}","[{""provider"": ""tcgdex"", ""providerCardId"": ""sv03.5-001"", ""providerSetId"": ""sv03.5"", ""serieId"": ""sv"", ""serieName"": ""Écarlate et Violet"", ""sourceLanguage"": ""fr""}]",Explicit language-scoped provider card/set ID plus canonical set and collector identity; native name is corroborating only.,,exact_catalogue_record
pokemon|fr|FR|set:cb3267a03c9bb320|12|unspecified,fr,FR,pokemon|fr|FR|tcgdex:pop7,"{""tcgdex"": ""pop7""}",12,17,"{""tcgdex"": ""pop7-12""}","[{""provider"": ""tcgdex"", ""providerCardId"": ""pop7-12"", ""providerSetId"": ""pop7"", ""serieId"": ""pop"", ""serieName"": ""POP"", ""sourceLanguage"": ""fr""}]",Explicit language-scoped provider card/set ID plus canonical set and collector identity; native name is corroborating only.,,exact_catalogue_record
pokemon|fr|FR|set:0af82eb0ffa8556c|88A|unspecified,fr,FR,pokemon|fr|FR|tcgdex:cel25,"{""tcgdex"": ""cel25""}",88A,25,"{""tcgdex"": ""cel25-88A""}","[{""provider"": ""tcgdex"", ""providerCardId"": ""cel25-88A"", ""providerSetId"": ""cel25"", ""serieId"": ""swsh"", ""serieName"": ""Épée et Bouclier"", ""sourceLanguage"": ""fr""}]",Explicit language-scoped provider card/set ID plus canonical set and collector identity; native name is corroborating only.,,exact_catalogue_record
pokemon|fr|FR|set:2651dc2f35d65328|92|unspecified,fr,FR,pokemon|fr|FR|tcgdex:A3a,"{""tcgdex"": ""A3a""}",092,69,"{""tcgdex"": ""A3a-092""}","[{""provider"": ""tcgdex"", ""providerCardId"": ""A3a-092"", ""providerSetId"": ""A3a"", ""serieId"": ""tcgp"", ""serieName"": ""Jeu de Cartes à Collectionner Pokémon Pocket"", ""sourceLanguage"": ""fr""}]",Explicit language-scoped provider card/set ID plus canonical set and collector identity; native name is corroborating only.,,exact_catalogue_record
pokemon|fr|FR|set:fea9a5260b06ff68|37|unspecified,fr,FR,pokemon|fr|FR|tcgdex:me02,"{""tcgdex"": ""me02""}",037,94,"{""tcgdex"": ""me02-037""}","[{""provider"": ""tcgdex"", ""providerCardId"": ""me02-037"", ""providerSetId"": ""me02"", ""serieId"": ""me"", ""serieName"": ""Méga-Évolution"", ""sourceLanguage"": ""fr""}]",Explicit language-scoped provider card/set ID plus canonical set and collector identity; native name is corroborating only.,,exact_catalogue_record
pokemon|fr|FR|set:dab787743640e1d7|75|unspecified,fr,FR,pokemon|fr|FR|tcgdex:sv03.5,"{""tcgdex"": ""sv03.5""}",075,165,"{""tcgdex"": ""sv03.5-075""}","[{""provider"": ""tcgdex"", ""providerCardId"": ""sv03.5-075"", ""providerSetId"": ""sv03.5"", ""serieId"": ""sv"", ""serieName"": ""Écarlate et Violet"", ""sourceLanguage"": ""fr""}]",Explicit language-scoped provider card/set ID plus canonical set and collector identity; native name is corroborating only.,,exact_catalogue_record
pokemon|fr|FR|set:acbe10af718f0ff6|2|unspecified,fr,FR,pokemon|fr|FR|tcgdex:hgss4,"{""tcgdex"": ""hgss4""}",2,102,"{""tcgdex"": ""hgss4-2""}","[{""provider"": ""tcgdex"", ""providerCardId"": ""hgss4-2"", ""providerSetId"": ""hgss4"", ""serieId"": ""hgss"", ""serieName"": ""HeartGold SoulSilver"", ""sourceLanguage"": ""fr""}]",Explicit language-scoped provider card/set ID plus canonical set and collector identity; native name is corroborating only.,,exact_catalogue_record
pokemon|fr|FR|set:6477ab2aaf1d6fed|33|unspecified,fr,FR,pokemon|fr|FR|tcgdex:sm2,"{""tcgdex"": ""sm2""}",33,145,"{""tcgdex"": ""sm2-33""}","[{""provider"": ""tcgdex"", ""providerCardId"": ""sm2-33"", ""providerSetId"": ""sm2"", ""serieId"": ""sm"", ""serieName"": ""Soleil et Lune"", ""sourceLanguage"": ""fr""}]",Explicit language-scoped provider card/set ID plus canonical set and collector identity; native name is corroborating only.,,exact_catalogue_record
pokemon|fr|FR|set:95cfb413771cc8da|54|unspecified,fr,FR,pokemon|fr|FR|tcgdex:xy6,"{""tcgdex"": ""xy6""}",54,108,"{""tcgdex"": ""xy6-54""}","[{""provider"": ""tcgdex"", ""providerCardId"": ""xy6-54"", ""providerSetId"": ""xy6"", ""serieId"": ""xy"", ""serieName"": ""XY"", ""sourceLanguage"": ""fr""}]",Explicit language-scoped provider card/set ID plus canonical set and collector identity; native name is corroborating only.,,exact_catalogue_record
pokemon|fr|FR|set:e724da974e2af423|SV81|unspecified,fr,FR,pokemon|fr|FR|tcgdex:swsh4.5sv,"{""tcgdex"": ""swsh4.5sv""}",SV081,122,"{""tcgdex"": ""swsh4.5sv-SV081""}","[{""provider"": ""tcgdex"", ""providerCardId"": ""swsh4.5sv-SV081"", ""providerSetId"": ""swsh4.5sv"", ""serieId"": ""swsh"", ""serieName"": ""Épée et Bouclier"", ""sourceLanguage"": ""fr""}]",Explicit language-scoped provider card/set ID plus canonical set and collector identity; native name is corroborating only.,,exact_catalogue_record
pokemon|fr|FR|set:80e8f9bae39ec71b|42|unspecified,fr,FR,pokemon|fr|FR|tcgdex:bw3,"{""tcgdex"": ""bw3""}",42,101,"{""tcgdex"": ""bw3-42""}","[{""provider"": ""tcgdex"", ""providerCardId"": ""bw3-42"", ""providerSetId"": ""bw3"", ""serieId"": ""bw"", ""serieName"": ""Noir & Blanc"", ""sourceLanguage"": ""fr""}]",Explicit language-scoped provider card/set ID plus canonical set and collector identity; native name is corroborating only.,,exact_catalogue_record
pokemon|fr|FR|set:95595d21020cc53c|11|unspecified,fr,FR,pokemon|fr|FR|tcgdex:bw6,"{""tcgdex"": ""bw6""}",11,124,"{""tcgdex"": ""bw6-11""}","[{""provider"": ""tcgdex"", ""providerCardId"": ""bw6-11"", ""providerSetId"": ""bw6"", ""serieId"": ""bw"", ""serieName"": ""Noir & Blanc"", ""sourceLanguage"": ""fr""}]",Explicit language-scoped provider card/set ID plus canonical set and collector identity; native name is corroborating only.,,exact_catalogue_record
pokemon|fr|FR|set:809bded6b6b1c2fb|18|unspecified,fr,FR,pokemon|fr|FR|tcgdex:swsh10,"{""tcgdex"": ""swsh10""}",018,189,"{""tcgdex"": ""swsh10-018""}","[{""provider"": ""tcgdex"", ""providerCardId"": ""swsh10-018"", ""providerSetId"": ""swsh10"", ""serieId"": ""swsh"", ""serieName"": ""Épée et Bouclier"", ""sourceLanguage"": ""fr""}]",Explicit language-scoped provider card/set ID plus canonical set and collector identity; native name is corroborating only.,,exact_catalogue_record
pokemon|de|DE|set:ca37a70a7a58e848|100|unspecified,de,DE,pokemon|de|DE|tcgdex:base1,"{""tcgdex"": ""base1""}",100,102,"{""tcgdex"": ""base1-100""}","[{""provider"": ""tcgdex"", ""providerCardId"": ""base1-100"", ""providerSetId"": ""base1"", ""serieId"": ""base"", ""serieName"": ""Grund"", ""sourceLanguage"": ""de""}]",Explicit language-scoped provider card/set ID plus canonical set and collector identity; native name is corroborating only.,,exact_catalogue_record
pokemon|de|DE|set:ca37a70a7a58e848|101|unspecified,de,DE,pokemon|de|DE|tcgdex:base1,"{""tcgdex"": ""base1""}",101,102,"{""tcgdex"": ""base1-101""}","[{""provider"": ""tcgdex"", ""providerCardId"": ""base1-101"", ""providerSetId"": ""base1"", ""serieId"": ""base"", ""serieName"": ""Grund"", ""sourceLanguage"": ""de""}]",Explicit language-scoped provider card/set ID plus canonical set and collector identity; native name is corroborating only.,,exact_catalogue_record
pokemon|de|DE|set:ca37a70a7a58e848|102|unspecified,de,DE,pokemon|de|DE|tcgdex:base1,"{""tcgdex"": ""base1""}",102,102,"{""tcgdex"": ""base1-102""}","[{""provider"": ""tcgdex"", ""providerCardId"": ""base1-102"", ""providerSetId"": ""base1"", ""serieId"": ""base"", ""serieName"": ""Grund"", ""sourceLanguage"": ""de""}]",Explicit language-scoped provider card/set ID plus canonical set and collector identity; native name is corroborating only.,,exact_catalogue_record
pokemon|de|DE|set:ca37a70a7a58e848|10|unspecified,de,DE,pokemon|de|DE|tcgdex:base1,"{""tcgdex"": ""base1""}",10,102,"{""tcgdex"": ""base1-10""}","[{""provider"": ""tcgdex"", ""providerCardId"": ""base1-10"", ""providerSetId"": ""base1"", ""serieId"": ""base"", ""serieName"": ""Grund"", ""sourceLanguage"": ""de""}]",Explicit language-scoped provider card/set ID plus canonical set and collector identity; native name is corroborating only.,,exact_catalogue_record
pokemon|de|DE|set:ca37a70a7a58e848|11|unspecified,de,DE,pokemon|de|DE|tcgdex:base1,"{""tcgdex"": ""base1""}",11,102,"{""tcgdex"": ""base1-11""}","[{""provider"": ""tcgdex"", ""providerCardId"": ""base1-11"", ""providerSetId"": ""base1"", ""serieId"": ""base"", ""serieName"": ""Grund"", ""sourceLanguage"": ""de""}]",Explicit language-scoped provider card/set ID plus canonical set and collector identity; native name is corroborating only.,,exact_catalogue_record
pokemon|de|DE|set:ca37a70a7a58e848|12|unspecified,de,DE,pokemon|de|DE|tcgdex:base1,"{""tcgdex"": ""base1""}",12,102,"{""tcgdex"": ""base1-12""}","[{""provider"": ""tcgdex"", ""providerCardId"": ""base1-12"", ""providerSetId"": ""base1"", ""serieId"": ""base"", ""serieName"": ""Grund"", ""sourceLanguage"": ""de""}]",Explicit language-scoped provider card/set ID plus canonical set and collector identity; native name is corroborating only.,,exact_catalogue_record
pokemon|de|DE|set:ca37a70a7a58e848|13|unspecified,de,DE,pokemon|de|DE|tcgdex:base1,"{""tcgdex"": ""base1""}",13,102,"{""tcgdex"": ""base1-13""}","[{""provider"": ""tcgdex"", ""providerCardId"": ""base1-13"", ""providerSetId"": ""base1"", ""serieId"": ""base"", ""serieName"": ""Grund"", ""sourceLanguage"": ""de""}]",Explicit language-scoped provider card/set ID plus canonical set and collector identity; native name is corroborating only.,,exact_catalogue_record
pokemon|de|DE|set:ca37a70a7a58e848|14|unspecified,de,DE,pokemon|de|DE|tcgdex:base1,"{""tcgdex"": ""base1""}",14,102,"{""tcgdex"": ""base1-14""}","[{""provider"": ""tcgdex"", ""providerCardId"": ""base1-14"", ""providerSetId"": ""base1"", ""serieId"": ""base"", ""serieName"": ""Grund"", ""sourceLanguage"": ""de""}]",Explicit language-scoped provider card/set ID plus canonical set and collector identity; native name is corroborating only.,,exact_catalogue_record
pokemon|de|DE|set:ca37a70a7a58e848|15|unspecified,de,DE,pokemon|de|DE|tcgdex:base1,"{""tcgdex"": ""base1""}",15,102,"{""tcgdex"": ""base1-15""}","[{""provider"": ""tcgdex"", ""providerCardId"": ""base1-15"", ""providerSetId"": ""base1"", ""serieId"": ""base"", ""serieName"": ""Grund"", ""sourceLanguage"": ""de""}]",Explicit language-scoped provider card/set ID plus canonical set and collector identity; native name is corroborating only.,,exact_catalogue_record
pokemon|de|DE|set:ca37a70a7a58e848|16|unspecified,de,DE,pokemon|de|DE|tcgdex:base1,"{""tcgdex"": ""base1""}",16,102,"{""tcgdex"": ""base1-16""}","[{""provider"": ""tcgdex"", ""providerCardId"": ""base1-16"", ""providerSetId"": ""base1"", ""serieId"": ""base"", ""serieName"": ""Grund"", ""sourceLanguage"": ""de""}]",Explicit language-scoped provider card/set ID plus canonical set and collector identity; native name is corroborating only.,,exact_catalogue_record
pokemon|de|DE|set:ca37a70a7a58e848|17|unspecified,de,DE,pokemon|de|DE|tcgdex:base1,"{""tcgdex"": ""base1""}",17,102,"{""tcgdex"": ""base1-17""}","[{""provider"": ""tcgdex"", ""providerCardId"": ""base1-17"", ""providerSetId"": ""base1"", ""serieId"": ""base"", ""serieName"": ""Grund"", ""sourceLanguage"": ""de""}]",Explicit language-scoped provider card/set ID plus canonical set and collector identity; native name is corroborating only.,,exact_catalogue_record
pokemon|de|DE|set:ca37a70a7a58e848|18|unspecified,de,DE,pokemon|de|DE|tcgdex:base1,"{""tcgdex"": ""base1""}",18,102,"{""tcgdex"": ""base1-18""}","[{""provider"": ""tcgdex"", ""providerCardId"": ""base1-18"", ""providerSetId"": ""base1"", ""serieId"": ""base"", ""serieName"": ""Grund"", ""sourceLanguage"": ""de""}]",Explicit language-scoped provider card/set ID plus canonical set and collector identity; native name is corroborating only.,,exact_catalogue_record
pokemon|de|DE|set:ca37a70a7a58e848|19|unspecified,de,DE,pokemon|de|DE|tcgdex:base1,"{""tcgdex"": ""base1""}",19,102,"{""tcgdex"": ""base1-19""}","[{""provider"": ""tcgdex"", ""providerCardId"": ""base1-19"", ""providerSetId"": ""base1"", ""serieId"": ""base"", ""serieName"": ""Grund"", ""sourceLanguage"": ""de""}]",Explicit language-scoped provider card/set ID plus canonical set and collector identity; native name is corroborating only.,,exact_catalogue_record
pokemon|de|DE|set:ca37a70a7a58e848|1|unspecified,de,DE,pokemon|de|DE|tcgdex:base1,"{""tcgdex"": ""base1""}",1,102,"{""tcgdex"": ""base1-1""}","[{""provider"": ""tcgdex"", ""providerCardId"": ""base1-1"", ""providerSetId"": ""base1"", ""serieId"": ""base"", ""serieName"": ""Grund"", ""sourceLanguage"": ""de""}]",Explicit language-scoped provider card/set ID plus canonical set and collector identity; native name is corroborating only.,,exact_catalogue_record
pokemon|de|DE|set:ca37a70a7a58e848|20|unspecified,de,DE,pokemon|de|DE|tcgdex:base1,"{""tcgdex"": ""base1""}",20,102,"{""tcgdex"": ""base1-20""}","[{""provider"": ""tcgdex"", ""providerCardId"": ""base1-20"", ""providerSetId"": ""base1"", ""serieId"": ""base"", ""serieName"": ""Grund"", ""sourceLanguage"": ""de""}]",Explicit language-scoped provider card/set ID plus canonical set and collector identity; native name is corroborating only.,,exact_catalogue_record
pokemon|de|DE|set:66c49480863529c1|9|unspecified,de,DE,pokemon|de|DE|tcgdex:me04,"{""tcgdex"": ""me04""}",009,86,"{""tcgdex"": ""me04-009""}","[{""provider"": ""tcgdex"", ""providerCardId"": ""me04-009"", ""providerSetId"": ""me04"", ""serieId"": ""me"", ""serieName"": ""Mega-Entwicklung"", ""sourceLanguage"": ""de""}]",Explicit language-scoped provider card/set ID plus canonical set and collector identity; native name is corroborating only.,,exact_catalogue_record
pokemon|de|DE|set:66c49480863529c1|99|unspecified,de,DE,pokemon|de|DE|tcgdex:me04,"{""tcgdex"": ""me04""}",099,86,"{""tcgdex"": ""me04-099""}","[{""provider"": ""tcgdex"", ""providerCardId"": ""me04-099"", ""providerSetId"": ""me04"", ""serieId"": ""me"", ""serieName"": ""Mega-Entwicklung"", ""sourceLanguage"": ""de""}]",Explicit language-scoped provider card/set ID plus canonical set and collector identity; native name is corroborating only.,,exact_catalogue_record
pokemon|de|DE|set:66c49480863529c1|98|unspecified,de,DE,pokemon|de|DE|tcgdex:me04,"{""tcgdex"": ""me04""}",098,86,"{""tcgdex"": ""me04-098""}","[{""provider"": ""tcgdex"", ""providerCardId"": ""me04-098"", ""providerSetId"": ""me04"", ""serieId"": ""me"", ""serieName"": ""Mega-Entwicklung"", ""sourceLanguage"": ""de""}]",Explicit language-scoped provider card/set ID plus canonical set and collector identity; native name is corroborating only.,,exact_catalogue_record
pokemon|de|DE|set:66c49480863529c1|97|unspecified,de,DE,pokemon|de|DE|tcgdex:me04,"{""tcgdex"": ""me04""}",097,86,"{""tcgdex"": ""me04-097""}","[{""provider"": ""tcgdex"", ""providerCardId"": ""me04-097"", ""providerSetId"": ""me04"", ""serieId"": ""me"", ""serieName"": ""Mega-Entwicklung"", ""sourceLanguage"": ""de""}]",Explicit language-scoped provider card/set ID plus canonical set and collector identity; native name is corroborating only.,,exact_catalogue_record
pokemon|de|DE|set:66c49480863529c1|96|unspecified,de,DE,pokemon|de|DE|tcgdex:me04,"{""tcgdex"": ""me04""}",096,86,"{""tcgdex"": ""me04-096""}","[{""provider"": ""tcgdex"", ""providerCardId"": ""me04-096"", ""providerSetId"": ""me04"", ""serieId"": ""me"", ""serieName"": ""Mega-Entwicklung"", ""sourceLanguage"": ""de""}]",Explicit language-scoped provider card/set ID plus canonical set and collector identity; native name is corroborating only.,,exact_catalogue_record
pokemon|de|DE|set:66c49480863529c1|95|unspecified,de,DE,pokemon|de|DE|tcgdex:me04,"{""tcgdex"": ""me04""}",095,86,"{""tcgdex"": ""me04-095""}","[{""provider"": ""tcgdex"", ""providerCardId"": ""me04-095"", ""providerSetId"": ""me04"", ""serieId"": ""me"", ""serieName"": ""Mega-Entwicklung"", ""sourceLanguage"": ""de""}]",Explicit language-scoped provider card/set ID plus canonical set and collector identity; native name is corroborating only.,,exact_catalogue_record
pokemon|de|DE|set:66c49480863529c1|94|unspecified,de,DE,pokemon|de|DE|tcgdex:me04,"{""tcgdex"": ""me04""}",094,86,"{""tcgdex"": ""me04-094""}","[{""provider"": ""tcgdex"", ""providerCardId"": ""me04-094"", ""providerSetId"": ""me04"", ""serieId"": ""me"", ""serieName"": ""Mega-Entwicklung"", ""sourceLanguage"": ""de""}]",Explicit language-scoped provider card/set ID plus canonical set and collector identity; native name is corroborating only.,,exact_catalogue_record
pokemon|de|DE|set:66c49480863529c1|93|unspecified,de,DE,pokemon|de|DE|tcgdex:me04,"{""tcgdex"": ""me04""}",093,86,"{""tcgdex"": ""me04-093""}","[{""provider"": ""tcgdex"", ""providerCardId"": ""me04-093"", ""providerSetId"": ""me04"", ""serieId"": ""me"", ""serieName"": ""Mega-Entwicklung"", ""sourceLanguage"": ""de""}]",Explicit language-scoped provider card/set ID plus canonical set and collector identity; native name is corroborating only.,,exact_catalogue_record
pokemon|de|DE|set:66c49480863529c1|92|unspecified,de,DE,pokemon|de|DE|tcgdex:me04,"{""tcgdex"": ""me04""}",092,86,"{""tcgdex"": ""me04-092""}","[{""provider"": ""tcgdex"", ""providerCardId"": ""me04-092"", ""providerSetId"": ""me04"", ""serieId"": ""me"", ""serieName"": ""Mega-Entwicklung"", ""sourceLanguage"": ""de""}]",Explicit language-scoped provider card/set ID plus canonical set and collector identity; native name is corroborating only.,,exact_catalogue_record
pokemon|de|DE|set:66c49480863529c1|91|unspecified,de,DE,pokemon|de|DE|tcgdex:me04,"{""tcgdex"": ""me04""}",091,86,"{""tcgdex"": ""me04-091""}","[{""provider"": ""tcgdex"", ""providerCardId"": ""me04-091"", ""providerSetId"": ""me04"", ""serieId"": ""me"", ""serieName"": ""Mega-Entwicklung"", ""sourceLanguage"": ""de""}]",Explicit language-scoped provider card/set ID plus canonical set and collector identity; native name is corroborating only.,,exact_catalogue_record
pokemon|de|DE|set:66c49480863529c1|90|unspecified,de,DE,pokemon|de|DE|tcgdex:me04,"{""tcgdex"": ""me04""}",090,86,"{""tcgdex"": ""me04-090""}","[{""provider"": ""tcgdex"", ""providerCardId"": ""me04-090"", ""providerSetId"": ""me04"", ""serieId"": ""me"", ""serieName"": ""Mega-Entwicklung"", ""sourceLanguage"": ""de""}]",Explicit language-scoped provider card/set ID plus canonical set and collector identity; native name is corroborating only.,,exact_catalogue_record
pokemon|de|DE|set:66c49480863529c1|8|unspecified,de,DE,pokemon|de|DE|tcgdex:me04,"{""tcgdex"": ""me04""}",008,86,"{""tcgdex"": ""me04-008""}","[{""provider"": ""tcgdex"", ""providerCardId"": ""me04-008"", ""providerSetId"": ""me04"", ""serieId"": ""me"", ""serieName"": ""Mega-Entwicklung"", ""sourceLanguage"": ""de""}]",Explicit language-scoped provider card/set ID plus canonical set and collector identity; native name is corroborating only.,,exact_catalogue_record
pokemon|de|DE|set:66c49480863529c1|89|unspecified,de,DE,pokemon|de|DE|tcgdex:me04,"{""tcgdex"": ""me04""}",089,86,"{""tcgdex"": ""me04-089""}","[{""provider"": ""tcgdex"", ""providerCardId"": ""me04-089"", ""providerSetId"": ""me04"", ""serieId"": ""me"", ""serieName"": ""Mega-Entwicklung"", ""sourceLanguage"": ""de""}]",Explicit language-scoped provider card/set ID plus canonical set and collector identity; native name is corroborating only.,,exact_catalogue_record
pokemon|de|DE|set:66c49480863529c1|88|unspecified,de,DE,pokemon|de|DE|tcgdex:me04,"{""tcgdex"": ""me04""}",088,86,"{""tcgdex"": ""me04-088""}","[{""provider"": ""tcgdex"", ""providerCardId"": ""me04-088"", ""providerSetId"": ""me04"", ""serieId"": ""me"", ""serieName"": ""Mega-Entwicklung"", ""sourceLanguage"": ""de""}]",Explicit language-scoped provider card/set ID plus canonical set and collector identity; native name is corroborating only.,,exact_catalogue_record
pokemon|de|DE|set:66c49480863529c1|87|unspecified,de,DE,pokemon|de|DE|tcgdex:me04,"{""tcgdex"": ""me04""}",087,86,"{""tcgdex"": ""me04-087""}","[{""provider"": ""tcgdex"", ""providerCardId"": ""me04-087"", ""providerSetId"": ""me04"", ""serieId"": ""me"", ""serieName"": ""Mega-Entwicklung"", ""sourceLanguage"": ""de""}]",Explicit language-scoped provider card/set ID plus canonical set and collector identity; native name is corroborating only.,,exact_catalogue_record
pokemon|de|DE|set:86186d2c258153e6|1|unspecified,de,DE,pokemon|de|DE|tcgdex:svp,"{""tcgdex"": ""svp""}",001,225,"{""tcgdex"": ""svp-001""}","[{""provider"": ""tcgdex"", ""providerCardId"": ""svp-001"", ""providerSetId"": ""svp"", ""serieId"": ""sv"", ""serieName"": ""Karmesin & Purpur"", ""sourceLanguage"": ""de""}]",Explicit language-scoped provider card/set ID plus canonical set and collector identity; native name is corroborating only.,,exact_catalogue_record
pokemon|de|DE|set:86186d2c258153e6|10|unspecified,de,DE,pokemon|de|DE|tcgdex:svp,"{""tcgdex"": ""svp""}",010,225,"{""tcgdex"": ""svp-010""}","[{""provider"": ""tcgdex"", ""providerCardId"": ""svp-010"", ""providerSetId"": ""svp"", ""serieId"": ""sv"", ""serieName"": ""Karmesin & Purpur"", ""sourceLanguage"": ""de""}]",Explicit language-scoped provider card/set ID plus canonical set and collector identity; native name is corroborating only.,,exact_catalogue_record
pokemon|de|DE|set:86186d2c258153e6|100|unspecified,de,DE,pokemon|de|DE|tcgdex:svp,"{""tcgdex"": ""svp""}",100,225,"{""tcgdex"": ""svp-100""}","[{""provider"": ""tcgdex"", ""providerCardId"": ""svp-100"", ""providerSetId"": ""svp"", ""serieId"": ""sv"", ""serieName"": ""Karmesin & Purpur"", ""sourceLanguage"": ""de""}]",Explicit language-scoped provider card/set ID plus canonical set and collector identity; native name is corroborating only.,,exact_catalogue_record
pokemon|de|DE|set:86186d2c258153e6|101|unspecified,de,DE,pokemon|de|DE|tcgdex:svp,"{""tcgdex"": ""svp""}",101,225,"{""tcgdex"": ""svp-101""}","[{""provider"": ""tcgdex"", ""providerCardId"": ""svp-101"", ""providerSetId"": ""svp"", ""serieId"": ""sv"", ""serieName"": ""Karmesin & Purpur"", ""sourceLanguage"": ""de""}]",Explicit language-scoped provider card/set ID plus canonical set and collector identity; native name is corroborating only.,,exact_catalogue_record
pokemon|de|DE|set:86186d2c258153e6|103|unspecified,de,DE,pokemon|de|DE|tcgdex:svp,"{""tcgdex"": ""svp""}",103,225,"{""tcgdex"": ""svp-103""}","[{""provider"": ""tcgdex"", ""providerCardId"": ""svp-103"", ""providerSetId"": ""svp"", ""serieId"": ""sv"", ""serieName"": ""Karmesin & Purpur"", ""sourceLanguage"": ""de""}]",Explicit language-scoped provider card/set ID plus canonical set and collector identity; native name is corroborating only.,,exact_catalogue_record
pokemon|de|DE|set:86186d2c258153e6|104|unspecified,de,DE,pokemon|de|DE|tcgdex:svp,"{""tcgdex"": ""svp""}",104,225,"{""tcgdex"": ""svp-104""}","[{""provider"": ""tcgdex"", ""providerCardId"": ""svp-104"", ""providerSetId"": ""svp"", ""serieId"": ""sv"", ""serieName"": ""Karmesin & Purpur"", ""sourceLanguage"": ""de""}]",Explicit language-scoped provider card/set ID plus canonical set and collector identity; native name is corroborating only.,,exact_catalogue_record
pokemon|de|DE|set:86186d2c258153e6|105|unspecified,de,DE,pokemon|de|DE|tcgdex:svp,"{""tcgdex"": ""svp""}",105,225,"{""tcgdex"": ""svp-105""}","[{""provider"": ""tcgdex"", ""providerCardId"": ""svp-105"", ""providerSetId"": ""svp"", ""serieId"": ""sv"", ""serieName"": ""Karmesin & Purpur"", ""sourceLanguage"": ""de""}]",Explicit language-scoped provider card/set ID plus canonical set and collector identity; native name is corroborating only.,,exact_catalogue_record
pokemon|de|DE|set:86186d2c258153e6|106|unspecified,de,DE,pokemon|de|DE|tcgdex:svp,"{""tcgdex"": ""svp""}",106,225,"{""tcgdex"": ""svp-106""}","[{""provider"": ""tcgdex"", ""providerCardId"": ""svp-106"", ""providerSetId"": ""svp"", ""serieId"": ""sv"", ""serieName"": ""Karmesin & Purpur"", ""sourceLanguage"": ""de""}]",Explicit language-scoped provider card/set ID plus canonical set and collector identity; native name is corroborating only.,,exact_catalogue_record
pokemon|de|DE|set:86186d2c258153e6|107|unspecified,de,DE,pokemon|de|DE|tcgdex:svp,"{""tcgdex"": ""svp""}",107,225,"{""tcgdex"": ""svp-107""}","[{""provider"": ""tcgdex"", ""providerCardId"": ""svp-107"", ""providerSetId"": ""svp"", ""serieId"": ""sv"", ""serieName"": ""Karmesin & Purpur"", ""sourceLanguage"": ""de""}]",Explicit language-scoped provider card/set ID plus canonical set and collector identity; native name is corroborating only.,,exact_catalogue_record
pokemon|de|DE|set:86186d2c258153e6|108|unspecified,de,DE,pokemon|de|DE|tcgdex:svp,"{""tcgdex"": ""svp""}",108,225,"{""tcgdex"": ""svp-108""}","[{""provider"": ""tcgdex"", ""providerCardId"": ""svp-108"", ""providerSetId"": ""svp"", ""serieId"": ""sv"", ""serieName"": ""Karmesin & Purpur"", ""sourceLanguage"": ""de""}]",Explicit language-scoped provider card/set ID plus canonical set and collector identity; native name is corroborating only.,,exact_catalogue_record
pokemon|de|DE|set:86186d2c258153e6|109|unspecified,de,DE,pokemon|de|DE|tcgdex:svp,"{""tcgdex"": ""svp""}",109,225,"{""tcgdex"": ""svp-109""}","[{""provider"": ""tcgdex"", ""providerCardId"": ""svp-109"", ""providerSetId"": ""svp"", ""serieId"": ""sv"", ""serieName"": ""Karmesin & Purpur"", ""sourceLanguage"": ""de""}]",Explicit language-scoped provider card/set ID plus canonical set and collector identity; native name is corroborating only.,,exact_catalogue_record
pokemon|de|DE|set:86186d2c258153e6|11|unspecified,de,DE,pokemon|de|DE|tcgdex:svp,"{""tcgdex"": ""svp""}",011,225,"{""tcgdex"": ""svp-011""}","[{""provider"": ""tcgdex"", ""providerCardId"": ""svp-011"", ""providerSetId"": ""svp"", ""serieId"": ""sv"", ""serieName"": ""Karmesin & Purpur"", ""sourceLanguage"": ""de""}]",Explicit language-scoped provider card/set ID plus canonical set and collector identity; native name is corroborating only.,,exact_catalogue_record
pokemon|de|DE|set:86186d2c258153e6|110|unspecified,de,DE,pokemon|de|DE|tcgdex:svp,"{""tcgdex"": ""svp""}",110,225,"{""tcgdex"": ""svp-110""}","[{""provider"": ""tcgdex"", ""providerCardId"": ""svp-110"", ""providerSetId"": ""svp"", ""serieId"": ""sv"", ""serieName"": ""Karmesin & Purpur"", ""sourceLanguage"": ""de""}]",Explicit language-scoped provider card/set ID plus canonical set and collector identity; native name is corroborating only.,,exact_catalogue_record
pokemon|de|DE|set:86186d2c258153e6|111|unspecified,de,DE,pokemon|de|DE|tcgdex:svp,"{""tcgdex"": ""svp""}",111,225,"{""tcgdex"": ""svp-111""}","[{""provider"": ""tcgdex"", ""providerCardId"": ""svp-111"", ""providerSetId"": ""svp"", ""serieId"": ""sv"", ""serieName"": ""Karmesin & Purpur"", ""sourceLanguage"": ""de""}]",Explicit language-scoped provider card/set ID plus canonical set and collector identity; native name is corroborating only.,,exact_catalogue_record
pokemon|de|DE|set:86186d2c258153e6|112|unspecified,de,DE,pokemon|de|DE|tcgdex:svp,"{""tcgdex"": ""svp""}",112,225,"{""tcgdex"": ""svp-112""}","[{""provider"": ""tcgdex"", ""providerCardId"": ""svp-112"", ""providerSetId"": ""svp"", ""serieId"": ""sv"", ""serieName"": ""Karmesin & Purpur"", ""sourceLanguage"": ""de""}]",Explicit language-scoped provider card/set ID plus canonical set and collector identity; native name is corroborating only.,,exact_catalogue_record
pokemon|de|DE|set:d32d551946b18c0f|SL1|unspecified,de,DE,pokemon|de|DE|tcgdex:col1,"{""tcgdex"": ""col1""}",SL1,95,"{""tcgdex"": ""col1-SL1""}","[{""provider"": ""tcgdex"", ""providerCardId"": ""col1-SL1"", ""providerSetId"": ""col1"", ""serieId"": ""col"", ""serieName"": ""Ruf der Legenden"", ""sourceLanguage"": ""de""}]",Explicit language-scoped provider card/set ID plus canonical set and collector identity; native name is corroborating only.,,exact_catalogue_record
pokemon|de|DE|set:d32d551946b18c0f|SL10|unspecified,de,DE,pokemon|de|DE|tcgdex:col1,"{""tcgdex"": ""col1""}",SL10,95,"{""tcgdex"": ""col1-SL10""}","[{""provider"": ""tcgdex"", ""providerCardId"": ""col1-SL10"", ""providerSetId"": ""col1"", ""serieId"": ""col"", ""serieName"": ""Ruf der Legenden"", ""sourceLanguage"": ""de""}]",Explicit language-scoped provider card/set ID plus canonical set and collector identity; native name is corroborating only.,,exact_catalogue_record
pokemon|de|DE|set:d32d551946b18c0f|SL11|unspecified,de,DE,pokemon|de|DE|tcgdex:col1,"{""tcgdex"": ""col1""}",SL11,95,"{""tcgdex"": ""col1-SL11""}","[{""provider"": ""tcgdex"", ""providerCardId"": ""col1-SL11"", ""providerSetId"": ""col1"", ""serieId"": ""col"", ""serieName"": ""Ruf der Legenden"", ""sourceLanguage"": ""de""}]",Explicit language-scoped provider card/set ID plus canonical set and collector identity; native name is corroborating only.,,exact_catalogue_record
pokemon|de|DE|set:d32d551946b18c0f|SL2|unspecified,de,DE,pokemon|de|DE|tcgdex:col1,"{""tcgdex"": ""col1""}",SL2,95,"{""tcgdex"": ""col1-SL2""}","[{""provider"": ""tcgdex"", ""providerCardId"": ""col1-SL2"", ""providerSetId"": ""col1"", ""serieId"": ""col"", ""serieName"": ""Ruf der Legenden"", ""sourceLanguage"": ""de""}]",Explicit language-scoped provider card/set ID plus canonical set and collector identity; native name is corroborating only.,,exact_catalogue_record
pokemon|de|DE|set:d32d551946b18c0f|SL3|unspecified,de,DE,pokemon|de|DE|tcgdex:col1,"{""tcgdex"": ""col1""}",SL3,95,"{""tcgdex"": ""col1-SL3""}","[{""provider"": ""tcgdex"", ""providerCardId"": ""col1-SL3"", ""providerSetId"": ""col1"", ""serieId"": ""col"", ""serieName"": ""Ruf der Legenden"", ""sourceLanguage"": ""de""}]",Explicit language-scoped provider card/set ID plus canonical set and collector identity; native name is corroborating only.,,exact_catalogue_record
pokemon|de|DE|set:d32d551946b18c0f|SL4|unspecified,de,DE,pokemon|de|DE|tcgdex:col1,"{""tcgdex"": ""col1""}",SL4,95,"{""tcgdex"": ""col1-SL4""}","[{""provider"": ""tcgdex"", ""providerCardId"": ""col1-SL4"", ""providerSetId"": ""col1"", ""serieId"": ""col"", ""serieName"": ""Ruf der Legenden"", ""sourceLanguage"": ""de""}]",Explicit language-scoped provider card/set ID plus canonical set and collector identity; native name is corroborating only.,,exact_catalogue_record
pokemon|de|DE|set:d32d551946b18c0f|SL5|unspecified,de,DE,pokemon|de|DE|tcgdex:col1,"{""tcgdex"": ""col1""}",SL5,95,"{""tcgdex"": ""col1-SL5""}","[{""provider"": ""tcgdex"", ""providerCardId"": ""col1-SL5"", ""providerSetId"": ""col1"", ""serieId"": ""col"", ""serieName"": ""Ruf der Legenden"", ""sourceLanguage"": ""de""}]",Explicit language-scoped provider card/set ID plus canonical set and collector identity; native name is corroborating only.,,exact_catalogue_record
pokemon|de|DE|set:d32d551946b18c0f|SL6|unspecified,de,DE,pokemon|de|DE|tcgdex:col1,"{""tcgdex"": ""col1""}",SL6,95,"{""tcgdex"": ""col1-SL6""}","[{""provider"": ""tcgdex"", ""providerCardId"": ""col1-SL6"", ""providerSetId"": ""col1"", ""serieId"": ""col"", ""serieName"": ""Ruf der Legenden"", ""sourceLanguage"": ""de""}]",Explicit language-scoped provider card/set ID plus canonical set and collector identity; native name is corroborating only.,,exact_catalogue_record
pokemon|de|DE|set:d32d551946b18c0f|SL7|unspecified,de,DE,pokemon|de|DE|tcgdex:col1,"{""tcgdex"": ""col1""}",SL7,95,"{""tcgdex"": ""col1-SL7""}","[{""provider"": ""tcgdex"", ""providerCardId"": ""col1-SL7"", ""providerSetId"": ""col1"", ""serieId"": ""col"", ""serieName"": ""Ruf der Legenden"", ""sourceLanguage"": ""de""}]",Explicit language-scoped provider card/set ID plus canonical set and collector identity; native name is corroborating only.,,exact_catalogue_record
pokemon|de|DE|set:d32d551946b18c0f|SL8|unspecified,de,DE,pokemon|de|DE|tcgdex:col1,"{""tcgdex"": ""col1""}",SL8,95,"{""tcgdex"": ""col1-SL8""}","[{""provider"": ""tcgdex"", ""providerCardId"": ""col1-SL8"", ""providerSetId"": ""col1"", ""serieId"": ""col"", ""serieName"": ""Ruf der Legenden"", ""sourceLanguage"": ""de""}]",Explicit language-scoped provider card/set ID plus canonical set and collector identity; native name is corroborating only.,,exact_catalogue_record
pokemon|de|DE|set:d32d551946b18c0f|SL9|unspecified,de,DE,pokemon|de|DE|tcgdex:col1,"{""tcgdex"": ""col1""}",SL9,95,"{""tcgdex"": ""col1-SL9""}","[{""provider"": ""tcgdex"", ""providerCardId"": ""col1-SL9"", ""providerSetId"": ""col1"", ""serieId"": ""col"", ""serieName"": ""Ruf der Legenden"", ""sourceLanguage"": ""de""}]",Explicit language-scoped provider card/set ID plus canonical set and collector identity; native name is corroborating only.,,exact_catalogue_record
pokemon|de|DE|set:b46aca5b9f2b7d6d|SH1|unspecified,de,DE,pokemon|de|DE|tcgdex:dp7,"{""tcgdex"": ""dp7""}",SH1,100,"{""tcgdex"": ""dp7-SH1""}","[{""provider"": ""tcgdex"", ""providerCardId"": ""dp7-SH1"", ""providerSetId"": ""dp7"", ""serieId"": ""dp"", ""serieName"": ""Diamant & Perl"", ""sourceLanguage"": ""de""}]",Explicit language-scoped provider card/set ID plus canonical set and collector identity; native name is corroborating only.,,exact_catalogue_record
pokemon|de|DE|set:b46aca5b9f2b7d6d|SH2|unspecified,de,DE,pokemon|de|DE|tcgdex:dp7,"{""tcgdex"": ""dp7""}",SH2,100,"{""tcgdex"": ""dp7-SH2""}","[{""provider"": ""tcgdex"", ""providerCardId"": ""dp7-SH2"", ""providerSetId"": ""dp7"", ""serieId"": ""dp"", ""serieName"": ""Diamant & Perl"", ""sourceLanguage"": ""de""}]",Explicit language-scoped provider card/set ID plus canonical set and collector identity; native name is corroborating only.,,exact_catalogue_record
pokemon|de|DE|set:b46aca5b9f2b7d6d|SH3|unspecified,de,DE,pokemon|de|DE|tcgdex:dp7,"{""tcgdex"": ""dp7""}",SH3,100,"{""tcgdex"": ""dp7-SH3""}","[{""provider"": ""tcgdex"", ""providerCardId"": ""dp7-SH3"", ""providerSetId"": ""dp7"", ""serieId"": ""dp"", ""serieName"": ""Diamant & Perl"", ""sourceLanguage"": ""de""}]",Explicit language-scoped provider card/set ID plus canonical set and collector identity; native name is corroborating only.,,exact_catalogue_record
pokemon|de|DE|set:d0ce1ab0e1129203|DP1|unspecified,de,DE,pokemon|de|DE|tcgdex:dpp,"{""tcgdex"": ""dpp""}",DP01,56,"{""tcgdex"": ""dpp-DP01""}","[{""provider"": ""tcgdex"", ""providerCardId"": ""dpp-DP01"", ""providerSetId"": ""dpp"", ""serieId"": ""dp"", ""serieName"": ""Diamant & Perl"", ""sourceLanguage"": ""de""}]",Explicit language-scoped provider card/set ID plus canonical set and collector identity; native name is corroborating only.,,exact_catalogue_record
pokemon|de|DE|set:b400f832e3e8f097|1|unspecified,de,DE,pokemon|de|DE|tcgdex:A1,"{""tcgdex"": ""A1""}",001,226,"{""tcgdex"": ""A1-001""}","[{""provider"": ""tcgdex"", ""providerCardId"": ""A1-001"", ""providerSetId"": ""A1"", ""serieId"": ""tcgp"", ""serieName"": ""Pokémon‑Sammelkartenspiel‑Pocket"", ""sourceLanguage"": ""de""}]",Explicit language-scoped provider card/set ID plus canonical set and collector identity; native name is corroborating only.,,exact_catalogue_record
pokemon|de|DE|set:b400f832e3e8f097|10|unspecified,de,DE,pokemon|de|DE|tcgdex:A1,"{""tcgdex"": ""A1""}",010,226,"{""tcgdex"": ""A1-010""}","[{""provider"": ""tcgdex"", ""providerCardId"": ""A1-010"", ""providerSetId"": ""A1"", ""serieId"": ""tcgp"", ""serieName"": ""Pokémon‑Sammelkartenspiel‑Pocket"", ""sourceLanguage"": ""de""}]",Explicit language-scoped provider card/set ID plus canonical set and collector identity; native name is corroborating only.,,exact_catalogue_record
pokemon|de|DE|set:b400f832e3e8f097|11|unspecified,de,DE,pokemon|de|DE|tcgdex:A1,"{""tcgdex"": ""A1""}",011,226,"{""tcgdex"": ""A1-011""}","[{""provider"": ""tcgdex"", ""providerCardId"": ""A1-011"", ""providerSetId"": ""A1"", ""serieId"": ""tcgp"", ""serieName"": ""Pokémon‑Sammelkartenspiel‑Pocket"", ""sourceLanguage"": ""de""}]",Explicit language-scoped provider card/set ID plus canonical set and collector identity; native name is corroborating only.,,exact_catalogue_record
pokemon|de|DE|set:b400f832e3e8f097|12|unspecified,de,DE,pokemon|de|DE|tcgdex:A1,"{""tcgdex"": ""A1""}",012,226,"{""tcgdex"": ""A1-012""}","[{""provider"": ""tcgdex"", ""providerCardId"": ""A1-012"", ""providerSetId"": ""A1"", ""serieId"": ""tcgp"", ""serieName"": ""Pokémon‑Sammelkartenspiel‑Pocket"", ""sourceLanguage"": ""de""}]",Explicit language-scoped provider card/set ID plus canonical set and collector identity; native name is corroborating only.,,exact_catalogue_record
pokemon|de|DE|set:b400f832e3e8f097|13|unspecified,de,DE,pokemon|de|DE|tcgdex:A1,"{""tcgdex"": ""A1""}",013,226,"{""tcgdex"": ""A1-013""}","[{""provider"": ""tcgdex"", ""providerCardId"": ""A1-013"", ""providerSetId"": ""A1"", ""serieId"": ""tcgp"", ""serieName"": ""Pokémon‑Sammelkartenspiel‑Pocket"", ""sourceLanguage"": ""de""}]",Explicit language-scoped provider card/set ID plus canonical set and collector identity; native name is corroborating only.,,exact_catalogue_record
pokemon|de|DE|set:b400f832e3e8f097|14|unspecified,de,DE,pokemon|de|DE|tcgdex:A1,"{""tcgdex"": ""A1""}",014,226,"{""tcgdex"": ""A1-014""}","[{""provider"": ""tcgdex"", ""providerCardId"": ""A1-014"", ""providerSetId"": ""A1"", ""serieId"": ""tcgp"", ""serieName"": ""Pokémon‑Sammelkartenspiel‑Pocket"", ""sourceLanguage"": ""de""}]",Explicit language-scoped provider card/set ID plus canonical set and collector identity; native name is corroborating only.,,exact_catalogue_record
pokemon|de|DE|set:b400f832e3e8f097|15|unspecified,de,DE,pokemon|de|DE|tcgdex:A1,"{""tcgdex"": ""A1""}",015,226,"{""tcgdex"": ""A1-015""}","[{""provider"": ""tcgdex"", ""providerCardId"": ""A1-015"", ""providerSetId"": ""A1"", ""serieId"": ""tcgp"", ""serieName"": ""Pokémon‑Sammelkartenspiel‑Pocket"", ""sourceLanguage"": ""de""}]",Explicit language-scoped provider card/set ID plus canonical set and collector identity; native name is corroborating only.,,exact_catalogue_record
pokemon|de|DE|set:b400f832e3e8f097|16|unspecified,de,DE,pokemon|de|DE|tcgdex:A1,"{""tcgdex"": ""A1""}",016,226,"{""tcgdex"": ""A1-016""}","[{""provider"": ""tcgdex"", ""providerCardId"": ""A1-016"", ""providerSetId"": ""A1"", ""serieId"": ""tcgp"", ""serieName"": ""Pokémon‑Sammelkartenspiel‑Pocket"", ""sourceLanguage"": ""de""}]",Explicit language-scoped provider card/set ID plus canonical set and collector identity; native name is corroborating only.,,exact_catalogue_record
pokemon|de|DE|set:b400f832e3e8f097|17|unspecified,de,DE,pokemon|de|DE|tcgdex:A1,"{""tcgdex"": ""A1""}",017,226,"{""tcgdex"": ""A1-017""}","[{""provider"": ""tcgdex"", ""providerCardId"": ""A1-017"", ""providerSetId"": ""A1"", ""serieId"": ""tcgp"", ""serieName"": ""Pokémon‑Sammelkartenspiel‑Pocket"", ""sourceLanguage"": ""de""}]",Explicit language-scoped provider card/set ID plus canonical set and collector identity; native name is corroborating only.,,exact_catalogue_record
pokemon|de|DE|set:b400f832e3e8f097|18|unspecified,de,DE,pokemon|de|DE|tcgdex:A1,"{""tcgdex"": ""A1""}",018,226,"{""tcgdex"": ""A1-018""}","[{""provider"": ""tcgdex"", ""providerCardId"": ""A1-018"", ""providerSetId"": ""A1"", ""serieId"": ""tcgp"", ""serieName"": ""Pokémon‑Sammelkartenspiel‑Pocket"", ""sourceLanguage"": ""de""}]",Explicit language-scoped provider card/set ID plus canonical set and collector identity; native name is corroborating only.,,exact_catalogue_record
pokemon|de|DE|set:e895b791b9abbde7|1|unspecified,de,DE,pokemon|de|DE|tcgdex:mep,"{""tcgdex"": ""mep""}",001,0,"{""tcgdex"": ""mep-001""}","[{""provider"": ""tcgdex"", ""providerCardId"": ""mep-001"", ""providerSetId"": ""mep"", ""serieId"": ""me"", ""serieName"": ""Mega-Entwicklung"", ""sourceLanguage"": ""de""}]",Explicit language-scoped provider card/set ID plus canonical set and collector identity; native name is corroborating only.,,exact_catalogue_record
pokemon|de|DE|set:e895b791b9abbde7|10|unspecified,de,DE,pokemon|de|DE|tcgdex:mep,"{""tcgdex"": ""mep""}",010,0,"{""tcgdex"": ""mep-010""}","[{""provider"": ""tcgdex"", ""providerCardId"": ""mep-010"", ""providerSetId"": ""mep"", ""serieId"": ""me"", ""serieName"": ""Mega-Entwicklung"", ""sourceLanguage"": ""de""}]",Explicit language-scoped provider card/set ID plus canonical set and collector identity; native name is corroborating only.,,exact_catalogue_record
pokemon|de|DE|set:e895b791b9abbde7|11|unspecified,de,DE,pokemon|de|DE|tcgdex:mep,"{""tcgdex"": ""mep""}",011,0,"{""tcgdex"": ""mep-011""}","[{""provider"": ""tcgdex"", ""providerCardId"": ""mep-011"", ""providerSetId"": ""mep"", ""serieId"": ""me"", ""serieName"": ""Mega-Entwicklung"", ""sourceLanguage"": ""de""}]",Explicit language-scoped provider card/set ID plus canonical set and collector identity; native name is corroborating only.,,exact_catalogue_record
pokemon|de|DE|set:e895b791b9abbde7|12|unspecified,de,DE,pokemon|de|DE|tcgdex:mep,"{""tcgdex"": ""mep""}",012,0,"{""tcgdex"": ""mep-012""}","[{""provider"": ""tcgdex"", ""providerCardId"": ""mep-012"", ""providerSetId"": ""mep"", ""serieId"": ""me"", ""serieName"": ""Mega-Entwicklung"", ""sourceLanguage"": ""de""}]",Explicit language-scoped provider card/set ID plus canonical set and collector identity; native name is corroborating only.,,exact_catalogue_record
pokemon|de|DE|set:e895b791b9abbde7|13|unspecified,de,DE,pokemon|de|DE|tcgdex:mep,"{""tcgdex"": ""mep""}",013,0,"{""tcgdex"": ""mep-013""}","[{""provider"": ""tcgdex"", ""providerCardId"": ""mep-013"", ""providerSetId"": ""mep"", ""serieId"": ""me"", ""serieName"": ""Mega-Entwicklung"", ""sourceLanguage"": ""de""}]",Explicit language-scoped provider card/set ID plus canonical set and collector identity; native name is corroborating only.,,exact_catalogue_record
pokemon|de|DE|set:e895b791b9abbde7|14|unspecified,de,DE,pokemon|de|DE|tcgdex:mep,"{""tcgdex"": ""mep""}",014,0,"{""tcgdex"": ""mep-014""}","[{""provider"": ""tcgdex"", ""providerCardId"": ""mep-014"", ""providerSetId"": ""mep"", ""serieId"": ""me"", ""serieName"": ""Mega-Entwicklung"", ""sourceLanguage"": ""de""}]",Explicit language-scoped provider card/set ID plus canonical set and collector identity; native name is corroborating only.,,exact_catalogue_record
pokemon|de|DE|set:e895b791b9abbde7|15|unspecified,de,DE,pokemon|de|DE|tcgdex:mep,"{""tcgdex"": ""mep""}",015,0,"{""tcgdex"": ""mep-015""}","[{""provider"": ""tcgdex"", ""providerCardId"": ""mep-015"", ""providerSetId"": ""mep"", ""serieId"": ""me"", ""serieName"": ""Mega-Entwicklung"", ""sourceLanguage"": ""de""}]",Explicit language-scoped provider card/set ID plus canonical set and collector identity; native name is corroborating only.,,exact_catalogue_record
pokemon|de|DE|set:e895b791b9abbde7|16|unspecified,de,DE,pokemon|de|DE|tcgdex:mep,"{""tcgdex"": ""mep""}",016,0,"{""tcgdex"": ""mep-016""}","[{""provider"": ""tcgdex"", ""providerCardId"": ""mep-016"", ""providerSetId"": ""mep"", ""serieId"": ""me"", ""serieName"": ""Mega-Entwicklung"", ""sourceLanguage"": ""de""}]",Explicit language-scoped provider card/set ID plus canonical set and collector identity; native name is corroborating only.,,exact_catalogue_record
pokemon|de|DE|set:e895b791b9abbde7|17|unspecified,de,DE,pokemon|de|DE|tcgdex:mep,"{""tcgdex"": ""mep""}",017,0,"{""tcgdex"": ""mep-017""}","[{""provider"": ""tcgdex"", ""providerCardId"": ""mep-017"", ""providerSetId"": ""mep"", ""serieId"": ""me"", ""serieName"": ""Mega-Entwicklung"", ""sourceLanguage"": ""de""}]",Explicit language-scoped provider card/set ID plus canonical set and collector identity; native name is corroborating only.,,exact_catalogue_record
pokemon|de|DE|set:e895b791b9abbde7|18|unspecified,de,DE,pokemon|de|DE|tcgdex:mep,"{""tcgdex"": ""mep""}",018,0,"{""tcgdex"": ""mep-018""}","[{""provider"": ""tcgdex"", ""providerCardId"": ""mep-018"", ""providerSetId"": ""mep"", ""serieId"": ""me"", ""serieName"": ""Mega-Entwicklung"", ""sourceLanguage"": ""de""}]",Explicit language-scoped provider card/set ID plus canonical set and collector identity; native name is corroborating only.,,exact_catalogue_record
pokemon|de|DE|set:22b14034688406cd|246|unspecified,de,DE,pokemon|de|DE|tcgdex:swsh8,"{""tcgdex"": ""swsh8""}",246,264,"{""tcgdex"": ""swsh8-246""}","[{""provider"": ""tcgdex"", ""providerCardId"": ""swsh8-246"", ""providerSetId"": ""swsh8"", ""serieId"": ""swsh"", ""serieName"": ""Schwert & Schild"", ""sourceLanguage"": ""de""}]",Explicit language-scoped provider card/set ID plus canonical set and collector identity; native name is corroborating only.,,exact_catalogue_record
pokemon|de|DE|set:71f4c9bc18e574b4|175|unspecified,de,DE,pokemon|de|DE|tcgdex:swsh1,"{""tcgdex"": ""swsh1""}",175,202,"{""tcgdex"": ""swsh1-175""}","[{""provider"": ""tcgdex"", ""providerCardId"": ""swsh1-175"", ""providerSetId"": ""swsh1"", ""serieId"": ""swsh"", ""serieName"": ""Schwert & Schild"", ""sourceLanguage"": ""de""}]",Explicit language-scoped provider card/set ID plus canonical set and collector identity; native name is corroborating only.,,exact_catalogue_record
pokemon|de|DE|set:66c49480863529c1|82|unspecified,de,DE,pokemon|de|DE|tcgdex:me04,"{""tcgdex"": ""me04""}",082,86,"{""tcgdex"": ""me04-082""}","[{""provider"": ""tcgdex"", ""providerCardId"": ""me04-082"", ""providerSetId"": ""me04"", ""serieId"": ""me"", ""serieName"": ""Mega-Entwicklung"", ""sourceLanguage"": ""de""}]",Explicit language-scoped provider card/set ID plus canonical set and collector identity; native name is corroborating only.,,exact_catalogue_record
pokemon|de|DE|set:fb2b1989d9e195c5|33|unspecified,de,DE,pokemon|de|DE|tcgdex:sm6,"{""tcgdex"": ""sm6""}",33,131,"{""tcgdex"": ""sm6-33""}","[{""provider"": ""tcgdex"", ""providerCardId"": ""sm6-33"", ""providerSetId"": ""sm6"", ""serieId"": ""sm"", ""serieName"": ""Sonne & Mond"", ""sourceLanguage"": ""de""}]",Explicit language-scoped provider card/set ID plus canonical set and collector identity; native name is corroborating only.,,exact_catalogue_record
pokemon|de|DE|set:987c837d21c7df08|72|unspecified,de,DE,pokemon|de|DE|tcgdex:sv03,"{""tcgdex"": ""sv03""}",072,197,"{""tcgdex"": ""sv03-072""}","[{""provider"": ""tcgdex"", ""providerCardId"": ""sv03-072"", ""providerSetId"": ""sv03"", ""serieId"": ""sv"", ""serieName"": ""Karmesin & Purpur"", ""sourceLanguage"": ""de""}]",Explicit language-scoped provider card/set ID plus canonical set and collector identity; native name is corroborating only.,,exact_catalogue_record
pokemon|de|DE|set:f7d360e848143e41|157|unspecified,de,DE,pokemon|de|DE|tcgdex:sm3,"{""tcgdex"": ""sm3""}",157,147,"{""tcgdex"": ""sm3-157""}","[{""provider"": ""tcgdex"", ""providerCardId"": ""sm3-157"", ""providerSetId"": ""sm3"", ""serieId"": ""sm"", ""serieName"": ""Sonne & Mond"", ""sourceLanguage"": ""de""}]",Explicit language-scoped provider card/set ID plus canonical set and collector identity; native name is corroborating only.,,exact_catalogue_record
pokemon|de|DE|set:1d92b09cf0b374ab|91|unspecified,de,DE,pokemon|de|DE|tcgdex:dp4,"{""tcgdex"": ""dp4""}",91,106,"{""tcgdex"": ""dp4-91""}","[{""provider"": ""tcgdex"", ""providerCardId"": ""dp4-91"", ""providerSetId"": ""dp4"", ""serieId"": ""dp"", ""serieName"": ""Diamant & Perl"", ""sourceLanguage"": ""de""}]",Explicit language-scoped provider card/set ID plus canonical set and collector identity; native name is corroborating only.,,exact_catalogue_record
pokemon|de|DE|set:ff9cb6cdc2d6d75b|83|unspecified,de,DE,pokemon|de|DE|tcgdex:ex11,"{""tcgdex"": ""ex11""}",83,113,"{""tcgdex"": ""ex11-83""}","[{""provider"": ""tcgdex"", ""providerCardId"": ""ex11-83"", ""providerSetId"": ""ex11"", ""serieId"": ""ex"", ""serieName"": ""EX"", ""sourceLanguage"": ""de""}]",Explicit language-scoped provider card/set ID plus canonical set and collector identity; native name is corroborating only.,,exact_catalogue_record
pokemon|de|DE|set:f52b2aa862625436|110|unspecified,de,DE,pokemon|de|DE|tcgdex:sv01,"{""tcgdex"": ""sv01""}",110,198,"{""tcgdex"": ""sv01-110""}","[{""provider"": ""tcgdex"", ""providerCardId"": ""sv01-110"", ""providerSetId"": ""sv01"", ""serieId"": ""sv"", ""serieName"": ""Karmesin & Purpur"", ""sourceLanguage"": ""de""}]",Explicit language-scoped provider card/set ID plus canonical set and collector identity; native name is corroborating only.,,exact_catalogue_record
pokemon|de|DE|set:703891f86aba6af9|46|unspecified,de,DE,pokemon|de|DE|tcgdex:swsh12,"{""tcgdex"": ""swsh12""}",046,195,"{""tcgdex"": ""swsh12-046""}","[{""provider"": ""tcgdex"", ""providerCardId"": ""swsh12-046"", ""providerSetId"": ""swsh12"", ""serieId"": ""swsh"", ""serieName"": ""Schwert & Schild"", ""sourceLanguage"": ""de""}]",Explicit language-scoped provider card/set ID plus canonical set and collector identity; native name is corroborating only.,,exact_catalogue_record
pokemon|de|DE|set:2bbb9d525aa56fea|11|unspecified,de,DE,pokemon|de|DE|tcgdex:swsh10,"{""tcgdex"": ""swsh10""}",011,189,"{""tcgdex"": ""swsh10-011""}","[{""provider"": ""tcgdex"", ""providerCardId"": ""swsh10-011"", ""providerSetId"": ""swsh10"", ""serieId"": ""swsh"", ""serieName"": ""Schwert & Schild"", ""sourceLanguage"": ""de""}]",Explicit language-scoped provider card/set ID plus canonical set and collector identity; native name is corroborating only.,,exact_catalogue_record
pokemon|de|DE|set:4adfd9a9df873a44|96|unspecified,de,DE,pokemon|de|DE|tcgdex:sv10.5w,"{""tcgdex"": ""sv10.5w""}",096,86,"{""tcgdex"": ""sv10.5w-096""}","[{""provider"": ""tcgdex"", ""providerCardId"": ""sv10.5w-096"", ""providerSetId"": ""sv10.5w"", ""serieId"": ""sv"", ""serieName"": ""Karmesin & Purpur"", ""sourceLanguage"": ""de""}]",Explicit language-scoped provider card/set ID plus canonical set and collector identity; native name is corroborating only.,,exact_catalogue_record
pokemon|de|DE|set:7f1c8ea548460cc0|50|unspecified,de,DE,pokemon|de|DE|tcgdex:ex2,"{""tcgdex"": ""ex2""}",50,100,"{""tcgdex"": ""ex2-50""}","[{""provider"": ""tcgdex"", ""providerCardId"": ""ex2-50"", ""providerSetId"": ""ex2"", ""serieId"": ""ex"", ""serieName"": ""EX"", ""sourceLanguage"": ""de""}]",Explicit language-scoped provider card/set ID plus canonical set and collector identity; native name is corroborating only.,,exact_catalogue_record
pokemon|de|DE|set:703891f86aba6af9|51|unspecified,de,DE,pokemon|de|DE|tcgdex:swsh12,"{""tcgdex"": ""swsh12""}",051,195,"{""tcgdex"": ""swsh12-051""}","[{""provider"": ""tcgdex"", ""providerCardId"": ""swsh12-051"", ""providerSetId"": ""swsh12"", ""serieId"": ""swsh"", ""serieName"": ""Schwert & Schild"", ""sourceLanguage"": ""de""}]",Explicit language-scoped provider card/set ID plus canonical set and collector identity; native name is corroborating only.,,exact_catalogue_record
pokemon|de|DE|set:5aef27b7ab162734|113|unspecified,de,DE,pokemon|de|DE|tcgdex:sm10,"{""tcgdex"": ""sm10""}",113,214,"{""tcgdex"": ""sm10-113""}","[{""provider"": ""tcgdex"", ""providerCardId"": ""sm10-113"", ""providerSetId"": ""sm10"", ""serieId"": ""sm"", ""serieName"": ""Sonne & Mond"", ""sourceLanguage"": ""de""}]",Explicit language-scoped provider card/set ID plus canonical set and collector identity; native name is corroborating only.,,exact_catalogue_record
pokemon|de|DE|set:703891f86aba6af9|193|unspecified,de,DE,pokemon|de|DE|tcgdex:swsh12,"{""tcgdex"": ""swsh12""}",193,195,"{""tcgdex"": ""swsh12-193""}","[{""provider"": ""tcgdex"", ""providerCardId"": ""swsh12-193"", ""providerSetId"": ""swsh12"", ""serieId"": ""swsh"", ""serieName"": ""Schwert & Schild"", ""sourceLanguage"": ""de""}]",Explicit language-scoped provider card/set ID plus canonical set and collector identity; native name is corroborating only.,,exact_catalogue_record
pokemon|de|DE|set:c575943aac7981ba|SWSH285|unspecified,de,DE,pokemon|de|DE|tcgdex:swshp,"{""tcgdex"": ""swshp""}",SWSH285,307,"{""tcgdex"": ""swshp-SWSH285""}","[{""provider"": ""tcgdex"", ""providerCardId"": ""swshp-SWSH285"", ""providerSetId"": ""swshp"", ""serieId"": ""swsh"", ""serieName"": ""Schwert & Schild"", ""sourceLanguage"": ""de""}]",Explicit language-scoped provider card/set ID plus canonical set and collector identity; native name is corroborating only.,,exact_catalogue_record
pokemon|de|DE|set:24560a5355589d4c|89|unspecified,de,DE,pokemon|de|DE|tcgdex:hgss1,"{""tcgdex"": ""hgss1""}",89,123,"{""tcgdex"": ""hgss1-89""}","[{""provider"": ""tcgdex"", ""providerCardId"": ""hgss1-89"", ""providerSetId"": ""hgss1"", ""serieId"": ""hgss"", ""serieName"": ""HeartGold SoulSilver"", ""sourceLanguage"": ""de""}]",Explicit language-scoped provider card/set ID plus canonical set and collector identity; native name is corroborating only.,,exact_catalogue_record
pokemon|de|DE|set:2d71ff2a20d14afe|12|unspecified,de,DE,pokemon|de|DE|tcgdex:ex15,"{""tcgdex"": ""ex15""}",12,101,"{""tcgdex"": ""ex15-12""}","[{""provider"": ""tcgdex"", ""providerCardId"": ""ex15-12"", ""providerSetId"": ""ex15"", ""serieId"": ""ex"", ""serieName"": ""EX"", ""sourceLanguage"": ""de""}]",Explicit language-scoped provider card/set ID plus canonical set and collector identity; native name is corroborating only.,,exact_catalogue_record
pokemon|de|DE|set:f7d360e848143e41|146|unspecified,de,DE,pokemon|de|DE|tcgdex:sm3,"{""tcgdex"": ""sm3""}",146,147,"{""tcgdex"": ""sm3-146""}","[{""provider"": ""tcgdex"", ""providerCardId"": ""sm3-146"", ""providerSetId"": ""sm3"", ""serieId"": ""sm"", ""serieName"": ""Sonne & Mond"", ""sourceLanguage"": ""de""}]",Explicit language-scoped provider card/set ID plus canonical set and collector identity; native name is corroborating only.,,exact_catalogue_record
pokemon|it|IT|set:0302461b781149df|100|unspecified,it,IT,pokemon|it|IT|tcgdex:base1,"{""tcgdex"": ""base1""}",100,102,"{""tcgdex"": ""base1-100""}","[{""provider"": ""tcgdex"", ""providerCardId"": ""base1-100"", ""providerSetId"": ""base1"", ""serieId"": ""base"", ""serieName"": ""Originale"", ""sourceLanguage"": ""it""}]",Explicit language-scoped provider card/set ID plus canonical set and collector identity; native name is corroborating only.,,exact_catalogue_record
pokemon|it|IT|set:0302461b781149df|101|unspecified,it,IT,pokemon|it|IT|tcgdex:base1,"{""tcgdex"": ""base1""}",101,102,"{""tcgdex"": ""base1-101""}","[{""provider"": ""tcgdex"", ""providerCardId"": ""base1-101"", ""providerSetId"": ""base1"", ""serieId"": ""base"", ""serieName"": ""Originale"", ""sourceLanguage"": ""it""}]",Explicit language-scoped provider card/set ID plus canonical set and collector identity; native name is corroborating only.,,exact_catalogue_record
pokemon|it|IT|set:0302461b781149df|102|unspecified,it,IT,pokemon|it|IT|tcgdex:base1,"{""tcgdex"": ""base1""}",102,102,"{""tcgdex"": ""base1-102""}","[{""provider"": ""tcgdex"", ""providerCardId"": ""base1-102"", ""providerSetId"": ""base1"", ""serieId"": ""base"", ""serieName"": ""Originale"", ""sourceLanguage"": ""it""}]",Explicit language-scoped provider card/set ID plus canonical set and collector identity; native name is corroborating only.,,exact_catalogue_record
pokemon|it|IT|set:0302461b781149df|10|unspecified,it,IT,pokemon|it|IT|tcgdex:base1,"{""tcgdex"": ""base1""}",10,102,"{""tcgdex"": ""base1-10""}","[{""provider"": ""tcgdex"", ""providerCardId"": ""base1-10"", ""providerSetId"": ""base1"", ""serieId"": ""base"", ""serieName"": ""Originale"", ""sourceLanguage"": ""it""}]",Explicit language-scoped provider card/set ID plus canonical set and collector identity; native name is corroborating only.,,exact_catalogue_record
pokemon|it|IT|set:0302461b781149df|11|unspecified,it,IT,pokemon|it|IT|tcgdex:base1,"{""tcgdex"": ""base1""}",11,102,"{""tcgdex"": ""base1-11""}","[{""provider"": ""tcgdex"", ""providerCardId"": ""base1-11"", ""providerSetId"": ""base1"", ""serieId"": ""base"", ""serieName"": ""Originale"", ""sourceLanguage"": ""it""}]",Explicit language-scoped provider card/set ID plus canonical set and collector identity; native name is corroborating only.,,exact_catalogue_record
pokemon|it|IT|set:0302461b781149df|12|unspecified,it,IT,pokemon|it|IT|tcgdex:base1,"{""tcgdex"": ""base1""}",12,102,"{""tcgdex"": ""base1-12""}","[{""provider"": ""tcgdex"", ""providerCardId"": ""base1-12"", ""providerSetId"": ""base1"", ""serieId"": ""base"", ""serieName"": ""Originale"", ""sourceLanguage"": ""it""}]",Explicit language-scoped provider card/set ID plus canonical set and collector identity; native name is corroborating only.,,exact_catalogue_record
pokemon|it|IT|set:0302461b781149df|13|unspecified,it,IT,pokemon|it|IT|tcgdex:base1,"{""tcgdex"": ""base1""}",13,102,"{""tcgdex"": ""base1-13""}","[{""provider"": ""tcgdex"", ""providerCardId"": ""base1-13"", ""providerSetId"": ""base1"", ""serieId"": ""base"", ""serieName"": ""Originale"", ""sourceLanguage"": ""it""}]",Explicit language-scoped provider card/set ID plus canonical set and collector identity; native name is corroborating only.,,exact_catalogue_record
pokemon|it|IT|set:0302461b781149df|14|unspecified,it,IT,pokemon|it|IT|tcgdex:base1,"{""tcgdex"": ""base1""}",14,102,"{""tcgdex"": ""base1-14""}","[{""provider"": ""tcgdex"", ""providerCardId"": ""base1-14"", ""providerSetId"": ""base1"", ""serieId"": ""base"", ""serieName"": ""Originale"", ""sourceLanguage"": ""it""}]",Explicit language-scoped provider card/set ID plus canonical set and collector identity; native name is corroborating only.,,exact_catalogue_record
pokemon|it|IT|set:0302461b781149df|15|unspecified,it,IT,pokemon|it|IT|tcgdex:base1,"{""tcgdex"": ""base1""}",15,102,"{""tcgdex"": ""base1-15""}","[{""provider"": ""tcgdex"", ""providerCardId"": ""base1-15"", ""providerSetId"": ""base1"", ""serieId"": ""base"", ""serieName"": ""Originale"", ""sourceLanguage"": ""it""}]",Explicit language-scoped provider card/set ID plus canonical set and collector identity; native name is corroborating only.,,exact_catalogue_record
pokemon|it|IT|set:0302461b781149df|16|unspecified,it,IT,pokemon|it|IT|tcgdex:base1,"{""tcgdex"": ""base1""}",16,102,"{""tcgdex"": ""base1-16""}","[{""provider"": ""tcgdex"", ""providerCardId"": ""base1-16"", ""providerSetId"": ""base1"", ""serieId"": ""base"", ""serieName"": ""Originale"", ""sourceLanguage"": ""it""}]",Explicit language-scoped provider card/set ID plus canonical set and collector identity; native name is corroborating only.,,exact_catalogue_record
pokemon|it|IT|set:0302461b781149df|17|unspecified,it,IT,pokemon|it|IT|tcgdex:base1,"{""tcgdex"": ""base1""}",17,102,"{""tcgdex"": ""base1-17""}","[{""provider"": ""tcgdex"", ""providerCardId"": ""base1-17"", ""providerSetId"": ""base1"", ""serieId"": ""base"", ""serieName"": ""Originale"", ""sourceLanguage"": ""it""}]",Explicit language-scoped provider card/set ID plus canonical set and collector identity; native name is corroborating only.,,exact_catalogue_record
pokemon|it|IT|set:0302461b781149df|18|unspecified,it,IT,pokemon|it|IT|tcgdex:base1,"{""tcgdex"": ""base1""}",18,102,"{""tcgdex"": ""base1-18""}","[{""provider"": ""tcgdex"", ""providerCardId"": ""base1-18"", ""providerSetId"": ""base1"", ""serieId"": ""base"", ""serieName"": ""Originale"", ""sourceLanguage"": ""it""}]",Explicit language-scoped provider card/set ID plus canonical set and collector identity; native name is corroborating only.,,exact_catalogue_record
pokemon|it|IT|set:0302461b781149df|19|unspecified,it,IT,pokemon|it|IT|tcgdex:base1,"{""tcgdex"": ""base1""}",19,102,"{""tcgdex"": ""base1-19""}","[{""provider"": ""tcgdex"", ""providerCardId"": ""base1-19"", ""providerSetId"": ""base1"", ""serieId"": ""base"", ""serieName"": ""Originale"", ""sourceLanguage"": ""it""}]",Explicit language-scoped provider card/set ID plus canonical set and collector identity; native name is corroborating only.,,exact_catalogue_record
pokemon|it|IT|set:0302461b781149df|1|unspecified,it,IT,pokemon|it|IT|tcgdex:base1,"{""tcgdex"": ""base1""}",1,102,"{""tcgdex"": ""base1-1""}","[{""provider"": ""tcgdex"", ""providerCardId"": ""base1-1"", ""providerSetId"": ""base1"", ""serieId"": ""base"", ""serieName"": ""Originale"", ""sourceLanguage"": ""it""}]",Explicit language-scoped provider card/set ID plus canonical set and collector identity; native name is corroborating only.,,exact_catalogue_record
pokemon|it|IT|set:0302461b781149df|20|unspecified,it,IT,pokemon|it|IT|tcgdex:base1,"{""tcgdex"": ""base1""}",20,102,"{""tcgdex"": ""base1-20""}","[{""provider"": ""tcgdex"", ""providerCardId"": ""base1-20"", ""providerSetId"": ""base1"", ""serieId"": ""base"", ""serieName"": ""Originale"", ""sourceLanguage"": ""it""}]",Explicit language-scoped provider card/set ID plus canonical set and collector identity; native name is corroborating only.,,exact_catalogue_record
pokemon|it|IT|set:cb7c1b048742647a|9|unspecified,it,IT,pokemon|it|IT|tcgdex:me04,"{""tcgdex"": ""me04""}",009,86,"{""tcgdex"": ""me04-009""}","[{""provider"": ""tcgdex"", ""providerCardId"": ""me04-009"", ""providerSetId"": ""me04"", ""serieId"": ""me"", ""serieName"": ""Megaevoluzione"", ""sourceLanguage"": ""it""}]",Explicit language-scoped provider card/set ID plus canonical set and collector identity; native name is corroborating only.,,exact_catalogue_record
pokemon|it|IT|set:cb7c1b048742647a|99|unspecified,it,IT,pokemon|it|IT|tcgdex:me04,"{""tcgdex"": ""me04""}",099,86,"{""tcgdex"": ""me04-099""}","[{""provider"": ""tcgdex"", ""providerCardId"": ""me04-099"", ""providerSetId"": ""me04"", ""serieId"": ""me"", ""serieName"": ""Megaevoluzione"", ""sourceLanguage"": ""it""}]",Explicit language-scoped provider card/set ID plus canonical set and collector identity; native name is corroborating only.,,exact_catalogue_record
pokemon|it|IT|set:cb7c1b048742647a|98|unspecified,it,IT,pokemon|it|IT|tcgdex:me04,"{""tcgdex"": ""me04""}",098,86,"{""tcgdex"": ""me04-098""}","[{""provider"": ""tcgdex"", ""providerCardId"": ""me04-098"", ""providerSetId"": ""me04"", ""serieId"": ""me"", ""serieName"": ""Megaevoluzione"", ""sourceLanguage"": ""it""}]",Explicit language-scoped provider card/set ID plus canonical set and collector identity; native name is corroborating only.,,exact_catalogue_record
pokemon|it|IT|set:cb7c1b048742647a|97|unspecified,it,IT,pokemon|it|IT|tcgdex:me04,"{""tcgdex"": ""me04""}",097,86,"{""tcgdex"": ""me04-097""}","[{""provider"": ""tcgdex"", ""providerCardId"": ""me04-097"", ""providerSetId"": ""me04"", ""serieId"": ""me"", ""serieName"": ""Megaevoluzione"", ""sourceLanguage"": ""it""}]",Explicit language-scoped provider card/set ID plus canonical set and collector identity; native name is corroborating only.,,exact_catalogue_record
pokemon|it|IT|set:cb7c1b048742647a|96|unspecified,it,IT,pokemon|it|IT|tcgdex:me04,"{""tcgdex"": ""me04""}",096,86,"{""tcgdex"": ""me04-096""}","[{""provider"": ""tcgdex"", ""providerCardId"": ""me04-096"", ""providerSetId"": ""me04"", ""serieId"": ""me"", ""serieName"": ""Megaevoluzione"", ""sourceLanguage"": ""it""}]",Explicit language-scoped provider card/set ID plus canonical set and collector identity; native name is corroborating only.,,exact_catalogue_record
pokemon|it|IT|set:cb7c1b048742647a|95|unspecified,it,IT,pokemon|it|IT|tcgdex:me04,"{""tcgdex"": ""me04""}",095,86,"{""tcgdex"": ""me04-095""}","[{""provider"": ""tcgdex"", ""providerCardId"": ""me04-095"", ""providerSetId"": ""me04"", ""serieId"": ""me"", ""serieName"": ""Megaevoluzione"", ""sourceLanguage"": ""it""}]",Explicit language-scoped provider card/set ID plus canonical set and collector identity; native name is corroborating only.,,exact_catalogue_record
pokemon|it|IT|set:cb7c1b048742647a|94|unspecified,it,IT,pokemon|it|IT|tcgdex:me04,"{""tcgdex"": ""me04""}",094,86,"{""tcgdex"": ""me04-094""}","[{""provider"": ""tcgdex"", ""providerCardId"": ""me04-094"", ""providerSetId"": ""me04"", ""serieId"": ""me"", ""serieName"": ""Megaevoluzione"", ""sourceLanguage"": ""it""}]",Explicit language-scoped provider card/set ID plus canonical set and collector identity; native name is corroborating only.,,exact_catalogue_record
pokemon|it|IT|set:cb7c1b048742647a|93|unspecified,it,IT,pokemon|it|IT|tcgdex:me04,"{""tcgdex"": ""me04""}",093,86,"{""tcgdex"": ""me04-093""}","[{""provider"": ""tcgdex"", ""providerCardId"": ""me04-093"", ""providerSetId"": ""me04"", ""serieId"": ""me"", ""serieName"": ""Megaevoluzione"", ""sourceLanguage"": ""it""}]",Explicit language-scoped provider card/set ID plus canonical set and collector identity; native name is corroborating only.,,exact_catalogue_record
pokemon|it|IT|set:cb7c1b048742647a|92|unspecified,it,IT,pokemon|it|IT|tcgdex:me04,"{""tcgdex"": ""me04""}",092,86,"{""tcgdex"": ""me04-092""}","[{""provider"": ""tcgdex"", ""providerCardId"": ""me04-092"", ""providerSetId"": ""me04"", ""serieId"": ""me"", ""serieName"": ""Megaevoluzione"", ""sourceLanguage"": ""it""}]",Explicit language-scoped provider card/set ID plus canonical set and collector identity; native name is corroborating only.,,exact_catalogue_record
pokemon|it|IT|set:cb7c1b048742647a|91|unspecified,it,IT,pokemon|it|IT|tcgdex:me04,"{""tcgdex"": ""me04""}",091,86,"{""tcgdex"": ""me04-091""}","[{""provider"": ""tcgdex"", ""providerCardId"": ""me04-091"", ""providerSetId"": ""me04"", ""serieId"": ""me"", ""serieName"": ""Megaevoluzione"", ""sourceLanguage"": ""it""}]",Explicit language-scoped provider card/set ID plus canonical set and collector identity; native name is corroborating only.,,exact_catalogue_record
pokemon|it|IT|set:cb7c1b048742647a|90|unspecified,it,IT,pokemon|it|IT|tcgdex:me04,"{""tcgdex"": ""me04""}",090,86,"{""tcgdex"": ""me04-090""}","[{""provider"": ""tcgdex"", ""providerCardId"": ""me04-090"", ""providerSetId"": ""me04"", ""serieId"": ""me"", ""serieName"": ""Megaevoluzione"", ""sourceLanguage"": ""it""}]",Explicit language-scoped provider card/set ID plus canonical set and collector identity; native name is corroborating only.,,exact_catalogue_record
pokemon|it|IT|set:cb7c1b048742647a|8|unspecified,it,IT,pokemon|it|IT|tcgdex:me04,"{""tcgdex"": ""me04""}",008,86,"{""tcgdex"": ""me04-008""}","[{""provider"": ""tcgdex"", ""providerCardId"": ""me04-008"", ""providerSetId"": ""me04"", ""serieId"": ""me"", ""serieName"": ""Megaevoluzione"", ""sourceLanguage"": ""it""}]",Explicit language-scoped provider card/set ID plus canonical set and collector identity; native name is corroborating only.,,exact_catalogue_record
pokemon|it|IT|set:cb7c1b048742647a|89|unspecified,it,IT,pokemon|it|IT|tcgdex:me04,"{""tcgdex"": ""me04""}",089,86,"{""tcgdex"": ""me04-089""}","[{""provider"": ""tcgdex"", ""providerCardId"": ""me04-089"", ""providerSetId"": ""me04"", ""serieId"": ""me"", ""serieName"": ""Megaevoluzione"", ""sourceLanguage"": ""it""}]",Explicit language-scoped provider card/set ID plus canonical set and collector identity; native name is corroborating only.,,exact_catalogue_record
pokemon|it|IT|set:cb7c1b048742647a|88|unspecified,it,IT,pokemon|it|IT|tcgdex:me04,"{""tcgdex"": ""me04""}",088,86,"{""tcgdex"": ""me04-088""}","[{""provider"": ""tcgdex"", ""providerCardId"": ""me04-088"", ""providerSetId"": ""me04"", ""serieId"": ""me"", ""serieName"": ""Megaevoluzione"", ""sourceLanguage"": ""it""}]",Explicit language-scoped provider card/set ID plus canonical set and collector identity; native name is corroborating only.,,exact_catalogue_record
pokemon|it|IT|set:cb7c1b048742647a|87|unspecified,it,IT,pokemon|it|IT|tcgdex:me04,"{""tcgdex"": ""me04""}",087,86,"{""tcgdex"": ""me04-087""}","[{""provider"": ""tcgdex"", ""providerCardId"": ""me04-087"", ""providerSetId"": ""me04"", ""serieId"": ""me"", ""serieName"": ""Megaevoluzione"", ""sourceLanguage"": ""it""}]",Explicit language-scoped provider card/set ID plus canonical set and collector identity; native name is corroborating only.,,exact_catalogue_record
pokemon|it|IT|set:f36526968ec7480d|1|unspecified,it,IT,pokemon|it|IT|tcgdex:svp,"{""tcgdex"": ""svp""}",001,225,"{""tcgdex"": ""svp-001""}","[{""provider"": ""tcgdex"", ""providerCardId"": ""svp-001"", ""providerSetId"": ""svp"", ""serieId"": ""sv"", ""serieName"": ""Scarlatto e Violetto"", ""sourceLanguage"": ""it""}]",Explicit language-scoped provider card/set ID plus canonical set and collector identity; native name is corroborating only.,,exact_catalogue_record
pokemon|it|IT|set:f36526968ec7480d|10|unspecified,it,IT,pokemon|it|IT|tcgdex:svp,"{""tcgdex"": ""svp""}",010,225,"{""tcgdex"": ""svp-010""}","[{""provider"": ""tcgdex"", ""providerCardId"": ""svp-010"", ""providerSetId"": ""svp"", ""serieId"": ""sv"", ""serieName"": ""Scarlatto e Violetto"", ""sourceLanguage"": ""it""}]",Explicit language-scoped provider card/set ID plus canonical set and collector identity; native name is corroborating only.,,exact_catalogue_record
pokemon|it|IT|set:f36526968ec7480d|100|unspecified,it,IT,pokemon|it|IT|tcgdex:svp,"{""tcgdex"": ""svp""}",100,225,"{""tcgdex"": ""svp-100""}","[{""provider"": ""tcgdex"", ""providerCardId"": ""svp-100"", ""providerSetId"": ""svp"", ""serieId"": ""sv"", ""serieName"": ""Scarlatto e Violetto"", ""sourceLanguage"": ""it""}]",Explicit language-scoped provider card/set ID plus canonical set and collector identity; native name is corroborating only.,,exact_catalogue_record
pokemon|it|IT|set:f36526968ec7480d|101|unspecified,it,IT,pokemon|it|IT|tcgdex:svp,"{""tcgdex"": ""svp""}",101,225,"{""tcgdex"": ""svp-101""}","[{""provider"": ""tcgdex"", ""providerCardId"": ""svp-101"", ""providerSetId"": ""svp"", ""serieId"": ""sv"", ""serieName"": ""Scarlatto e Violetto"", ""sourceLanguage"": ""it""}]",Explicit language-scoped provider card/set ID plus canonical set and collector identity; native name is corroborating only.,,exact_catalogue_record
pokemon|it|IT|set:f36526968ec7480d|103|unspecified,it,IT,pokemon|it|IT|tcgdex:svp,"{""tcgdex"": ""svp""}",103,225,"{""tcgdex"": ""svp-103""}","[{""provider"": ""tcgdex"", ""providerCardId"": ""svp-103"", ""providerSetId"": ""svp"", ""serieId"": ""sv"", ""serieName"": ""Scarlatto e Violetto"", ""sourceLanguage"": ""it""}]",Explicit language-scoped provider card/set ID plus canonical set and collector identity; native name is corroborating only.,,exact_catalogue_record
pokemon|it|IT|set:f36526968ec7480d|104|unspecified,it,IT,pokemon|it|IT|tcgdex:svp,"{""tcgdex"": ""svp""}",104,225,"{""tcgdex"": ""svp-104""}","[{""provider"": ""tcgdex"", ""providerCardId"": ""svp-104"", ""providerSetId"": ""svp"", ""serieId"": ""sv"", ""serieName"": ""Scarlatto e Violetto"", ""sourceLanguage"": ""it""}]",Explicit language-scoped provider card/set ID plus canonical set and collector identity; native name is corroborating only.,,exact_catalogue_record
pokemon|it|IT|set:f36526968ec7480d|105|unspecified,it,IT,pokemon|it|IT|tcgdex:svp,"{""tcgdex"": ""svp""}",105,225,"{""tcgdex"": ""svp-105""}","[{""provider"": ""tcgdex"", ""providerCardId"": ""svp-105"", ""providerSetId"": ""svp"", ""serieId"": ""sv"", ""serieName"": ""Scarlatto e Violetto"", ""sourceLanguage"": ""it""}]",Explicit language-scoped provider card/set ID plus canonical set and collector identity; native name is corroborating only.,,exact_catalogue_record
pokemon|it|IT|set:f36526968ec7480d|106|unspecified,it,IT,pokemon|it|IT|tcgdex:svp,"{""tcgdex"": ""svp""}",106,225,"{""tcgdex"": ""svp-106""}","[{""provider"": ""tcgdex"", ""providerCardId"": ""svp-106"", ""providerSetId"": ""svp"", ""serieId"": ""sv"", ""serieName"": ""Scarlatto e Violetto"", ""sourceLanguage"": ""it""}]",Explicit language-scoped provider card/set ID plus canonical set and collector identity; native name is corroborating only.,,exact_catalogue_record
pokemon|it|IT|set:f36526968ec7480d|107|unspecified,it,IT,pokemon|it|IT|tcgdex:svp,"{""tcgdex"": ""svp""}",107,225,"{""tcgdex"": ""svp-107""}","[{""provider"": ""tcgdex"", ""providerCardId"": ""svp-107"", ""providerSetId"": ""svp"", ""serieId"": ""sv"", ""serieName"": ""Scarlatto e Violetto"", ""sourceLanguage"": ""it""}]",Explicit language-scoped provider card/set ID plus canonical set and collector identity; native name is corroborating only.,,exact_catalogue_record
pokemon|it|IT|set:f36526968ec7480d|108|unspecified,it,IT,pokemon|it|IT|tcgdex:svp,"{""tcgdex"": ""svp""}",108,225,"{""tcgdex"": ""svp-108""}","[{""provider"": ""tcgdex"", ""providerCardId"": ""svp-108"", ""providerSetId"": ""svp"", ""serieId"": ""sv"", ""serieName"": ""Scarlatto e Violetto"", ""sourceLanguage"": ""it""}]",Explicit language-scoped provider card/set ID plus canonical set and collector identity; native name is corroborating only.,,exact_catalogue_record
pokemon|it|IT|set:f36526968ec7480d|109|unspecified,it,IT,pokemon|it|IT|tcgdex:svp,"{""tcgdex"": ""svp""}",109,225,"{""tcgdex"": ""svp-109""}","[{""provider"": ""tcgdex"", ""providerCardId"": ""svp-109"", ""providerSetId"": ""svp"", ""serieId"": ""sv"", ""serieName"": ""Scarlatto e Violetto"", ""sourceLanguage"": ""it""}]",Explicit language-scoped provider card/set ID plus canonical set and collector identity; native name is corroborating only.,,exact_catalogue_record
pokemon|it|IT|set:f36526968ec7480d|11|unspecified,it,IT,pokemon|it|IT|tcgdex:svp,"{""tcgdex"": ""svp""}",011,225,"{""tcgdex"": ""svp-011""}","[{""provider"": ""tcgdex"", ""providerCardId"": ""svp-011"", ""providerSetId"": ""svp"", ""serieId"": ""sv"", ""serieName"": ""Scarlatto e Violetto"", ""sourceLanguage"": ""it""}]",Explicit language-scoped provider card/set ID plus canonical set and collector identity; native name is corroborating only.,,exact_catalogue_record
pokemon|it|IT|set:f36526968ec7480d|110|unspecified,it,IT,pokemon|it|IT|tcgdex:svp,"{""tcgdex"": ""svp""}",110,225,"{""tcgdex"": ""svp-110""}","[{""provider"": ""tcgdex"", ""providerCardId"": ""svp-110"", ""providerSetId"": ""svp"", ""serieId"": ""sv"", ""serieName"": ""Scarlatto e Violetto"", ""sourceLanguage"": ""it""}]",Explicit language-scoped provider card/set ID plus canonical set and collector identity; native name is corroborating only.,,exact_catalogue_record
pokemon|it|IT|set:f36526968ec7480d|111|unspecified,it,IT,pokemon|it|IT|tcgdex:svp,"{""tcgdex"": ""svp""}",111,225,"{""tcgdex"": ""svp-111""}","[{""provider"": ""tcgdex"", ""providerCardId"": ""svp-111"", ""providerSetId"": ""svp"", ""serieId"": ""sv"", ""serieName"": ""Scarlatto e Violetto"", ""sourceLanguage"": ""it""}]",Explicit language-scoped provider card/set ID plus canonical set and collector identity; native name is corroborating only.,,exact_catalogue_record
pokemon|it|IT|set:f36526968ec7480d|112|unspecified,it,IT,pokemon|it|IT|tcgdex:svp,"{""tcgdex"": ""svp""}",112,225,"{""tcgdex"": ""svp-112""}","[{""provider"": ""tcgdex"", ""providerCardId"": ""svp-112"", ""providerSetId"": ""svp"", ""serieId"": ""sv"", ""serieName"": ""Scarlatto e Violetto"", ""sourceLanguage"": ""it""}]",Explicit language-scoped provider card/set ID plus canonical set and collector identity; native name is corroborating only.,,exact_catalogue_record
pokemon|it|IT|set:e80c3f2b6a2cf234|SM1|unspecified,it,IT,pokemon|it|IT|tcgdex:smp,"{""tcgdex"": ""smp""}",SM01,248,"{""tcgdex"": ""smp-SM01""}","[{""provider"": ""tcgdex"", ""providerCardId"": ""smp-SM01"", ""providerSetId"": ""smp"", ""serieId"": ""sm"", ""serieName"": ""Sole e Luna"", ""sourceLanguage"": ""it""}]",Explicit language-scoped provider card/set ID plus canonical set and collector identity; native name is corroborating only.,,exact_catalogue_record
pokemon|it|IT|set:e80c3f2b6a2cf234|SM10|unspecified,it,IT,pokemon|it|IT|tcgdex:smp,"{""tcgdex"": ""smp""}",SM10,248,"{""tcgdex"": ""smp-SM10""}","[{""provider"": ""tcgdex"", ""providerCardId"": ""smp-SM10"", ""providerSetId"": ""smp"", ""serieId"": ""sm"", ""serieName"": ""Sole e Luna"", ""sourceLanguage"": ""it""}]",Explicit language-scoped provider card/set ID plus canonical set and collector identity; native name is corroborating only.,,exact_catalogue_record
pokemon|it|IT|set:e80c3f2b6a2cf234|SM100|unspecified,it,IT,pokemon|it|IT|tcgdex:smp,"{""tcgdex"": ""smp""}",SM100,248,"{""tcgdex"": ""smp-SM100""}","[{""provider"": ""tcgdex"", ""providerCardId"": ""smp-SM100"", ""providerSetId"": ""smp"", ""serieId"": ""sm"", ""serieName"": ""Sole e Luna"", ""sourceLanguage"": ""it""}]",Explicit language-scoped provider card/set ID plus canonical set and collector identity; native name is corroborating only.,,exact_catalogue_record
pokemon|it|IT|set:e80c3f2b6a2cf234|SM101|unspecified,it,IT,pokemon|it|IT|tcgdex:smp,"{""tcgdex"": ""smp""}",SM101,248,"{""tcgdex"": ""smp-SM101""}","[{""provider"": ""tcgdex"", ""providerCardId"": ""smp-SM101"", ""providerSetId"": ""smp"", ""serieId"": ""sm"", ""serieName"": ""Sole e Luna"", ""sourceLanguage"": ""it""}]",Explicit language-scoped provider card/set ID plus canonical set and collector identity; native name is corroborating only.,,exact_catalogue_record
pokemon|it|IT|set:e80c3f2b6a2cf234|SM102|unspecified,it,IT,pokemon|it|IT|tcgdex:smp,"{""tcgdex"": ""smp""}",SM102,248,"{""tcgdex"": ""smp-SM102""}","[{""provider"": ""tcgdex"", ""providerCardId"": ""smp-SM102"", ""providerSetId"": ""smp"", ""serieId"": ""sm"", ""serieName"": ""Sole e Luna"", ""sourceLanguage"": ""it""}]",Explicit language-scoped provider card/set ID plus canonical set and collector identity; native name is corroborating only.,,exact_catalogue_record
pokemon|it|IT|set:e80c3f2b6a2cf234|SM103|unspecified,it,IT,pokemon|it|IT|tcgdex:smp,"{""tcgdex"": ""smp""}",SM103,248,"{""tcgdex"": ""smp-SM103""}","[{""provider"": ""tcgdex"", ""providerCardId"": ""smp-SM103"", ""providerSetId"": ""smp"", ""serieId"": ""sm"", ""serieName"": ""Sole e Luna"", ""sourceLanguage"": ""it""}]",Explicit language-scoped provider card/set ID plus canonical set and collector identity; native name is corroborating only.,,exact_catalogue_record
pokemon|it|IT|set:e80c3f2b6a2cf234|SM104|unspecified,it,IT,pokemon|it|IT|tcgdex:smp,"{""tcgdex"": ""smp""}",SM104,248,"{""tcgdex"": ""smp-SM104""}","[{""provider"": ""tcgdex"", ""providerCardId"": ""smp-SM104"", ""providerSetId"": ""smp"", ""serieId"": ""sm"", ""serieName"": ""Sole e Luna"", ""sourceLanguage"": ""it""}]",Explicit language-scoped provider card/set ID plus canonical set and collector identity; native name is corroborating only.,,exact_catalogue_record
pokemon|it|IT|set:e80c3f2b6a2cf234|SM105|unspecified,it,IT,pokemon|it|IT|tcgdex:smp,"{""tcgdex"": ""smp""}",SM105,248,"{""tcgdex"": ""smp-SM105""}","[{""provider"": ""tcgdex"", ""providerCardId"": ""smp-SM105"", ""providerSetId"": ""smp"", ""serieId"": ""sm"", ""serieName"": ""Sole e Luna"", ""sourceLanguage"": ""it""}]",Explicit language-scoped provider card/set ID plus canonical set and collector identity; native name is corroborating only.,,exact_catalogue_record
pokemon|it|IT|set:e80c3f2b6a2cf234|SM106|unspecified,it,IT,pokemon|it|IT|tcgdex:smp,"{""tcgdex"": ""smp""}",SM106,248,"{""tcgdex"": ""smp-SM106""}","[{""provider"": ""tcgdex"", ""providerCardId"": ""smp-SM106"", ""providerSetId"": ""smp"", ""serieId"": ""sm"", ""serieName"": ""Sole e Luna"", ""sourceLanguage"": ""it""}]",Explicit language-scoped provider card/set ID plus canonical set and collector identity; native name is corroborating only.,,exact_catalogue_record
pokemon|it|IT|set:e80c3f2b6a2cf234|SM107|unspecified,it,IT,pokemon|it|IT|tcgdex:smp,"{""tcgdex"": ""smp""}",SM107,248,"{""tcgdex"": ""smp-SM107""}","[{""provider"": ""tcgdex"", ""providerCardId"": ""smp-SM107"", ""providerSetId"": ""smp"", ""serieId"": ""sm"", ""serieName"": ""Sole e Luna"", ""sourceLanguage"": ""it""}]",Explicit language-scoped provider card/set ID plus canonical set and collector identity; native name is corroborating only.,,exact_catalogue_record
pokemon|it|IT|set:e80c3f2b6a2cf234|SM11|unspecified,it,IT,pokemon|it|IT|tcgdex:smp,"{""tcgdex"": ""smp""}",SM11,248,"{""tcgdex"": ""smp-SM11""}","[{""provider"": ""tcgdex"", ""providerCardId"": ""smp-SM11"", ""providerSetId"": ""smp"", ""serieId"": ""sm"", ""serieName"": ""Sole e Luna"", ""sourceLanguage"": ""it""}]",Explicit language-scoped provider card/set ID plus canonical set and collector identity; native name is corroborating only.,,exact_catalogue_record
pokemon|it|IT|set:e80c3f2b6a2cf234|SM115|unspecified,it,IT,pokemon|it|IT|tcgdex:smp,"{""tcgdex"": ""smp""}",SM115,248,"{""tcgdex"": ""smp-SM115""}","[{""provider"": ""tcgdex"", ""providerCardId"": ""smp-SM115"", ""providerSetId"": ""smp"", ""serieId"": ""sm"", ""serieName"": ""Sole e Luna"", ""sourceLanguage"": ""it""}]",Explicit language-scoped provider card/set ID plus canonical set and collector identity; native name is corroborating only.,,exact_catalogue_record
pokemon|it|IT|set:e80c3f2b6a2cf234|SM116|unspecified,it,IT,pokemon|it|IT|tcgdex:smp,"{""tcgdex"": ""smp""}",SM116,248,"{""tcgdex"": ""smp-SM116""}","[{""provider"": ""tcgdex"", ""providerCardId"": ""smp-SM116"", ""providerSetId"": ""smp"", ""serieId"": ""sm"", ""serieName"": ""Sole e Luna"", ""sourceLanguage"": ""it""}]",Explicit language-scoped provider card/set ID plus canonical set and collector identity; native name is corroborating only.,,exact_catalogue_record
pokemon|it|IT|set:e80c3f2b6a2cf234|SM117|unspecified,it,IT,pokemon|it|IT|tcgdex:smp,"{""tcgdex"": ""smp""}",SM117,248,"{""tcgdex"": ""smp-SM117""}","[{""provider"": ""tcgdex"", ""providerCardId"": ""smp-SM117"", ""providerSetId"": ""smp"", ""serieId"": ""sm"", ""serieName"": ""Sole e Luna"", ""sourceLanguage"": ""it""}]",Explicit language-scoped provider card/set ID plus canonical set and collector identity; native name is corroborating only.,,exact_catalogue_record
pokemon|it|IT|set:e80c3f2b6a2cf234|SM118|unspecified,it,IT,pokemon|it|IT|tcgdex:smp,"{""tcgdex"": ""smp""}",SM118,248,"{""tcgdex"": ""smp-SM118""}","[{""provider"": ""tcgdex"", ""providerCardId"": ""smp-SM118"", ""providerSetId"": ""smp"", ""serieId"": ""sm"", ""serieName"": ""Sole e Luna"", ""sourceLanguage"": ""it""}]",Explicit language-scoped provider card/set ID plus canonical set and collector identity; native name is corroborating only.,,exact_catalogue_record
pokemon|it|IT|set:e230deae3a1837d4|1|unspecified,it,IT,pokemon|it|IT|tcgdex:A1,"{""tcgdex"": ""A1""}",001,226,"{""tcgdex"": ""A1-001""}","[{""provider"": ""tcgdex"", ""providerCardId"": ""A1-001"", ""providerSetId"": ""A1"", ""serieId"": ""tcgp"", ""serieName"": ""Gioco di Carte Collezionabili Pokémon Pocket"", ""sourceLanguage"": ""it""}]",Explicit language-scoped provider card/set ID plus canonical set and collector identity; native name is corroborating only.,,exact_catalogue_record
pokemon|it|IT|set:e230deae3a1837d4|10|unspecified,it,IT,pokemon|it|IT|tcgdex:A1,"{""tcgdex"": ""A1""}",010,226,"{""tcgdex"": ""A1-010""}","[{""provider"": ""tcgdex"", ""providerCardId"": ""A1-010"", ""providerSetId"": ""A1"", ""serieId"": ""tcgp"", ""serieName"": ""Gioco di Carte Collezionabili Pokémon Pocket"", ""sourceLanguage"": ""it""}]",Explicit language-scoped provider card/set ID plus canonical set and collector identity; native name is corroborating only.,,exact_catalogue_record
pokemon|it|IT|set:e230deae3a1837d4|11|unspecified,it,IT,pokemon|it|IT|tcgdex:A1,"{""tcgdex"": ""A1""}",011,226,"{""tcgdex"": ""A1-011""}","[{""provider"": ""tcgdex"", ""providerCardId"": ""A1-011"", ""providerSetId"": ""A1"", ""serieId"": ""tcgp"", ""serieName"": ""Gioco di Carte Collezionabili Pokémon Pocket"", ""sourceLanguage"": ""it""}]",Explicit language-scoped provider card/set ID plus canonical set and collector identity; native name is corroborating only.,,exact_catalogue_record
pokemon|it|IT|set:e230deae3a1837d4|12|unspecified,it,IT,pokemon|it|IT|tcgdex:A1,"{""tcgdex"": ""A1""}",012,226,"{""tcgdex"": ""A1-012""}","[{""provider"": ""tcgdex"", ""providerCardId"": ""A1-012"", ""providerSetId"": ""A1"", ""serieId"": ""tcgp"", ""serieName"": ""Gioco di Carte Collezionabili Pokémon Pocket"", ""sourceLanguage"": ""it""}]",Explicit language-scoped provider card/set ID plus canonical set and collector identity; native name is corroborating only.,,exact_catalogue_record
pokemon|it|IT|set:e230deae3a1837d4|13|unspecified,it,IT,pokemon|it|IT|tcgdex:A1,"{""tcgdex"": ""A1""}",013,226,"{""tcgdex"": ""A1-013""}","[{""provider"": ""tcgdex"", ""providerCardId"": ""A1-013"", ""providerSetId"": ""A1"", ""serieId"": ""tcgp"", ""serieName"": ""Gioco di Carte Collezionabili Pokémon Pocket"", ""sourceLanguage"": ""it""}]",Explicit language-scoped provider card/set ID plus canonical set and collector identity; native name is corroborating only.,,exact_catalogue_record
pokemon|it|IT|set:e230deae3a1837d4|14|unspecified,it,IT,pokemon|it|IT|tcgdex:A1,"{""tcgdex"": ""A1""}",014,226,"{""tcgdex"": ""A1-014""}","[{""provider"": ""tcgdex"", ""providerCardId"": ""A1-014"", ""providerSetId"": ""A1"", ""serieId"": ""tcgp"", ""serieName"": ""Gioco di Carte Collezionabili Pokémon Pocket"", ""sourceLanguage"": ""it""}]",Explicit language-scoped provider card/set ID plus canonical set and collector identity; native name is corroborating only.,,exact_catalogue_record
pokemon|it|IT|set:e230deae3a1837d4|15|unspecified,it,IT,pokemon|it|IT|tcgdex:A1,"{""tcgdex"": ""A1""}",015,226,"{""tcgdex"": ""A1-015""}","[{""provider"": ""tcgdex"", ""providerCardId"": ""A1-015"", ""providerSetId"": ""A1"", ""serieId"": ""tcgp"", ""serieName"": ""Gioco di Carte Collezionabili Pokémon Pocket"", ""sourceLanguage"": ""it""}]",Explicit language-scoped provider card/set ID plus canonical set and collector identity; native name is corroborating only.,,exact_catalogue_record
pokemon|it|IT|set:e230deae3a1837d4|16|unspecified,it,IT,pokemon|it|IT|tcgdex:A1,"{""tcgdex"": ""A1""}",016,226,"{""tcgdex"": ""A1-016""}","[{""provider"": ""tcgdex"", ""providerCardId"": ""A1-016"", ""providerSetId"": ""A1"", ""serieId"": ""tcgp"", ""serieName"": ""Gioco di Carte Collezionabili Pokémon Pocket"", ""sourceLanguage"": ""it""}]",Explicit language-scoped provider card/set ID plus canonical set and collector identity; native name is corroborating only.,,exact_catalogue_record
pokemon|it|IT|set:e230deae3a1837d4|17|unspecified,it,IT,pokemon|it|IT|tcgdex:A1,"{""tcgdex"": ""A1""}",017,226,"{""tcgdex"": ""A1-017""}","[{""provider"": ""tcgdex"", ""providerCardId"": ""A1-017"", ""providerSetId"": ""A1"", ""serieId"": ""tcgp"", ""serieName"": ""Gioco di Carte Collezionabili Pokémon Pocket"", ""sourceLanguage"": ""it""}]",Explicit language-scoped provider card/set ID plus canonical set and collector identity; native name is corroborating only.,,exact_catalogue_record
pokemon|it|IT|set:e230deae3a1837d4|18|unspecified,it,IT,pokemon|it|IT|tcgdex:A1,"{""tcgdex"": ""A1""}",018,226,"{""tcgdex"": ""A1-018""}","[{""provider"": ""tcgdex"", ""providerCardId"": ""A1-018"", ""providerSetId"": ""A1"", ""serieId"": ""tcgp"", ""serieName"": ""Gioco di Carte Collezionabili Pokémon Pocket"", ""sourceLanguage"": ""it""}]",Explicit language-scoped provider card/set ID plus canonical set and collector identity; native name is corroborating only.,,exact_catalogue_record
pokemon|it|IT|set:787185406295496c|1|unspecified,it,IT,pokemon|it|IT|tcgdex:mep,"{""tcgdex"": ""mep""}",001,0,"{""tcgdex"": ""mep-001""}","[{""provider"": ""tcgdex"", ""providerCardId"": ""mep-001"", ""providerSetId"": ""mep"", ""serieId"": ""me"", ""serieName"": ""Megaevoluzione"", ""sourceLanguage"": ""it""}]",Explicit language-scoped provider card/set ID plus canonical set and collector identity; native name is corroborating only.,,exact_catalogue_record
pokemon|it|IT|set:787185406295496c|10|unspecified,it,IT,pokemon|it|IT|tcgdex:mep,"{""tcgdex"": ""mep""}",010,0,"{""tcgdex"": ""mep-010""}","[{""provider"": ""tcgdex"", ""providerCardId"": ""mep-010"", ""providerSetId"": ""mep"", ""serieId"": ""me"", ""serieName"": ""Megaevoluzione"", ""sourceLanguage"": ""it""}]",Explicit language-scoped provider card/set ID plus canonical set and collector identity; native name is corroborating only.,,exact_catalogue_record
pokemon|it|IT|set:787185406295496c|11|unspecified,it,IT,pokemon|it|IT|tcgdex:mep,"{""tcgdex"": ""mep""}",011,0,"{""tcgdex"": ""mep-011""}","[{""provider"": ""tcgdex"", ""providerCardId"": ""mep-011"", ""providerSetId"": ""mep"", ""serieId"": ""me"", ""serieName"": ""Megaevoluzione"", ""sourceLanguage"": ""it""}]",Explicit language-scoped provider card/set ID plus canonical set and collector identity; native name is corroborating only.,,exact_catalogue_record
pokemon|it|IT|set:787185406295496c|12|unspecified,it,IT,pokemon|it|IT|tcgdex:mep,"{""tcgdex"": ""mep""}",012,0,"{""tcgdex"": ""mep-012""}","[{""provider"": ""tcgdex"", ""providerCardId"": ""mep-012"", ""providerSetId"": ""mep"", ""serieId"": ""me"", ""serieName"": ""Megaevoluzione"", ""sourceLanguage"": ""it""}]",Explicit language-scoped provider card/set ID plus canonical set and collector identity; native name is corroborating only.,,exact_catalogue_record
pokemon|it|IT|set:787185406295496c|13|unspecified,it,IT,pokemon|it|IT|tcgdex:mep,"{""tcgdex"": ""mep""}",013,0,"{""tcgdex"": ""mep-013""}","[{""provider"": ""tcgdex"", ""providerCardId"": ""mep-013"", ""providerSetId"": ""mep"", ""serieId"": ""me"", ""serieName"": ""Megaevoluzione"", ""sourceLanguage"": ""it""}]",Explicit language-scoped provider card/set ID plus canonical set and collector identity; native name is corroborating only.,,exact_catalogue_record
pokemon|it|IT|set:787185406295496c|14|unspecified,it,IT,pokemon|it|IT|tcgdex:mep,"{""tcgdex"": ""mep""}",014,0,"{""tcgdex"": ""mep-014""}","[{""provider"": ""tcgdex"", ""providerCardId"": ""mep-014"", ""providerSetId"": ""mep"", ""serieId"": ""me"", ""serieName"": ""Megaevoluzione"", ""sourceLanguage"": ""it""}]",Explicit language-scoped provider card/set ID plus canonical set and collector identity; native name is corroborating only.,,exact_catalogue_record
pokemon|it|IT|set:787185406295496c|15|unspecified,it,IT,pokemon|it|IT|tcgdex:mep,"{""tcgdex"": ""mep""}",015,0,"{""tcgdex"": ""mep-015""}","[{""provider"": ""tcgdex"", ""providerCardId"": ""mep-015"", ""providerSetId"": ""mep"", ""serieId"": ""me"", ""serieName"": ""Megaevoluzione"", ""sourceLanguage"": ""it""}]",Explicit language-scoped provider card/set ID plus canonical set and collector identity; native name is corroborating only.,,exact_catalogue_record
pokemon|it|IT|set:787185406295496c|16|unspecified,it,IT,pokemon|it|IT|tcgdex:mep,"{""tcgdex"": ""mep""}",016,0,"{""tcgdex"": ""mep-016""}","[{""provider"": ""tcgdex"", ""providerCardId"": ""mep-016"", ""providerSetId"": ""mep"", ""serieId"": ""me"", ""serieName"": ""Megaevoluzione"", ""sourceLanguage"": ""it""}]",Explicit language-scoped provider card/set ID plus canonical set and collector identity; native name is corroborating only.,,exact_catalogue_record
pokemon|it|IT|set:787185406295496c|17|unspecified,it,IT,pokemon|it|IT|tcgdex:mep,"{""tcgdex"": ""mep""}",017,0,"{""tcgdex"": ""mep-017""}","[{""provider"": ""tcgdex"", ""providerCardId"": ""mep-017"", ""providerSetId"": ""mep"", ""serieId"": ""me"", ""serieName"": ""Megaevoluzione"", ""sourceLanguage"": ""it""}]",Explicit language-scoped provider card/set ID plus canonical set and collector identity; native name is corroborating only.,,exact_catalogue_record
pokemon|it|IT|set:787185406295496c|18|unspecified,it,IT,pokemon|it|IT|tcgdex:mep,"{""tcgdex"": ""mep""}",018,0,"{""tcgdex"": ""mep-018""}","[{""provider"": ""tcgdex"", ""providerCardId"": ""mep-018"", ""providerSetId"": ""mep"", ""serieId"": ""me"", ""serieName"": ""Megaevoluzione"", ""sourceLanguage"": ""it""}]",Explicit language-scoped provider card/set ID plus canonical set and collector identity; native name is corroborating only.,,exact_catalogue_record
pokemon|it|IT|set:6410443f2e96fe88|123|unspecified,it,IT,pokemon|it|IT|tcgdex:sv07,"{""tcgdex"": ""sv07""}",123,142,"{""tcgdex"": ""sv07-123""}","[{""provider"": ""tcgdex"", ""providerCardId"": ""sv07-123"", ""providerSetId"": ""sv07"", ""serieId"": ""sv"", ""serieName"": ""Scarlatto e Violetto"", ""sourceLanguage"": ""it""}]",Explicit language-scoped provider card/set ID plus canonical set and collector identity; native name is corroborating only.,,exact_catalogue_record
pokemon|it|IT|set:4a979d1a0253f627|63|unspecified,it,IT,pokemon|it|IT|tcgdex:sm3.5,"{""tcgdex"": ""sm3.5""}",63,73,"{""tcgdex"": ""sm3.5-63""}","[{""provider"": ""tcgdex"", ""providerCardId"": ""sm3.5-63"", ""providerSetId"": ""sm3.5"", ""serieId"": ""sm"", ""serieName"": ""Sole e Luna"", ""sourceLanguage"": ""it""}]",Explicit language-scoped provider card/set ID plus canonical set and collector identity; native name is corroborating only.,,exact_catalogue_record
pokemon|it|IT|set:a7193f755346f909|90|unspecified,it,IT,pokemon|it|IT|tcgdex:sm9,"{""tcgdex"": ""sm9""}",90,181,"{""tcgdex"": ""sm9-90""}","[{""provider"": ""tcgdex"", ""providerCardId"": ""sm9-90"", ""providerSetId"": ""sm9"", ""serieId"": ""sm"", ""serieName"": ""Sole e Luna"", ""sourceLanguage"": ""it""}]",Explicit language-scoped provider card/set ID plus canonical set and collector identity; native name is corroborating only.,,exact_catalogue_record
pokemon|it|IT|set:69ba83542c16f900|24|unspecified,it,IT,pokemon|it|IT|tcgdex:xy2,"{""tcgdex"": ""xy2""}",24,106,"{""tcgdex"": ""xy2-24""}","[{""provider"": ""tcgdex"", ""providerCardId"": ""xy2-24"", ""providerSetId"": ""xy2"", ""serieId"": ""xy"", ""serieName"": ""XY"", ""sourceLanguage"": ""it""}]",Explicit language-scoped provider card/set ID plus canonical set and collector identity; native name is corroborating only.,,exact_catalogue_record
pokemon|it|IT|set:03b56b20ebfe03db|196|unspecified,it,IT,pokemon|it|IT|tcgdex:sv06,"{""tcgdex"": ""sv06""}",196,167,"{""tcgdex"": ""sv06-196""}","[{""provider"": ""tcgdex"", ""providerCardId"": ""sv06-196"", ""providerSetId"": ""sv06"", ""serieId"": ""sv"", ""serieName"": ""Scarlatto e Violetto"", ""sourceLanguage"": ""it""}]",Explicit language-scoped provider card/set ID plus canonical set and collector identity; native name is corroborating only.,,exact_catalogue_record
pokemon|it|IT|set:fb12e42319914c6f|57|unspecified,it,IT,pokemon|it|IT|tcgdex:swsh10.5,"{""tcgdex"": ""swsh10.5""}",057,78,"{""tcgdex"": ""swsh10.5-057""}","[{""provider"": ""tcgdex"", ""providerCardId"": ""swsh10.5-057"", ""providerSetId"": ""swsh10.5"", ""serieId"": ""swsh"", ""serieName"": ""Spada e Scudo"", ""sourceLanguage"": ""it""}]",Explicit language-scoped provider card/set ID plus canonical set and collector identity; native name is corroborating only.,,exact_catalogue_record
pokemon|it|IT|set:e3b16f6cd0d94b4b|126|unspecified,it,IT,pokemon|it|IT|tcgdex:B2a,"{""tcgdex"": ""B2a""}",126,93,"{""tcgdex"": ""B2a-126""}","[{""provider"": ""tcgdex"", ""providerCardId"": ""B2a-126"", ""providerSetId"": ""B2a"", ""serieId"": ""tcgp"", ""serieName"": ""Gioco di Carte Collezionabili Pokémon Pocket"", ""sourceLanguage"": ""it""}]",Explicit language-scoped provider card/set ID plus canonical set and collector identity; native name is corroborating only.,,exact_catalogue_record
pokemon|it|IT|set:3ee2150d4b8ca19f|157|unspecified,it,IT,pokemon|it|IT|tcgdex:me01,"{""tcgdex"": ""me01""}",157,132,"{""tcgdex"": ""me01-157""}","[{""provider"": ""tcgdex"", ""providerCardId"": ""me01-157"", ""providerSetId"": ""me01"", ""serieId"": ""me"", ""serieName"": ""Megaevoluzione"", ""sourceLanguage"": ""it""}]",Explicit language-scoped provider card/set ID plus canonical set and collector identity; native name is corroborating only.,,exact_catalogue_record
pokemon|it|IT|set:ac958fa3946e7bd7|34|unspecified,it,IT,pokemon|it|IT|tcgdex:swsh2,"{""tcgdex"": ""swsh2""}",34,192,"{""tcgdex"": ""swsh2-34""}","[{""provider"": ""tcgdex"", ""providerCardId"": ""swsh2-34"", ""providerSetId"": ""swsh2"", ""serieId"": ""swsh"", ""serieName"": ""Spada e Scudo"", ""sourceLanguage"": ""it""}]",Explicit language-scoped provider card/set ID plus canonical set and collector identity; native name is corroborating only.,,exact_catalogue_record
pokemon|it|IT|set:1bc77b1944414dd1|35|unspecified,it,IT,pokemon|it|IT|tcgdex:swsh5,"{""tcgdex"": ""swsh5""}",35,163,"{""tcgdex"": ""swsh5-35""}","[{""provider"": ""tcgdex"", ""providerCardId"": ""swsh5-35"", ""providerSetId"": ""swsh5"", ""serieId"": ""swsh"", ""serieName"": ""Spada e Scudo"", ""sourceLanguage"": ""it""}]",Explicit language-scoped provider card/set ID plus canonical set and collector identity; native name is corroborating only.,,exact_catalogue_record
pokemon|it|IT|set:3d34532a49d59ee4|53|unspecified,it,IT,pokemon|it|IT|tcgdex:swsh12,"{""tcgdex"": ""swsh12""}",053,195,"{""tcgdex"": ""swsh12-053""}","[{""provider"": ""tcgdex"", ""providerCardId"": ""swsh12-053"", ""providerSetId"": ""swsh12"", ""serieId"": ""swsh"", ""serieName"": ""Spada e Scudo"", ""sourceLanguage"": ""it""}]",Explicit language-scoped provider card/set ID plus canonical set and collector identity; native name is corroborating only.,,exact_catalogue_record
pokemon|it|IT|set:d910c50b4a5a4fbb|172|unspecified,it,IT,pokemon|it|IT|tcgdex:sv09,"{""tcgdex"": ""sv09""}",172,159,"{""tcgdex"": ""sv09-172""}","[{""provider"": ""tcgdex"", ""providerCardId"": ""sv09-172"", ""providerSetId"": ""sv09"", ""serieId"": ""sv"", ""serieName"": ""Scarlatto e Violetto"", ""sourceLanguage"": ""it""}]",Explicit language-scoped provider card/set ID plus canonical set and collector identity; native name is corroborating only.,,exact_catalogue_record
pokemon|it|IT|set:91a5d06d7fda1795|143|unspecified,it,IT,pokemon|it|IT|tcgdex:bw7,"{""tcgdex"": ""bw7""}",143,149,"{""tcgdex"": ""bw7-143""}","[{""provider"": ""tcgdex"", ""providerCardId"": ""bw7-143"", ""providerSetId"": ""bw7"", ""serieId"": ""bw"", ""serieName"": ""Nero e Bianco"", ""sourceLanguage"": ""it""}]",Explicit language-scoped provider card/set ID plus canonical set and collector identity; native name is corroborating only.,,exact_catalogue_record
pokemon|it|IT|set:7bdefd13a0c123a0|4|unspecified,it,IT,pokemon|it|IT|tcgdex:swsh3.5,"{""tcgdex"": ""swsh3.5""}",4,73,"{""tcgdex"": ""swsh3.5-4""}","[{""provider"": ""tcgdex"", ""providerCardId"": ""swsh3.5-4"", ""providerSetId"": ""swsh3.5"", ""serieId"": ""swsh"", ""serieName"": ""Spada e Scudo"", ""sourceLanguage"": ""it""}]",Explicit language-scoped provider card/set ID plus canonical set and collector identity; native name is corroborating only.,,exact_catalogue_record
pokemon|it|IT|set:0053aed379b1ed8f|86|unspecified,it,IT,pokemon|it|IT|tcgdex:sm11,"{""tcgdex"": ""sm11""}",86,236,"{""tcgdex"": ""sm11-86""}","[{""provider"": ""tcgdex"", ""providerCardId"": ""sm11-86"", ""providerSetId"": ""sm11"", ""serieId"": ""sm"", ""serieName"": ""Sole e Luna"", ""sourceLanguage"": ""it""}]",Explicit language-scoped provider card/set ID plus canonical set and collector identity; native name is corroborating only.,,exact_catalogue_record
pokemon|it|IT|set:7e7d414e0da1697d|167|unspecified,it,IT,pokemon|it|IT|tcgdex:sv08,"{""tcgdex"": ""sv08""}",167,191,"{""tcgdex"": ""sv08-167""}","[{""provider"": ""tcgdex"", ""providerCardId"": ""sv08-167"", ""providerSetId"": ""sv08"", ""serieId"": ""sv"", ""serieName"": ""Scarlatto e Violetto"", ""sourceLanguage"": ""it""}]",Explicit language-scoped provider card/set ID plus canonical set and collector identity; native name is corroborating only.,,exact_catalogue_record
pokemon|it|IT|set:b120d83b70776783|107|unspecified,it,IT,pokemon|it|IT|tcgdex:sv02,"{""tcgdex"": ""sv02""}",107,193,"{""tcgdex"": ""sv02-107""}","[{""provider"": ""tcgdex"", ""providerCardId"": ""sv02-107"", ""providerSetId"": ""sv02"", ""serieId"": ""sv"", ""serieName"": ""Scarlatto e Violetto"", ""sourceLanguage"": ""it""}]",Explicit language-scoped provider card/set ID plus canonical set and collector identity; native name is corroborating only.,,exact_catalogue_record
pokemon|it|IT|set:fb12e42319914c6f|59|unspecified,it,IT,pokemon|it|IT|tcgdex:swsh10.5,"{""tcgdex"": ""swsh10.5""}",059,78,"{""tcgdex"": ""swsh10.5-059""}","[{""provider"": ""tcgdex"", ""providerCardId"": ""swsh10.5-059"", ""providerSetId"": ""swsh10.5"", ""serieId"": ""swsh"", ""serieName"": ""Spada e Scudo"", ""sourceLanguage"": ""it""}]",Explicit language-scoped provider card/set ID plus canonical set and collector identity; native name is corroborating only.,,exact_catalogue_record
pokemon|it|IT|set:b5fe37a9bf64739b|185|unspecified,it,IT,pokemon|it|IT|tcgdex:sm8,"{""tcgdex"": ""sm8""}",185,214,"{""tcgdex"": ""sm8-185""}","[{""provider"": ""tcgdex"", ""providerCardId"": ""sm8-185"", ""providerSetId"": ""sm8"", ""serieId"": ""sm"", ""serieName"": ""Sole e Luna"", ""sourceLanguage"": ""it""}]",Explicit language-scoped provider card/set ID plus canonical set and collector identity; native name is corroborating only.,,exact_catalogue_record
pokemon|it|IT|set:d910c50b4a5a4fbb|176|unspecified,it,IT,pokemon|it|IT|tcgdex:sv09,"{""tcgdex"": ""sv09""}",176,159,"{""tcgdex"": ""sv09-176""}","[{""provider"": ""tcgdex"", ""providerCardId"": ""sv09-176"", ""providerSetId"": ""sv09"", ""serieId"": ""sv"", ""serieName"": ""Scarlatto e Violetto"", ""sourceLanguage"": ""it""}]",Explicit language-scoped provider card/set ID plus canonical set and collector identity; native name is corroborating only.,,exact_catalogue_record
pokemon|es|ES|set:4a13752a070647e3|100|unspecified,es,ES,pokemon|es|ES|tcgdex:bw1,"{""tcgdex"": ""bw1""}",100,114,"{""tcgdex"": ""bw1-100""}","[{""provider"": ""tcgdex"", ""providerCardId"": ""bw1-100"", ""providerSetId"": ""bw1"", ""serieId"": ""bw"", ""serieName"": ""Negro y Blanco"", ""sourceLanguage"": ""es""}]",Explicit language-scoped provider card/set ID plus canonical set and collector identity; native name is corroborating only.,,exact_catalogue_record
pokemon|es|ES|set:4a13752a070647e3|101|unspecified,es,ES,pokemon|es|ES|tcgdex:bw1,"{""tcgdex"": ""bw1""}",101,114,"{""tcgdex"": ""bw1-101""}","[{""provider"": ""tcgdex"", ""providerCardId"": ""bw1-101"", ""providerSetId"": ""bw1"", ""serieId"": ""bw"", ""serieName"": ""Negro y Blanco"", ""sourceLanguage"": ""es""}]",Explicit language-scoped provider card/set ID plus canonical set and collector identity; native name is corroborating only.,,exact_catalogue_record
pokemon|es|ES|set:4a13752a070647e3|102|unspecified,es,ES,pokemon|es|ES|tcgdex:bw1,"{""tcgdex"": ""bw1""}",102,114,"{""tcgdex"": ""bw1-102""}","[{""provider"": ""tcgdex"", ""providerCardId"": ""bw1-102"", ""providerSetId"": ""bw1"", ""serieId"": ""bw"", ""serieName"": ""Negro y Blanco"", ""sourceLanguage"": ""es""}]",Explicit language-scoped provider card/set ID plus canonical set and collector identity; native name is corroborating only.,,exact_catalogue_record
pokemon|es|ES|set:4a13752a070647e3|103|unspecified,es,ES,pokemon|es|ES|tcgdex:bw1,"{""tcgdex"": ""bw1""}",103,114,"{""tcgdex"": ""bw1-103""}","[{""provider"": ""tcgdex"", ""providerCardId"": ""bw1-103"", ""providerSetId"": ""bw1"", ""serieId"": ""bw"", ""serieName"": ""Negro y Blanco"", ""sourceLanguage"": ""es""}]",Explicit language-scoped provider card/set ID plus canonical set and collector identity; native name is corroborating only.,,exact_catalogue_record
pokemon|es|ES|set:4a13752a070647e3|104|unspecified,es,ES,pokemon|es|ES|tcgdex:bw1,"{""tcgdex"": ""bw1""}",104,114,"{""tcgdex"": ""bw1-104""}","[{""provider"": ""tcgdex"", ""providerCardId"": ""bw1-104"", ""providerSetId"": ""bw1"", ""serieId"": ""bw"", ""serieName"": ""Negro y Blanco"", ""sourceLanguage"": ""es""}]",Explicit language-scoped provider card/set ID plus canonical set and collector identity; native name is corroborating only.,,exact_catalogue_record
pokemon|es|ES|set:4a13752a070647e3|105|unspecified,es,ES,pokemon|es|ES|tcgdex:bw1,"{""tcgdex"": ""bw1""}",105,114,"{""tcgdex"": ""bw1-105""}","[{""provider"": ""tcgdex"", ""providerCardId"": ""bw1-105"", ""providerSetId"": ""bw1"", ""serieId"": ""bw"", ""serieName"": ""Negro y Blanco"", ""sourceLanguage"": ""es""}]",Explicit language-scoped provider card/set ID plus canonical set and collector identity; native name is corroborating only.,,exact_catalogue_record
pokemon|es|ES|set:4a13752a070647e3|106|unspecified,es,ES,pokemon|es|ES|tcgdex:bw1,"{""tcgdex"": ""bw1""}",106,114,"{""tcgdex"": ""bw1-106""}","[{""provider"": ""tcgdex"", ""providerCardId"": ""bw1-106"", ""providerSetId"": ""bw1"", ""serieId"": ""bw"", ""serieName"": ""Negro y Blanco"", ""sourceLanguage"": ""es""}]",Explicit language-scoped provider card/set ID plus canonical set and collector identity; native name is corroborating only.,,exact_catalogue_record
pokemon|es|ES|set:4a13752a070647e3|107|unspecified,es,ES,pokemon|es|ES|tcgdex:bw1,"{""tcgdex"": ""bw1""}",107,114,"{""tcgdex"": ""bw1-107""}","[{""provider"": ""tcgdex"", ""providerCardId"": ""bw1-107"", ""providerSetId"": ""bw1"", ""serieId"": ""bw"", ""serieName"": ""Negro y Blanco"", ""sourceLanguage"": ""es""}]",Explicit language-scoped provider card/set ID plus canonical set and collector identity; native name is corroborating only.,,exact_catalogue_record
pokemon|es|ES|set:4a13752a070647e3|108|unspecified,es,ES,pokemon|es|ES|tcgdex:bw1,"{""tcgdex"": ""bw1""}",108,114,"{""tcgdex"": ""bw1-108""}","[{""provider"": ""tcgdex"", ""providerCardId"": ""bw1-108"", ""providerSetId"": ""bw1"", ""serieId"": ""bw"", ""serieName"": ""Negro y Blanco"", ""sourceLanguage"": ""es""}]",Explicit language-scoped provider card/set ID plus canonical set and collector identity; native name is corroborating only.,,exact_catalogue_record
pokemon|es|ES|set:4a13752a070647e3|109|unspecified,es,ES,pokemon|es|ES|tcgdex:bw1,"{""tcgdex"": ""bw1""}",109,114,"{""tcgdex"": ""bw1-109""}","[{""provider"": ""tcgdex"", ""providerCardId"": ""bw1-109"", ""providerSetId"": ""bw1"", ""serieId"": ""bw"", ""serieName"": ""Negro y Blanco"", ""sourceLanguage"": ""es""}]",Explicit language-scoped provider card/set ID plus canonical set and collector identity; native name is corroborating only.,,exact_catalogue_record
pokemon|es|ES|set:4a13752a070647e3|10|unspecified,es,ES,pokemon|es|ES|tcgdex:bw1,"{""tcgdex"": ""bw1""}",10,114,"{""tcgdex"": ""bw1-10""}","[{""provider"": ""tcgdex"", ""providerCardId"": ""bw1-10"", ""providerSetId"": ""bw1"", ""serieId"": ""bw"", ""serieName"": ""Negro y Blanco"", ""sourceLanguage"": ""es""}]",Explicit language-scoped provider card/set ID plus canonical set and collector identity; native name is corroborating only.,,exact_catalogue_record
pokemon|es|ES|set:4a13752a070647e3|110|unspecified,es,ES,pokemon|es|ES|tcgdex:bw1,"{""tcgdex"": ""bw1""}",110,114,"{""tcgdex"": ""bw1-110""}","[{""provider"": ""tcgdex"", ""providerCardId"": ""bw1-110"", ""providerSetId"": ""bw1"", ""serieId"": ""bw"", ""serieName"": ""Negro y Blanco"", ""sourceLanguage"": ""es""}]",Explicit language-scoped provider card/set ID plus canonical set and collector identity; native name is corroborating only.,,exact_catalogue_record
pokemon|es|ES|set:4a13752a070647e3|111|unspecified,es,ES,pokemon|es|ES|tcgdex:bw1,"{""tcgdex"": ""bw1""}",111,114,"{""tcgdex"": ""bw1-111""}","[{""provider"": ""tcgdex"", ""providerCardId"": ""bw1-111"", ""providerSetId"": ""bw1"", ""serieId"": ""bw"", ""serieName"": ""Negro y Blanco"", ""sourceLanguage"": ""es""}]",Explicit language-scoped provider card/set ID plus canonical set and collector identity; native name is corroborating only.,,exact_catalogue_record
pokemon|es|ES|set:4a13752a070647e3|112|unspecified,es,ES,pokemon|es|ES|tcgdex:bw1,"{""tcgdex"": ""bw1""}",112,114,"{""tcgdex"": ""bw1-112""}","[{""provider"": ""tcgdex"", ""providerCardId"": ""bw1-112"", ""providerSetId"": ""bw1"", ""serieId"": ""bw"", ""serieName"": ""Negro y Blanco"", ""sourceLanguage"": ""es""}]",Explicit language-scoped provider card/set ID plus canonical set and collector identity; native name is corroborating only.,,exact_catalogue_record
pokemon|es|ES|set:4a13752a070647e3|113|unspecified,es,ES,pokemon|es|ES|tcgdex:bw1,"{""tcgdex"": ""bw1""}",113,114,"{""tcgdex"": ""bw1-113""}","[{""provider"": ""tcgdex"", ""providerCardId"": ""bw1-113"", ""providerSetId"": ""bw1"", ""serieId"": ""bw"", ""serieName"": ""Negro y Blanco"", ""sourceLanguage"": ""es""}]",Explicit language-scoped provider card/set ID plus canonical set and collector identity; native name is corroborating only.,,exact_catalogue_record
pokemon|es|ES|set:854881dc5a76e3b5|9|unspecified,es,ES,pokemon|es|ES|tcgdex:me04,"{""tcgdex"": ""me04""}",009,86,"{""tcgdex"": ""me04-009""}","[{""provider"": ""tcgdex"", ""providerCardId"": ""me04-009"", ""providerSetId"": ""me04"", ""serieId"": ""me"", ""serieName"": ""Megaevolución"", ""sourceLanguage"": ""es""}]",Explicit language-scoped provider card/set ID plus canonical set and collector identity; native name is corroborating only.,,exact_catalogue_record
pokemon|es|ES|set:854881dc5a76e3b5|99|unspecified,es,ES,pokemon|es|ES|tcgdex:me04,"{""tcgdex"": ""me04""}",099,86,"{""tcgdex"": ""me04-099""}","[{""provider"": ""tcgdex"", ""providerCardId"": ""me04-099"", ""providerSetId"": ""me04"", ""serieId"": ""me"", ""serieName"": ""Megaevolución"", ""sourceLanguage"": ""es""}]",Explicit language-scoped provider card/set ID plus canonical set and collector identity; native name is corroborating only.,,exact_catalogue_record
pokemon|es|ES|set:854881dc5a76e3b5|98|unspecified,es,ES,pokemon|es|ES|tcgdex:me04,"{""tcgdex"": ""me04""}",098,86,"{""tcgdex"": ""me04-098""}","[{""provider"": ""tcgdex"", ""providerCardId"": ""me04-098"", ""providerSetId"": ""me04"", ""serieId"": ""me"", ""serieName"": ""Megaevolución"", ""sourceLanguage"": ""es""}]",Explicit language-scoped provider card/set ID plus canonical set and collector identity; native name is corroborating only.,,exact_catalogue_record
pokemon|es|ES|set:854881dc5a76e3b5|97|unspecified,es,ES,pokemon|es|ES|tcgdex:me04,"{""tcgdex"": ""me04""}",097,86,"{""tcgdex"": ""me04-097""}","[{""provider"": ""tcgdex"", ""providerCardId"": ""me04-097"", ""providerSetId"": ""me04"", ""serieId"": ""me"", ""serieName"": ""Megaevolución"", ""sourceLanguage"": ""es""}]",Explicit language-scoped provider card/set ID plus canonical set and collector identity; native name is corroborating only.,,exact_catalogue_record
pokemon|es|ES|set:854881dc5a76e3b5|96|unspecified,es,ES,pokemon|es|ES|tcgdex:me04,"{""tcgdex"": ""me04""}",096,86,"{""tcgdex"": ""me04-096""}","[{""provider"": ""tcgdex"", ""providerCardId"": ""me04-096"", ""providerSetId"": ""me04"", ""serieId"": ""me"", ""serieName"": ""Megaevolución"", ""sourceLanguage"": ""es""}]",Explicit language-scoped provider card/set ID plus canonical set and collector identity; native name is corroborating only.,,exact_catalogue_record
pokemon|es|ES|set:854881dc5a76e3b5|95|unspecified,es,ES,pokemon|es|ES|tcgdex:me04,"{""tcgdex"": ""me04""}",095,86,"{""tcgdex"": ""me04-095""}","[{""provider"": ""tcgdex"", ""providerCardId"": ""me04-095"", ""providerSetId"": ""me04"", ""serieId"": ""me"", ""serieName"": ""Megaevolución"", ""sourceLanguage"": ""es""}]",Explicit language-scoped provider card/set ID plus canonical set and collector identity; native name is corroborating only.,,exact_catalogue_record
pokemon|es|ES|set:854881dc5a76e3b5|94|unspecified,es,ES,pokemon|es|ES|tcgdex:me04,"{""tcgdex"": ""me04""}",094,86,"{""tcgdex"": ""me04-094""}","[{""provider"": ""tcgdex"", ""providerCardId"": ""me04-094"", ""providerSetId"": ""me04"", ""serieId"": ""me"", ""serieName"": ""Megaevolución"", ""sourceLanguage"": ""es""}]",Explicit language-scoped provider card/set ID plus canonical set and collector identity; native name is corroborating only.,,exact_catalogue_record
pokemon|es|ES|set:854881dc5a76e3b5|93|unspecified,es,ES,pokemon|es|ES|tcgdex:me04,"{""tcgdex"": ""me04""}",093,86,"{""tcgdex"": ""me04-093""}","[{""provider"": ""tcgdex"", ""providerCardId"": ""me04-093"", ""providerSetId"": ""me04"", ""serieId"": ""me"", ""serieName"": ""Megaevolución"", ""sourceLanguage"": ""es""}]",Explicit language-scoped provider card/set ID plus canonical set and collector identity; native name is corroborating only.,,exact_catalogue_record
pokemon|es|ES|set:854881dc5a76e3b5|92|unspecified,es,ES,pokemon|es|ES|tcgdex:me04,"{""tcgdex"": ""me04""}",092,86,"{""tcgdex"": ""me04-092""}","[{""provider"": ""tcgdex"", ""providerCardId"": ""me04-092"", ""providerSetId"": ""me04"", ""serieId"": ""me"", ""serieName"": ""Megaevolución"", ""sourceLanguage"": ""es""}]",Explicit language-scoped provider card/set ID plus canonical set and collector identity; native name is corroborating only.,,exact_catalogue_record
pokemon|es|ES|set:854881dc5a76e3b5|91|unspecified,es,ES,pokemon|es|ES|tcgdex:me04,"{""tcgdex"": ""me04""}",091,86,"{""tcgdex"": ""me04-091""}","[{""provider"": ""tcgdex"", ""providerCardId"": ""me04-091"", ""providerSetId"": ""me04"", ""serieId"": ""me"", ""serieName"": ""Megaevolución"", ""sourceLanguage"": ""es""}]",Explicit language-scoped provider card/set ID plus canonical set and collector identity; native name is corroborating only.,,exact_catalogue_record
pokemon|es|ES|set:854881dc5a76e3b5|90|unspecified,es,ES,pokemon|es|ES|tcgdex:me04,"{""tcgdex"": ""me04""}",090,86,"{""tcgdex"": ""me04-090""}","[{""provider"": ""tcgdex"", ""providerCardId"": ""me04-090"", ""providerSetId"": ""me04"", ""serieId"": ""me"", ""serieName"": ""Megaevolución"", ""sourceLanguage"": ""es""}]",Explicit language-scoped provider card/set ID plus canonical set and collector identity; native name is corroborating only.,,exact_catalogue_record
pokemon|es|ES|set:854881dc5a76e3b5|8|unspecified,es,ES,pokemon|es|ES|tcgdex:me04,"{""tcgdex"": ""me04""}",008,86,"{""tcgdex"": ""me04-008""}","[{""provider"": ""tcgdex"", ""providerCardId"": ""me04-008"", ""providerSetId"": ""me04"", ""serieId"": ""me"", ""serieName"": ""Megaevolución"", ""sourceLanguage"": ""es""}]",Explicit language-scoped provider card/set ID plus canonical set and collector identity; native name is corroborating only.,,exact_catalogue_record
pokemon|es|ES|set:854881dc5a76e3b5|89|unspecified,es,ES,pokemon|es|ES|tcgdex:me04,"{""tcgdex"": ""me04""}",089,86,"{""tcgdex"": ""me04-089""}","[{""provider"": ""tcgdex"", ""providerCardId"": ""me04-089"", ""providerSetId"": ""me04"", ""serieId"": ""me"", ""serieName"": ""Megaevolución"", ""sourceLanguage"": ""es""}]",Explicit language-scoped provider card/set ID plus canonical set and collector identity; native name is corroborating only.,,exact_catalogue_record
pokemon|es|ES|set:854881dc5a76e3b5|88|unspecified,es,ES,pokemon|es|ES|tcgdex:me04,"{""tcgdex"": ""me04""}",088,86,"{""tcgdex"": ""me04-088""}","[{""provider"": ""tcgdex"", ""providerCardId"": ""me04-088"", ""providerSetId"": ""me04"", ""serieId"": ""me"", ""serieName"": ""Megaevolución"", ""sourceLanguage"": ""es""}]",Explicit language-scoped provider card/set ID plus canonical set and collector identity; native name is corroborating only.,,exact_catalogue_record
pokemon|es|ES|set:854881dc5a76e3b5|87|unspecified,es,ES,pokemon|es|ES|tcgdex:me04,"{""tcgdex"": ""me04""}",087,86,"{""tcgdex"": ""me04-087""}","[{""provider"": ""tcgdex"", ""providerCardId"": ""me04-087"", ""providerSetId"": ""me04"", ""serieId"": ""me"", ""serieName"": ""Megaevolución"", ""sourceLanguage"": ""es""}]",Explicit language-scoped provider card/set ID plus canonical set and collector identity; native name is corroborating only.,,exact_catalogue_record
pokemon|es|ES|set:40a7b0abddd458c3|1|unspecified,es,ES,pokemon|es|ES|tcgdex:svp,"{""tcgdex"": ""svp""}",001,225,"{""tcgdex"": ""svp-001""}","[{""provider"": ""tcgdex"", ""providerCardId"": ""svp-001"", ""providerSetId"": ""svp"", ""serieId"": ""sv"", ""serieName"": ""Escarlata y Púrpura"", ""sourceLanguage"": ""es""}]",Explicit language-scoped provider card/set ID plus canonical set and collector identity; native name is corroborating only.,,exact_catalogue_record
pokemon|es|ES|set:40a7b0abddd458c3|10|unspecified,es,ES,pokemon|es|ES|tcgdex:svp,"{""tcgdex"": ""svp""}",010,225,"{""tcgdex"": ""svp-010""}","[{""provider"": ""tcgdex"", ""providerCardId"": ""svp-010"", ""providerSetId"": ""svp"", ""serieId"": ""sv"", ""serieName"": ""Escarlata y Púrpura"", ""sourceLanguage"": ""es""}]",Explicit language-scoped provider card/set ID plus canonical set and collector identity; native name is corroborating only.,,exact_catalogue_record
pokemon|es|ES|set:40a7b0abddd458c3|100|unspecified,es,ES,pokemon|es|ES|tcgdex:svp,"{""tcgdex"": ""svp""}",100,225,"{""tcgdex"": ""svp-100""}","[{""provider"": ""tcgdex"", ""providerCardId"": ""svp-100"", ""providerSetId"": ""svp"", ""serieId"": ""sv"", ""serieName"": ""Escarlata y Púrpura"", ""sourceLanguage"": ""es""}]",Explicit language-scoped provider card/set ID plus canonical set and collector identity; native name is corroborating only.,,exact_catalogue_record
pokemon|es|ES|set:40a7b0abddd458c3|101|unspecified,es,ES,pokemon|es|ES|tcgdex:svp,"{""tcgdex"": ""svp""}",101,225,"{""tcgdex"": ""svp-101""}","[{""provider"": ""tcgdex"", ""providerCardId"": ""svp-101"", ""providerSetId"": ""svp"", ""serieId"": ""sv"", ""serieName"": ""Escarlata y Púrpura"", ""sourceLanguage"": ""es""}]",Explicit language-scoped provider card/set ID plus canonical set and collector identity; native name is corroborating only.,,exact_catalogue_record
pokemon|es|ES|set:40a7b0abddd458c3|103|unspecified,es,ES,pokemon|es|ES|tcgdex:svp,"{""tcgdex"": ""svp""}",103,225,"{""tcgdex"": ""svp-103""}","[{""provider"": ""tcgdex"", ""providerCardId"": ""svp-103"", ""providerSetId"": ""svp"", ""serieId"": ""sv"", ""serieName"": ""Escarlata y Púrpura"", ""sourceLanguage"": ""es""}]",Explicit language-scoped provider card/set ID plus canonical set and collector identity; native name is corroborating only.,,exact_catalogue_record
pokemon|es|ES|set:40a7b0abddd458c3|104|unspecified,es,ES,pokemon|es|ES|tcgdex:svp,"{""tcgdex"": ""svp""}",104,225,"{""tcgdex"": ""svp-104""}","[{""provider"": ""tcgdex"", ""providerCardId"": ""svp-104"", ""providerSetId"": ""svp"", ""serieId"": ""sv"", ""serieName"": ""Escarlata y Púrpura"", ""sourceLanguage"": ""es""}]",Explicit language-scoped provider card/set ID plus canonical set and collector identity; native name is corroborating only.,,exact_catalogue_record
pokemon|es|ES|set:40a7b0abddd458c3|105|unspecified,es,ES,pokemon|es|ES|tcgdex:svp,"{""tcgdex"": ""svp""}",105,225,"{""tcgdex"": ""svp-105""}","[{""provider"": ""tcgdex"", ""providerCardId"": ""svp-105"", ""providerSetId"": ""svp"", ""serieId"": ""sv"", ""serieName"": ""Escarlata y Púrpura"", ""sourceLanguage"": ""es""}]",Explicit language-scoped provider card/set ID plus canonical set and collector identity; native name is corroborating only.,,exact_catalogue_record
pokemon|es|ES|set:40a7b0abddd458c3|106|unspecified,es,ES,pokemon|es|ES|tcgdex:svp,"{""tcgdex"": ""svp""}",106,225,"{""tcgdex"": ""svp-106""}","[{""provider"": ""tcgdex"", ""providerCardId"": ""svp-106"", ""providerSetId"": ""svp"", ""serieId"": ""sv"", ""serieName"": ""Escarlata y Púrpura"", ""sourceLanguage"": ""es""}]",Explicit language-scoped provider card/set ID plus canonical set and collector identity; native name is corroborating only.,,exact_catalogue_record
pokemon|es|ES|set:40a7b0abddd458c3|107|unspecified,es,ES,pokemon|es|ES|tcgdex:svp,"{""tcgdex"": ""svp""}",107,225,"{""tcgdex"": ""svp-107""}","[{""provider"": ""tcgdex"", ""providerCardId"": ""svp-107"", ""providerSetId"": ""svp"", ""serieId"": ""sv"", ""serieName"": ""Escarlata y Púrpura"", ""sourceLanguage"": ""es""}]",Explicit language-scoped provider card/set ID plus canonical set and collector identity; native name is corroborating only.,,exact_catalogue_record
pokemon|es|ES|set:40a7b0abddd458c3|108|unspecified,es,ES,pokemon|es|ES|tcgdex:svp,"{""tcgdex"": ""svp""}",108,225,"{""tcgdex"": ""svp-108""}","[{""provider"": ""tcgdex"", ""providerCardId"": ""svp-108"", ""providerSetId"": ""svp"", ""serieId"": ""sv"", ""serieName"": ""Escarlata y Púrpura"", ""sourceLanguage"": ""es""}]",Explicit language-scoped provider card/set ID plus canonical set and collector identity; native name is corroborating only.,,exact_catalogue_record
pokemon|es|ES|set:40a7b0abddd458c3|109|unspecified,es,ES,pokemon|es|ES|tcgdex:svp,"{""tcgdex"": ""svp""}",109,225,"{""tcgdex"": ""svp-109""}","[{""provider"": ""tcgdex"", ""providerCardId"": ""svp-109"", ""providerSetId"": ""svp"", ""serieId"": ""sv"", ""serieName"": ""Escarlata y Púrpura"", ""sourceLanguage"": ""es""}]",Explicit language-scoped provider card/set ID plus canonical set and collector identity; native name is corroborating only.,,exact_catalogue_record
pokemon|es|ES|set:40a7b0abddd458c3|11|unspecified,es,ES,pokemon|es|ES|tcgdex:svp,"{""tcgdex"": ""svp""}",011,225,"{""tcgdex"": ""svp-011""}","[{""provider"": ""tcgdex"", ""providerCardId"": ""svp-011"", ""providerSetId"": ""svp"", ""serieId"": ""sv"", ""serieName"": ""Escarlata y Púrpura"", ""sourceLanguage"": ""es""}]",Explicit language-scoped provider card/set ID plus canonical set and collector identity; native name is corroborating only.,,exact_catalogue_record
pokemon|es|ES|set:40a7b0abddd458c3|110|unspecified,es,ES,pokemon|es|ES|tcgdex:svp,"{""tcgdex"": ""svp""}",110,225,"{""tcgdex"": ""svp-110""}","[{""provider"": ""tcgdex"", ""providerCardId"": ""svp-110"", ""providerSetId"": ""svp"", ""serieId"": ""sv"", ""serieName"": ""Escarlata y Púrpura"", ""sourceLanguage"": ""es""}]",Explicit language-scoped provider card/set ID plus canonical set and collector identity; native name is corroborating only.,,exact_catalogue_record
pokemon|es|ES|set:40a7b0abddd458c3|111|unspecified,es,ES,pokemon|es|ES|tcgdex:svp,"{""tcgdex"": ""svp""}",111,225,"{""tcgdex"": ""svp-111""}","[{""provider"": ""tcgdex"", ""providerCardId"": ""svp-111"", ""providerSetId"": ""svp"", ""serieId"": ""sv"", ""serieName"": ""Escarlata y Púrpura"", ""sourceLanguage"": ""es""}]",Explicit language-scoped provider card/set ID plus canonical set and collector identity; native name is corroborating only.,,exact_catalogue_record
pokemon|es|ES|set:40a7b0abddd458c3|112|unspecified,es,ES,pokemon|es|ES|tcgdex:svp,"{""tcgdex"": ""svp""}",112,225,"{""tcgdex"": ""svp-112""}","[{""provider"": ""tcgdex"", ""providerCardId"": ""svp-112"", ""providerSetId"": ""svp"", ""serieId"": ""sv"", ""serieName"": ""Escarlata y Púrpura"", ""sourceLanguage"": ""es""}]",Explicit language-scoped provider card/set ID plus canonical set and collector identity; native name is corroborating only.,,exact_catalogue_record
pokemon|es|ES|set:2c60141b51832142|SM1|unspecified,es,ES,pokemon|es|ES|tcgdex:smp,"{""tcgdex"": ""smp""}",SM01,248,"{""tcgdex"": ""smp-SM01""}","[{""provider"": ""tcgdex"", ""providerCardId"": ""smp-SM01"", ""providerSetId"": ""smp"", ""serieId"": ""sm"", ""serieName"": ""Sol y Luna"", ""sourceLanguage"": ""es""}]",Explicit language-scoped provider card/set ID plus canonical set and collector identity; native name is corroborating only.,,exact_catalogue_record
pokemon|es|ES|set:2c60141b51832142|SM10|unspecified,es,ES,pokemon|es|ES|tcgdex:smp,"{""tcgdex"": ""smp""}",SM10,248,"{""tcgdex"": ""smp-SM10""}","[{""provider"": ""tcgdex"", ""providerCardId"": ""smp-SM10"", ""providerSetId"": ""smp"", ""serieId"": ""sm"", ""serieName"": ""Sol y Luna"", ""sourceLanguage"": ""es""}]",Explicit language-scoped provider card/set ID plus canonical set and collector identity; native name is corroborating only.,,exact_catalogue_record
pokemon|es|ES|set:2c60141b51832142|SM100|unspecified,es,ES,pokemon|es|ES|tcgdex:smp,"{""tcgdex"": ""smp""}",SM100,248,"{""tcgdex"": ""smp-SM100""}","[{""provider"": ""tcgdex"", ""providerCardId"": ""smp-SM100"", ""providerSetId"": ""smp"", ""serieId"": ""sm"", ""serieName"": ""Sol y Luna"", ""sourceLanguage"": ""es""}]",Explicit language-scoped provider card/set ID plus canonical set and collector identity; native name is corroborating only.,,exact_catalogue_record
pokemon|es|ES|set:2c60141b51832142|SM101|unspecified,es,ES,pokemon|es|ES|tcgdex:smp,"{""tcgdex"": ""smp""}",SM101,248,"{""tcgdex"": ""smp-SM101""}","[{""provider"": ""tcgdex"", ""providerCardId"": ""smp-SM101"", ""providerSetId"": ""smp"", ""serieId"": ""sm"", ""serieName"": ""Sol y Luna"", ""sourceLanguage"": ""es""}]",Explicit language-scoped provider card/set ID plus canonical set and collector identity; native name is corroborating only.,,exact_catalogue_record
pokemon|es|ES|set:2c60141b51832142|SM102|unspecified,es,ES,pokemon|es|ES|tcgdex:smp,"{""tcgdex"": ""smp""}",SM102,248,"{""tcgdex"": ""smp-SM102""}","[{""provider"": ""tcgdex"", ""providerCardId"": ""smp-SM102"", ""providerSetId"": ""smp"", ""serieId"": ""sm"", ""serieName"": ""Sol y Luna"", ""sourceLanguage"": ""es""}]",Explicit language-scoped provider card/set ID plus canonical set and collector identity; native name is corroborating only.,,exact_catalogue_record
pokemon|es|ES|set:2c60141b51832142|SM103|unspecified,es,ES,pokemon|es|ES|tcgdex:smp,"{""tcgdex"": ""smp""}",SM103,248,"{""tcgdex"": ""smp-SM103""}","[{""provider"": ""tcgdex"", ""providerCardId"": ""smp-SM103"", ""providerSetId"": ""smp"", ""serieId"": ""sm"", ""serieName"": ""Sol y Luna"", ""sourceLanguage"": ""es""}]",Explicit language-scoped provider card/set ID plus canonical set and collector identity; native name is corroborating only.,,exact_catalogue_record
pokemon|es|ES|set:2c60141b51832142|SM104|unspecified,es,ES,pokemon|es|ES|tcgdex:smp,"{""tcgdex"": ""smp""}",SM104,248,"{""tcgdex"": ""smp-SM104""}","[{""provider"": ""tcgdex"", ""providerCardId"": ""smp-SM104"", ""providerSetId"": ""smp"", ""serieId"": ""sm"", ""serieName"": ""Sol y Luna"", ""sourceLanguage"": ""es""}]",Explicit language-scoped provider card/set ID plus canonical set and collector identity; native name is corroborating only.,,exact_catalogue_record
pokemon|es|ES|set:2c60141b51832142|SM105|unspecified,es,ES,pokemon|es|ES|tcgdex:smp,"{""tcgdex"": ""smp""}",SM105,248,"{""tcgdex"": ""smp-SM105""}","[{""provider"": ""tcgdex"", ""providerCardId"": ""smp-SM105"", ""providerSetId"": ""smp"", ""serieId"": ""sm"", ""serieName"": ""Sol y Luna"", ""sourceLanguage"": ""es""}]",Explicit language-scoped provider card/set ID plus canonical set and collector identity; native name is corroborating only.,,exact_catalogue_record
pokemon|es|ES|set:2c60141b51832142|SM106|unspecified,es,ES,pokemon|es|ES|tcgdex:smp,"{""tcgdex"": ""smp""}",SM106,248,"{""tcgdex"": ""smp-SM106""}","[{""provider"": ""tcgdex"", ""providerCardId"": ""smp-SM106"", ""providerSetId"": ""smp"", ""serieId"": ""sm"", ""serieName"": ""Sol y Luna"", ""sourceLanguage"": ""es""}]",Explicit language-scoped provider card/set ID plus canonical set and collector identity; native name is corroborating only.,,exact_catalogue_record
pokemon|es|ES|set:2c60141b51832142|SM107|unspecified,es,ES,pokemon|es|ES|tcgdex:smp,"{""tcgdex"": ""smp""}",SM107,248,"{""tcgdex"": ""smp-SM107""}","[{""provider"": ""tcgdex"", ""providerCardId"": ""smp-SM107"", ""providerSetId"": ""smp"", ""serieId"": ""sm"", ""serieName"": ""Sol y Luna"", ""sourceLanguage"": ""es""}]",Explicit language-scoped provider card/set ID plus canonical set and collector identity; native name is corroborating only.,,exact_catalogue_record
pokemon|es|ES|set:2c60141b51832142|SM11|unspecified,es,ES,pokemon|es|ES|tcgdex:smp,"{""tcgdex"": ""smp""}",SM11,248,"{""tcgdex"": ""smp-SM11""}","[{""provider"": ""tcgdex"", ""providerCardId"": ""smp-SM11"", ""providerSetId"": ""smp"", ""serieId"": ""sm"", ""serieName"": ""Sol y Luna"", ""sourceLanguage"": ""es""}]",Explicit language-scoped provider card/set ID plus canonical set and collector identity; native name is corroborating only.,,exact_catalogue_record
pokemon|es|ES|set:2c60141b51832142|SM115|unspecified,es,ES,pokemon|es|ES|tcgdex:smp,"{""tcgdex"": ""smp""}",SM115,248,"{""tcgdex"": ""smp-SM115""}","[{""provider"": ""tcgdex"", ""providerCardId"": ""smp-SM115"", ""providerSetId"": ""smp"", ""serieId"": ""sm"", ""serieName"": ""Sol y Luna"", ""sourceLanguage"": ""es""}]",Explicit language-scoped provider card/set ID plus canonical set and collector identity; native name is corroborating only.,,exact_catalogue_record
pokemon|es|ES|set:2c60141b51832142|SM116|unspecified,es,ES,pokemon|es|ES|tcgdex:smp,"{""tcgdex"": ""smp""}",SM116,248,"{""tcgdex"": ""smp-SM116""}","[{""provider"": ""tcgdex"", ""providerCardId"": ""smp-SM116"", ""providerSetId"": ""smp"", ""serieId"": ""sm"", ""serieName"": ""Sol y Luna"", ""sourceLanguage"": ""es""}]",Explicit language-scoped provider card/set ID plus canonical set and collector identity; native name is corroborating only.,,exact_catalogue_record
pokemon|es|ES|set:2c60141b51832142|SM117|unspecified,es,ES,pokemon|es|ES|tcgdex:smp,"{""tcgdex"": ""smp""}",SM117,248,"{""tcgdex"": ""smp-SM117""}","[{""provider"": ""tcgdex"", ""providerCardId"": ""smp-SM117"", ""providerSetId"": ""smp"", ""serieId"": ""sm"", ""serieName"": ""Sol y Luna"", ""sourceLanguage"": ""es""}]",Explicit language-scoped provider card/set ID plus canonical set and collector identity; native name is corroborating only.,,exact_catalogue_record
pokemon|es|ES|set:2c60141b51832142|SM118|unspecified,es,ES,pokemon|es|ES|tcgdex:smp,"{""tcgdex"": ""smp""}",SM118,248,"{""tcgdex"": ""smp-SM118""}","[{""provider"": ""tcgdex"", ""providerCardId"": ""smp-SM118"", ""providerSetId"": ""smp"", ""serieId"": ""sm"", ""serieName"": ""Sol y Luna"", ""sourceLanguage"": ""es""}]",Explicit language-scoped provider card/set ID plus canonical set and collector identity; native name is corroborating only.,,exact_catalogue_record
pokemon|es|ES|set:ace3f85318f94a35|1|unspecified,es,ES,pokemon|es|ES|tcgdex:A1,"{""tcgdex"": ""A1""}",001,226,"{""tcgdex"": ""A1-001""}","[{""provider"": ""tcgdex"", ""providerCardId"": ""A1-001"", ""providerSetId"": ""A1"", ""serieId"": ""tcgp"", ""serieName"": ""Juego de Cartas Coleccionables Pokémon Pocket"", ""sourceLanguage"": ""es""}]",Explicit language-scoped provider card/set ID plus canonical set and collector identity; native name is corroborating only.,,exact_catalogue_record
pokemon|es|ES|set:ace3f85318f94a35|10|unspecified,es,ES,pokemon|es|ES|tcgdex:A1,"{""tcgdex"": ""A1""}",010,226,"{""tcgdex"": ""A1-010""}","[{""provider"": ""tcgdex"", ""providerCardId"": ""A1-010"", ""providerSetId"": ""A1"", ""serieId"": ""tcgp"", ""serieName"": ""Juego de Cartas Coleccionables Pokémon Pocket"", ""sourceLanguage"": ""es""}]",Explicit language-scoped provider card/set ID plus canonical set and collector identity; native name is corroborating only.,,exact_catalogue_record
pokemon|es|ES|set:ace3f85318f94a35|11|unspecified,es,ES,pokemon|es|ES|tcgdex:A1,"{""tcgdex"": ""A1""}",011,226,"{""tcgdex"": ""A1-011""}","[{""provider"": ""tcgdex"", ""providerCardId"": ""A1-011"", ""providerSetId"": ""A1"", ""serieId"": ""tcgp"", ""serieName"": ""Juego de Cartas Coleccionables Pokémon Pocket"", ""sourceLanguage"": ""es""}]",Explicit language-scoped provider card/set ID plus canonical set and collector identity; native name is corroborating only.,,exact_catalogue_record
pokemon|es|ES|set:ace3f85318f94a35|12|unspecified,es,ES,pokemon|es|ES|tcgdex:A1,"{""tcgdex"": ""A1""}",012,226,"{""tcgdex"": ""A1-012""}","[{""provider"": ""tcgdex"", ""providerCardId"": ""A1-012"", ""providerSetId"": ""A1"", ""serieId"": ""tcgp"", ""serieName"": ""Juego de Cartas Coleccionables Pokémon Pocket"", ""sourceLanguage"": ""es""}]",Explicit language-scoped provider card/set ID plus canonical set and collector identity; native name is corroborating only.,,exact_catalogue_record
pokemon|es|ES|set:ace3f85318f94a35|13|unspecified,es,ES,pokemon|es|ES|tcgdex:A1,"{""tcgdex"": ""A1""}",013,226,"{""tcgdex"": ""A1-013""}","[{""provider"": ""tcgdex"", ""providerCardId"": ""A1-013"", ""providerSetId"": ""A1"", ""serieId"": ""tcgp"", ""serieName"": ""Juego de Cartas Coleccionables Pokémon Pocket"", ""sourceLanguage"": ""es""}]",Explicit language-scoped provider card/set ID plus canonical set and collector identity; native name is corroborating only.,,exact_catalogue_record
pokemon|es|ES|set:ace3f85318f94a35|14|unspecified,es,ES,pokemon|es|ES|tcgdex:A1,"{""tcgdex"": ""A1""}",014,226,"{""tcgdex"": ""A1-014""}","[{""provider"": ""tcgdex"", ""providerCardId"": ""A1-014"", ""providerSetId"": ""A1"", ""serieId"": ""tcgp"", ""serieName"": ""Juego de Cartas Coleccionables Pokémon Pocket"", ""sourceLanguage"": ""es""}]",Explicit language-scoped provider card/set ID plus canonical set and collector identity; native name is corroborating only.,,exact_catalogue_record
pokemon|es|ES|set:ace3f85318f94a35|15|unspecified,es,ES,pokemon|es|ES|tcgdex:A1,"{""tcgdex"": ""A1""}",015,226,"{""tcgdex"": ""A1-015""}","[{""provider"": ""tcgdex"", ""providerCardId"": ""A1-015"", ""providerSetId"": ""A1"", ""serieId"": ""tcgp"", ""serieName"": ""Juego de Cartas Coleccionables Pokémon Pocket"", ""sourceLanguage"": ""es""}]",Explicit language-scoped provider card/set ID plus canonical set and collector identity; native name is corroborating only.,,exact_catalogue_record
pokemon|es|ES|set:ace3f85318f94a35|16|unspecified,es,ES,pokemon|es|ES|tcgdex:A1,"{""tcgdex"": ""A1""}",016,226,"{""tcgdex"": ""A1-016""}","[{""provider"": ""tcgdex"", ""providerCardId"": ""A1-016"", ""providerSetId"": ""A1"", ""serieId"": ""tcgp"", ""serieName"": ""Juego de Cartas Coleccionables Pokémon Pocket"", ""sourceLanguage"": ""es""}]",Explicit language-scoped provider card/set ID plus canonical set and collector identity; native name is corroborating only.,,exact_catalogue_record
pokemon|es|ES|set:ace3f85318f94a35|17|unspecified,es,ES,pokemon|es|ES|tcgdex:A1,"{""tcgdex"": ""A1""}",017,226,"{""tcgdex"": ""A1-017""}","[{""provider"": ""tcgdex"", ""providerCardId"": ""A1-017"", ""providerSetId"": ""A1"", ""serieId"": ""tcgp"", ""serieName"": ""Juego de Cartas Coleccionables Pokémon Pocket"", ""sourceLanguage"": ""es""}]",Explicit language-scoped provider card/set ID plus canonical set and collector identity; native name is corroborating only.,,exact_catalogue_record
pokemon|es|ES|set:ace3f85318f94a35|18|unspecified,es,ES,pokemon|es|ES|tcgdex:A1,"{""tcgdex"": ""A1""}",018,226,"{""tcgdex"": ""A1-018""}","[{""provider"": ""tcgdex"", ""providerCardId"": ""A1-018"", ""providerSetId"": ""A1"", ""serieId"": ""tcgp"", ""serieName"": ""Juego de Cartas Coleccionables Pokémon Pocket"", ""sourceLanguage"": ""es""}]",Explicit language-scoped provider card/set ID plus canonical set and collector identity; native name is corroborating only.,,exact_catalogue_record
pokemon|es|ES|set:0b0a67d54a031f35|1|unspecified,es,ES,pokemon|es|ES|tcgdex:mep,"{""tcgdex"": ""mep""}",001,0,"{""tcgdex"": ""mep-001""}","[{""provider"": ""tcgdex"", ""providerCardId"": ""mep-001"", ""providerSetId"": ""mep"", ""serieId"": ""me"", ""serieName"": ""Megaevolución"", ""sourceLanguage"": ""es""}]",Explicit language-scoped provider card/set ID plus canonical set and collector identity; native name is corroborating only.,,exact_catalogue_record
pokemon|es|ES|set:0b0a67d54a031f35|10|unspecified,es,ES,pokemon|es|ES|tcgdex:mep,"{""tcgdex"": ""mep""}",010,0,"{""tcgdex"": ""mep-010""}","[{""provider"": ""tcgdex"", ""providerCardId"": ""mep-010"", ""providerSetId"": ""mep"", ""serieId"": ""me"", ""serieName"": ""Megaevolución"", ""sourceLanguage"": ""es""}]",Explicit language-scoped provider card/set ID plus canonical set and collector identity; native name is corroborating only.,,exact_catalogue_record
pokemon|es|ES|set:0b0a67d54a031f35|11|unspecified,es,ES,pokemon|es|ES|tcgdex:mep,"{""tcgdex"": ""mep""}",011,0,"{""tcgdex"": ""mep-011""}","[{""provider"": ""tcgdex"", ""providerCardId"": ""mep-011"", ""providerSetId"": ""mep"", ""serieId"": ""me"", ""serieName"": ""Megaevolución"", ""sourceLanguage"": ""es""}]",Explicit language-scoped provider card/set ID plus canonical set and collector identity; native name is corroborating only.,,exact_catalogue_record
pokemon|es|ES|set:0b0a67d54a031f35|12|unspecified,es,ES,pokemon|es|ES|tcgdex:mep,"{""tcgdex"": ""mep""}",012,0,"{""tcgdex"": ""mep-012""}","[{""provider"": ""tcgdex"", ""providerCardId"": ""mep-012"", ""providerSetId"": ""mep"", ""serieId"": ""me"", ""serieName"": ""Megaevolución"", ""sourceLanguage"": ""es""}]",Explicit language-scoped provider card/set ID plus canonical set and collector identity; native name is corroborating only.,,exact_catalogue_record
pokemon|es|ES|set:0b0a67d54a031f35|13|unspecified,es,ES,pokemon|es|ES|tcgdex:mep,"{""tcgdex"": ""mep""}",013,0,"{""tcgdex"": ""mep-013""}","[{""provider"": ""tcgdex"", ""providerCardId"": ""mep-013"", ""providerSetId"": ""mep"", ""serieId"": ""me"", ""serieName"": ""Megaevolución"", ""sourceLanguage"": ""es""}]",Explicit language-scoped provider card/set ID plus canonical set and collector identity; native name is corroborating only.,,exact_catalogue_record
pokemon|es|ES|set:0b0a67d54a031f35|14|unspecified,es,ES,pokemon|es|ES|tcgdex:mep,"{""tcgdex"": ""mep""}",014,0,"{""tcgdex"": ""mep-014""}","[{""provider"": ""tcgdex"", ""providerCardId"": ""mep-014"", ""providerSetId"": ""mep"", ""serieId"": ""me"", ""serieName"": ""Megaevolución"", ""sourceLanguage"": ""es""}]",Explicit language-scoped provider card/set ID plus canonical set and collector identity; native name is corroborating only.,,exact_catalogue_record
pokemon|es|ES|set:0b0a67d54a031f35|15|unspecified,es,ES,pokemon|es|ES|tcgdex:mep,"{""tcgdex"": ""mep""}",015,0,"{""tcgdex"": ""mep-015""}","[{""provider"": ""tcgdex"", ""providerCardId"": ""mep-015"", ""providerSetId"": ""mep"", ""serieId"": ""me"", ""serieName"": ""Megaevolución"", ""sourceLanguage"": ""es""}]",Explicit language-scoped provider card/set ID plus canonical set and collector identity; native name is corroborating only.,,exact_catalogue_record
pokemon|es|ES|set:0b0a67d54a031f35|16|unspecified,es,ES,pokemon|es|ES|tcgdex:mep,"{""tcgdex"": ""mep""}",016,0,"{""tcgdex"": ""mep-016""}","[{""provider"": ""tcgdex"", ""providerCardId"": ""mep-016"", ""providerSetId"": ""mep"", ""serieId"": ""me"", ""serieName"": ""Megaevolución"", ""sourceLanguage"": ""es""}]",Explicit language-scoped provider card/set ID plus canonical set and collector identity; native name is corroborating only.,,exact_catalogue_record
pokemon|es|ES|set:0b0a67d54a031f35|17|unspecified,es,ES,pokemon|es|ES|tcgdex:mep,"{""tcgdex"": ""mep""}",017,0,"{""tcgdex"": ""mep-017""}","[{""provider"": ""tcgdex"", ""providerCardId"": ""mep-017"", ""providerSetId"": ""mep"", ""serieId"": ""me"", ""serieName"": ""Megaevolución"", ""sourceLanguage"": ""es""}]",Explicit language-scoped provider card/set ID plus canonical set and collector identity; native name is corroborating only.,,exact_catalogue_record
pokemon|es|ES|set:0b0a67d54a031f35|18|unspecified,es,ES,pokemon|es|ES|tcgdex:mep,"{""tcgdex"": ""mep""}",018,0,"{""tcgdex"": ""mep-018""}","[{""provider"": ""tcgdex"", ""providerCardId"": ""mep-018"", ""providerSetId"": ""mep"", ""serieId"": ""me"", ""serieName"": ""Megaevolución"", ""sourceLanguage"": ""es""}]",Explicit language-scoped provider card/set ID plus canonical set and collector identity; native name is corroborating only.,,exact_catalogue_record
pokemon|es|ES|set:ad8d56d24db699b3|58|unspecified,es,ES,pokemon|es|ES|tcgdex:swsh8,"{""tcgdex"": ""swsh8""}",58,264,"{""tcgdex"": ""swsh8-58""}","[{""provider"": ""tcgdex"", ""providerCardId"": ""swsh8-58"", ""providerSetId"": ""swsh8"", ""serieId"": ""swsh"", ""serieName"": ""Espada y Escudo"", ""sourceLanguage"": ""es""}]",Explicit language-scoped provider card/set ID plus canonical set and collector identity; native name is corroborating only.,,exact_catalogue_record
pokemon|es|ES|set:ad8d56d24db699b3|178|unspecified,es,ES,pokemon|es|ES|tcgdex:swsh8,"{""tcgdex"": ""swsh8""}",178,264,"{""tcgdex"": ""swsh8-178""}","[{""provider"": ""tcgdex"", ""providerCardId"": ""swsh8-178"", ""providerSetId"": ""swsh8"", ""serieId"": ""swsh"", ""serieName"": ""Espada y Escudo"", ""sourceLanguage"": ""es""}]",Explicit language-scoped provider card/set ID plus canonical set and collector identity; native name is corroborating only.,,exact_catalogue_record
pokemon|es|ES|set:d0763714667223f0|TG27|unspecified,es,ES,pokemon|es|ES|tcgdex:swsh10,"{""tcgdex"": ""swsh10""}",TG27,189,"{""tcgdex"": ""swsh10-TG27""}","[{""provider"": ""tcgdex"", ""providerCardId"": ""swsh10-TG27"", ""providerSetId"": ""swsh10"", ""serieId"": ""swsh"", ""serieName"": ""Espada y Escudo"", ""sourceLanguage"": ""es""}]",Explicit language-scoped provider card/set ID plus canonical set and collector identity; native name is corroborating only.,,exact_catalogue_record
pokemon|es|ES|set:8e7c7a4c658a82b0|77|unspecified,es,ES,pokemon|es|ES|tcgdex:sv10.5w,"{""tcgdex"": ""sv10.5w""}",077,86,"{""tcgdex"": ""sv10.5w-077""}","[{""provider"": ""tcgdex"", ""providerCardId"": ""sv10.5w-077"", ""providerSetId"": ""sv10.5w"", ""serieId"": ""sv"", ""serieName"": ""Escarlata y Púrpura"", ""sourceLanguage"": ""es""}]",Explicit language-scoped provider card/set ID plus canonical set and collector identity; native name is corroborating only.,,exact_catalogue_record
pokemon|es|ES|set:59b5073f1cd45526|83|unspecified,es,ES,pokemon|es|ES|tcgdex:sm8,"{""tcgdex"": ""sm8""}",83,214,"{""tcgdex"": ""sm8-83""}","[{""provider"": ""tcgdex"", ""providerCardId"": ""sm8-83"", ""providerSetId"": ""sm8"", ""serieId"": ""sm"", ""serieName"": ""Sol y Luna"", ""sourceLanguage"": ""es""}]",Explicit language-scoped provider card/set ID plus canonical set and collector identity; native name is corroborating only.,,exact_catalogue_record
pokemon|es|ES|set:099376908f6b9630|12|unspecified,es,ES,pokemon|es|ES|tcgdex:bw8,"{""tcgdex"": ""bw8""}",12,135,"{""tcgdex"": ""bw8-12""}","[{""provider"": ""tcgdex"", ""providerCardId"": ""bw8-12"", ""providerSetId"": ""bw8"", ""serieId"": ""bw"", ""serieName"": ""Negro y Blanco"", ""sourceLanguage"": ""es""}]",Explicit language-scoped provider card/set ID plus canonical set and collector identity; native name is corroborating only.,,exact_catalogue_record
pokemon|es|ES|set:f1ccd5e0b4303e43|187|unspecified,es,ES,pokemon|es|ES|tcgdex:sv03.5,"{""tcgdex"": ""sv03.5""}",187,165,"{""tcgdex"": ""sv03.5-187""}","[{""provider"": ""tcgdex"", ""providerCardId"": ""sv03.5-187"", ""providerSetId"": ""sv03.5"", ""serieId"": ""sv"", ""serieName"": ""Escarlata y Púrpura"", ""sourceLanguage"": ""es""}]",Explicit language-scoped provider card/set ID plus canonical set and collector identity; native name is corroborating only.,,exact_catalogue_record
pokemon|es|ES|set:858faa1d5d62ae48|129|unspecified,es,ES,pokemon|es|ES|tcgdex:sm10,"{""tcgdex"": ""sm10""}",129,214,"{""tcgdex"": ""sm10-129""}","[{""provider"": ""tcgdex"", ""providerCardId"": ""sm10-129"", ""providerSetId"": ""sm10"", ""serieId"": ""sm"", ""serieName"": ""Sol y Luna"", ""sourceLanguage"": ""es""}]",Explicit language-scoped provider card/set ID plus canonical set and collector identity; native name is corroborating only.,,exact_catalogue_record
pokemon|es|ES|set:470c98280e6ffe02|166|unspecified,es,ES,pokemon|es|ES|tcgdex:sv08.5,"{""tcgdex"": ""sv08.5""}",166,131,"{""tcgdex"": ""sv08.5-166""}","[{""provider"": ""tcgdex"", ""providerCardId"": ""sv08.5-166"", ""providerSetId"": ""sv08.5"", ""serieId"": ""sv"", ""serieName"": ""Escarlata y Púrpura"", ""sourceLanguage"": ""es""}]",Explicit language-scoped provider card/set ID plus canonical set and collector identity; native name is corroborating only.,,exact_catalogue_record
pokemon|es|ES|set:d0763714667223f0|58|unspecified,es,ES,pokemon|es|ES|tcgdex:swsh10,"{""tcgdex"": ""swsh10""}",058,189,"{""tcgdex"": ""swsh10-058""}","[{""provider"": ""tcgdex"", ""providerCardId"": ""swsh10-058"", ""providerSetId"": ""swsh10"", ""serieId"": ""swsh"", ""serieName"": ""Espada y Escudo"", ""sourceLanguage"": ""es""}]",Explicit language-scoped provider card/set ID plus canonical set and collector identity; native name is corroborating only.,,exact_catalogue_record
pokemon|es|ES|set:c31cc7324eb3dced|166|unspecified,es,ES,pokemon|es|ES|tcgdex:sv10.5b,"{""tcgdex"": ""sv10.5b""}",166,86,"{""tcgdex"": ""sv10.5b-166""}","[{""provider"": ""tcgdex"", ""providerCardId"": ""sv10.5b-166"", ""providerSetId"": ""sv10.5b"", ""serieId"": ""sv"", ""serieName"": ""Escarlata y Púrpura"", ""sourceLanguage"": ""es""}]",Explicit language-scoped provider card/set ID plus canonical set and collector identity; native name is corroborating only.,,exact_catalogue_record
pokemon|es|ES|set:c6f07fb1f5036a1b|176|unspecified,es,ES,pokemon|es|ES|tcgdex:swsh3,"{""tcgdex"": ""swsh3""}",176,189,"{""tcgdex"": ""swsh3-176""}","[{""provider"": ""tcgdex"", ""providerCardId"": ""swsh3-176"", ""providerSetId"": ""swsh3"", ""serieId"": ""swsh"", ""serieName"": ""Espada y Escudo"", ""sourceLanguage"": ""es""}]",Explicit language-scoped provider card/set ID plus canonical set and collector identity; native name is corroborating only.,,exact_catalogue_record
pokemon|es|ES|set:25a305153bf478d5|134|unspecified,es,ES,pokemon|es|ES|tcgdex:sm1,"{""tcgdex"": ""sm1""}",134,149,"{""tcgdex"": ""sm1-134""}","[{""provider"": ""tcgdex"", ""providerCardId"": ""sm1-134"", ""providerSetId"": ""sm1"", ""serieId"": ""sm"", ""serieName"": ""Sol y Luna"", ""sourceLanguage"": ""es""}]",Explicit language-scoped provider card/set ID plus canonical set and collector identity; native name is corroborating only.,,exact_catalogue_record
pokemon|es|ES|set:c6f07fb1f5036a1b|150|unspecified,es,ES,pokemon|es|ES|tcgdex:swsh3,"{""tcgdex"": ""swsh3""}",150,189,"{""tcgdex"": ""swsh3-150""}","[{""provider"": ""tcgdex"", ""providerCardId"": ""swsh3-150"", ""providerSetId"": ""swsh3"", ""serieId"": ""swsh"", ""serieName"": ""Espada y Escudo"", ""sourceLanguage"": ""es""}]",Explicit language-scoped provider card/set ID plus canonical set and collector identity; native name is corroborating only.,,exact_catalogue_record
pokemon|es|ES|set:4be80be20fbb2c8b|88|unspecified,es,ES,pokemon|es|ES|tcgdex:sm4,"{""tcgdex"": ""sm4""}",88,111,"{""tcgdex"": ""sm4-88""}","[{""provider"": ""tcgdex"", ""providerCardId"": ""sm4-88"", ""providerSetId"": ""sm4"", ""serieId"": ""sm"", ""serieName"": ""Sol y Luna"", ""sourceLanguage"": ""es""}]",Explicit language-scoped provider card/set ID plus canonical set and collector identity; native name is corroborating only.,,exact_catalogue_record
pokemon|es|ES|set:e7df4d534b8e4250|234|unspecified,es,ES,pokemon|es|ES|tcgdex:sv08,"{""tcgdex"": ""sv08""}",234,191,"{""tcgdex"": ""sv08-234""}","[{""provider"": ""tcgdex"", ""providerCardId"": ""sv08-234"", ""providerSetId"": ""sv08"", ""serieId"": ""sv"", ""serieName"": ""Escarlata y Púrpura"", ""sourceLanguage"": ""es""}]",Explicit language-scoped provider card/set ID plus canonical set and collector identity; native name is corroborating only.,,exact_catalogue_record
pokemon|es|ES|set:e7df4d534b8e4250|179|unspecified,es,ES,pokemon|es|ES|tcgdex:sv08,"{""tcgdex"": ""sv08""}",179,191,"{""tcgdex"": ""sv08-179""}","[{""provider"": ""tcgdex"", ""providerCardId"": ""sv08-179"", ""providerSetId"": ""sv08"", ""serieId"": ""sv"", ""serieName"": ""Escarlata y Púrpura"", ""sourceLanguage"": ""es""}]",Explicit language-scoped provider card/set ID plus canonical set and collector identity; native name is corroborating only.,,exact_catalogue_record
pokemon|es|ES|set:2c60141b51832142|SM91|unspecified,es,ES,pokemon|es|ES|tcgdex:smp,"{""tcgdex"": ""smp""}",SM91,248,"{""tcgdex"": ""smp-SM91""}","[{""provider"": ""tcgdex"", ""providerCardId"": ""smp-SM91"", ""providerSetId"": ""smp"", ""serieId"": ""sm"", ""serieName"": ""Sol y Luna"", ""sourceLanguage"": ""es""}]",Explicit language-scoped provider card/set ID plus canonical set and collector identity; native name is corroborating only.,,exact_catalogue_record
pokemon|es|ES|set:93b8bb88a729855e|111|unspecified,es,ES,pokemon|es|ES|tcgdex:sv04.5,"{""tcgdex"": ""sv04.5""}",111,91,"{""tcgdex"": ""sv04.5-111""}","[{""provider"": ""tcgdex"", ""providerCardId"": ""sv04.5-111"", ""providerSetId"": ""sv04.5"", ""serieId"": ""sv"", ""serieName"": ""Escarlata y Púrpura"", ""sourceLanguage"": ""es""}]",Explicit language-scoped provider card/set ID plus canonical set and collector identity; native name is corroborating only.,,exact_catalogue_record
pokemon|es|ES|set:e75add09621812a7|4|unspecified,es,ES,pokemon|es|ES|tcgdex:sv06,"{""tcgdex"": ""sv06""}",004,167,"{""tcgdex"": ""sv06-004""}","[{""provider"": ""tcgdex"", ""providerCardId"": ""sv06-004"", ""providerSetId"": ""sv06"", ""serieId"": ""sv"", ""serieName"": ""Escarlata y Púrpura"", ""sourceLanguage"": ""es""}]",Explicit language-scoped provider card/set ID plus canonical set and collector identity; native name is corroborating only.,,exact_catalogue_record
pokemon|es-419|LATAM|set:6ce71fcadcd75782|100|unspecified,es-419,LATAM,pokemon|es-419|LATAM|tcgdex:sv09,"{""tcgdex"": ""sv09""}",100,159,"{""tcgdex"": ""sv09-100""}","[{""provider"": ""tcgdex"", ""providerCardId"": ""sv09-100"", ""providerSetId"": ""sv09"", ""serieId"": ""sv"", ""serieName"": ""Escarlata y Púrpura"", ""sourceLanguage"": ""es-mx""}]",Explicit language-scoped provider card/set ID plus canonical set and collector identity; native name is corroborating only.,,exact_catalogue_record
pokemon|es-419|LATAM|set:6ce71fcadcd75782|101|unspecified,es-419,LATAM,pokemon|es-419|LATAM|tcgdex:sv09,"{""tcgdex"": ""sv09""}",101,159,"{""tcgdex"": ""sv09-101""}","[{""provider"": ""tcgdex"", ""providerCardId"": ""sv09-101"", ""providerSetId"": ""sv09"", ""serieId"": ""sv"", ""serieName"": ""Escarlata y Púrpura"", ""sourceLanguage"": ""es-mx""}]",Explicit language-scoped provider card/set ID plus canonical set and collector identity; native name is corroborating only.,,exact_catalogue_record
pokemon|es-419|LATAM|set:6ce71fcadcd75782|102|unspecified,es-419,LATAM,pokemon|es-419|LATAM|tcgdex:sv09,"{""tcgdex"": ""sv09""}",102,159,"{""tcgdex"": ""sv09-102""}","[{""provider"": ""tcgdex"", ""providerCardId"": ""sv09-102"", ""providerSetId"": ""sv09"", ""serieId"": ""sv"", ""serieName"": ""Escarlata y Púrpura"", ""sourceLanguage"": ""es-mx""}]",Explicit language-scoped provider card/set ID plus canonical set and collector identity; native name is corroborating only.,,exact_catalogue_record
pokemon|es-419|LATAM|set:6ce71fcadcd75782|103|unspecified,es-419,LATAM,pokemon|es-419|LATAM|tcgdex:sv09,"{""tcgdex"": ""sv09""}",103,159,"{""tcgdex"": ""sv09-103""}","[{""provider"": ""tcgdex"", ""providerCardId"": ""sv09-103"", ""providerSetId"": ""sv09"", ""serieId"": ""sv"", ""serieName"": ""Escarlata y Púrpura"", ""sourceLanguage"": ""es-mx""}]",Explicit language-scoped provider card/set ID plus canonical set and collector identity; native name is corroborating only.,,exact_catalogue_record
pokemon|es-419|LATAM|set:6ce71fcadcd75782|104|unspecified,es-419,LATAM,pokemon|es-419|LATAM|tcgdex:sv09,"{""tcgdex"": ""sv09""}",104,159,"{""tcgdex"": ""sv09-104""}","[{""provider"": ""tcgdex"", ""providerCardId"": ""sv09-104"", ""providerSetId"": ""sv09"", ""serieId"": ""sv"", ""serieName"": ""Escarlata y Púrpura"", ""sourceLanguage"": ""es-mx""}]",Explicit language-scoped provider card/set ID plus canonical set and collector identity; native name is corroborating only.,,exact_catalogue_record
pokemon|es-419|LATAM|set:6ce71fcadcd75782|105|unspecified,es-419,LATAM,pokemon|es-419|LATAM|tcgdex:sv09,"{""tcgdex"": ""sv09""}",105,159,"{""tcgdex"": ""sv09-105""}","[{""provider"": ""tcgdex"", ""providerCardId"": ""sv09-105"", ""providerSetId"": ""sv09"", ""serieId"": ""sv"", ""serieName"": ""Escarlata y Púrpura"", ""sourceLanguage"": ""es-mx""}]",Explicit language-scoped provider card/set ID plus canonical set and collector identity; native name is corroborating only.,,exact_catalogue_record
pokemon|es-419|LATAM|set:6ce71fcadcd75782|106|unspecified,es-419,LATAM,pokemon|es-419|LATAM|tcgdex:sv09,"{""tcgdex"": ""sv09""}",106,159,"{""tcgdex"": ""sv09-106""}","[{""provider"": ""tcgdex"", ""providerCardId"": ""sv09-106"", ""providerSetId"": ""sv09"", ""serieId"": ""sv"", ""serieName"": ""Escarlata y Púrpura"", ""sourceLanguage"": ""es-mx""}]",Explicit language-scoped provider card/set ID plus canonical set and collector identity; native name is corroborating only.,,exact_catalogue_record
pokemon|es-419|LATAM|set:6ce71fcadcd75782|107|unspecified,es-419,LATAM,pokemon|es-419|LATAM|tcgdex:sv09,"{""tcgdex"": ""sv09""}",107,159,"{""tcgdex"": ""sv09-107""}","[{""provider"": ""tcgdex"", ""providerCardId"": ""sv09-107"", ""providerSetId"": ""sv09"", ""serieId"": ""sv"", ""serieName"": ""Escarlata y Púrpura"", ""sourceLanguage"": ""es-mx""}]",Explicit language-scoped provider card/set ID plus canonical set and collector identity; native name is corroborating only.,,exact_catalogue_record
pokemon|es-419|LATAM|set:6ce71fcadcd75782|108|unspecified,es-419,LATAM,pokemon|es-419|LATAM|tcgdex:sv09,"{""tcgdex"": ""sv09""}",108,159,"{""tcgdex"": ""sv09-108""}","[{""provider"": ""tcgdex"", ""providerCardId"": ""sv09-108"", ""providerSetId"": ""sv09"", ""serieId"": ""sv"", ""serieName"": ""Escarlata y Púrpura"", ""sourceLanguage"": ""es-mx""}]",Explicit language-scoped provider card/set ID plus canonical set and collector identity; native name is corroborating only.,,exact_catalogue_record
pokemon|es-419|LATAM|set:6ce71fcadcd75782|109|unspecified,es-419,LATAM,pokemon|es-419|LATAM|tcgdex:sv09,"{""tcgdex"": ""sv09""}",109,159,"{""tcgdex"": ""sv09-109""}","[{""provider"": ""tcgdex"", ""providerCardId"": ""sv09-109"", ""providerSetId"": ""sv09"", ""serieId"": ""sv"", ""serieName"": ""Escarlata y Púrpura"", ""sourceLanguage"": ""es-mx""}]",Explicit language-scoped provider card/set ID plus canonical set and collector identity; native name is corroborating only.,,exact_catalogue_record
pokemon|es-419|LATAM|set:6ce71fcadcd75782|10|unspecified,es-419,LATAM,pokemon|es-419|LATAM|tcgdex:sv09,"{""tcgdex"": ""sv09""}",010,159,"{""tcgdex"": ""sv09-010""}","[{""provider"": ""tcgdex"", ""providerCardId"": ""sv09-010"", ""providerSetId"": ""sv09"", ""serieId"": ""sv"", ""serieName"": ""Escarlata y Púrpura"", ""sourceLanguage"": ""es-mx""}]",Explicit language-scoped provider card/set ID plus canonical set and collector identity; native name is corroborating only.,,exact_catalogue_record
pokemon|es-419|LATAM|set:6ce71fcadcd75782|110|unspecified,es-419,LATAM,pokemon|es-419|LATAM|tcgdex:sv09,"{""tcgdex"": ""sv09""}",110,159,"{""tcgdex"": ""sv09-110""}","[{""provider"": ""tcgdex"", ""providerCardId"": ""sv09-110"", ""providerSetId"": ""sv09"", ""serieId"": ""sv"", ""serieName"": ""Escarlata y Púrpura"", ""sourceLanguage"": ""es-mx""}]",Explicit language-scoped provider card/set ID plus canonical set and collector identity; native name is corroborating only.,,exact_catalogue_record
pokemon|es-419|LATAM|set:6ce71fcadcd75782|111|unspecified,es-419,LATAM,pokemon|es-419|LATAM|tcgdex:sv09,"{""tcgdex"": ""sv09""}",111,159,"{""tcgdex"": ""sv09-111""}","[{""provider"": ""tcgdex"", ""providerCardId"": ""sv09-111"", ""providerSetId"": ""sv09"", ""serieId"": ""sv"", ""serieName"": ""Escarlata y Púrpura"", ""sourceLanguage"": ""es-mx""}]",Explicit language-scoped provider card/set ID plus canonical set and collector identity; native name is corroborating only.,,exact_catalogue_record
pokemon|es-419|LATAM|set:6ce71fcadcd75782|112|unspecified,es-419,LATAM,pokemon|es-419|LATAM|tcgdex:sv09,"{""tcgdex"": ""sv09""}",112,159,"{""tcgdex"": ""sv09-112""}","[{""provider"": ""tcgdex"", ""providerCardId"": ""sv09-112"", ""providerSetId"": ""sv09"", ""serieId"": ""sv"", ""serieName"": ""Escarlata y Púrpura"", ""sourceLanguage"": ""es-mx""}]",Explicit language-scoped provider card/set ID plus canonical set and collector identity; native name is corroborating only.,,exact_catalogue_record
pokemon|es-419|LATAM|set:6ce71fcadcd75782|113|unspecified,es-419,LATAM,pokemon|es-419|LATAM|tcgdex:sv09,"{""tcgdex"": ""sv09""}",113,159,"{""tcgdex"": ""sv09-113""}","[{""provider"": ""tcgdex"", ""providerCardId"": ""sv09-113"", ""providerSetId"": ""sv09"", ""serieId"": ""sv"", ""serieName"": ""Escarlata y Púrpura"", ""sourceLanguage"": ""es-mx""}]",Explicit language-scoped provider card/set ID plus canonical set and collector identity; native name is corroborating only.,,exact_catalogue_record
pokemon|es-419|LATAM|set:c3c0fd6cce62fa01|9|unspecified,es-419,LATAM,pokemon|es-419|LATAM|tcgdex:me04,"{""tcgdex"": ""me04""}",009,86,"{""tcgdex"": ""me04-009""}","[{""provider"": ""tcgdex"", ""providerCardId"": ""me04-009"", ""providerSetId"": ""me04"", ""serieId"": ""me"", ""serieName"": ""Megaevolución"", ""sourceLanguage"": ""es-mx""}]",Explicit language-scoped provider card/set ID plus canonical set and collector identity; native name is corroborating only.,,exact_catalogue_record
pokemon|es-419|LATAM|set:c3c0fd6cce62fa01|99|unspecified,es-419,LATAM,pokemon|es-419|LATAM|tcgdex:me04,"{""tcgdex"": ""me04""}",099,86,"{""tcgdex"": ""me04-099""}","[{""provider"": ""tcgdex"", ""providerCardId"": ""me04-099"", ""providerSetId"": ""me04"", ""serieId"": ""me"", ""serieName"": ""Megaevolución"", ""sourceLanguage"": ""es-mx""}]",Explicit language-scoped provider card/set ID plus canonical set and collector identity; native name is corroborating only.,,exact_catalogue_record
pokemon|es-419|LATAM|set:c3c0fd6cce62fa01|98|unspecified,es-419,LATAM,pokemon|es-419|LATAM|tcgdex:me04,"{""tcgdex"": ""me04""}",098,86,"{""tcgdex"": ""me04-098""}","[{""provider"": ""tcgdex"", ""providerCardId"": ""me04-098"", ""providerSetId"": ""me04"", ""serieId"": ""me"", ""serieName"": ""Megaevolución"", ""sourceLanguage"": ""es-mx""}]",Explicit language-scoped provider card/set ID plus canonical set and collector identity; native name is corroborating only.,,exact_catalogue_record
pokemon|es-419|LATAM|set:c3c0fd6cce62fa01|97|unspecified,es-419,LATAM,pokemon|es-419|LATAM|tcgdex:me04,"{""tcgdex"": ""me04""}",097,86,"{""tcgdex"": ""me04-097""}","[{""provider"": ""tcgdex"", ""providerCardId"": ""me04-097"", ""providerSetId"": ""me04"", ""serieId"": ""me"", ""serieName"": ""Megaevolución"", ""sourceLanguage"": ""es-mx""}]",Explicit language-scoped provider card/set ID plus canonical set and collector identity; native name is corroborating only.,,exact_catalogue_record
pokemon|es-419|LATAM|set:c3c0fd6cce62fa01|96|unspecified,es-419,LATAM,pokemon|es-419|LATAM|tcgdex:me04,"{""tcgdex"": ""me04""}",096,86,"{""tcgdex"": ""me04-096""}","[{""provider"": ""tcgdex"", ""providerCardId"": ""me04-096"", ""providerSetId"": ""me04"", ""serieId"": ""me"", ""serieName"": ""Megaevolución"", ""sourceLanguage"": ""es-mx""}]",Explicit language-scoped provider card/set ID plus canonical set and collector identity; native name is corroborating only.,,exact_catalogue_record
pokemon|es-419|LATAM|set:c3c0fd6cce62fa01|95|unspecified,es-419,LATAM,pokemon|es-419|LATAM|tcgdex:me04,"{""tcgdex"": ""me04""}",095,86,"{""tcgdex"": ""me04-095""}","[{""provider"": ""tcgdex"", ""providerCardId"": ""me04-095"", ""providerSetId"": ""me04"", ""serieId"": ""me"", ""serieName"": ""Megaevolución"", ""sourceLanguage"": ""es-mx""}]",Explicit language-scoped provider card/set ID plus canonical set and collector identity; native name is corroborating only.,,exact_catalogue_record
pokemon|es-419|LATAM|set:c3c0fd6cce62fa01|94|unspecified,es-419,LATAM,pokemon|es-419|LATAM|tcgdex:me04,"{""tcgdex"": ""me04""}",094,86,"{""tcgdex"": ""me04-094""}","[{""provider"": ""tcgdex"", ""providerCardId"": ""me04-094"", ""providerSetId"": ""me04"", ""serieId"": ""me"", ""serieName"": ""Megaevolución"", ""sourceLanguage"": ""es-mx""}]",Explicit language-scoped provider card/set ID plus canonical set and collector identity; native name is corroborating only.,,exact_catalogue_record
pokemon|es-419|LATAM|set:c3c0fd6cce62fa01|93|unspecified,es-419,LATAM,pokemon|es-419|LATAM|tcgdex:me04,"{""tcgdex"": ""me04""}",093,86,"{""tcgdex"": ""me04-093""}","[{""provider"": ""tcgdex"", ""providerCardId"": ""me04-093"", ""providerSetId"": ""me04"", ""serieId"": ""me"", ""serieName"": ""Megaevolución"", ""sourceLanguage"": ""es-mx""}]",Explicit language-scoped provider card/set ID plus canonical set and collector identity; native name is corroborating only.,,exact_catalogue_record
pokemon|es-419|LATAM|set:c3c0fd6cce62fa01|92|unspecified,es-419,LATAM,pokemon|es-419|LATAM|tcgdex:me04,"{""tcgdex"": ""me04""}",092,86,"{""tcgdex"": ""me04-092""}","[{""provider"": ""tcgdex"", ""providerCardId"": ""me04-092"", ""providerSetId"": ""me04"", ""serieId"": ""me"", ""serieName"": ""Megaevolución"", ""sourceLanguage"": ""es-mx""}]",Explicit language-scoped provider card/set ID plus canonical set and collector identity; native name is corroborating only.,,exact_catalogue_record
pokemon|es-419|LATAM|set:c3c0fd6cce62fa01|91|unspecified,es-419,LATAM,pokemon|es-419|LATAM|tcgdex:me04,"{""tcgdex"": ""me04""}",091,86,"{""tcgdex"": ""me04-091""}","[{""provider"": ""tcgdex"", ""providerCardId"": ""me04-091"", ""providerSetId"": ""me04"", ""serieId"": ""me"", ""serieName"": ""Megaevolución"", ""sourceLanguage"": ""es-mx""}]",Explicit language-scoped provider card/set ID plus canonical set and collector identity; native name is corroborating only.,,exact_catalogue_record
pokemon|es-419|LATAM|set:c3c0fd6cce62fa01|90|unspecified,es-419,LATAM,pokemon|es-419|LATAM|tcgdex:me04,"{""tcgdex"": ""me04""}",090,86,"{""tcgdex"": ""me04-090""}","[{""provider"": ""tcgdex"", ""providerCardId"": ""me04-090"", ""providerSetId"": ""me04"", ""serieId"": ""me"", ""serieName"": ""Megaevolución"", ""sourceLanguage"": ""es-mx""}]",Explicit language-scoped provider card/set ID plus canonical set and collector identity; native name is corroborating only.,,exact_catalogue_record
pokemon|es-419|LATAM|set:c3c0fd6cce62fa01|8|unspecified,es-419,LATAM,pokemon|es-419|LATAM|tcgdex:me04,"{""tcgdex"": ""me04""}",008,86,"{""tcgdex"": ""me04-008""}","[{""provider"": ""tcgdex"", ""providerCardId"": ""me04-008"", ""providerSetId"": ""me04"", ""serieId"": ""me"", ""serieName"": ""Megaevolución"", ""sourceLanguage"": ""es-mx""}]",Explicit language-scoped provider card/set ID plus canonical set and collector identity; native name is corroborating only.,,exact_catalogue_record
pokemon|es-419|LATAM|set:c3c0fd6cce62fa01|89|unspecified,es-419,LATAM,pokemon|es-419|LATAM|tcgdex:me04,"{""tcgdex"": ""me04""}",089,86,"{""tcgdex"": ""me04-089""}","[{""provider"": ""tcgdex"", ""providerCardId"": ""me04-089"", ""providerSetId"": ""me04"", ""serieId"": ""me"", ""serieName"": ""Megaevolución"", ""sourceLanguage"": ""es-mx""}]",Explicit language-scoped provider card/set ID plus canonical set and collector identity; native name is corroborating only.,,exact_catalogue_record
pokemon|es-419|LATAM|set:c3c0fd6cce62fa01|88|unspecified,es-419,LATAM,pokemon|es-419|LATAM|tcgdex:me04,"{""tcgdex"": ""me04""}",088,86,"{""tcgdex"": ""me04-088""}","[{""provider"": ""tcgdex"", ""providerCardId"": ""me04-088"", ""providerSetId"": ""me04"", ""serieId"": ""me"", ""serieName"": ""Megaevolución"", ""sourceLanguage"": ""es-mx""}]",Explicit language-scoped provider card/set ID plus canonical set and collector identity; native name is corroborating only.,,exact_catalogue_record
pokemon|es-419|LATAM|set:c3c0fd6cce62fa01|87|unspecified,es-419,LATAM,pokemon|es-419|LATAM|tcgdex:me04,"{""tcgdex"": ""me04""}",087,86,"{""tcgdex"": ""me04-087""}","[{""provider"": ""tcgdex"", ""providerCardId"": ""me04-087"", ""providerSetId"": ""me04"", ""serieId"": ""me"", ""serieName"": ""Megaevolución"", ""sourceLanguage"": ""es-mx""}]",Explicit language-scoped provider card/set ID plus canonical set and collector identity; native name is corroborating only.,,exact_catalogue_record
pokemon|es-419|LATAM|set:807c1c725086db62|1|unspecified,es-419,LATAM,pokemon|es-419|LATAM|tcgdex:me01,"{""tcgdex"": ""me01""}",001,132,"{""tcgdex"": ""me01-001""}","[{""provider"": ""tcgdex"", ""providerCardId"": ""me01-001"", ""providerSetId"": ""me01"", ""serieId"": ""me"", ""serieName"": ""Megaevolución"", ""sourceLanguage"": ""es-mx""}]",Explicit language-scoped provider card/set ID plus canonical set and collector identity; native name is corroborating only.,,exact_catalogue_record
pokemon|es-419|LATAM|set:807c1c725086db62|10|unspecified,es-419,LATAM,pokemon|es-419|LATAM|tcgdex:me01,"{""tcgdex"": ""me01""}",010,132,"{""tcgdex"": ""me01-010""}","[{""provider"": ""tcgdex"", ""providerCardId"": ""me01-010"", ""providerSetId"": ""me01"", ""serieId"": ""me"", ""serieName"": ""Megaevolución"", ""sourceLanguage"": ""es-mx""}]",Explicit language-scoped provider card/set ID plus canonical set and collector identity; native name is corroborating only.,,exact_catalogue_record
pokemon|es-419|LATAM|set:807c1c725086db62|11|unspecified,es-419,LATAM,pokemon|es-419|LATAM|tcgdex:me01,"{""tcgdex"": ""me01""}",011,132,"{""tcgdex"": ""me01-011""}","[{""provider"": ""tcgdex"", ""providerCardId"": ""me01-011"", ""providerSetId"": ""me01"", ""serieId"": ""me"", ""serieName"": ""Megaevolución"", ""sourceLanguage"": ""es-mx""}]",Explicit language-scoped provider card/set ID plus canonical set and collector identity; native name is corroborating only.,,exact_catalogue_record
pokemon|es-419|LATAM|set:807c1c725086db62|12|unspecified,es-419,LATAM,pokemon|es-419|LATAM|tcgdex:me01,"{""tcgdex"": ""me01""}",012,132,"{""tcgdex"": ""me01-012""}","[{""provider"": ""tcgdex"", ""providerCardId"": ""me01-012"", ""providerSetId"": ""me01"", ""serieId"": ""me"", ""serieName"": ""Megaevolución"", ""sourceLanguage"": ""es-mx""}]",Explicit language-scoped provider card/set ID plus canonical set and collector identity; native name is corroborating only.,,exact_catalogue_record
pokemon|es-419|LATAM|set:807c1c725086db62|13|unspecified,es-419,LATAM,pokemon|es-419|LATAM|tcgdex:me01,"{""tcgdex"": ""me01""}",013,132,"{""tcgdex"": ""me01-013""}","[{""provider"": ""tcgdex"", ""providerCardId"": ""me01-013"", ""providerSetId"": ""me01"", ""serieId"": ""me"", ""serieName"": ""Megaevolución"", ""sourceLanguage"": ""es-mx""}]",Explicit language-scoped provider card/set ID plus canonical set and collector identity; native name is corroborating only.,,exact_catalogue_record
pokemon|es-419|LATAM|set:807c1c725086db62|14|unspecified,es-419,LATAM,pokemon|es-419|LATAM|tcgdex:me01,"{""tcgdex"": ""me01""}",014,132,"{""tcgdex"": ""me01-014""}","[{""provider"": ""tcgdex"", ""providerCardId"": ""me01-014"", ""providerSetId"": ""me01"", ""serieId"": ""me"", ""serieName"": ""Megaevolución"", ""sourceLanguage"": ""es-mx""}]",Explicit language-scoped provider card/set ID plus canonical set and collector identity; native name is corroborating only.,,exact_catalogue_record
pokemon|es-419|LATAM|set:807c1c725086db62|15|unspecified,es-419,LATAM,pokemon|es-419|LATAM|tcgdex:me01,"{""tcgdex"": ""me01""}",015,132,"{""tcgdex"": ""me01-015""}","[{""provider"": ""tcgdex"", ""providerCardId"": ""me01-015"", ""providerSetId"": ""me01"", ""serieId"": ""me"", ""serieName"": ""Megaevolución"", ""sourceLanguage"": ""es-mx""}]",Explicit language-scoped provider card/set ID plus canonical set and collector identity; native name is corroborating only.,,exact_catalogue_record
pokemon|es-419|LATAM|set:807c1c725086db62|16|unspecified,es-419,LATAM,pokemon|es-419|LATAM|tcgdex:me01,"{""tcgdex"": ""me01""}",016,132,"{""tcgdex"": ""me01-016""}","[{""provider"": ""tcgdex"", ""providerCardId"": ""me01-016"", ""providerSetId"": ""me01"", ""serieId"": ""me"", ""serieName"": ""Megaevolución"", ""sourceLanguage"": ""es-mx""}]",Explicit language-scoped provider card/set ID plus canonical set and collector identity; native name is corroborating only.,,exact_catalogue_record
pokemon|es-419|LATAM|set:807c1c725086db62|17|unspecified,es-419,LATAM,pokemon|es-419|LATAM|tcgdex:me01,"{""tcgdex"": ""me01""}",017,132,"{""tcgdex"": ""me01-017""}","[{""provider"": ""tcgdex"", ""providerCardId"": ""me01-017"", ""providerSetId"": ""me01"", ""serieId"": ""me"", ""serieName"": ""Megaevolución"", ""sourceLanguage"": ""es-mx""}]",Explicit language-scoped provider card/set ID plus canonical set and collector identity; native name is corroborating only.,,exact_catalogue_record
pokemon|es-419|LATAM|set:807c1c725086db62|18|unspecified,es-419,LATAM,pokemon|es-419|LATAM|tcgdex:me01,"{""tcgdex"": ""me01""}",018,132,"{""tcgdex"": ""me01-018""}","[{""provider"": ""tcgdex"", ""providerCardId"": ""me01-018"", ""providerSetId"": ""me01"", ""serieId"": ""me"", ""serieName"": ""Megaevolución"", ""sourceLanguage"": ""es-mx""}]",Explicit language-scoped provider card/set ID plus canonical set and collector identity; native name is corroborating only.,,exact_catalogue_record
pokemon|es-419|LATAM|set:40b5e3c06b947942|1|unspecified,es-419,LATAM,pokemon|es-419|LATAM|tcgdex:mep,"{""tcgdex"": ""mep""}",001,0,"{""tcgdex"": ""mep-001""}","[{""provider"": ""tcgdex"", ""providerCardId"": ""mep-001"", ""providerSetId"": ""mep"", ""serieId"": ""me"", ""serieName"": ""Megaevolución"", ""sourceLanguage"": ""es-mx""}]",Explicit language-scoped provider card/set ID plus canonical set and collector identity; native name is corroborating only.,,exact_catalogue_record
pokemon|es-419|LATAM|set:40b5e3c06b947942|11|unspecified,es-419,LATAM,pokemon|es-419|LATAM|tcgdex:mep,"{""tcgdex"": ""mep""}",011,0,"{""tcgdex"": ""mep-011""}","[{""provider"": ""tcgdex"", ""providerCardId"": ""mep-011"", ""providerSetId"": ""mep"", ""serieId"": ""me"", ""serieName"": ""Megaevolución"", ""sourceLanguage"": ""es-mx""}]",Explicit language-scoped provider card/set ID plus canonical set and collector identity; native name is corroborating only.,,exact_catalogue_record
pokemon|es-419|LATAM|set:40b5e3c06b947942|12|unspecified,es-419,LATAM,pokemon|es-419|LATAM|tcgdex:mep,"{""tcgdex"": ""mep""}",012,0,"{""tcgdex"": ""mep-012""}","[{""provider"": ""tcgdex"", ""providerCardId"": ""mep-012"", ""providerSetId"": ""mep"", ""serieId"": ""me"", ""serieName"": ""Megaevolución"", ""sourceLanguage"": ""es-mx""}]",Explicit language-scoped provider card/set ID plus canonical set and collector identity; native name is corroborating only.,,exact_catalogue_record
pokemon|es-419|LATAM|set:40b5e3c06b947942|13|unspecified,es-419,LATAM,pokemon|es-419|LATAM|tcgdex:mep,"{""tcgdex"": ""mep""}",013,0,"{""tcgdex"": ""mep-013""}","[{""provider"": ""tcgdex"", ""providerCardId"": ""mep-013"", ""providerSetId"": ""mep"", ""serieId"": ""me"", ""serieName"": ""Megaevolución"", ""sourceLanguage"": ""es-mx""}]",Explicit language-scoped provider card/set ID plus canonical set and collector identity; native name is corroborating only.,,exact_catalogue_record
pokemon|es-419|LATAM|set:40b5e3c06b947942|14|unspecified,es-419,LATAM,pokemon|es-419|LATAM|tcgdex:mep,"{""tcgdex"": ""mep""}",014,0,"{""tcgdex"": ""mep-014""}","[{""provider"": ""tcgdex"", ""providerCardId"": ""mep-014"", ""providerSetId"": ""mep"", ""serieId"": ""me"", ""serieName"": ""Megaevolución"", ""sourceLanguage"": ""es-mx""}]",Explicit language-scoped provider card/set ID plus canonical set and collector identity; native name is corroborating only.,,exact_catalogue_record
pokemon|es-419|LATAM|set:40b5e3c06b947942|15|unspecified,es-419,LATAM,pokemon|es-419|LATAM|tcgdex:mep,"{""tcgdex"": ""mep""}",015,0,"{""tcgdex"": ""mep-015""}","[{""provider"": ""tcgdex"", ""providerCardId"": ""mep-015"", ""providerSetId"": ""mep"", ""serieId"": ""me"", ""serieName"": ""Megaevolución"", ""sourceLanguage"": ""es-mx""}]",Explicit language-scoped provider card/set ID plus canonical set and collector identity; native name is corroborating only.,,exact_catalogue_record
pokemon|es-419|LATAM|set:40b5e3c06b947942|16|unspecified,es-419,LATAM,pokemon|es-419|LATAM|tcgdex:mep,"{""tcgdex"": ""mep""}",016,0,"{""tcgdex"": ""mep-016""}","[{""provider"": ""tcgdex"", ""providerCardId"": ""mep-016"", ""providerSetId"": ""mep"", ""serieId"": ""me"", ""serieName"": ""Megaevolución"", ""sourceLanguage"": ""es-mx""}]",Explicit language-scoped provider card/set ID plus canonical set and collector identity; native name is corroborating only.,,exact_catalogue_record
pokemon|es-419|LATAM|set:40b5e3c06b947942|17|unspecified,es-419,LATAM,pokemon|es-419|LATAM|tcgdex:mep,"{""tcgdex"": ""mep""}",017,0,"{""tcgdex"": ""mep-017""}","[{""provider"": ""tcgdex"", ""providerCardId"": ""mep-017"", ""providerSetId"": ""mep"", ""serieId"": ""me"", ""serieName"": ""Megaevolución"", ""sourceLanguage"": ""es-mx""}]",Explicit language-scoped provider card/set ID plus canonical set and collector identity; native name is corroborating only.,,exact_catalogue_record
pokemon|es-419|LATAM|set:40b5e3c06b947942|2|unspecified,es-419,LATAM,pokemon|es-419|LATAM|tcgdex:mep,"{""tcgdex"": ""mep""}",002,0,"{""tcgdex"": ""mep-002""}","[{""provider"": ""tcgdex"", ""providerCardId"": ""mep-002"", ""providerSetId"": ""mep"", ""serieId"": ""me"", ""serieName"": ""Megaevolución"", ""sourceLanguage"": ""es-mx""}]",Explicit language-scoped provider card/set ID plus canonical set and collector identity; native name is corroborating only.,,exact_catalogue_record
pokemon|es-419|LATAM|set:40b5e3c06b947942|3|unspecified,es-419,LATAM,pokemon|es-419|LATAM|tcgdex:mep,"{""tcgdex"": ""mep""}",003,0,"{""tcgdex"": ""mep-003""}","[{""provider"": ""tcgdex"", ""providerCardId"": ""mep-003"", ""providerSetId"": ""mep"", ""serieId"": ""me"", ""serieName"": ""Megaevolución"", ""sourceLanguage"": ""es-mx""}]",Explicit language-scoped provider card/set ID plus canonical set and collector identity; native name is corroborating only.,,exact_catalogue_record
pokemon|es-419|LATAM|set:807c1c725086db62|185|unspecified,es-419,LATAM,pokemon|es-419|LATAM|tcgdex:me01,"{""tcgdex"": ""me01""}",185,132,"{""tcgdex"": ""me01-185""}","[{""provider"": ""tcgdex"", ""providerCardId"": ""me01-185"", ""providerSetId"": ""me01"", ""serieId"": ""me"", ""serieName"": ""Megaevolución"", ""sourceLanguage"": ""es-mx""}]",Explicit language-scoped provider card/set ID plus canonical set and collector identity; native name is corroborating only.,,exact_catalogue_record
pokemon|es-419|LATAM|set:9470a8d87c490213|240|unspecified,es-419,LATAM,pokemon|es-419|LATAM|tcgdex:sv10,"{""tcgdex"": ""sv10""}",240,182,"{""tcgdex"": ""sv10-240""}","[{""provider"": ""tcgdex"", ""providerCardId"": ""sv10-240"", ""providerSetId"": ""sv10"", ""serieId"": ""sv"", ""serieName"": ""Escarlata y Púrpura"", ""sourceLanguage"": ""es-mx""}]",Explicit language-scoped provider card/set ID plus canonical set and collector identity; native name is corroborating only.,,exact_catalogue_record
pokemon|es-419|LATAM|set:1189c65e8a3d3eea|227|unspecified,es-419,LATAM,pokemon|es-419|LATAM|tcgdex:me02.5,"{""tcgdex"": ""me02.5""}",227,217,"{""tcgdex"": ""me02.5-227""}","[{""provider"": ""tcgdex"", ""providerCardId"": ""me02.5-227"", ""providerSetId"": ""me02.5"", ""serieId"": ""me"", ""serieName"": ""Megaevolución"", ""sourceLanguage"": ""es-mx""}]",Explicit language-scoped provider card/set ID plus canonical set and collector identity; native name is corroborating only.,,exact_catalogue_record
pokemon|es-419|LATAM|set:6ce71fcadcd75782|17|unspecified,es-419,LATAM,pokemon|es-419|LATAM|tcgdex:sv09,"{""tcgdex"": ""sv09""}",017,159,"{""tcgdex"": ""sv09-017""}","[{""provider"": ""tcgdex"", ""providerCardId"": ""sv09-017"", ""providerSetId"": ""sv09"", ""serieId"": ""sv"", ""serieName"": ""Escarlata y Púrpura"", ""sourceLanguage"": ""es-mx""}]",Explicit language-scoped provider card/set ID plus canonical set and collector identity; native name is corroborating only.,,exact_catalogue_record
pokemon|es-419|LATAM|set:807c1c725086db62|7|unspecified,es-419,LATAM,pokemon|es-419|LATAM|tcgdex:me01,"{""tcgdex"": ""me01""}",007,132,"{""tcgdex"": ""me01-007""}","[{""provider"": ""tcgdex"", ""providerCardId"": ""me01-007"", ""providerSetId"": ""me01"", ""serieId"": ""me"", ""serieName"": ""Megaevolución"", ""sourceLanguage"": ""es-mx""}]",Explicit language-scoped provider card/set ID plus canonical set and collector identity; native name is corroborating only.,,exact_catalogue_record
pokemon|es-419|LATAM|set:9470a8d87c490213|3|unspecified,es-419,LATAM,pokemon|es-419|LATAM|tcgdex:sv10,"{""tcgdex"": ""sv10""}",003,182,"{""tcgdex"": ""sv10-003""}","[{""provider"": ""tcgdex"", ""providerCardId"": ""sv10-003"", ""providerSetId"": ""sv10"", ""serieId"": ""sv"", ""serieName"": ""Escarlata y Púrpura"", ""sourceLanguage"": ""es-mx""}]",Explicit language-scoped provider card/set ID plus canonical set and collector identity; native name is corroborating only.,,exact_catalogue_record
pokemon|es-419|LATAM|set:9470a8d87c490213|101|unspecified,es-419,LATAM,pokemon|es-419|LATAM|tcgdex:sv10,"{""tcgdex"": ""sv10""}",101,182,"{""tcgdex"": ""sv10-101""}","[{""provider"": ""tcgdex"", ""providerCardId"": ""sv10-101"", ""providerSetId"": ""sv10"", ""serieId"": ""sv"", ""serieName"": ""Escarlata y Púrpura"", ""sourceLanguage"": ""es-mx""}]",Explicit language-scoped provider card/set ID plus canonical set and collector identity; native name is corroborating only.,,exact_catalogue_record
pokemon|es-419|LATAM|set:6ce71fcadcd75782|123|unspecified,es-419,LATAM,pokemon|es-419|LATAM|tcgdex:sv09,"{""tcgdex"": ""sv09""}",123,159,"{""tcgdex"": ""sv09-123""}","[{""provider"": ""tcgdex"", ""providerCardId"": ""sv09-123"", ""providerSetId"": ""sv09"", ""serieId"": ""sv"", ""serieName"": ""Escarlata y Púrpura"", ""sourceLanguage"": ""es-mx""}]",Explicit language-scoped provider card/set ID plus canonical set and collector identity; native name is corroborating only.,,exact_catalogue_record
pokemon|es-419|LATAM|set:6ce71fcadcd75782|94|unspecified,es-419,LATAM,pokemon|es-419|LATAM|tcgdex:sv09,"{""tcgdex"": ""sv09""}",094,159,"{""tcgdex"": ""sv09-094""}","[{""provider"": ""tcgdex"", ""providerCardId"": ""sv09-094"", ""providerSetId"": ""sv09"", ""serieId"": ""sv"", ""serieName"": ""Escarlata y Púrpura"", ""sourceLanguage"": ""es-mx""}]",Explicit language-scoped provider card/set ID plus canonical set and collector identity; native name is corroborating only.,,exact_catalogue_record
pokemon|es-419|LATAM|set:807c1c725086db62|131|unspecified,es-419,LATAM,pokemon|es-419|LATAM|tcgdex:me01,"{""tcgdex"": ""me01""}",131,132,"{""tcgdex"": ""me01-131""}","[{""provider"": ""tcgdex"", ""providerCardId"": ""me01-131"", ""providerSetId"": ""me01"", ""serieId"": ""me"", ""serieName"": ""Megaevolución"", ""sourceLanguage"": ""es-mx""}]",Explicit language-scoped provider card/set ID plus canonical set and collector identity; native name is corroborating only.,,exact_catalogue_record
pokemon|es-419|LATAM|set:807c1c725086db62|47|unspecified,es-419,LATAM,pokemon|es-419|LATAM|tcgdex:me01,"{""tcgdex"": ""me01""}",047,132,"{""tcgdex"": ""me01-047""}","[{""provider"": ""tcgdex"", ""providerCardId"": ""me01-047"", ""providerSetId"": ""me01"", ""serieId"": ""me"", ""serieName"": ""Megaevolución"", ""sourceLanguage"": ""es-mx""}]",Explicit language-scoped provider card/set ID plus canonical set and collector identity; native name is corroborating only.,,exact_catalogue_record
pokemon|es-419|LATAM|set:1189c65e8a3d3eea|64|unspecified,es-419,LATAM,pokemon|es-419|LATAM|tcgdex:me02.5,"{""tcgdex"": ""me02.5""}",064,217,"{""tcgdex"": ""me02.5-064""}","[{""provider"": ""tcgdex"", ""providerCardId"": ""me02.5-064"", ""providerSetId"": ""me02.5"", ""serieId"": ""me"", ""serieName"": ""Megaevolución"", ""sourceLanguage"": ""es-mx""}]",Explicit language-scoped provider card/set ID plus canonical set and collector identity; native name is corroborating only.,,exact_catalogue_record
pokemon|es-419|LATAM|set:1189c65e8a3d3eea|86|unspecified,es-419,LATAM,pokemon|es-419|LATAM|tcgdex:me02.5,"{""tcgdex"": ""me02.5""}",086,217,"{""tcgdex"": ""me02.5-086""}","[{""provider"": ""tcgdex"", ""providerCardId"": ""me02.5-086"", ""providerSetId"": ""me02.5"", ""serieId"": ""me"", ""serieName"": ""Megaevolución"", ""sourceLanguage"": ""es-mx""}]",Explicit language-scoped provider card/set ID plus canonical set and collector identity; native name is corroborating only.,,exact_catalogue_record
pokemon|es-419|LATAM|set:1189c65e8a3d3eea|127|unspecified,es-419,LATAM,pokemon|es-419|LATAM|tcgdex:me02.5,"{""tcgdex"": ""me02.5""}",127,217,"{""tcgdex"": ""me02.5-127""}","[{""provider"": ""tcgdex"", ""providerCardId"": ""me02.5-127"", ""providerSetId"": ""me02.5"", ""serieId"": ""me"", ""serieName"": ""Megaevolución"", ""sourceLanguage"": ""es-mx""}]",Explicit language-scoped provider card/set ID plus canonical set and collector identity; native name is corroborating only.,,exact_catalogue_record
pokemon|es-419|LATAM|set:2690ce7fc8f8c49c|63|unspecified,es-419,LATAM,pokemon|es-419|LATAM|tcgdex:me02,"{""tcgdex"": ""me02""}",063,94,"{""tcgdex"": ""me02-063""}","[{""provider"": ""tcgdex"", ""providerCardId"": ""me02-063"", ""providerSetId"": ""me02"", ""serieId"": ""me"", ""serieName"": ""Megaevolución"", ""sourceLanguage"": ""es-mx""}]",Explicit language-scoped provider card/set ID plus canonical set and collector identity; native name is corroborating only.,,exact_catalogue_record
pokemon|es-419|LATAM|set:1189c65e8a3d3eea|14|unspecified,es-419,LATAM,pokemon|es-419|LATAM|tcgdex:me02.5,"{""tcgdex"": ""me02.5""}",014,217,"{""tcgdex"": ""me02.5-014""}","[{""provider"": ""tcgdex"", ""providerCardId"": ""me02.5-014"", ""providerSetId"": ""me02.5"", ""serieId"": ""me"", ""serieName"": ""Megaevolución"", ""sourceLanguage"": ""es-mx""}]",Explicit language-scoped provider card/set ID plus canonical set and collector identity; native name is corroborating only.,,exact_catalogue_record
pokemon|es-419|LATAM|set:807c1c725086db62|79|unspecified,es-419,LATAM,pokemon|es-419|LATAM|tcgdex:me01,"{""tcgdex"": ""me01""}",079,132,"{""tcgdex"": ""me01-079""}","[{""provider"": ""tcgdex"", ""providerCardId"": ""me01-079"", ""providerSetId"": ""me01"", ""serieId"": ""me"", ""serieName"": ""Megaevolución"", ""sourceLanguage"": ""es-mx""}]",Explicit language-scoped provider card/set ID plus canonical set and collector identity; native name is corroborating only.,,exact_catalogue_record
pokemon|es-419|LATAM|set:2690ce7fc8f8c49c|58|unspecified,es-419,LATAM,pokemon|es-419|LATAM|tcgdex:me02,"{""tcgdex"": ""me02""}",058,94,"{""tcgdex"": ""me02-058""}","[{""provider"": ""tcgdex"", ""providerCardId"": ""me02-058"", ""providerSetId"": ""me02"", ""serieId"": ""me"", ""serieName"": ""Megaevolución"", ""sourceLanguage"": ""es-mx""}]",Explicit language-scoped provider card/set ID plus canonical set and collector identity; native name is corroborating only.,,exact_catalogue_record
pokemon|es-419|LATAM|set:9470a8d87c490213|112|unspecified,es-419,LATAM,pokemon|es-419|LATAM|tcgdex:sv10,"{""tcgdex"": ""sv10""}",112,182,"{""tcgdex"": ""sv10-112""}","[{""provider"": ""tcgdex"", ""providerCardId"": ""sv10-112"", ""providerSetId"": ""sv10"", ""serieId"": ""sv"", ""serieName"": ""Escarlata y Púrpura"", ""sourceLanguage"": ""es-mx""}]",Explicit language-scoped provider card/set ID plus canonical set and collector identity; native name is corroborating only.,,exact_catalogue_record
pokemon|es-419|LATAM|set:9470a8d87c490213|67|unspecified,es-419,LATAM,pokemon|es-419|LATAM|tcgdex:sv10,"{""tcgdex"": ""sv10""}",067,182,"{""tcgdex"": ""sv10-067""}","[{""provider"": ""tcgdex"", ""providerCardId"": ""sv10-067"", ""providerSetId"": ""sv10"", ""serieId"": ""sv"", ""serieName"": ""Escarlata y Púrpura"", ""sourceLanguage"": ""es-mx""}]",Explicit language-scoped provider card/set ID plus canonical set and collector identity; native name is corroborating only.,,exact_catalogue_record
pokemon|es-419|LATAM|set:6ce71fcadcd75782|20|unspecified,es-419,LATAM,pokemon|es-419|LATAM|tcgdex:sv09,"{""tcgdex"": ""sv09""}",020,159,"{""tcgdex"": ""sv09-020""}","[{""provider"": ""tcgdex"", ""providerCardId"": ""sv09-020"", ""providerSetId"": ""sv09"", ""serieId"": ""sv"", ""serieName"": ""Escarlata y Púrpura"", ""sourceLanguage"": ""es-mx""}]",Explicit language-scoped provider card/set ID plus canonical set and collector identity; native name is corroborating only.,,exact_catalogue_record
pokemon|es-419|LATAM|set:c3c0fd6cce62fa01|109|unspecified,es-419,LATAM,pokemon|es-419|LATAM|tcgdex:me04,"{""tcgdex"": ""me04""}",109,86,"{""tcgdex"": ""me04-109""}","[{""provider"": ""tcgdex"", ""providerCardId"": ""me04-109"", ""providerSetId"": ""me04"", ""serieId"": ""me"", ""serieName"": ""Megaevolución"", ""sourceLanguage"": ""es-mx""}]",Explicit language-scoped provider card/set ID plus canonical set and collector identity; native name is corroborating only.,,exact_catalogue_record
pokemon|es-419|LATAM|set:6ce71fcadcd75782|160|unspecified,es-419,LATAM,pokemon|es-419|LATAM|tcgdex:sv09,"{""tcgdex"": ""sv09""}",160,159,"{""tcgdex"": ""sv09-160""}","[{""provider"": ""tcgdex"", ""providerCardId"": ""sv09-160"", ""providerSetId"": ""sv09"", ""serieId"": ""sv"", ""serieName"": ""Escarlata y Púrpura"", ""sourceLanguage"": ""es-mx""}]",Explicit language-scoped provider card/set ID plus canonical set and collector identity; native name is corroborating only.,,exact_catalogue_record
pokemon|es-419|LATAM|set:2690ce7fc8f8c49c|89|unspecified,es-419,LATAM,pokemon|es-419|LATAM|tcgdex:me02,"{""tcgdex"": ""me02""}",089,94,"{""tcgdex"": ""me02-089""}","[{""provider"": ""tcgdex"", ""providerCardId"": ""me02-089"", ""providerSetId"": ""me02"", ""serieId"": ""me"", ""serieName"": ""Megaevolución"", ""sourceLanguage"": ""es-mx""}]",Explicit language-scoped provider card/set ID plus canonical set and collector identity; native name is corroborating only.,,exact_catalogue_record
pokemon|es-419|LATAM|set:6ce71fcadcd75782|120|unspecified,es-419,LATAM,pokemon|es-419|LATAM|tcgdex:sv09,"{""tcgdex"": ""sv09""}",120,159,"{""tcgdex"": ""sv09-120""}","[{""provider"": ""tcgdex"", ""providerCardId"": ""sv09-120"", ""providerSetId"": ""sv09"", ""serieId"": ""sv"", ""serieName"": ""Escarlata y Púrpura"", ""sourceLanguage"": ""es-mx""}]",Explicit language-scoped provider card/set ID plus canonical set and collector identity; native name is corroborating only.,,exact_catalogue_record
pokemon|es-419|LATAM|set:6ce71fcadcd75782|67|unspecified,es-419,LATAM,pokemon|es-419|LATAM|tcgdex:sv09,"{""tcgdex"": ""sv09""}",067,159,"{""tcgdex"": ""sv09-067""}","[{""provider"": ""tcgdex"", ""providerCardId"": ""sv09-067"", ""providerSetId"": ""sv09"", ""serieId"": ""sv"", ""serieName"": ""Escarlata y Púrpura"", ""sourceLanguage"": ""es-mx""}]",Explicit language-scoped provider card/set ID plus canonical set and collector identity; native name is corroborating only.,,exact_catalogue_record
pokemon|es-419|LATAM|set:1189c65e8a3d3eea|135|unspecified,es-419,LATAM,pokemon|es-419|LATAM|tcgdex:me02.5,"{""tcgdex"": ""me02.5""}",135,217,"{""tcgdex"": ""me02.5-135""}","[{""provider"": ""tcgdex"", ""providerCardId"": ""me02.5-135"", ""providerSetId"": ""me02.5"", ""serieId"": ""me"", ""serieName"": ""Megaevolución"", ""sourceLanguage"": ""es-mx""}]",Explicit language-scoped provider card/set ID plus canonical set and collector identity; native name is corroborating only.,,exact_catalogue_record
pokemon|es-419|LATAM|set:807c1c725086db62|119|unspecified,es-419,LATAM,pokemon|es-419|LATAM|tcgdex:me01,"{""tcgdex"": ""me01""}",119,132,"{""tcgdex"": ""me01-119""}","[{""provider"": ""tcgdex"", ""providerCardId"": ""me01-119"", ""providerSetId"": ""me01"", ""serieId"": ""me"", ""serieName"": ""Megaevolución"", ""sourceLanguage"": ""es-mx""}]",Explicit language-scoped provider card/set ID plus canonical set and collector identity; native name is corroborating only.,,exact_catalogue_record
pokemon|es-419|LATAM|set:15269c74be1934b3|118|unspecified,es-419,LATAM,pokemon|es-419|LATAM|tcgdex:me03,"{""tcgdex"": ""me03""}",118,88,"{""tcgdex"": ""me03-118""}","[{""provider"": ""tcgdex"", ""providerCardId"": ""me03-118"", ""providerSetId"": ""me03"", ""serieId"": ""me"", ""serieName"": ""Megaevolución"", ""sourceLanguage"": ""es-mx""}]",Explicit language-scoped provider card/set ID plus canonical set and collector identity; native name is corroborating only.,,exact_catalogue_record
pokemon|es-419|LATAM|set:15269c74be1934b3|38|unspecified,es-419,LATAM,pokemon|es-419|LATAM|tcgdex:me03,"{""tcgdex"": ""me03""}",038,88,"{""tcgdex"": ""me03-038""}","[{""provider"": ""tcgdex"", ""providerCardId"": ""me03-038"", ""providerSetId"": ""me03"", ""serieId"": ""me"", ""serieName"": ""Megaevolución"", ""sourceLanguage"": ""es-mx""}]",Explicit language-scoped provider card/set ID plus canonical set and collector identity; native name is corroborating only.,,exact_catalogue_record
pokemon|es-419|LATAM|set:1189c65e8a3d3eea|173|unspecified,es-419,LATAM,pokemon|es-419|LATAM|tcgdex:me02.5,"{""tcgdex"": ""me02.5""}",173,217,"{""tcgdex"": ""me02.5-173""}","[{""provider"": ""tcgdex"", ""providerCardId"": ""me02.5-173"", ""providerSetId"": ""me02.5"", ""serieId"": ""me"", ""serieName"": ""Megaevolución"", ""sourceLanguage"": ""es-mx""}]",Explicit language-scoped provider card/set ID plus canonical set and collector identity; native name is corroborating only.,,exact_catalogue_record
pokemon|es-419|LATAM|set:807c1c725086db62|187|unspecified,es-419,LATAM,pokemon|es-419|LATAM|tcgdex:me01,"{""tcgdex"": ""me01""}",187,132,"{""tcgdex"": ""me01-187""}","[{""provider"": ""tcgdex"", ""providerCardId"": ""me01-187"", ""providerSetId"": ""me01"", ""serieId"": ""me"", ""serieName"": ""Megaevolución"", ""sourceLanguage"": ""es-mx""}]",Explicit language-scoped provider card/set ID plus canonical set and collector identity; native name is corroborating only.,,exact_catalogue_record
pokemon|es-419|LATAM|set:c3c0fd6cce62fa01|19|unspecified,es-419,LATAM,pokemon|es-419|LATAM|tcgdex:me04,"{""tcgdex"": ""me04""}",019,86,"{""tcgdex"": ""me04-019""}","[{""provider"": ""tcgdex"", ""providerCardId"": ""me04-019"", ""providerSetId"": ""me04"", ""serieId"": ""me"", ""serieName"": ""Megaevolución"", ""sourceLanguage"": ""es-mx""}]",Explicit language-scoped provider card/set ID plus canonical set and collector identity; native name is corroborating only.,,exact_catalogue_record
pokemon|es-419|LATAM|set:9470a8d87c490213|205|unspecified,es-419,LATAM,pokemon|es-419|LATAM|tcgdex:sv10,"{""tcgdex"": ""sv10""}",205,182,"{""tcgdex"": ""sv10-205""}","[{""provider"": ""tcgdex"", ""providerCardId"": ""sv10-205"", ""providerSetId"": ""sv10"", ""serieId"": ""sv"", ""serieName"": ""Escarlata y Púrpura"", ""sourceLanguage"": ""es-mx""}]",Explicit language-scoped provider card/set ID plus canonical set and collector identity; native name is corroborating only.,,exact_catalogue_record
pokemon|es-419|LATAM|set:807c1c725086db62|126|unspecified,es-419,LATAM,pokemon|es-419|LATAM|tcgdex:me01,"{""tcgdex"": ""me01""}",126,132,"{""tcgdex"": ""me01-126""}","[{""provider"": ""tcgdex"", ""providerCardId"": ""me01-126"", ""providerSetId"": ""me01"", ""serieId"": ""me"", ""serieName"": ""Megaevolución"", ""sourceLanguage"": ""es-mx""}]",Explicit language-scoped provider card/set ID plus canonical set and collector identity; native name is corroborating only.,,exact_catalogue_record
pokemon|es-419|LATAM|set:6ce71fcadcd75782|13|unspecified,es-419,LATAM,pokemon|es-419|LATAM|tcgdex:sv09,"{""tcgdex"": ""sv09""}",013,159,"{""tcgdex"": ""sv09-013""}","[{""provider"": ""tcgdex"", ""providerCardId"": ""sv09-013"", ""providerSetId"": ""sv09"", ""serieId"": ""sv"", ""serieName"": ""Escarlata y Púrpura"", ""sourceLanguage"": ""es-mx""}]",Explicit language-scoped provider card/set ID plus canonical set and collector identity; native name is corroborating only.,,exact_catalogue_record
pokemon|es-419|LATAM|set:1189c65e8a3d3eea|130|unspecified,es-419,LATAM,pokemon|es-419|LATAM|tcgdex:me02.5,"{""tcgdex"": ""me02.5""}",130,217,"{""tcgdex"": ""me02.5-130""}","[{""provider"": ""tcgdex"", ""providerCardId"": ""me02.5-130"", ""providerSetId"": ""me02.5"", ""serieId"": ""me"", ""serieName"": ""Megaevolución"", ""sourceLanguage"": ""es-mx""}]",Explicit language-scoped provider card/set ID plus canonical set and collector identity; native name is corroborating only.,,exact_catalogue_record
pokemon|es-419|LATAM|set:1189c65e8a3d3eea|179|unspecified,es-419,LATAM,pokemon|es-419|LATAM|tcgdex:me02.5,"{""tcgdex"": ""me02.5""}",179,217,"{""tcgdex"": ""me02.5-179""}","[{""provider"": ""tcgdex"", ""providerCardId"": ""me02.5-179"", ""providerSetId"": ""me02.5"", ""serieId"": ""me"", ""serieName"": ""Megaevolución"", ""sourceLanguage"": ""es-mx""}]",Explicit language-scoped provider card/set ID plus canonical set and collector identity; native name is corroborating only.,,exact_catalogue_record
pokemon|es-419|LATAM|set:9470a8d87c490213|157|unspecified,es-419,LATAM,pokemon|es-419|LATAM|tcgdex:sv10,"{""tcgdex"": ""sv10""}",157,182,"{""tcgdex"": ""sv10-157""}","[{""provider"": ""tcgdex"", ""providerCardId"": ""sv10-157"", ""providerSetId"": ""sv10"", ""serieId"": ""sv"", ""serieName"": ""Escarlata y Púrpura"", ""sourceLanguage"": ""es-mx""}]",Explicit language-scoped provider card/set ID plus canonical set and collector identity; native name is corroborating only.,,exact_catalogue_record
pokemon|es-419|LATAM|set:c3c0fd6cce62fa01|42|unspecified,es-419,LATAM,pokemon|es-419|LATAM|tcgdex:me04,"{""tcgdex"": ""me04""}",042,86,"{""tcgdex"": ""me04-042""}","[{""provider"": ""tcgdex"", ""providerCardId"": ""me04-042"", ""providerSetId"": ""me04"", ""serieId"": ""me"", ""serieName"": ""Megaevolución"", ""sourceLanguage"": ""es-mx""}]",Explicit language-scoped provider card/set ID plus canonical set and collector identity; native name is corroborating only.,,exact_catalogue_record
pokemon|es-419|LATAM|set:15269c74be1934b3|99|unspecified,es-419,LATAM,pokemon|es-419|LATAM|tcgdex:me03,"{""tcgdex"": ""me03""}",099,88,"{""tcgdex"": ""me03-099""}","[{""provider"": ""tcgdex"", ""providerCardId"": ""me03-099"", ""providerSetId"": ""me03"", ""serieId"": ""me"", ""serieName"": ""Megaevolución"", ""sourceLanguage"": ""es-mx""}]",Explicit language-scoped provider card/set ID plus canonical set and collector identity; native name is corroborating only.,,exact_catalogue_record
pokemon|es-419|LATAM|set:15269c74be1934b3|103|unspecified,es-419,LATAM,pokemon|es-419|LATAM|tcgdex:me03,"{""tcgdex"": ""me03""}",103,88,"{""tcgdex"": ""me03-103""}","[{""provider"": ""tcgdex"", ""providerCardId"": ""me03-103"", ""providerSetId"": ""me03"", ""serieId"": ""me"", ""serieName"": ""Megaevolución"", ""sourceLanguage"": ""es-mx""}]",Explicit language-scoped provider card/set ID plus canonical set and collector identity; native name is corroborating only.,,exact_catalogue_record
pokemon|es-419|LATAM|set:2690ce7fc8f8c49c|7|unspecified,es-419,LATAM,pokemon|es-419|LATAM|tcgdex:me02,"{""tcgdex"": ""me02""}",007,94,"{""tcgdex"": ""me02-007""}","[{""provider"": ""tcgdex"", ""providerCardId"": ""me02-007"", ""providerSetId"": ""me02"", ""serieId"": ""me"", ""serieName"": ""Megaevolución"", ""sourceLanguage"": ""es-mx""}]",Explicit language-scoped provider card/set ID plus canonical set and collector identity; native name is corroborating only.,,exact_catalogue_record
pokemon|es-419|LATAM|set:1189c65e8a3d3eea|197|unspecified,es-419,LATAM,pokemon|es-419|LATAM|tcgdex:me02.5,"{""tcgdex"": ""me02.5""}",197,217,"{""tcgdex"": ""me02.5-197""}","[{""provider"": ""tcgdex"", ""providerCardId"": ""me02.5-197"", ""providerSetId"": ""me02.5"", ""serieId"": ""me"", ""serieName"": ""Megaevolución"", ""sourceLanguage"": ""es-mx""}]",Explicit language-scoped provider card/set ID plus canonical set and collector identity; native name is corroborating only.,,exact_catalogue_record
pokemon|es-419|LATAM|set:15269c74be1934b3|57|unspecified,es-419,LATAM,pokemon|es-419|LATAM|tcgdex:me03,"{""tcgdex"": ""me03""}",057,88,"{""tcgdex"": ""me03-057""}","[{""provider"": ""tcgdex"", ""providerCardId"": ""me03-057"", ""providerSetId"": ""me03"", ""serieId"": ""me"", ""serieName"": ""Megaevolución"", ""sourceLanguage"": ""es-mx""}]",Explicit language-scoped provider card/set ID plus canonical set and collector identity; native name is corroborating only.,,exact_catalogue_record
pokemon|es-419|LATAM|set:15269c74be1934b3|27|unspecified,es-419,LATAM,pokemon|es-419|LATAM|tcgdex:me03,"{""tcgdex"": ""me03""}",027,88,"{""tcgdex"": ""me03-027""}","[{""provider"": ""tcgdex"", ""providerCardId"": ""me03-027"", ""providerSetId"": ""me03"", ""serieId"": ""me"", ""serieName"": ""Megaevolución"", ""sourceLanguage"": ""es-mx""}]",Explicit language-scoped provider card/set ID plus canonical set and collector identity; native name is corroborating only.,,exact_catalogue_record
pokemon|es-419|LATAM|set:1189c65e8a3d3eea|118|unspecified,es-419,LATAM,pokemon|es-419|LATAM|tcgdex:me02.5,"{""tcgdex"": ""me02.5""}",118,217,"{""tcgdex"": ""me02.5-118""}","[{""provider"": ""tcgdex"", ""providerCardId"": ""me02.5-118"", ""providerSetId"": ""me02.5"", ""serieId"": ""me"", ""serieName"": ""Megaevolución"", ""sourceLanguage"": ""es-mx""}]",Explicit language-scoped provider card/set ID plus canonical set and collector identity; native name is corroborating only.,,exact_catalogue_record
pokemon|es-419|LATAM|set:c3c0fd6cce62fa01|30|unspecified,es-419,LATAM,pokemon|es-419|LATAM|tcgdex:me04,"{""tcgdex"": ""me04""}",030,86,"{""tcgdex"": ""me04-030""}","[{""provider"": ""tcgdex"", ""providerCardId"": ""me04-030"", ""providerSetId"": ""me04"", ""serieId"": ""me"", ""serieName"": ""Megaevolución"", ""sourceLanguage"": ""es-mx""}]",Explicit language-scoped provider card/set ID plus canonical set and collector identity; native name is corroborating only.,,exact_catalogue_record
pokemon|es-419|LATAM|set:807c1c725086db62|51|unspecified,es-419,LATAM,pokemon|es-419|LATAM|tcgdex:me01,"{""tcgdex"": ""me01""}",051,132,"{""tcgdex"": ""me01-051""}","[{""provider"": ""tcgdex"", ""providerCardId"": ""me01-051"", ""providerSetId"": ""me01"", ""serieId"": ""me"", ""serieName"": ""Megaevolución"", ""sourceLanguage"": ""es-mx""}]",Explicit language-scoped provider card/set ID plus canonical set and collector identity; native name is corroborating only.,,exact_catalogue_record
pokemon|es-419|LATAM|set:c3c0fd6cce62fa01|16|unspecified,es-419,LATAM,pokemon|es-419|LATAM|tcgdex:me04,"{""tcgdex"": ""me04""}",016,86,"{""tcgdex"": ""me04-016""}","[{""provider"": ""tcgdex"", ""providerCardId"": ""me04-016"", ""providerSetId"": ""me04"", ""serieId"": ""me"", ""serieName"": ""Megaevolución"", ""sourceLanguage"": ""es-mx""}]",Explicit language-scoped provider card/set ID plus canonical set and collector identity; native name is corroborating only.,,exact_catalogue_record
pokemon|pt-BR|BR|set:be03d76b8ef53c79|100|unspecified,pt-BR,BR,pokemon|pt-BR|BR|tcgdex:A1,"{""tcgdex"": ""A1""}",100,226,"{""tcgdex"": ""A1-100""}","[{""provider"": ""tcgdex"", ""providerCardId"": ""A1-100"", ""providerSetId"": ""A1"", ""serieId"": ""tcgp"", ""serieName"": ""Pokémon Estampas Ilustradas Pocket"", ""sourceLanguage"": ""pt-br""}]",Explicit language-scoped provider card/set ID plus canonical set and collector identity; native name is corroborating only.,,exact_catalogue_record
pokemon|pt-BR|BR|set:be03d76b8ef53c79|101|unspecified,pt-BR,BR,pokemon|pt-BR|BR|tcgdex:A1,"{""tcgdex"": ""A1""}",101,226,"{""tcgdex"": ""A1-101""}","[{""provider"": ""tcgdex"", ""providerCardId"": ""A1-101"", ""providerSetId"": ""A1"", ""serieId"": ""tcgp"", ""serieName"": ""Pokémon Estampas Ilustradas Pocket"", ""sourceLanguage"": ""pt-br""}]",Explicit language-scoped provider card/set ID plus canonical set and collector identity; native name is corroborating only.,,exact_catalogue_record
pokemon|pt-BR|BR|set:be03d76b8ef53c79|102|unspecified,pt-BR,BR,pokemon|pt-BR|BR|tcgdex:A1,"{""tcgdex"": ""A1""}",102,226,"{""tcgdex"": ""A1-102""}","[{""provider"": ""tcgdex"", ""providerCardId"": ""A1-102"", ""providerSetId"": ""A1"", ""serieId"": ""tcgp"", ""serieName"": ""Pokémon Estampas Ilustradas Pocket"", ""sourceLanguage"": ""pt-br""}]",Explicit language-scoped provider card/set ID plus canonical set and collector identity; native name is corroborating only.,,exact_catalogue_record
pokemon|pt-BR|BR|set:be03d76b8ef53c79|103|unspecified,pt-BR,BR,pokemon|pt-BR|BR|tcgdex:A1,"{""tcgdex"": ""A1""}",103,226,"{""tcgdex"": ""A1-103""}","[{""provider"": ""tcgdex"", ""providerCardId"": ""A1-103"", ""providerSetId"": ""A1"", ""serieId"": ""tcgp"", ""serieName"": ""Pokémon Estampas Ilustradas Pocket"", ""sourceLanguage"": ""pt-br""}]",Explicit language-scoped provider card/set ID plus canonical set and collector identity; native name is corroborating only.,,exact_catalogue_record
pokemon|pt-BR|BR|set:be03d76b8ef53c79|104|unspecified,pt-BR,BR,pokemon|pt-BR|BR|tcgdex:A1,"{""tcgdex"": ""A1""}",104,226,"{""tcgdex"": ""A1-104""}","[{""provider"": ""tcgdex"", ""providerCardId"": ""A1-104"", ""providerSetId"": ""A1"", ""serieId"": ""tcgp"", ""serieName"": ""Pokémon Estampas Ilustradas Pocket"", ""sourceLanguage"": ""pt-br""}]",Explicit language-scoped provider card/set ID plus canonical set and collector identity; native name is corroborating only.,,exact_catalogue_record
pokemon|pt-BR|BR|set:be03d76b8ef53c79|105|unspecified,pt-BR,BR,pokemon|pt-BR|BR|tcgdex:A1,"{""tcgdex"": ""A1""}",105,226,"{""tcgdex"": ""A1-105""}","[{""provider"": ""tcgdex"", ""providerCardId"": ""A1-105"", ""providerSetId"": ""A1"", ""serieId"": ""tcgp"", ""serieName"": ""Pokémon Estampas Ilustradas Pocket"", ""sourceLanguage"": ""pt-br""}]",Explicit language-scoped provider card/set ID plus canonical set and collector identity; native name is corroborating only.,,exact_catalogue_record
pokemon|pt-BR|BR|set:be03d76b8ef53c79|106|unspecified,pt-BR,BR,pokemon|pt-BR|BR|tcgdex:A1,"{""tcgdex"": ""A1""}",106,226,"{""tcgdex"": ""A1-106""}","[{""provider"": ""tcgdex"", ""providerCardId"": ""A1-106"", ""providerSetId"": ""A1"", ""serieId"": ""tcgp"", ""serieName"": ""Pokémon Estampas Ilustradas Pocket"", ""sourceLanguage"": ""pt-br""}]",Explicit language-scoped provider card/set ID plus canonical set and collector identity; native name is corroborating only.,,exact_catalogue_record
pokemon|pt-BR|BR|set:be03d76b8ef53c79|107|unspecified,pt-BR,BR,pokemon|pt-BR|BR|tcgdex:A1,"{""tcgdex"": ""A1""}",107,226,"{""tcgdex"": ""A1-107""}","[{""provider"": ""tcgdex"", ""providerCardId"": ""A1-107"", ""providerSetId"": ""A1"", ""serieId"": ""tcgp"", ""serieName"": ""Pokémon Estampas Ilustradas Pocket"", ""sourceLanguage"": ""pt-br""}]",Explicit language-scoped provider card/set ID plus canonical set and collector identity; native name is corroborating only.,,exact_catalogue_record
pokemon|pt-BR|BR|set:be03d76b8ef53c79|108|unspecified,pt-BR,BR,pokemon|pt-BR|BR|tcgdex:A1,"{""tcgdex"": ""A1""}",108,226,"{""tcgdex"": ""A1-108""}","[{""provider"": ""tcgdex"", ""providerCardId"": ""A1-108"", ""providerSetId"": ""A1"", ""serieId"": ""tcgp"", ""serieName"": ""Pokémon Estampas Ilustradas Pocket"", ""sourceLanguage"": ""pt-br""}]",Explicit language-scoped provider card/set ID plus canonical set and collector identity; native name is corroborating only.,,exact_catalogue_record
pokemon|pt-BR|BR|set:be03d76b8ef53c79|109|unspecified,pt-BR,BR,pokemon|pt-BR|BR|tcgdex:A1,"{""tcgdex"": ""A1""}",109,226,"{""tcgdex"": ""A1-109""}","[{""provider"": ""tcgdex"", ""providerCardId"": ""A1-109"", ""providerSetId"": ""A1"", ""serieId"": ""tcgp"", ""serieName"": ""Pokémon Estampas Ilustradas Pocket"", ""sourceLanguage"": ""pt-br""}]",Explicit language-scoped provider card/set ID plus canonical set and collector identity; native name is corroborating only.,,exact_catalogue_record
pokemon|pt-BR|BR|set:be03d76b8ef53c79|10|unspecified,pt-BR,BR,pokemon|pt-BR|BR|tcgdex:A1,"{""tcgdex"": ""A1""}",010,226,"{""tcgdex"": ""A1-010""}","[{""provider"": ""tcgdex"", ""providerCardId"": ""A1-010"", ""providerSetId"": ""A1"", ""serieId"": ""tcgp"", ""serieName"": ""Pokémon Estampas Ilustradas Pocket"", ""sourceLanguage"": ""pt-br""}]",Explicit language-scoped provider card/set ID plus canonical set and collector identity; native name is corroborating only.,,exact_catalogue_record
pokemon|pt-BR|BR|set:be03d76b8ef53c79|110|unspecified,pt-BR,BR,pokemon|pt-BR|BR|tcgdex:A1,"{""tcgdex"": ""A1""}",110,226,"{""tcgdex"": ""A1-110""}","[{""provider"": ""tcgdex"", ""providerCardId"": ""A1-110"", ""providerSetId"": ""A1"", ""serieId"": ""tcgp"", ""serieName"": ""Pokémon Estampas Ilustradas Pocket"", ""sourceLanguage"": ""pt-br""}]",Explicit language-scoped provider card/set ID plus canonical set and collector identity; native name is corroborating only.,,exact_catalogue_record
pokemon|pt-BR|BR|set:be03d76b8ef53c79|111|unspecified,pt-BR,BR,pokemon|pt-BR|BR|tcgdex:A1,"{""tcgdex"": ""A1""}",111,226,"{""tcgdex"": ""A1-111""}","[{""provider"": ""tcgdex"", ""providerCardId"": ""A1-111"", ""providerSetId"": ""A1"", ""serieId"": ""tcgp"", ""serieName"": ""Pokémon Estampas Ilustradas Pocket"", ""sourceLanguage"": ""pt-br""}]",Explicit language-scoped provider card/set ID plus canonical set and collector identity; native name is corroborating only.,,exact_catalogue_record
pokemon|pt-BR|BR|set:be03d76b8ef53c79|112|unspecified,pt-BR,BR,pokemon|pt-BR|BR|tcgdex:A1,"{""tcgdex"": ""A1""}",112,226,"{""tcgdex"": ""A1-112""}","[{""provider"": ""tcgdex"", ""providerCardId"": ""A1-112"", ""providerSetId"": ""A1"", ""serieId"": ""tcgp"", ""serieName"": ""Pokémon Estampas Ilustradas Pocket"", ""sourceLanguage"": ""pt-br""}]",Explicit language-scoped provider card/set ID plus canonical set and collector identity; native name is corroborating only.,,exact_catalogue_record
pokemon|pt-BR|BR|set:be03d76b8ef53c79|113|unspecified,pt-BR,BR,pokemon|pt-BR|BR|tcgdex:A1,"{""tcgdex"": ""A1""}",113,226,"{""tcgdex"": ""A1-113""}","[{""provider"": ""tcgdex"", ""providerCardId"": ""A1-113"", ""providerSetId"": ""A1"", ""serieId"": ""tcgp"", ""serieName"": ""Pokémon Estampas Ilustradas Pocket"", ""sourceLanguage"": ""pt-br""}]",Explicit language-scoped provider card/set ID plus canonical set and collector identity; native name is corroborating only.,,exact_catalogue_record
pokemon|pt-BR|BR|set:62472c06c19077eb|89|unspecified,pt-BR,BR,pokemon|pt-BR|BR|tcgdex:B2a,"{""tcgdex"": ""B2a""}",089,93,"{""tcgdex"": ""B2a-089""}","[{""provider"": ""tcgdex"", ""providerCardId"": ""B2a-089"", ""providerSetId"": ""B2a"", ""serieId"": ""tcgp"", ""serieName"": ""Pokémon Estampas Ilustradas Pocket"", ""sourceLanguage"": ""pt-br""}]",Explicit language-scoped provider card/set ID plus canonical set and collector identity; native name is corroborating only.,,exact_catalogue_record
pokemon|pt-BR|BR|set:62472c06c19077eb|85|unspecified,pt-BR,BR,pokemon|pt-BR|BR|tcgdex:B2a,"{""tcgdex"": ""B2a""}",085,93,"{""tcgdex"": ""B2a-085""}","[{""provider"": ""tcgdex"", ""providerCardId"": ""B2a-085"", ""providerSetId"": ""B2a"", ""serieId"": ""tcgp"", ""serieName"": ""Pokémon Estampas Ilustradas Pocket"", ""sourceLanguage"": ""pt-br""}]",Explicit language-scoped provider card/set ID plus canonical set and collector identity; native name is corroborating only.,,exact_catalogue_record
pokemon|pt-BR|BR|set:62472c06c19077eb|84|unspecified,pt-BR,BR,pokemon|pt-BR|BR|tcgdex:B2a,"{""tcgdex"": ""B2a""}",084,93,"{""tcgdex"": ""B2a-084""}","[{""provider"": ""tcgdex"", ""providerCardId"": ""B2a-084"", ""providerSetId"": ""B2a"", ""serieId"": ""tcgp"", ""serieName"": ""Pokémon Estampas Ilustradas Pocket"", ""sourceLanguage"": ""pt-br""}]",Explicit language-scoped provider card/set ID plus canonical set and collector identity; native name is corroborating only.,,exact_catalogue_record
pokemon|pt-BR|BR|set:62472c06c19077eb|78|unspecified,pt-BR,BR,pokemon|pt-BR|BR|tcgdex:B2a,"{""tcgdex"": ""B2a""}",078,93,"{""tcgdex"": ""B2a-078""}","[{""provider"": ""tcgdex"", ""providerCardId"": ""B2a-078"", ""providerSetId"": ""B2a"", ""serieId"": ""tcgp"", ""serieName"": ""Pokémon Estampas Ilustradas Pocket"", ""sourceLanguage"": ""pt-br""}]",Explicit language-scoped provider card/set ID plus canonical set and collector identity; native name is corroborating only.,,exact_catalogue_record
pokemon|pt-BR|BR|set:62472c06c19077eb|76|unspecified,pt-BR,BR,pokemon|pt-BR|BR|tcgdex:B2a,"{""tcgdex"": ""B2a""}",076,93,"{""tcgdex"": ""B2a-076""}","[{""provider"": ""tcgdex"", ""providerCardId"": ""B2a-076"", ""providerSetId"": ""B2a"", ""serieId"": ""tcgp"", ""serieName"": ""Pokémon Estampas Ilustradas Pocket"", ""sourceLanguage"": ""pt-br""}]",Explicit language-scoped provider card/set ID plus canonical set and collector identity; native name is corroborating only.,,exact_catalogue_record
pokemon|pt-BR|BR|set:62472c06c19077eb|73|unspecified,pt-BR,BR,pokemon|pt-BR|BR|tcgdex:B2a,"{""tcgdex"": ""B2a""}",073,93,"{""tcgdex"": ""B2a-073""}","[{""provider"": ""tcgdex"", ""providerCardId"": ""B2a-073"", ""providerSetId"": ""B2a"", ""serieId"": ""tcgp"", ""serieName"": ""Pokémon Estampas Ilustradas Pocket"", ""sourceLanguage"": ""pt-br""}]",Explicit language-scoped provider card/set ID plus canonical set and collector identity; native name is corroborating only.,,exact_catalogue_record
pokemon|pt-BR|BR|set:62472c06c19077eb|70|unspecified,pt-BR,BR,pokemon|pt-BR|BR|tcgdex:B2a,"{""tcgdex"": ""B2a""}",070,93,"{""tcgdex"": ""B2a-070""}","[{""provider"": ""tcgdex"", ""providerCardId"": ""B2a-070"", ""providerSetId"": ""B2a"", ""serieId"": ""tcgp"", ""serieName"": ""Pokémon Estampas Ilustradas Pocket"", ""sourceLanguage"": ""pt-br""}]",Explicit language-scoped provider card/set ID plus canonical set and collector identity; native name is corroborating only.,,exact_catalogue_record
pokemon|pt-BR|BR|set:62472c06c19077eb|40|unspecified,pt-BR,BR,pokemon|pt-BR|BR|tcgdex:B2a,"{""tcgdex"": ""B2a""}",040,93,"{""tcgdex"": ""B2a-040""}","[{""provider"": ""tcgdex"", ""providerCardId"": ""B2a-040"", ""providerSetId"": ""B2a"", ""serieId"": ""tcgp"", ""serieName"": ""Pokémon Estampas Ilustradas Pocket"", ""sourceLanguage"": ""pt-br""}]",Explicit language-scoped provider card/set ID plus canonical set and collector identity; native name is corroborating only.,,exact_catalogue_record
pokemon|pt-BR|BR|set:62472c06c19077eb|3|unspecified,pt-BR,BR,pokemon|pt-BR|BR|tcgdex:B2a,"{""tcgdex"": ""B2a""}",003,93,"{""tcgdex"": ""B2a-003""}","[{""provider"": ""tcgdex"", ""providerCardId"": ""B2a-003"", ""providerSetId"": ""B2a"", ""serieId"": ""tcgp"", ""serieName"": ""Pokémon Estampas Ilustradas Pocket"", ""sourceLanguage"": ""pt-br""}]",Explicit language-scoped provider card/set ID plus canonical set and collector identity; native name is corroborating only.,,exact_catalogue_record
pokemon|pt-BR|BR|set:62472c06c19077eb|38|unspecified,pt-BR,BR,pokemon|pt-BR|BR|tcgdex:B2a,"{""tcgdex"": ""B2a""}",038,93,"{""tcgdex"": ""B2a-038""}","[{""provider"": ""tcgdex"", ""providerCardId"": ""B2a-038"", ""providerSetId"": ""B2a"", ""serieId"": ""tcgp"", ""serieName"": ""Pokémon Estampas Ilustradas Pocket"", ""sourceLanguage"": ""pt-br""}]",Explicit language-scoped provider card/set ID plus canonical set and collector identity; native name is corroborating only.,,exact_catalogue_record
pokemon|pt-BR|BR|set:62472c06c19077eb|33|unspecified,pt-BR,BR,pokemon|pt-BR|BR|tcgdex:B2a,"{""tcgdex"": ""B2a""}",033,93,"{""tcgdex"": ""B2a-033""}","[{""provider"": ""tcgdex"", ""providerCardId"": ""B2a-033"", ""providerSetId"": ""B2a"", ""serieId"": ""tcgp"", ""serieName"": ""Pokémon Estampas Ilustradas Pocket"", ""sourceLanguage"": ""pt-br""}]",Explicit language-scoped provider card/set ID plus canonical set and collector identity; native name is corroborating only.,,exact_catalogue_record
pokemon|pt-BR|BR|set:62472c06c19077eb|32|unspecified,pt-BR,BR,pokemon|pt-BR|BR|tcgdex:B2a,"{""tcgdex"": ""B2a""}",032,93,"{""tcgdex"": ""B2a-032""}","[{""provider"": ""tcgdex"", ""providerCardId"": ""B2a-032"", ""providerSetId"": ""B2a"", ""serieId"": ""tcgp"", ""serieName"": ""Pokémon Estampas Ilustradas Pocket"", ""sourceLanguage"": ""pt-br""}]",Explicit language-scoped provider card/set ID plus canonical set and collector identity; native name is corroborating only.,,exact_catalogue_record
pokemon|pt-BR|BR|set:62472c06c19077eb|2|unspecified,pt-BR,BR,pokemon|pt-BR|BR|tcgdex:B2a,"{""tcgdex"": ""B2a""}",002,93,"{""tcgdex"": ""B2a-002""}","[{""provider"": ""tcgdex"", ""providerCardId"": ""B2a-002"", ""providerSetId"": ""B2a"", ""serieId"": ""tcgp"", ""serieName"": ""Pokémon Estampas Ilustradas Pocket"", ""sourceLanguage"": ""pt-br""}]",Explicit language-scoped provider card/set ID plus canonical set and collector identity; native name is corroborating only.,,exact_catalogue_record
pokemon|pt-BR|BR|set:62472c06c19077eb|25|unspecified,pt-BR,BR,pokemon|pt-BR|BR|tcgdex:B2a,"{""tcgdex"": ""B2a""}",025,93,"{""tcgdex"": ""B2a-025""}","[{""provider"": ""tcgdex"", ""providerCardId"": ""B2a-025"", ""providerSetId"": ""B2a"", ""serieId"": ""tcgp"", ""serieName"": ""Pokémon Estampas Ilustradas Pocket"", ""sourceLanguage"": ""pt-br""}]",Explicit language-scoped provider card/set ID plus canonical set and collector identity; native name is corroborating only.,,exact_catalogue_record
pokemon|pt-BR|BR|set:62472c06c19077eb|1|unspecified,pt-BR,BR,pokemon|pt-BR|BR|tcgdex:B2a,"{""tcgdex"": ""B2a""}",001,93,"{""tcgdex"": ""B2a-001""}","[{""provider"": ""tcgdex"", ""providerCardId"": ""B2a-001"", ""providerSetId"": ""B2a"", ""serieId"": ""tcgp"", ""serieName"": ""Pokémon Estampas Ilustradas Pocket"", ""sourceLanguage"": ""pt-br""}]",Explicit language-scoped provider card/set ID plus canonical set and collector identity; native name is corroborating only.,,exact_catalogue_record
pokemon|pt-BR|BR|set:be03d76b8ef53c79|1|unspecified,pt-BR,BR,pokemon|pt-BR|BR|tcgdex:A1,"{""tcgdex"": ""A1""}",001,226,"{""tcgdex"": ""A1-001""}","[{""provider"": ""tcgdex"", ""providerCardId"": ""A1-001"", ""providerSetId"": ""A1"", ""serieId"": ""tcgp"", ""serieName"": ""Pokémon Estampas Ilustradas Pocket"", ""sourceLanguage"": ""pt-br""}]",Explicit language-scoped provider card/set ID plus canonical set and collector identity; native name is corroborating only.,,exact_catalogue_record
pokemon|pt-BR|BR|set:be03d76b8ef53c79|11|unspecified,pt-BR,BR,pokemon|pt-BR|BR|tcgdex:A1,"{""tcgdex"": ""A1""}",011,226,"{""tcgdex"": ""A1-011""}","[{""provider"": ""tcgdex"", ""providerCardId"": ""A1-011"", ""providerSetId"": ""A1"", ""serieId"": ""tcgp"", ""serieName"": ""Pokémon Estampas Ilustradas Pocket"", ""sourceLanguage"": ""pt-br""}]",Explicit language-scoped provider card/set ID plus canonical set and collector identity; native name is corroborating only.,,exact_catalogue_record
pokemon|pt-BR|BR|set:be03d76b8ef53c79|12|unspecified,pt-BR,BR,pokemon|pt-BR|BR|tcgdex:A1,"{""tcgdex"": ""A1""}",012,226,"{""tcgdex"": ""A1-012""}","[{""provider"": ""tcgdex"", ""providerCardId"": ""A1-012"", ""providerSetId"": ""A1"", ""serieId"": ""tcgp"", ""serieName"": ""Pokémon Estampas Ilustradas Pocket"", ""sourceLanguage"": ""pt-br""}]",Explicit language-scoped provider card/set ID plus canonical set and collector identity; native name is corroborating only.,,exact_catalogue_record
pokemon|pt-BR|BR|set:be03d76b8ef53c79|13|unspecified,pt-BR,BR,pokemon|pt-BR|BR|tcgdex:A1,"{""tcgdex"": ""A1""}",013,226,"{""tcgdex"": ""A1-013""}","[{""provider"": ""tcgdex"", ""providerCardId"": ""A1-013"", ""providerSetId"": ""A1"", ""serieId"": ""tcgp"", ""serieName"": ""Pokémon Estampas Ilustradas Pocket"", ""sourceLanguage"": ""pt-br""}]",Explicit language-scoped provider card/set ID plus canonical set and collector identity; native name is corroborating only.,,exact_catalogue_record
pokemon|pt-BR|BR|set:be03d76b8ef53c79|14|unspecified,pt-BR,BR,pokemon|pt-BR|BR|tcgdex:A1,"{""tcgdex"": ""A1""}",014,226,"{""tcgdex"": ""A1-014""}","[{""provider"": ""tcgdex"", ""providerCardId"": ""A1-014"", ""providerSetId"": ""A1"", ""serieId"": ""tcgp"", ""serieName"": ""Pokémon Estampas Ilustradas Pocket"", ""sourceLanguage"": ""pt-br""}]",Explicit language-scoped provider card/set ID plus canonical set and collector identity; native name is corroborating only.,,exact_catalogue_record
pokemon|pt-BR|BR|set:be03d76b8ef53c79|15|unspecified,pt-BR,BR,pokemon|pt-BR|BR|tcgdex:A1,"{""tcgdex"": ""A1""}",015,226,"{""tcgdex"": ""A1-015""}","[{""provider"": ""tcgdex"", ""providerCardId"": ""A1-015"", ""providerSetId"": ""A1"", ""serieId"": ""tcgp"", ""serieName"": ""Pokémon Estampas Ilustradas Pocket"", ""sourceLanguage"": ""pt-br""}]",Explicit language-scoped provider card/set ID plus canonical set and collector identity; native name is corroborating only.,,exact_catalogue_record
pokemon|pt-BR|BR|set:be03d76b8ef53c79|16|unspecified,pt-BR,BR,pokemon|pt-BR|BR|tcgdex:A1,"{""tcgdex"": ""A1""}",016,226,"{""tcgdex"": ""A1-016""}","[{""provider"": ""tcgdex"", ""providerCardId"": ""A1-016"", ""providerSetId"": ""A1"", ""serieId"": ""tcgp"", ""serieName"": ""Pokémon Estampas Ilustradas Pocket"", ""sourceLanguage"": ""pt-br""}]",Explicit language-scoped provider card/set ID plus canonical set and collector identity; native name is corroborating only.,,exact_catalogue_record
pokemon|pt-BR|BR|set:be03d76b8ef53c79|17|unspecified,pt-BR,BR,pokemon|pt-BR|BR|tcgdex:A1,"{""tcgdex"": ""A1""}",017,226,"{""tcgdex"": ""A1-017""}","[{""provider"": ""tcgdex"", ""providerCardId"": ""A1-017"", ""providerSetId"": ""A1"", ""serieId"": ""tcgp"", ""serieName"": ""Pokémon Estampas Ilustradas Pocket"", ""sourceLanguage"": ""pt-br""}]",Explicit language-scoped provider card/set ID plus canonical set and collector identity; native name is corroborating only.,,exact_catalogue_record
pokemon|pt-BR|BR|set:be03d76b8ef53c79|18|unspecified,pt-BR,BR,pokemon|pt-BR|BR|tcgdex:A1,"{""tcgdex"": ""A1""}",018,226,"{""tcgdex"": ""A1-018""}","[{""provider"": ""tcgdex"", ""providerCardId"": ""A1-018"", ""providerSetId"": ""A1"", ""serieId"": ""tcgp"", ""serieName"": ""Pokémon Estampas Ilustradas Pocket"", ""sourceLanguage"": ""pt-br""}]",Explicit language-scoped provider card/set ID plus canonical set and collector identity; native name is corroborating only.,,exact_catalogue_record
pokemon|pt-BR|BR|set:be03d76b8ef53c79|19|unspecified,pt-BR,BR,pokemon|pt-BR|BR|tcgdex:A1,"{""tcgdex"": ""A1""}",019,226,"{""tcgdex"": ""A1-019""}","[{""provider"": ""tcgdex"", ""providerCardId"": ""A1-019"", ""providerSetId"": ""A1"", ""serieId"": ""tcgp"", ""serieName"": ""Pokémon Estampas Ilustradas Pocket"", ""sourceLanguage"": ""pt-br""}]",Explicit language-scoped provider card/set ID plus canonical set and collector identity; native name is corroborating only.,,exact_catalogue_record
pokemon|pt-BR|BR|set:ca82dc062de8c5da|1|unspecified,pt-BR,BR,pokemon|pt-BR|BR|tcgdex:P-A,"{""tcgdex"": ""P-A""}",001,0,"{""tcgdex"": ""P-A-001""}","[{""provider"": ""tcgdex"", ""providerCardId"": ""P-A-001"", ""providerSetId"": ""P-A"", ""serieId"": ""tcgp"", ""serieName"": ""Pokémon Estampas Ilustradas Pocket"", ""sourceLanguage"": ""pt-br""}]",Explicit language-scoped provider card/set ID plus canonical set and collector identity; native name is corroborating only.,,exact_catalogue_record
pokemon|pt-BR|BR|set:ca82dc062de8c5da|10|unspecified,pt-BR,BR,pokemon|pt-BR|BR|tcgdex:P-A,"{""tcgdex"": ""P-A""}",010,0,"{""tcgdex"": ""P-A-010""}","[{""provider"": ""tcgdex"", ""providerCardId"": ""P-A-010"", ""providerSetId"": ""P-A"", ""serieId"": ""tcgp"", ""serieName"": ""Pokémon Estampas Ilustradas Pocket"", ""sourceLanguage"": ""pt-br""}]",Explicit language-scoped provider card/set ID plus canonical set and collector identity; native name is corroborating only.,,exact_catalogue_record
pokemon|pt-BR|BR|set:ca82dc062de8c5da|11|unspecified,pt-BR,BR,pokemon|pt-BR|BR|tcgdex:P-A,"{""tcgdex"": ""P-A""}",011,0,"{""tcgdex"": ""P-A-011""}","[{""provider"": ""tcgdex"", ""providerCardId"": ""P-A-011"", ""providerSetId"": ""P-A"", ""serieId"": ""tcgp"", ""serieName"": ""Pokémon Estampas Ilustradas Pocket"", ""sourceLanguage"": ""pt-br""}]",Explicit language-scoped provider card/set ID plus canonical set and collector identity; native name is corroborating only.,,exact_catalogue_record
pokemon|pt-BR|BR|set:ca82dc062de8c5da|12|unspecified,pt-BR,BR,pokemon|pt-BR|BR|tcgdex:P-A,"{""tcgdex"": ""P-A""}",012,0,"{""tcgdex"": ""P-A-012""}","[{""provider"": ""tcgdex"", ""providerCardId"": ""P-A-012"", ""providerSetId"": ""P-A"", ""serieId"": ""tcgp"", ""serieName"": ""Pokémon Estampas Ilustradas Pocket"", ""sourceLanguage"": ""pt-br""}]",Explicit language-scoped provider card/set ID plus canonical set and collector identity; native name is corroborating only.,,exact_catalogue_record
pokemon|pt-BR|BR|set:ca82dc062de8c5da|13|unspecified,pt-BR,BR,pokemon|pt-BR|BR|tcgdex:P-A,"{""tcgdex"": ""P-A""}",013,0,"{""tcgdex"": ""P-A-013""}","[{""provider"": ""tcgdex"", ""providerCardId"": ""P-A-013"", ""providerSetId"": ""P-A"", ""serieId"": ""tcgp"", ""serieName"": ""Pokémon Estampas Ilustradas Pocket"", ""sourceLanguage"": ""pt-br""}]",Explicit language-scoped provider card/set ID plus canonical set and collector identity; native name is corroborating only.,,exact_catalogue_record
pokemon|pt-BR|BR|set:ca82dc062de8c5da|14|unspecified,pt-BR,BR,pokemon|pt-BR|BR|tcgdex:P-A,"{""tcgdex"": ""P-A""}",014,0,"{""tcgdex"": ""P-A-014""}","[{""provider"": ""tcgdex"", ""providerCardId"": ""P-A-014"", ""providerSetId"": ""P-A"", ""serieId"": ""tcgp"", ""serieName"": ""Pokémon Estampas Ilustradas Pocket"", ""sourceLanguage"": ""pt-br""}]",Explicit language-scoped provider card/set ID plus canonical set and collector identity; native name is corroborating only.,,exact_catalogue_record
pokemon|pt-BR|BR|set:ca82dc062de8c5da|15|unspecified,pt-BR,BR,pokemon|pt-BR|BR|tcgdex:P-A,"{""tcgdex"": ""P-A""}",015,0,"{""tcgdex"": ""P-A-015""}","[{""provider"": ""tcgdex"", ""providerCardId"": ""P-A-015"", ""providerSetId"": ""P-A"", ""serieId"": ""tcgp"", ""serieName"": ""Pokémon Estampas Ilustradas Pocket"", ""sourceLanguage"": ""pt-br""}]",Explicit language-scoped provider card/set ID plus canonical set and collector identity; native name is corroborating only.,,exact_catalogue_record
pokemon|pt-BR|BR|set:ca82dc062de8c5da|16|unspecified,pt-BR,BR,pokemon|pt-BR|BR|tcgdex:P-A,"{""tcgdex"": ""P-A""}",016,0,"{""tcgdex"": ""P-A-016""}","[{""provider"": ""tcgdex"", ""providerCardId"": ""P-A-016"", ""providerSetId"": ""P-A"", ""serieId"": ""tcgp"", ""serieName"": ""Pokémon Estampas Ilustradas Pocket"", ""sourceLanguage"": ""pt-br""}]",Explicit language-scoped provider card/set ID plus canonical set and collector identity; native name is corroborating only.,,exact_catalogue_record
pokemon|pt-BR|BR|set:ca82dc062de8c5da|17|unspecified,pt-BR,BR,pokemon|pt-BR|BR|tcgdex:P-A,"{""tcgdex"": ""P-A""}",017,0,"{""tcgdex"": ""P-A-017""}","[{""provider"": ""tcgdex"", ""providerCardId"": ""P-A-017"", ""providerSetId"": ""P-A"", ""serieId"": ""tcgp"", ""serieName"": ""Pokémon Estampas Ilustradas Pocket"", ""sourceLanguage"": ""pt-br""}]",Explicit language-scoped provider card/set ID plus canonical set and collector identity; native name is corroborating only.,,exact_catalogue_record
pokemon|pt-BR|BR|set:ca82dc062de8c5da|18|unspecified,pt-BR,BR,pokemon|pt-BR|BR|tcgdex:P-A,"{""tcgdex"": ""P-A""}",018,0,"{""tcgdex"": ""P-A-018""}","[{""provider"": ""tcgdex"", ""providerCardId"": ""P-A-018"", ""providerSetId"": ""P-A"", ""serieId"": ""tcgp"", ""serieName"": ""Pokémon Estampas Ilustradas Pocket"", ""sourceLanguage"": ""pt-br""}]",Explicit language-scoped provider card/set ID plus canonical set and collector identity; native name is corroborating only.,,exact_catalogue_record
pokemon|pt-BR|BR|set:ca82dc062de8c5da|48|unspecified,pt-BR,BR,pokemon|pt-BR|BR|tcgdex:P-A,"{""tcgdex"": ""P-A""}",048,0,"{""tcgdex"": ""P-A-048""}","[{""provider"": ""tcgdex"", ""providerCardId"": ""P-A-048"", ""providerSetId"": ""P-A"", ""serieId"": ""tcgp"", ""serieName"": ""Pokémon Estampas Ilustradas Pocket"", ""sourceLanguage"": ""pt-br""}]",Explicit language-scoped provider card/set ID plus canonical set and collector identity; native name is corroborating only.,,exact_catalogue_record
pokemon|pt-BR|BR|set:ca82dc062de8c5da|73|unspecified,pt-BR,BR,pokemon|pt-BR|BR|tcgdex:P-A,"{""tcgdex"": ""P-A""}",073,0,"{""tcgdex"": ""P-A-073""}","[{""provider"": ""tcgdex"", ""providerCardId"": ""P-A-073"", ""providerSetId"": ""P-A"", ""serieId"": ""tcgp"", ""serieName"": ""Pokémon Estampas Ilustradas Pocket"", ""sourceLanguage"": ""pt-br""}]",Explicit language-scoped provider card/set ID plus canonical set and collector identity; native name is corroborating only.,,exact_catalogue_record
pokemon|pt-BR|BR|set:ca82dc062de8c5da|2|unspecified,pt-BR,BR,pokemon|pt-BR|BR|tcgdex:P-A,"{""tcgdex"": ""P-A""}",002,0,"{""tcgdex"": ""P-A-002""}","[{""provider"": ""tcgdex"", ""providerCardId"": ""P-A-002"", ""providerSetId"": ""P-A"", ""serieId"": ""tcgp"", ""serieName"": ""Pokémon Estampas Ilustradas Pocket"", ""sourceLanguage"": ""pt-br""}]",Explicit language-scoped provider card/set ID plus canonical set and collector identity; native name is corroborating only.,,exact_catalogue_record
pokemon|pt-BR|BR|set:15a97ab0eb4980be|222|unspecified,pt-BR,BR,pokemon|pt-BR|BR|tcgdex:A3,"{""tcgdex"": ""A3""}",222,155,"{""tcgdex"": ""A3-222""}","[{""provider"": ""tcgdex"", ""providerCardId"": ""A3-222"", ""providerSetId"": ""A3"", ""serieId"": ""tcgp"", ""serieName"": ""Pokémon Estampas Ilustradas Pocket"", ""sourceLanguage"": ""pt-br""}]",Explicit language-scoped provider card/set ID plus canonical set and collector identity; native name is corroborating only.,,exact_catalogue_record
pokemon|pt-BR|BR|set:39a9bf439de4163a|54|unspecified,pt-BR,BR,pokemon|pt-BR|BR|tcgdex:A2,"{""tcgdex"": ""A2""}",054,140,"{""tcgdex"": ""A2-054""}","[{""provider"": ""tcgdex"", ""providerCardId"": ""A2-054"", ""providerSetId"": ""A2"", ""serieId"": ""tcgp"", ""serieName"": ""Pokémon Estampas Ilustradas Pocket"", ""sourceLanguage"": ""pt-br""}]",Explicit language-scoped provider card/set ID plus canonical set and collector identity; native name is corroborating only.,,exact_catalogue_record
pokemon|pt-BR|BR|set:15a97ab0eb4980be|145|unspecified,pt-BR,BR,pokemon|pt-BR|BR|tcgdex:A3,"{""tcgdex"": ""A3""}",145,155,"{""tcgdex"": ""A3-145""}","[{""provider"": ""tcgdex"", ""providerCardId"": ""A3-145"", ""providerSetId"": ""A3"", ""serieId"": ""tcgp"", ""serieName"": ""Pokémon Estampas Ilustradas Pocket"", ""sourceLanguage"": ""pt-br""}]",Explicit language-scoped provider card/set ID plus canonical set and collector identity; native name is corroborating only.,,exact_catalogue_record
pokemon|pt-BR|BR|set:be03d76b8ef53c79|141|unspecified,pt-BR,BR,pokemon|pt-BR|BR|tcgdex:A1,"{""tcgdex"": ""A1""}",141,226,"{""tcgdex"": ""A1-141""}","[{""provider"": ""tcgdex"", ""providerCardId"": ""A1-141"", ""providerSetId"": ""A1"", ""serieId"": ""tcgp"", ""serieName"": ""Pokémon Estampas Ilustradas Pocket"", ""sourceLanguage"": ""pt-br""}]",Explicit language-scoped provider card/set ID plus canonical set and collector identity; native name is corroborating only.,,exact_catalogue_record
pokemon|pt-BR|BR|set:39a9bf439de4163a|153|unspecified,pt-BR,BR,pokemon|pt-BR|BR|tcgdex:A2,"{""tcgdex"": ""A2""}",153,140,"{""tcgdex"": ""A2-153""}","[{""provider"": ""tcgdex"", ""providerCardId"": ""A2-153"", ""providerSetId"": ""A2"", ""serieId"": ""tcgp"", ""serieName"": ""Pokémon Estampas Ilustradas Pocket"", ""sourceLanguage"": ""pt-br""}]",Explicit language-scoped provider card/set ID plus canonical set and collector identity; native name is corroborating only.,,exact_catalogue_record
pokemon|pt-BR|BR|set:15a97ab0eb4980be|2|unspecified,pt-BR,BR,pokemon|pt-BR|BR|tcgdex:A3,"{""tcgdex"": ""A3""}",002,155,"{""tcgdex"": ""A3-002""}","[{""provider"": ""tcgdex"", ""providerCardId"": ""A3-002"", ""providerSetId"": ""A3"", ""serieId"": ""tcgp"", ""serieName"": ""Pokémon Estampas Ilustradas Pocket"", ""sourceLanguage"": ""pt-br""}]",Explicit language-scoped provider card/set ID plus canonical set and collector identity; native name is corroborating only.,,exact_catalogue_record
pokemon|pt-BR|BR|set:ca82dc062de8c5da|23|unspecified,pt-BR,BR,pokemon|pt-BR|BR|tcgdex:P-A,"{""tcgdex"": ""P-A""}",023,0,"{""tcgdex"": ""P-A-023""}","[{""provider"": ""tcgdex"", ""providerCardId"": ""P-A-023"", ""providerSetId"": ""P-A"", ""serieId"": ""tcgp"", ""serieName"": ""Pokémon Estampas Ilustradas Pocket"", ""sourceLanguage"": ""pt-br""}]",Explicit language-scoped provider card/set ID plus canonical set and collector identity; native name is corroborating only.,,exact_catalogue_record
pokemon|pt-BR|BR|set:39a9bf439de4163a|82|unspecified,pt-BR,BR,pokemon|pt-BR|BR|tcgdex:A2,"{""tcgdex"": ""A2""}",082,140,"{""tcgdex"": ""A2-082""}","[{""provider"": ""tcgdex"", ""providerCardId"": ""A2-082"", ""providerSetId"": ""A2"", ""serieId"": ""tcgp"", ""serieName"": ""Pokémon Estampas Ilustradas Pocket"", ""sourceLanguage"": ""pt-br""}]",Explicit language-scoped provider card/set ID plus canonical set and collector identity; native name is corroborating only.,,exact_catalogue_record
pokemon|pt-BR|BR|set:15a97ab0eb4980be|58|unspecified,pt-BR,BR,pokemon|pt-BR|BR|tcgdex:A3,"{""tcgdex"": ""A3""}",058,155,"{""tcgdex"": ""A3-058""}","[{""provider"": ""tcgdex"", ""providerCardId"": ""A3-058"", ""providerSetId"": ""A3"", ""serieId"": ""tcgp"", ""serieName"": ""Pokémon Estampas Ilustradas Pocket"", ""sourceLanguage"": ""pt-br""}]",Explicit language-scoped provider card/set ID plus canonical set and collector identity; native name is corroborating only.,,exact_catalogue_record
pokemon|pt-BR|BR|set:39a9bf439de4163a|103|unspecified,pt-BR,BR,pokemon|pt-BR|BR|tcgdex:A2,"{""tcgdex"": ""A2""}",103,140,"{""tcgdex"": ""A2-103""}","[{""provider"": ""tcgdex"", ""providerCardId"": ""A2-103"", ""providerSetId"": ""A2"", ""serieId"": ""tcgp"", ""serieName"": ""Pokémon Estampas Ilustradas Pocket"", ""sourceLanguage"": ""pt-br""}]",Explicit language-scoped provider card/set ID plus canonical set and collector identity; native name is corroborating only.,,exact_catalogue_record
pokemon|pt-BR|BR|set:2ed443be005967c3|29|unspecified,pt-BR,BR,pokemon|pt-BR|BR|tcgdex:A1a,"{""tcgdex"": ""A1a""}",029,68,"{""tcgdex"": ""A1a-029""}","[{""provider"": ""tcgdex"", ""providerCardId"": ""A1a-029"", ""providerSetId"": ""A1a"", ""serieId"": ""tcgp"", ""serieName"": ""Pokémon Estampas Ilustradas Pocket"", ""sourceLanguage"": ""pt-br""}]",Explicit language-scoped provider card/set ID plus canonical set and collector identity; native name is corroborating only.,,exact_catalogue_record
pokemon|pt-BR|BR|set:be03d76b8ef53c79|64|unspecified,pt-BR,BR,pokemon|pt-BR|BR|tcgdex:A1,"{""tcgdex"": ""A1""}",064,226,"{""tcgdex"": ""A1-064""}","[{""provider"": ""tcgdex"", ""providerCardId"": ""A1-064"", ""providerSetId"": ""A1"", ""serieId"": ""tcgp"", ""serieName"": ""Pokémon Estampas Ilustradas Pocket"", ""sourceLanguage"": ""pt-br""}]",Explicit language-scoped provider card/set ID plus canonical set and collector identity; native name is corroborating only.,,exact_catalogue_record
pokemon|pt-BR|BR|set:be03d76b8ef53c79|185|unspecified,pt-BR,BR,pokemon|pt-BR|BR|tcgdex:A1,"{""tcgdex"": ""A1""}",185,226,"{""tcgdex"": ""A1-185""}","[{""provider"": ""tcgdex"", ""providerCardId"": ""A1-185"", ""providerSetId"": ""A1"", ""serieId"": ""tcgp"", ""serieName"": ""Pokémon Estampas Ilustradas Pocket"", ""sourceLanguage"": ""pt-br""}]",Explicit language-scoped provider card/set ID plus canonical set and collector identity; native name is corroborating only.,,exact_catalogue_record
pokemon|pt-BR|BR|set:15a97ab0eb4980be|119|unspecified,pt-BR,BR,pokemon|pt-BR|BR|tcgdex:A3,"{""tcgdex"": ""A3""}",119,155,"{""tcgdex"": ""A3-119""}","[{""provider"": ""tcgdex"", ""providerCardId"": ""A3-119"", ""providerSetId"": ""A3"", ""serieId"": ""tcgp"", ""serieName"": ""Pokémon Estampas Ilustradas Pocket"", ""sourceLanguage"": ""pt-br""}]",Explicit language-scoped provider card/set ID plus canonical set and collector identity; native name is corroborating only.,,exact_catalogue_record
pokemon|pt-BR|BR|set:be03d76b8ef53c79|67|unspecified,pt-BR,BR,pokemon|pt-BR|BR|tcgdex:A1,"{""tcgdex"": ""A1""}",067,226,"{""tcgdex"": ""A1-067""}","[{""provider"": ""tcgdex"", ""providerCardId"": ""A1-067"", ""providerSetId"": ""A1"", ""serieId"": ""tcgp"", ""serieName"": ""Pokémon Estampas Ilustradas Pocket"", ""sourceLanguage"": ""pt-br""}]",Explicit language-scoped provider card/set ID plus canonical set and collector identity; native name is corroborating only.,,exact_catalogue_record
pokemon|pt-BR|BR|set:be03d76b8ef53c79|70|unspecified,pt-BR,BR,pokemon|pt-BR|BR|tcgdex:A1,"{""tcgdex"": ""A1""}",070,226,"{""tcgdex"": ""A1-070""}","[{""provider"": ""tcgdex"", ""providerCardId"": ""A1-070"", ""providerSetId"": ""A1"", ""serieId"": ""tcgp"", ""serieName"": ""Pokémon Estampas Ilustradas Pocket"", ""sourceLanguage"": ""pt-br""}]",Explicit language-scoped provider card/set ID plus canonical set and collector identity; native name is corroborating only.,,exact_catalogue_record
pokemon|pt-BR|BR|set:433c37f15667e4a9|67|unspecified,pt-BR,BR,pokemon|pt-BR|BR|tcgdex:A2a,"{""tcgdex"": ""A2a""}",067,75,"{""tcgdex"": ""A2a-067""}","[{""provider"": ""tcgdex"", ""providerCardId"": ""A2a-067"", ""providerSetId"": ""A2a"", ""serieId"": ""tcgp"", ""serieName"": ""Pokémon Estampas Ilustradas Pocket"", ""sourceLanguage"": ""pt-br""}]",Explicit language-scoped provider card/set ID plus canonical set and collector identity; native name is corroborating only.,,exact_catalogue_record
pokemon|pt-BR|BR|set:507facd8eb350e82|36|unspecified,pt-BR,BR,pokemon|pt-BR|BR|tcgdex:A2b,"{""tcgdex"": ""A2b""}",036,72,"{""tcgdex"": ""A2b-036""}","[{""provider"": ""tcgdex"", ""providerCardId"": ""A2b-036"", ""providerSetId"": ""A2b"", ""serieId"": ""tcgp"", ""serieName"": ""Pokémon Estampas Ilustradas Pocket"", ""sourceLanguage"": ""pt-br""}]",Explicit language-scoped provider card/set ID plus canonical set and collector identity; native name is corroborating only.,,exact_catalogue_record
pokemon|pt-BR|BR|set:be03d76b8ef53c79|74|unspecified,pt-BR,BR,pokemon|pt-BR|BR|tcgdex:A1,"{""tcgdex"": ""A1""}",074,226,"{""tcgdex"": ""A1-074""}","[{""provider"": ""tcgdex"", ""providerCardId"": ""A1-074"", ""providerSetId"": ""A1"", ""serieId"": ""tcgp"", ""serieName"": ""Pokémon Estampas Ilustradas Pocket"", ""sourceLanguage"": ""pt-br""}]",Explicit language-scoped provider card/set ID plus canonical set and collector identity; native name is corroborating only.,,exact_catalogue_record
pokemon|pt-BR|BR|set:507facd8eb350e82|63|unspecified,pt-BR,BR,pokemon|pt-BR|BR|tcgdex:A2b,"{""tcgdex"": ""A2b""}",063,72,"{""tcgdex"": ""A2b-063""}","[{""provider"": ""tcgdex"", ""providerCardId"": ""A2b-063"", ""providerSetId"": ""A2b"", ""serieId"": ""tcgp"", ""serieName"": ""Pokémon Estampas Ilustradas Pocket"", ""sourceLanguage"": ""pt-br""}]",Explicit language-scoped provider card/set ID plus canonical set and collector identity; native name is corroborating only.,,exact_catalogue_record
pokemon|pt-BR|BR|set:15a97ab0eb4980be|131|unspecified,pt-BR,BR,pokemon|pt-BR|BR|tcgdex:A3,"{""tcgdex"": ""A3""}",131,155,"{""tcgdex"": ""A3-131""}","[{""provider"": ""tcgdex"", ""providerCardId"": ""A3-131"", ""providerSetId"": ""A3"", ""serieId"": ""tcgp"", ""serieName"": ""Pokémon Estampas Ilustradas Pocket"", ""sourceLanguage"": ""pt-br""}]",Explicit language-scoped provider card/set ID plus canonical set and collector identity; native name is corroborating only.,,exact_catalogue_record
pokemon|pt-BR|BR|set:be03d76b8ef53c79|179|unspecified,pt-BR,BR,pokemon|pt-BR|BR|tcgdex:A1,"{""tcgdex"": ""A1""}",179,226,"{""tcgdex"": ""A1-179""}","[{""provider"": ""tcgdex"", ""providerCardId"": ""A1-179"", ""providerSetId"": ""A1"", ""serieId"": ""tcgp"", ""serieName"": ""Pokémon Estampas Ilustradas Pocket"", ""sourceLanguage"": ""pt-br""}]",Explicit language-scoped provider card/set ID plus canonical set and collector identity; native name is corroborating only.,,exact_catalogue_record
pokemon|pt-BR|BR|set:507facd8eb350e82|54|unspecified,pt-BR,BR,pokemon|pt-BR|BR|tcgdex:A2b,"{""tcgdex"": ""A2b""}",054,72,"{""tcgdex"": ""A2b-054""}","[{""provider"": ""tcgdex"", ""providerCardId"": ""A2b-054"", ""providerSetId"": ""A2b"", ""serieId"": ""tcgp"", ""serieName"": ""Pokémon Estampas Ilustradas Pocket"", ""sourceLanguage"": ""pt-br""}]",Explicit language-scoped provider card/set ID plus canonical set and collector identity; native name is corroborating only.,,exact_catalogue_record
pokemon|pt-BR|BR|set:2ed443be005967c3|41|unspecified,pt-BR,BR,pokemon|pt-BR|BR|tcgdex:A1a,"{""tcgdex"": ""A1a""}",041,68,"{""tcgdex"": ""A1a-041""}","[{""provider"": ""tcgdex"", ""providerCardId"": ""A1a-041"", ""providerSetId"": ""A1a"", ""serieId"": ""tcgp"", ""serieName"": ""Pokémon Estampas Ilustradas Pocket"", ""sourceLanguage"": ""pt-br""}]",Explicit language-scoped provider card/set ID plus canonical set and collector identity; native name is corroborating only.,,exact_catalogue_record
pokemon|pt-BR|BR|set:507facd8eb350e82|78|unspecified,pt-BR,BR,pokemon|pt-BR|BR|tcgdex:A2b,"{""tcgdex"": ""A2b""}",078,72,"{""tcgdex"": ""A2b-078""}","[{""provider"": ""tcgdex"", ""providerCardId"": ""A2b-078"", ""providerSetId"": ""A2b"", ""serieId"": ""tcgp"", ""serieName"": ""Pokémon Estampas Ilustradas Pocket"", ""sourceLanguage"": ""pt-br""}]",Explicit language-scoped provider card/set ID plus canonical set and collector identity; native name is corroborating only.,,exact_catalogue_record
pokemon|pt-BR|BR|set:433c37f15667e4a9|49|unspecified,pt-BR,BR,pokemon|pt-BR|BR|tcgdex:A2a,"{""tcgdex"": ""A2a""}",049,75,"{""tcgdex"": ""A2a-049""}","[{""provider"": ""tcgdex"", ""providerCardId"": ""A2a-049"", ""providerSetId"": ""A2a"", ""serieId"": ""tcgp"", ""serieName"": ""Pokémon Estampas Ilustradas Pocket"", ""sourceLanguage"": ""pt-br""}]",Explicit language-scoped provider card/set ID plus canonical set and collector identity; native name is corroborating only.,,exact_catalogue_record
pokemon|pt-BR|BR|set:39a9bf439de4163a|167|unspecified,pt-BR,BR,pokemon|pt-BR|BR|tcgdex:A2,"{""tcgdex"": ""A2""}",167,140,"{""tcgdex"": ""A2-167""}","[{""provider"": ""tcgdex"", ""providerCardId"": ""A2-167"", ""providerSetId"": ""A2"", ""serieId"": ""tcgp"", ""serieName"": ""Pokémon Estampas Ilustradas Pocket"", ""sourceLanguage"": ""pt-br""}]",Explicit language-scoped provider card/set ID plus canonical set and collector identity; native name is corroborating only.,,exact_catalogue_record
pokemon|pt-BR|BR|set:39a9bf439de4163a|64|unspecified,pt-BR,BR,pokemon|pt-BR|BR|tcgdex:A2,"{""tcgdex"": ""A2""}",064,140,"{""tcgdex"": ""A2-064""}","[{""provider"": ""tcgdex"", ""providerCardId"": ""A2-064"", ""providerSetId"": ""A2"", ""serieId"": ""tcgp"", ""serieName"": ""Pokémon Estampas Ilustradas Pocket"", ""sourceLanguage"": ""pt-br""}]",Explicit language-scoped provider card/set ID plus canonical set and collector identity; native name is corroborating only.,,exact_catalogue_record
pokemon|pt-BR|BR|set:2ed443be005967c3|9|unspecified,pt-BR,BR,pokemon|pt-BR|BR|tcgdex:A1a,"{""tcgdex"": ""A1a""}",009,68,"{""tcgdex"": ""A1a-009""}","[{""provider"": ""tcgdex"", ""providerCardId"": ""A1a-009"", ""providerSetId"": ""A1a"", ""serieId"": ""tcgp"", ""serieName"": ""Pokémon Estampas Ilustradas Pocket"", ""sourceLanguage"": ""pt-br""}]",Explicit language-scoped provider card/set ID plus canonical set and collector identity; native name is corroborating only.,,exact_catalogue_record
pokemon|pt-BR|BR|set:be03d76b8ef53c79|120|unspecified,pt-BR,BR,pokemon|pt-BR|BR|tcgdex:A1,"{""tcgdex"": ""A1""}",120,226,"{""tcgdex"": ""A1-120""}","[{""provider"": ""tcgdex"", ""providerCardId"": ""A1-120"", ""providerSetId"": ""A1"", ""serieId"": ""tcgp"", ""serieName"": ""Pokémon Estampas Ilustradas Pocket"", ""sourceLanguage"": ""pt-br""}]",Explicit language-scoped provider card/set ID plus canonical set and collector identity; native name is corroborating only.,,exact_catalogue_record
pokemon|pt-BR|BR|set:15a97ab0eb4980be|168|unspecified,pt-BR,BR,pokemon|pt-BR|BR|tcgdex:A3,"{""tcgdex"": ""A3""}",168,155,"{""tcgdex"": ""A3-168""}","[{""provider"": ""tcgdex"", ""providerCardId"": ""A3-168"", ""providerSetId"": ""A3"", ""serieId"": ""tcgp"", ""serieName"": ""Pokémon Estampas Ilustradas Pocket"", ""sourceLanguage"": ""pt-br""}]",Explicit language-scoped provider card/set ID plus canonical set and collector identity; native name is corroborating only.,,exact_catalogue_record
pokemon|pt-BR|BR|set:433c37f15667e4a9|41|unspecified,pt-BR,BR,pokemon|pt-BR|BR|tcgdex:A2a,"{""tcgdex"": ""A2a""}",041,75,"{""tcgdex"": ""A2a-041""}","[{""provider"": ""tcgdex"", ""providerCardId"": ""A2a-041"", ""providerSetId"": ""A2a"", ""serieId"": ""tcgp"", ""serieName"": ""Pokémon Estampas Ilustradas Pocket"", ""sourceLanguage"": ""pt-br""}]",Explicit language-scoped provider card/set ID plus canonical set and collector identity; native name is corroborating only.,,exact_catalogue_record
pokemon|pt-BR|BR|set:2ed443be005967c3|21|unspecified,pt-BR,BR,pokemon|pt-BR|BR|tcgdex:A1a,"{""tcgdex"": ""A1a""}",021,68,"{""tcgdex"": ""A1a-021""}","[{""provider"": ""tcgdex"", ""providerCardId"": ""A1a-021"", ""providerSetId"": ""A1a"", ""serieId"": ""tcgp"", ""serieName"": ""Pokémon Estampas Ilustradas Pocket"", ""sourceLanguage"": ""pt-br""}]",Explicit language-scoped provider card/set ID plus canonical set and collector identity; native name is corroborating only.,,exact_catalogue_record
pokemon|pt-BR|BR|set:15a97ab0eb4980be|39|unspecified,pt-BR,BR,pokemon|pt-BR|BR|tcgdex:A3,"{""tcgdex"": ""A3""}",039,155,"{""tcgdex"": ""A3-039""}","[{""provider"": ""tcgdex"", ""providerCardId"": ""A3-039"", ""providerSetId"": ""A3"", ""serieId"": ""tcgp"", ""serieName"": ""Pokémon Estampas Ilustradas Pocket"", ""sourceLanguage"": ""pt-br""}]",Explicit language-scoped provider card/set ID plus canonical set and collector identity; native name is corroborating only.,,exact_catalogue_record
pokemon|pt-BR|BR|set:ca82dc062de8c5da|70|unspecified,pt-BR,BR,pokemon|pt-BR|BR|tcgdex:P-A,"{""tcgdex"": ""P-A""}",070,0,"{""tcgdex"": ""P-A-070""}","[{""provider"": ""tcgdex"", ""providerCardId"": ""P-A-070"", ""providerSetId"": ""P-A"", ""serieId"": ""tcgp"", ""serieName"": ""Pokémon Estampas Ilustradas Pocket"", ""sourceLanguage"": ""pt-br""}]",Explicit language-scoped provider card/set ID plus canonical set and collector identity; native name is corroborating only.,,exact_catalogue_record
pokemon|pt-BR|BR|set:be03d76b8ef53c79|87|unspecified,pt-BR,BR,pokemon|pt-BR|BR|tcgdex:A1,"{""tcgdex"": ""A1""}",087,226,"{""tcgdex"": ""A1-087""}","[{""provider"": ""tcgdex"", ""providerCardId"": ""A1-087"", ""providerSetId"": ""A1"", ""serieId"": ""tcgp"", ""serieName"": ""Pokémon Estampas Ilustradas Pocket"", ""sourceLanguage"": ""pt-br""}]",Explicit language-scoped provider card/set ID plus canonical set and collector identity; native name is corroborating only.,,exact_catalogue_record
pokemon|pt-BR|BR|set:39a9bf439de4163a|114|unspecified,pt-BR,BR,pokemon|pt-BR|BR|tcgdex:A2,"{""tcgdex"": ""A2""}",114,140,"{""tcgdex"": ""A2-114""}","[{""provider"": ""tcgdex"", ""providerCardId"": ""A2-114"", ""providerSetId"": ""A2"", ""serieId"": ""tcgp"", ""serieName"": ""Pokémon Estampas Ilustradas Pocket"", ""sourceLanguage"": ""pt-br""}]",Explicit language-scoped provider card/set ID plus canonical set and collector identity; native name is corroborating only.,,exact_catalogue_record
pokemon|pt-BR|BR|set:be03d76b8ef53c79|247|unspecified,pt-BR,BR,pokemon|pt-BR|BR|tcgdex:A1,"{""tcgdex"": ""A1""}",247,226,"{""tcgdex"": ""A1-247""}","[{""provider"": ""tcgdex"", ""providerCardId"": ""A1-247"", ""providerSetId"": ""A1"", ""serieId"": ""tcgp"", ""serieName"": ""Pokémon Estampas Ilustradas Pocket"", ""sourceLanguage"": ""pt-br""}]",Explicit language-scoped provider card/set ID plus canonical set and collector identity; native name is corroborating only.,,exact_catalogue_record
pokemon|pt-BR|BR|set:15a97ab0eb4980be|121|unspecified,pt-BR,BR,pokemon|pt-BR|BR|tcgdex:A3,"{""tcgdex"": ""A3""}",121,155,"{""tcgdex"": ""A3-121""}","[{""provider"": ""tcgdex"", ""providerCardId"": ""A3-121"", ""providerSetId"": ""A3"", ""serieId"": ""tcgp"", ""serieName"": ""Pokémon Estampas Ilustradas Pocket"", ""sourceLanguage"": ""pt-br""}]",Explicit language-scoped provider card/set ID plus canonical set and collector identity; native name is corroborating only.,,exact_catalogue_record
pokemon|pt-BR|BR|set:2ed443be005967c3|81|unspecified,pt-BR,BR,pokemon|pt-BR|BR|tcgdex:A1a,"{""tcgdex"": ""A1a""}",081,68,"{""tcgdex"": ""A1a-081""}","[{""provider"": ""tcgdex"", ""providerCardId"": ""A1a-081"", ""providerSetId"": ""A1a"", ""serieId"": ""tcgp"", ""serieName"": ""Pokémon Estampas Ilustradas Pocket"", ""sourceLanguage"": ""pt-br""}]",Explicit language-scoped provider card/set ID plus canonical set and collector identity; native name is corroborating only.,,exact_catalogue_record
pokemon|pt-BR|BR|set:433c37f15667e4a9|79|unspecified,pt-BR,BR,pokemon|pt-BR|BR|tcgdex:A2a,"{""tcgdex"": ""A2a""}",079,75,"{""tcgdex"": ""A2a-079""}","[{""provider"": ""tcgdex"", ""providerCardId"": ""A2a-079"", ""providerSetId"": ""A2a"", ""serieId"": ""tcgp"", ""serieName"": ""Pokémon Estampas Ilustradas Pocket"", ""sourceLanguage"": ""pt-br""}]",Explicit language-scoped provider card/set ID plus canonical set and collector identity; native name is corroborating only.,,exact_catalogue_record
pokemon|pt-BR|BR|set:ca82dc062de8c5da|57|unspecified,pt-BR,BR,pokemon|pt-BR|BR|tcgdex:P-A,"{""tcgdex"": ""P-A""}",057,0,"{""tcgdex"": ""P-A-057""}","[{""provider"": ""tcgdex"", ""providerCardId"": ""P-A-057"", ""providerSetId"": ""P-A"", ""serieId"": ""tcgp"", ""serieName"": ""Pokémon Estampas Ilustradas Pocket"", ""sourceLanguage"": ""pt-br""}]",Explicit language-scoped provider card/set ID plus canonical set and collector identity; native name is corroborating only.,,exact_catalogue_record
pokemon|pt-BR|BR|set:be03d76b8ef53c79|212|unspecified,pt-BR,BR,pokemon|pt-BR|BR|tcgdex:A1,"{""tcgdex"": ""A1""}",212,226,"{""tcgdex"": ""A1-212""}","[{""provider"": ""tcgdex"", ""providerCardId"": ""A1-212"", ""providerSetId"": ""A1"", ""serieId"": ""tcgp"", ""serieName"": ""Pokémon Estampas Ilustradas Pocket"", ""sourceLanguage"": ""pt-br""}]",Explicit language-scoped provider card/set ID plus canonical set and collector identity; native name is corroborating only.,,exact_catalogue_record
pokemon|pt-BR|BR|set:be03d76b8ef53c79|205|unspecified,pt-BR,BR,pokemon|pt-BR|BR|tcgdex:A1,"{""tcgdex"": ""A1""}",205,226,"{""tcgdex"": ""A1-205""}","[{""provider"": ""tcgdex"", ""providerCardId"": ""A1-205"", ""providerSetId"": ""A1"", ""serieId"": ""tcgp"", ""serieName"": ""Pokémon Estampas Ilustradas Pocket"", ""sourceLanguage"": ""pt-br""}]",Explicit language-scoped provider card/set ID plus canonical set and collector identity; native name is corroborating only.,,exact_catalogue_record
pokemon|pt-BR|BR|set:39a9bf439de4163a|8|unspecified,pt-BR,BR,pokemon|pt-BR|BR|tcgdex:A2,"{""tcgdex"": ""A2""}",008,140,"{""tcgdex"": ""A2-008""}","[{""provider"": ""tcgdex"", ""providerCardId"": ""A2-008"", ""providerSetId"": ""A2"", ""serieId"": ""tcgp"", ""serieName"": ""Pokémon Estampas Ilustradas Pocket"", ""sourceLanguage"": ""pt-br""}]",Explicit language-scoped provider card/set ID plus canonical set and collector identity; native name is corroborating only.,,exact_catalogue_record
pokemon|pt-BR|BR|set:433c37f15667e4a9|92|unspecified,pt-BR,BR,pokemon|pt-BR|BR|tcgdex:A2a,"{""tcgdex"": ""A2a""}",092,75,"{""tcgdex"": ""A2a-092""}","[{""provider"": ""tcgdex"", ""providerCardId"": ""A2a-092"", ""providerSetId"": ""A2a"", ""serieId"": ""tcgp"", ""serieName"": ""Pokémon Estampas Ilustradas Pocket"", ""sourceLanguage"": ""pt-br""}]",Explicit language-scoped provider card/set ID plus canonical set and collector identity; native name is corroborating only.,,exact_catalogue_record
pokemon|pt-BR|BR|set:2ed443be005967c3|13|unspecified,pt-BR,BR,pokemon|pt-BR|BR|tcgdex:A1a,"{""tcgdex"": ""A1a""}",013,68,"{""tcgdex"": ""A1a-013""}","[{""provider"": ""tcgdex"", ""providerCardId"": ""A1a-013"", ""providerSetId"": ""A1a"", ""serieId"": ""tcgp"", ""serieName"": ""Pokémon Estampas Ilustradas Pocket"", ""sourceLanguage"": ""pt-br""}]",Explicit language-scoped provider card/set ID plus canonical set and collector identity; native name is corroborating only.,,exact_catalogue_record
