canonical_card_id,language,set_id,set_name,collector_number,card_name,failure_reason,reference_evidence,catalogue_image_hosts,external_ids,provenance_status,usage_permission_status,recommended_next_action,queued_at_utc
pokemon|en|1539|094/124|chaos_tower_92_124_national_championship_promo_staff,en,1539,League & Championship Cards,094/124,Chaos Tower 92 124 National Championship Promo Staff,auth_only_source_no_alternate,"skip:api.pokewallet.io:pokewallet_auth_gated_no_bypass,skip:api.pokewallet.io:pokewallet_auth_gated_no_bypass,set_map:no_set_mapping:-",api.pokewallet.io,"{""pokemonTcgApiId"": null, ""pricechartingId"": null, ""tcgdexCardId"": null, ""tcgplayerProductId"": null}",catalogue_identity_retained,pokewallet_authenticated_acquire_path,run_pokewallet_authenticated_acquire_or_collector_scan,2026-10-09T10:03:49Z
pokemon|en|1539|144/162|buddy_buddy_poffin_euic_promo,en,1539,League & Championship Cards,144/162,Buddy Buddy Poffin EUIC Promo,auth_only_source_no_alternate,"skip:api.pokewallet.io:pokewallet_auth_gated_no_bypass,skip:api.pokewallet.io:pokewallet_auth_gated_no_bypass,set_map:no_set_mapping:-",api.pokewallet.io,"{""pokemonTcgApiId"": null, ""pricechartingId"": null, ""tcgdexCardId"": null, ""tcgplayerProductId"": null}",catalogue_identity_retained,pokewallet_authenticated_acquire_path,run_pokewallet_authenticated_acquire_or_collector_scan,2026-10-09T10:03:49Z
pokemon|en|1539|177/182|professor_turos_scenario_171_182_professor_program,en,1539,League & Championship Cards,177/182,Professor Turos Scenario 171 182 Professor Program,auth_only_source_no_alternate,"skip:api.pokewallet.io:pokewallet_auth_gated_no_bypass,skip:api.pokewallet.io:pokewallet_auth_gated_no_bypass,set_map:no_set_mapping:-",api.pokewallet.io,"{""pokemonTcgApiId"": null, ""pricechartingId"": null, ""tcgdexCardId"": null, ""tcgplayerProductId"": null}",catalogue_identity_retained,pokewallet_authenticated_acquire_path,run_pokewallet_authenticated_acquire_or_collector_scan,2026-10-09T10:03:49Z
pokemon|en|1840|010/168|sceptile_10_168_sm_celestial_storm,en,1840,Deck Exclusives,010/168,Sceptile 10 168 SM Celestial Storm,auth_only_source_no_alternate,"skip:api.pokewallet.io:pokewallet_auth_gated_no_bypass,skip:api.pokewallet.io:pokewallet_auth_gated_no_bypass,set_map:no_set_mapping:-",api.pokewallet.io,"{""pokemonTcgApiId"": null, ""pricechartingId"": null, ""tcgdexCardId"": null, ""tcgplayerProductId"": null}",catalogue_identity_retained,pokewallet_authenticated_acquire_path,run_pokewallet_authenticated_acquire_or_collector_scan,2026-10-09T10:03:49Z
pokemon|en|1840|023/198|arboliva_023_198,en,1840,Deck Exclusives,023/198,Arboliva 023 198,auth_only_source_no_alternate,"skip:api.pokewallet.io:pokewallet_auth_gated_no_bypass,skip:api.pokewallet.io:pokewallet_auth_gated_no_bypass,set_map:no_set_mapping:-",api.pokewallet.io,"{""pokemonTcgApiId"": null, ""pricechartingId"": null, ""tcgdexCardId"": null, ""tcgplayerProductId"": null}",catalogue_identity_retained,pokewallet_authenticated_acquire_path,run_pokewallet_authenticated_acquire_or_collector_scan,2026-10-09T10:03:49Z
pokemon|en|1840|087/145|solgaleo_87_145_water_web_holo,en,1840,Deck Exclusives,087/145,Solgaleo 87 145 Water Web Holo,auth_only_source_no_alternate,"skip:api.pokewallet.io:pokewallet_auth_gated_no_bypass,skip:api.pokewallet.io:pokewallet_auth_gated_no_bypass,set_map:no_set_mapping:-",api.pokewallet.io,"{""pokemonTcgApiId"": null, ""pricechartingId"": null, ""tcgdexCardId"": null, ""tcgplayerProductId"": null}",catalogue_identity_retained,pokewallet_authenticated_acquire_path,run_pokewallet_authenticated_acquire_or_collector_scan,2026-10-09T10:03:49Z
pokemon|en|1840|096/182|team_rockets_tyranitar_non_holo,en,1840,Deck Exclusives,096/182,Team Rockets Tyranitar Non holo,auth_only_source_no_alternate,"skip:api.pokewallet.io:pokewallet_auth_gated_no_bypass,skip:api.pokewallet.io:pokewallet_auth_gated_no_bypass,set_map:no_set_mapping:-",api.pokewallet.io,"{""pokemonTcgApiId"": null, ""pricechartingId"": null, ""tcgdexCardId"": null, ""tcgplayerProductId"": null}",catalogue_identity_retained,pokewallet_authenticated_acquire_path,run_pokewallet_authenticated_acquire_or_collector_scan,2026-10-09T10:03:49Z
pokemon|en|1840|101/236|necrozma_101_236_cracked_ice_holo,en,1840,Deck Exclusives,101/236,Necrozma 101 236 Cracked Ice Holo,auth_only_source_no_alternate,"skip:api.pokewallet.io:pokewallet_auth_gated_no_bypass,skip:api.pokewallet.io:pokewallet_auth_gated_no_bypass,set_map:no_set_mapping:-",api.pokewallet.io,"{""pokemonTcgApiId"": null, ""pricechartingId"": null, ""tcgdexCardId"": null, ""tcgplayerProductId"": null}",catalogue_identity_retained,pokewallet_authenticated_acquire_path,run_pokewallet_authenticated_acquire_or_collector_scan,2026-10-09T10:03:49Z
pokemon|en|1840|156/195|forest_seal_stone,en,1840,Deck Exclusives,156/195,Forest Seal Stone,auth_only_source_no_alternate,"skip:api.pokewallet.io:pokewallet_auth_gated_no_bypass,skip:api.pokewallet.io:pokewallet_auth_gated_no_bypass,set_map:no_set_mapping:-",api.pokewallet.io,"{""pokemonTcgApiId"": null, ""pricechartingId"": null, ""tcgdexCardId"": null, ""tcgplayerProductId"": null}",catalogue_identity_retained,pokewallet_authenticated_acquire_path,run_pokewallet_authenticated_acquire_or_collector_scan,2026-10-09T10:03:49Z
pokemon|en|1840|184/236|silvally_184_236_sm_unified_minds,en,1840,Deck Exclusives,184/236,Silvally 184 236 SM Unified Minds,auth_only_source_no_alternate,"skip:api.pokewallet.io:pokewallet_auth_gated_no_bypass,skip:api.pokewallet.io:pokewallet_auth_gated_no_bypass,set_map:no_set_mapping:-",api.pokewallet.io,"{""pokemonTcgApiId"": null, ""pricechartingId"": null, ""tcgdexCardId"": null, ""tcgplayerProductId"": null}",catalogue_identity_retained,pokewallet_authenticated_acquire_path,run_pokewallet_authenticated_acquire_or_collector_scan,2026-10-09T10:03:49Z
pokemon|en|2282|068/195|kirlia_2023_tord_reklev,en,2282,World Championship Decks,068/195,Kirlia 2023 Tord Reklev,auth_only_source_no_alternate,"skip:api.pokewallet.io:pokewallet_auth_gated_no_bypass,skip:api.pokewallet.io:pokewallet_auth_gated_no_bypass,set_map:no_set_mapping:-",api.pokewallet.io,"{""pokemonTcgApiId"": null, ""pricechartingId"": null, ""tcgdexCardId"": null, ""tcgplayerProductId"": null}",catalogue_identity_retained,pokewallet_authenticated_acquire_path,run_pokewallet_authenticated_acquire_or_collector_scan,2026-10-09T10:03:49Z
pokemon|en|2282|077/167|iron_thorns_ex_077_167_2024_fernando_cifuentes_gold_signature,en,2282,World Championship Decks,077/167,Iron Thorns ex 077 167 2024 Fernando Cifuentes Gold Signature,auth_only_source_no_alternate,"skip:api.pokewallet.io:pokewallet_auth_gated_no_bypass,skip:api.pokewallet.io:pokewallet_auth_gated_no_bypass,set_map:no_set_mapping:-",api.pokewallet.io,"{""pokemonTcgApiId"": null, ""pricechartingId"": null, ""tcgdexCardId"": null, ""tcgplayerProductId"": null}",catalogue_identity_retained,pokewallet_authenticated_acquire_path,run_pokewallet_authenticated_acquire_or_collector_scan,2026-10-09T10:03:49Z
pokemon|en|2282|081/198|miraidon_ex_081_198_2024_jesse_parker_gold_signature,en,2282,World Championship Decks,081/198,Miraidon ex 081 198 2024 Jesse Parker Gold Signature,auth_only_source_no_alternate,"skip:api.pokewallet.io:pokewallet_auth_gated_no_bypass,skip:api.pokewallet.io:pokewallet_auth_gated_no_bypass,set_map:no_set_mapping:-",api.pokewallet.io,"{""pokemonTcgApiId"": null, ""pricechartingId"": null, ""tcgdexCardId"": null, ""tcgplayerProductId"": null}",catalogue_identity_retained,pokewallet_authenticated_acquire_path,run_pokewallet_authenticated_acquire_or_collector_scan,2026-10-09T10:03:49Z
pokemon|en|2282|137/172|collapsed_stadium_2023_vance_kelley,en,2282,World Championship Decks,137/172,Collapsed Stadium 2023 Vance Kelley,auth_only_source_no_alternate,"skip:api.pokewallet.io:pokewallet_auth_gated_no_bypass,skip:api.pokewallet.io:pokewallet_auth_gated_no_bypass,set_map:no_set_mapping:-",api.pokewallet.io,"{""pokemonTcgApiId"": null, ""pricechartingId"": null, ""tcgdexCardId"": null, ""tcgplayerProductId"": null}",catalogue_identity_retained,pokewallet_authenticated_acquire_path,run_pokewallet_authenticated_acquire_or_collector_scan,2026-10-09T10:03:49Z
pokemon|en|2282|153/195|capturing_aroma_2023_vance_kelley,en,2282,World Championship Decks,153/195,Capturing Aroma 2023 Vance Kelley,auth_only_source_no_alternate,"skip:api.pokewallet.io:pokewallet_auth_gated_no_bypass,skip:api.pokewallet.io:pokewallet_auth_gated_no_bypass,set_map:no_set_mapping:-",api.pokewallet.io,"{""pokemonTcgApiId"": null, ""pricechartingId"": null, ""tcgdexCardId"": null, ""tcgplayerProductId"": null}",catalogue_identity_retained,pokewallet_authenticated_acquire_path,run_pokewallet_authenticated_acquire_or_collector_scan,2026-10-09T10:03:49Z
pokemon|en|2282|190/193|jet_energy_2023_vance_kelley,en,2282,World Championship Decks,190/193,Jet Energy 2023 Vance Kelley,auth_only_source_no_alternate,"skip:api.pokewallet.io:pokewallet_auth_gated_no_bypass,skip:api.pokewallet.io:pokewallet_auth_gated_no_bypass,set_map:no_set_mapping:-",api.pokewallet.io,"{""pokemonTcgApiId"": null, ""pricechartingId"": null, ""tcgdexCardId"": null, ""tcgplayerProductId"": null}",catalogue_identity_retained,pokewallet_authenticated_acquire_path,run_pokewallet_authenticated_acquire_or_collector_scan,2026-10-09T10:03:49Z
pokemon|en|22880|003/142|ledian,en,22880,Prize Pack Series Cards,003/142,Ledian,auth_only_source_no_alternate,"skip:api.pokewallet.io:pokewallet_auth_gated_no_bypass,skip:api.pokewallet.io:pokewallet_auth_gated_no_bypass,set_map:no_set_mapping:-",api.pokewallet.io,"{""pokemonTcgApiId"": null, ""pricechartingId"": null, ""tcgdexCardId"": null, ""tcgplayerProductId"": null}",catalogue_identity_retained,pokewallet_authenticated_acquire_path,run_pokewallet_authenticated_acquire_or_collector_scan,2026-10-09T10:03:49Z
pokemon|en|2289|022/214|arcanine_22_214_cosmos_holo,en,2289,Blister Exclusives,022/214,Arcanine 22 214 Cosmos Holo,auth_only_source_no_alternate,"skip:api.pokewallet.io:pokewallet_auth_gated_no_bypass,skip:api.pokewallet.io:pokewallet_auth_gated_no_bypass,set_map:no_set_mapping:-",api.pokewallet.io,"{""pokemonTcgApiId"": null, ""pricechartingId"": null, ""tcgdexCardId"": null, ""tcgplayerProductId"": null}",catalogue_identity_retained,pokewallet_authenticated_acquire_path,run_pokewallet_authenticated_acquire_or_collector_scan,2026-10-09T10:03:49Z
pokemon|en|2289|051/236|golisopod_51_236_cosmos_holo,en,2289,Blister Exclusives,051/236,Golisopod 51 236 Cosmos Holo,auth_only_source_no_alternate,"skip:api.pokewallet.io:pokewallet_auth_gated_no_bypass,skip:api.pokewallet.io:pokewallet_auth_gated_no_bypass,set_map:no_set_mapping:-",api.pokewallet.io,"{""pokemonTcgApiId"": null, ""pricechartingId"": null, ""tcgdexCardId"": null, ""tcgplayerProductId"": null}",catalogue_identity_retained,pokewallet_authenticated_acquire_path,run_pokewallet_authenticated_acquire_or_collector_scan,2026-10-09T10:03:49Z
pokemon|en|2289|184/236|silvally_184_236_cosmos_holo,en,2289,Blister Exclusives,184/236,Silvally 184 236 Cosmos Holo,auth_only_source_no_alternate,"skip:api.pokewallet.io:pokewallet_auth_gated_no_bypass,skip:api.pokewallet.io:pokewallet_auth_gated_no_bypass,set_map:no_set_mapping:-",api.pokewallet.io,"{""pokemonTcgApiId"": null, ""pricechartingId"": null, ""tcgdexCardId"": null, ""tcgplayerProductId"": null}",catalogue_identity_retained,pokewallet_authenticated_acquire_path,run_pokewallet_authenticated_acquire_or_collector_scan,2026-10-09T10:03:49Z
pokemon|en|2332|003|water_energy_2024,en,2332,Professor Program Promos,003,Water Energy 2024,auth_only_source_no_alternate,"skip:api.pokewallet.io:pokewallet_auth_gated_no_bypass,skip:api.pokewallet.io:pokewallet_auth_gated_no_bypass,set_map:no_set_mapping_promo_name:-",api.pokewallet.io,"{""pokemonTcgApiId"": null, ""pricechartingId"": null, ""tcgdexCardId"": null, ""tcgplayerProductId"": null}",catalogue_identity_retained,pokewallet_authenticated_acquire_path,run_pokewallet_authenticated_acquire_or_collector_scan,2026-10-09T10:03:49Z
pokemon|en|2332|004|lightning_energy_2024,en,2332,Professor Program Promos,004,Lightning Energy 2024,auth_only_source_no_alternate,"skip:api.pokewallet.io:pokewallet_auth_gated_no_bypass,skip:api.pokewallet.io:pokewallet_auth_gated_no_bypass,set_map:no_set_mapping_promo_name:-",api.pokewallet.io,"{""pokemonTcgApiId"": null, ""pricechartingId"": null, ""tcgdexCardId"": null, ""tcgplayerProductId"": null}",catalogue_identity_retained,pokewallet_authenticated_acquire_path,run_pokewallet_authenticated_acquire_or_collector_scan,2026-10-09T10:03:49Z
pokemon|en|2332|005|psychic_energy_2024,en,2332,Professor Program Promos,005,Psychic Energy 2024,auth_only_source_no_alternate,"skip:api.pokewallet.io:pokewallet_auth_gated_no_bypass,skip:api.pokewallet.io:pokewallet_auth_gated_no_bypass,set_map:no_set_mapping_promo_name:-",api.pokewallet.io,"{""pokemonTcgApiId"": null, ""pricechartingId"": null, ""tcgdexCardId"": null, ""tcgplayerProductId"": null}",catalogue_identity_retained,pokewallet_authenticated_acquire_path,run_pokewallet_authenticated_acquire_or_collector_scan,2026-10-09T10:03:49Z
pokemon|en|2332|007|darkness_energy_2024,en,2332,Professor Program Promos,007,Darkness Energy 2024,auth_only_source_no_alternate,"skip:api.pokewallet.io:pokewallet_auth_gated_no_bypass,skip:api.pokewallet.io:pokewallet_auth_gated_no_bypass,set_map:no_set_mapping_promo_name:-",api.pokewallet.io,"{""pokemonTcgApiId"": null, ""pricechartingId"": null, ""tcgdexCardId"": null, ""tcgplayerProductId"": null}",catalogue_identity_retained,pokewallet_authenticated_acquire_path,run_pokewallet_authenticated_acquire_or_collector_scan,2026-10-09T10:03:49Z
pokemon|en|2332|008|metal_energy_2024,en,2332,Professor Program Promos,008,Metal Energy 2024,auth_only_source_no_alternate,"skip:api.pokewallet.io:pokewallet_auth_gated_no_bypass,skip:api.pokewallet.io:pokewallet_auth_gated_no_bypass,set_map:no_set_mapping_promo_name:-",api.pokewallet.io,"{""pokemonTcgApiId"": null, ""pricechartingId"": null, ""tcgdexCardId"": null, ""tcgplayerProductId"": null}",catalogue_identity_retained,pokewallet_authenticated_acquire_path,run_pokewallet_authenticated_acquire_or_collector_scan,2026-10-09T10:03:49Z
pokemon|en|2374|SWSH028|duraludon_swsh028_eb_games_exclusive,en,2374,Miscellaneous Cards & Products,SWSH028,Duraludon SWSH028 EB Games Exclusive,auth_only_source_no_alternate,"skip:api.pokewallet.io:pokewallet_auth_gated_no_bypass,skip:api.pokewallet.io:pokewallet_auth_gated_no_bypass,set_map:no_set_mapping:-",api.pokewallet.io,"{""pokemonTcgApiId"": null, ""pricechartingId"": null, ""tcgdexCardId"": null, ""tcgplayerProductId"": null}",catalogue_identity_retained,pokewallet_authenticated_acquire_path,run_pokewallet_authenticated_acquire_or_collector_scan,2026-10-09T10:03:49Z
pokemon|en|2374|SWSH029|rayquaza_swsh029_pixel_cosmos_holo,en,2374,Miscellaneous Cards & Products,SWSH029,Rayquaza SWSH029 Pixel Cosmos Holo,auth_only_source_no_alternate,"skip:api.pokewallet.io:pokewallet_auth_gated_no_bypass,skip:api.pokewallet.io:pokewallet_auth_gated_no_bypass,set_map:no_set_mapping:-",api.pokewallet.io,"{""pokemonTcgApiId"": null, ""pricechartingId"": null, ""tcgdexCardId"": null, ""tcgplayerProductId"": null}",catalogue_identity_retained,pokewallet_authenticated_acquire_path,run_pokewallet_authenticated_acquire_or_collector_scan,2026-10-09T10:03:49Z
pokemon|en|2374|43/95|aipom_san_diego_comic_con,en,2374,Miscellaneous Cards & Products,43/95,Aipom San Diego Comic Con,auth_only_source_no_alternate,"skip:api.pokewallet.io:pokewallet_auth_gated_no_bypass,skip:api.pokewallet.io:pokewallet_auth_gated_no_bypass,set_map:no_set_mapping:-",api.pokewallet.io,"{""pokemonTcgApiId"": null, ""pricechartingId"": null, ""tcgdexCardId"": null, ""tcgplayerProductId"": null}",catalogue_identity_retained,pokewallet_authenticated_acquire_path,run_pokewallet_authenticated_acquire_or_collector_scan,2026-10-09T10:03:49Z
pokemon|en|2374|018/167|dipplin_018_167_cosmo_holo,en,2374,Miscellaneous Cards & Products,018/167,Dipplin 018 167 Cosmo Holo,auth_only_source_no_alternate,"skip:api.pokewallet.io:pokewallet_auth_gated_no_bypass,skip:api.pokewallet.io:pokewallet_auth_gated_no_bypass,set_map:no_set_mapping:-",api.pokewallet.io,"{""pokemonTcgApiId"": null, ""pricechartingId"": null, ""tcgdexCardId"": null, ""tcgplayerProductId"": null}",catalogue_identity_retained,pokewallet_authenticated_acquire_path,run_pokewallet_authenticated_acquire_or_collector_scan,2026-10-09T10:03:49Z
pokemon|en|2374|025/197|scovillain_025_197_cosmos_foil,en,2374,Miscellaneous Cards & Products,025/197,Scovillain 025 197 Cosmos Foil,auth_only_source_no_alternate,"skip:api.pokewallet.io:pokewallet_auth_gated_no_bypass,skip:api.pokewallet.io:pokewallet_auth_gated_no_bypass,set_map:no_set_mapping:-",api.pokewallet.io,"{""pokemonTcgApiId"": null, ""pricechartingId"": null, ""tcgdexCardId"": null, ""tcgplayerProductId"": null}",catalogue_identity_retained,pokewallet_authenticated_acquire_path,run_pokewallet_authenticated_acquire_or_collector_scan,2026-10-09T10:03:49Z
pokemon|en|2374|059/214|suicune_59_214_legendary_pokemon_stamped,en,2374,Miscellaneous Cards & Products,059/214,Suicune 59 214 Legendary Pokemon Stamped,auth_only_source_no_alternate,"skip:api.pokewallet.io:pokewallet_auth_gated_no_bypass,skip:api.pokewallet.io:pokewallet_auth_gated_no_bypass,set_map:no_set_mapping:-",api.pokewallet.io,"{""pokemonTcgApiId"": null, ""pricechartingId"": null, ""tcgdexCardId"": null, ""tcgplayerProductId"": null}",catalogue_identity_retained,pokewallet_authenticated_acquire_path,run_pokewallet_authenticated_acquire_or_collector_scan,2026-10-09T10:03:49Z
pokemon|en|2374|076/202|boltund_076_202_cosmos_holo,en,2374,Miscellaneous Cards & Products,076/202,Boltund 076 202 Cosmos Holo,auth_only_source_no_alternate,"skip:api.pokewallet.io:pokewallet_auth_gated_no_bypass,skip:api.pokewallet.io:pokewallet_auth_gated_no_bypass,set_map:no_set_mapping:-",api.pokewallet.io,"{""pokemonTcgApiId"": null, ""pricechartingId"": null, ""tcgdexCardId"": null, ""tcgplayerProductId"": null}",catalogue_identity_retained,pokewallet_authenticated_acquire_path,run_pokewallet_authenticated_acquire_or_collector_scan,2026-10-09T10:03:49Z
pokemon|en|2374|080/203|marshadow_080_203_cosmos_holo,en,2374,Miscellaneous Cards & Products,080/203,Marshadow 080 203 Cosmos Holo,auth_only_source_no_alternate,"skip:api.pokewallet.io:pokewallet_auth_gated_no_bypass,skip:api.pokewallet.io:pokewallet_auth_gated_no_bypass,set_map:no_set_mapping:-",api.pokewallet.io,"{""pokemonTcgApiId"": null, ""pricechartingId"": null, ""tcgdexCardId"": null, ""tcgplayerProductId"": null}",catalogue_identity_retained,pokewallet_authenticated_acquire_path,run_pokewallet_authenticated_acquire_or_collector_scan,2026-10-09T10:03:49Z
pokemon|en|2374|082/163|sandaconda_082_163_cosmos_holo,en,2374,Miscellaneous Cards & Products,082/163,Sandaconda 082 163 Cosmos Holo,auth_only_source_no_alternate,"skip:api.pokewallet.io:pokewallet_auth_gated_no_bypass,skip:api.pokewallet.io:pokewallet_auth_gated_no_bypass,set_map:no_set_mapping:-",api.pokewallet.io,"{""pokemonTcgApiId"": null, ""pricechartingId"": null, ""tcgdexCardId"": null, ""tcgplayerProductId"": null}",catalogue_identity_retained,pokewallet_authenticated_acquire_path,run_pokewallet_authenticated_acquire_or_collector_scan,2026-10-09T10:03:49Z
pokemon|en|2374|095/192|galarian_sirfetchd_095_192_cosmos_holo,en,2374,Miscellaneous Cards & Products,095/192,Galarian Sirfetchd 095 192 Cosmos Holo,auth_only_source_no_alternate,"skip:api.pokewallet.io:pokewallet_auth_gated_no_bypass,skip:api.pokewallet.io:pokewallet_auth_gated_no_bypass,set_map:no_set_mapping:-",api.pokewallet.io,"{""pokemonTcgApiId"": null, ""pricechartingId"": null, ""tcgdexCardId"": null, ""tcgplayerProductId"": null}",catalogue_identity_retained,pokewallet_authenticated_acquire_path,run_pokewallet_authenticated_acquire_or_collector_scan,2026-10-09T10:03:49Z
pokemon|en|2374|110/193|larvitar_110_193_cosmo_foil,en,2374,Miscellaneous Cards & Products,110/193,Larvitar 110 193 Cosmo Foil,auth_only_source_no_alternate,"skip:api.pokewallet.io:pokewallet_auth_gated_no_bypass,skip:api.pokewallet.io:pokewallet_auth_gated_no_bypass,set_map:no_set_mapping:-",api.pokewallet.io,"{""pokemonTcgApiId"": null, ""pricechartingId"": null, ""tcgdexCardId"": null, ""tcgplayerProductId"": null}",catalogue_identity_retained,pokewallet_authenticated_acquire_path,run_pokewallet_authenticated_acquire_or_collector_scan,2026-10-09T10:03:49Z
pokemon|en|2374|112/203|dialga_112_203_cosmos_holo,en,2374,Miscellaneous Cards & Products,112/203,Dialga 112 203 Cosmos Holo,auth_only_source_no_alternate,"skip:api.pokewallet.io:pokewallet_auth_gated_no_bypass,skip:api.pokewallet.io:pokewallet_auth_gated_no_bypass,set_map:no_set_mapping:-",api.pokewallet.io,"{""pokemonTcgApiId"": null, ""pricechartingId"": null, ""tcgdexCardId"": null, ""tcgplayerProductId"": null}",catalogue_identity_retained,pokewallet_authenticated_acquire_path,run_pokewallet_authenticated_acquire_or_collector_scan,2026-10-09T10:03:49Z
pokemon|en|2374|129/214|melmetal_129_214_unbroken_bonds_stamped,en,2374,Miscellaneous Cards & Products,129/214,Melmetal 129 214 Unbroken Bonds Stamped,auth_only_source_no_alternate,"skip:api.pokewallet.io:pokewallet_auth_gated_no_bypass,skip:api.pokewallet.io:pokewallet_auth_gated_no_bypass,set_map:no_set_mapping:-",api.pokewallet.io,"{""pokemonTcgApiId"": null, ""pricechartingId"": null, ""tcgdexCardId"": null, ""tcgplayerProductId"": null}",catalogue_identity_retained,pokewallet_authenticated_acquire_path,run_pokewallet_authenticated_acquire_or_collector_scan,2026-10-09T10:03:49Z
pokemon|en|2374|132/182|doublade_132_182_cosmos_holo,en,2374,Miscellaneous Cards & Products,132/182,Doublade 132 182 Cosmos Holo,auth_only_source_no_alternate,"skip:api.pokewallet.io:pokewallet_auth_gated_no_bypass,skip:api.pokewallet.io:pokewallet_auth_gated_no_bypass,set_map:no_set_mapping:-",api.pokewallet.io,"{""pokemonTcgApiId"": null, ""pricechartingId"": null, ""tcgdexCardId"": null, ""tcgplayerProductId"": null}",catalogue_identity_retained,pokewallet_authenticated_acquire_path,run_pokewallet_authenticated_acquire_or_collector_scan,2026-10-09T10:03:49Z
pokemon|en|2374|151/236|dragonite_151_236_costco_exclusive,en,2374,Miscellaneous Cards & Products,151/236,Dragonite 151 236 Costco Exclusive,auth_only_source_no_alternate,"skip:api.pokewallet.io:pokewallet_auth_gated_no_bypass,skip:api.pokewallet.io:pokewallet_auth_gated_no_bypass,set_map:no_set_mapping:-",api.pokewallet.io,"{""pokemonTcgApiId"": null, ""pricechartingId"": null, ""tcgdexCardId"": null, ""tcgplayerProductId"": null}",catalogue_identity_retained,pokewallet_authenticated_acquire_path,run_pokewallet_authenticated_acquire_or_collector_scan,2026-10-09T10:03:49Z
pokemon|en|2374|154/198|lechonk_154_198_cosmo_holo,en,2374,Miscellaneous Cards & Products,154/198,Lechonk 154 198 Cosmo Holo,auth_only_source_no_alternate,"skip:api.pokewallet.io:pokewallet_auth_gated_no_bypass,skip:api.pokewallet.io:pokewallet_auth_gated_no_bypass,set_map:no_set_mapping:-",api.pokewallet.io,"{""pokemonTcgApiId"": null, ""pricechartingId"": null, ""tcgdexCardId"": null, ""tcgplayerProductId"": null}",catalogue_identity_retained,pokewallet_authenticated_acquire_path,run_pokewallet_authenticated_acquire_or_collector_scan,2026-10-09T10:03:49Z
pokemon|en|pkmtch|SV-P 162|giratina_vstar,en,pkmtch,PKMTCH,SV-P 162,Giratina VSTAR,not_yet_resolved,api.pokewallet.io,api.pokewallet.io,"{""pokemonTcgApiId"": null, ""pricechartingId"": null, ""tcgdexCardId"": null, ""tcgplayerProductId"": null}",catalogue_identity_retained,pokewallet_authenticated_acquire_path,manual_or_new_permitted_source,2026-10-09T10:03:49Z
pokemon|en|pkmtch|S-P 163|cyndaquil,en,pkmtch,PKMTCH,S-P 163,Cyndaquil,not_yet_resolved,api.pokewallet.io,api.pokewallet.io,"{""pokemonTcgApiId"": null, ""pricechartingId"": null, ""tcgdexCardId"": null, ""tcgplayerProductId"": null}",catalogue_identity_retained,pokewallet_authenticated_acquire_path,manual_or_new_permitted_source,2026-10-09T10:03:49Z
pokemon|en|pkmtch|S-P 164|oshawott,en,pkmtch,PKMTCH,S-P 164,Oshawott,not_yet_resolved,api.pokewallet.io,api.pokewallet.io,"{""pokemonTcgApiId"": null, ""pricechartingId"": null, ""tcgdexCardId"": null, ""tcgplayerProductId"": null}",catalogue_identity_retained,pokewallet_authenticated_acquire_path,manual_or_new_permitted_source,2026-10-09T10:03:49Z
pokemon|jp|23817|014/032|mewtwo,ja,23817,Pokemon TCG Classic: Blastoise,014/032,Mewtwo,auth_only_source_no_alternate,"skip:api.pokewallet.io:pokewallet_auth_gated_no_bypass,skip:api.pokewallet.io:pokewallet_auth_gated_no_bypass,set_map:no_set_mapping:-",api.pokewallet.io,"{""pokemonTcgApiId"": null, ""pricechartingId"": null, ""tcgdexCardId"": null, ""tcgplayerProductId"": null}",catalogue_identity_retained,pokewallet_authenticated_acquire_path,run_pokewallet_authenticated_acquire_or_collector_scan,2026-10-09T10:03:49Z
pokemon|jp|23817|015/032|lt_surges_rattata,ja,23817,Pokemon TCG Classic: Blastoise,015/032,Lt Surges Rattata,auth_only_source_no_alternate,"skip:api.pokewallet.io:pokewallet_auth_gated_no_bypass,skip:api.pokewallet.io:pokewallet_auth_gated_no_bypass,set_map:no_set_mapping:-",api.pokewallet.io,"{""pokemonTcgApiId"": null, ""pricechartingId"": null, ""tcgdexCardId"": null, ""tcgplayerProductId"": null}",catalogue_identity_retained,pokewallet_authenticated_acquire_path,run_pokewallet_authenticated_acquire_or_collector_scan,2026-10-09T10:03:49Z
pokemon|jp|23817|016/032|lt_surges_raticate,ja,23817,Pokemon TCG Classic: Blastoise,016/032,Lt Surges Raticate,auth_only_source_no_alternate,"skip:api.pokewallet.io:pokewallet_auth_gated_no_bypass,skip:api.pokewallet.io:pokewallet_auth_gated_no_bypass,set_map:no_set_mapping:-",api.pokewallet.io,"{""pokemonTcgApiId"": null, ""pricechartingId"": null, ""tcgdexCardId"": null, ""tcgplayerProductId"": null}",catalogue_identity_retained,pokewallet_authenticated_acquire_path,run_pokewallet_authenticated_acquire_or_collector_scan,2026-10-09T10:03:49Z
pokemon|jp|23817|017/032|kangaskhan,ja,23817,Pokemon TCG Classic: Blastoise,017/032,Kangaskhan,auth_only_source_no_alternate,"skip:api.pokewallet.io:pokewallet_auth_gated_no_bypass,skip:api.pokewallet.io:pokewallet_auth_gated_no_bypass,set_map:no_set_mapping:-",api.pokewallet.io,"{""pokemonTcgApiId"": null, ""pricechartingId"": null, ""tcgdexCardId"": null, ""tcgplayerProductId"": null}",catalogue_identity_retained,pokewallet_authenticated_acquire_path,run_pokewallet_authenticated_acquire_or_collector_scan,2026-10-09T10:03:49Z
pokemon|jp|23817|018/032|super_rod_clb,ja,23817,Pokemon TCG Classic: Blastoise,018/032,Super Rod CLB,auth_only_source_no_alternate,"skip:api.pokewallet.io:pokewallet_auth_gated_no_bypass,skip:api.pokewallet.io:pokewallet_auth_gated_no_bypass,set_map:no_set_mapping:-",api.pokewallet.io,"{""pokemonTcgApiId"": null, ""pricechartingId"": null, ""tcgdexCardId"": null, ""tcgplayerProductId"": null}",catalogue_identity_retained,pokewallet_authenticated_acquire_path,run_pokewallet_authenticated_acquire_or_collector_scan,2026-10-09T10:03:49Z
pokemon|jp|23817|019/032|ultra_ball_clb,ja,23817,Pokemon TCG Classic: Blastoise,019/032,Ultra Ball CLB,auth_only_source_no_alternate,"skip:api.pokewallet.io:pokewallet_auth_gated_no_bypass,skip:api.pokewallet.io:pokewallet_auth_gated_no_bypass,set_map:no_set_mapping:-",api.pokewallet.io,"{""pokemonTcgApiId"": null, ""pricechartingId"": null, ""tcgdexCardId"": null, ""tcgplayerProductId"": null}",catalogue_identity_retained,pokewallet_authenticated_acquire_path,run_pokewallet_authenticated_acquire_or_collector_scan,2026-10-09T10:03:49Z
pokemon|jp|23817|020/032|computer_search_clb,ja,23817,Pokemon TCG Classic: Blastoise,020/032,Computer Search CLB,auth_only_source_no_alternate,"skip:api.pokewallet.io:pokewallet_auth_gated_no_bypass,skip:api.pokewallet.io:pokewallet_auth_gated_no_bypass,set_map:no_set_mapping:-",api.pokewallet.io,"{""pokemonTcgApiId"": null, ""pricechartingId"": null, ""tcgdexCardId"": null, ""tcgplayerProductId"": null}",catalogue_identity_retained,pokewallet_authenticated_acquire_path,run_pokewallet_authenticated_acquire_or_collector_scan,2026-10-09T10:03:49Z
pokemon|jp|23817|021/032|vs_seeker_clb,ja,23817,Pokemon TCG Classic: Blastoise,021/032,VS Seeker CLB,auth_only_source_no_alternate,"skip:api.pokewallet.io:pokewallet_auth_gated_no_bypass,skip:api.pokewallet.io:pokewallet_auth_gated_no_bypass,set_map:no_set_mapping:-",api.pokewallet.io,"{""pokemonTcgApiId"": null, ""pricechartingId"": null, ""tcgdexCardId"": null, ""tcgplayerProductId"": null}",catalogue_identity_retained,pokewallet_authenticated_acquire_path,run_pokewallet_authenticated_acquire_or_collector_scan,2026-10-09T10:03:49Z
pokemon|jp|23817|022/032|rare_candy_clb,ja,23817,Pokemon TCG Classic: Blastoise,022/032,Rare Candy CLB,auth_only_source_no_alternate,"skip:api.pokewallet.io:pokewallet_auth_gated_no_bypass,skip:api.pokewallet.io:pokewallet_auth_gated_no_bypass,set_map:no_set_mapping:-",api.pokewallet.io,"{""pokemonTcgApiId"": null, ""pricechartingId"": null, ""tcgdexCardId"": null, ""tcgplayerProductId"": null}",catalogue_identity_retained,pokewallet_authenticated_acquire_path,run_pokewallet_authenticated_acquire_or_collector_scan,2026-10-09T10:03:49Z
pokemon|jp|23817|023/032|switch_clb,ja,23817,Pokemon TCG Classic: Blastoise,023/032,Switch CLB,auth_only_source_no_alternate,"skip:api.pokewallet.io:pokewallet_auth_gated_no_bypass,skip:api.pokewallet.io:pokewallet_auth_gated_no_bypass,set_map:no_set_mapping:-",api.pokewallet.io,"{""pokemonTcgApiId"": null, ""pricechartingId"": null, ""tcgdexCardId"": null, ""tcgplayerProductId"": null}",catalogue_identity_retained,pokewallet_authenticated_acquire_path,run_pokewallet_authenticated_acquire_or_collector_scan,2026-10-09T10:03:49Z
pokemon|jp|23817|024/032|poke_ball_clb,ja,23817,Pokemon TCG Classic: Blastoise,024/032,Poke Ball CLB,auth_only_source_no_alternate,"skip:api.pokewallet.io:pokewallet_auth_gated_no_bypass,skip:api.pokewallet.io:pokewallet_auth_gated_no_bypass,set_map:no_set_mapping:-",api.pokewallet.io,"{""pokemonTcgApiId"": null, ""pricechartingId"": null, ""tcgdexCardId"": null, ""tcgplayerProductId"": null}",catalogue_identity_retained,pokewallet_authenticated_acquire_path,run_pokewallet_authenticated_acquire_or_collector_scan,2026-10-09T10:03:49Z
pokemon|jp|23817|025/032|drops_in_the_ocean,ja,23817,Pokemon TCG Classic: Blastoise,025/032,Drops in the Ocean,auth_only_source_no_alternate,"skip:api.pokewallet.io:pokewallet_auth_gated_no_bypass,skip:api.pokewallet.io:pokewallet_auth_gated_no_bypass,set_map:no_set_mapping:-",api.pokewallet.io,"{""pokemonTcgApiId"": null, ""pricechartingId"": null, ""tcgdexCardId"": null, ""tcgplayerProductId"": null}",catalogue_identity_retained,pokewallet_authenticated_acquire_path,run_pokewallet_authenticated_acquire_or_collector_scan,2026-10-09T10:03:49Z
pokemon|jp|23817|026/032|professor_oak_clb,ja,23817,Pokemon TCG Classic: Blastoise,026/032,Professor Oak CLB,auth_only_source_no_alternate,"skip:api.pokewallet.io:pokewallet_auth_gated_no_bypass,skip:api.pokewallet.io:pokewallet_auth_gated_no_bypass,set_map:no_set_mapping:-",api.pokewallet.io,"{""pokemonTcgApiId"": null, ""pricechartingId"": null, ""tcgdexCardId"": null, ""tcgplayerProductId"": null}",catalogue_identity_retained,pokewallet_authenticated_acquire_path,run_pokewallet_authenticated_acquire_or_collector_scan,2026-10-09T10:03:49Z
pokemon|jp|23817|027/032|fisherman,ja,23817,Pokemon TCG Classic: Blastoise,027/032,Fisherman,auth_only_source_no_alternate,"skip:api.pokewallet.io:pokewallet_auth_gated_no_bypass,skip:api.pokewallet.io:pokewallet_auth_gated_no_bypass,set_map:no_set_mapping:-",api.pokewallet.io,"{""pokemonTcgApiId"": null, ""pricechartingId"": null, ""tcgdexCardId"": null, ""tcgplayerProductId"": null}",catalogue_identity_retained,pokewallet_authenticated_acquire_path,run_pokewallet_authenticated_acquire_or_collector_scan,2026-10-09T10:03:49Z
pokemon|jp|23817|028/032|pokemon_fan_club_clb,ja,23817,Pokemon TCG Classic: Blastoise,028/032,Pokemon Fan Club CLB,auth_only_source_no_alternate,"skip:api.pokewallet.io:pokewallet_auth_gated_no_bypass,skip:api.pokewallet.io:pokewallet_auth_gated_no_bypass,set_map:no_set_mapping:-",api.pokewallet.io,"{""pokemonTcgApiId"": null, ""pricechartingId"": null, ""tcgdexCardId"": null, ""tcgplayerProductId"": null}",catalogue_identity_retained,pokewallet_authenticated_acquire_path,run_pokewallet_authenticated_acquire_or_collector_scan,2026-10-09T10:03:49Z
pokemon|jp|23817|029/032|bosss_orders_clb,ja,23817,Pokemon TCG Classic: Blastoise,029/032,Bosss Orders CLB,auth_only_source_no_alternate,"skip:api.pokewallet.io:pokewallet_auth_gated_no_bypass,skip:api.pokewallet.io:pokewallet_auth_gated_no_bypass,set_map:no_set_mapping:-",api.pokewallet.io,"{""pokemonTcgApiId"": null, ""pricechartingId"": null, ""tcgdexCardId"": null, ""tcgplayerProductId"": null}",catalogue_identity_retained,pokewallet_authenticated_acquire_path,run_pokewallet_authenticated_acquire_or_collector_scan,2026-10-09T10:03:49Z
pokemon|jp|23817|030/032|bill_clb,ja,23817,Pokemon TCG Classic: Blastoise,030/032,Bill CLB,auth_only_source_no_alternate,"skip:api.pokewallet.io:pokewallet_auth_gated_no_bypass,skip:api.pokewallet.io:pokewallet_auth_gated_no_bypass,set_map:no_set_mapping:-",api.pokewallet.io,"{""pokemonTcgApiId"": null, ""pricechartingId"": null, ""tcgdexCardId"": null, ""tcgplayerProductId"": null}",catalogue_identity_retained,pokewallet_authenticated_acquire_path,run_pokewallet_authenticated_acquire_or_collector_scan,2026-10-09T10:03:49Z
pokemon|jp|23817|031/032|rockets_admin_clb,ja,23817,Pokemon TCG Classic: Blastoise,031/032,Rockets Admin CLB,auth_only_source_no_alternate,"skip:api.pokewallet.io:pokewallet_auth_gated_no_bypass,skip:api.pokewallet.io:pokewallet_auth_gated_no_bypass,set_map:no_set_mapping:-",api.pokewallet.io,"{""pokemonTcgApiId"": null, ""pricechartingId"": null, ""tcgdexCardId"": null, ""tcgplayerProductId"": null}",catalogue_identity_retained,pokewallet_authenticated_acquire_path,run_pokewallet_authenticated_acquire_or_collector_scan,2026-10-09T10:03:49Z
pokemon|jp|23817|032/032|double_colorless_energy_clb,ja,23817,Pokemon TCG Classic: Blastoise,032/032,Double Colorless Energy CLB,auth_only_source_no_alternate,"skip:api.pokewallet.io:pokewallet_auth_gated_no_bypass,skip:api.pokewallet.io:pokewallet_auth_gated_no_bypass,set_map:no_set_mapping:-",api.pokewallet.io,"{""pokemonTcgApiId"": null, ""pricechartingId"": null, ""tcgdexCardId"": null, ""tcgplayerProductId"": null}",catalogue_identity_retained,pokewallet_authenticated_acquire_path,run_pokewallet_authenticated_acquire_or_collector_scan,2026-10-09T10:03:49Z
pokemon|jp|23818|033|basic_fire_energy,ja,23818,Pokemon TCG Classic: Charizard,033,Basic Fire Energy,auth_only_source_no_alternate,"skip:api.pokewallet.io:pokewallet_auth_gated_no_bypass,skip:api.pokewallet.io:pokewallet_auth_gated_no_bypass,set_map:no_set_mapping:-",api.pokewallet.io,"{""pokemonTcgApiId"": null, ""pricechartingId"": null, ""tcgdexCardId"": null, ""tcgplayerProductId"": null}",catalogue_identity_retained,pokewallet_authenticated_acquire_path,run_pokewallet_authenticated_acquire_or_collector_scan,2026-10-09T10:03:49Z
pokemon|jp|23818|034|basic_lightning_energy,ja,23818,Pokemon TCG Classic: Charizard,034,Basic Lightning Energy,auth_only_source_no_alternate,"skip:api.pokewallet.io:pokewallet_auth_gated_no_bypass,skip:api.pokewallet.io:pokewallet_auth_gated_no_bypass,set_map:no_set_mapping:-",api.pokewallet.io,"{""pokemonTcgApiId"": null, ""pricechartingId"": null, ""tcgdexCardId"": null, ""tcgplayerProductId"": null}",catalogue_identity_retained,pokewallet_authenticated_acquire_path,run_pokewallet_authenticated_acquire_or_collector_scan,2026-10-09T10:03:49Z
pokemon|jp|23818|001/032|charmander,ja,23818,Pokemon TCG Classic: Charizard,001/032,Charmander,auth_only_source_no_alternate,"skip:api.pokewallet.io:pokewallet_auth_gated_no_bypass,skip:api.pokewallet.io:pokewallet_auth_gated_no_bypass,set_map:no_set_mapping:-",api.pokewallet.io,"{""pokemonTcgApiId"": null, ""pricechartingId"": null, ""tcgdexCardId"": null, ""tcgplayerProductId"": null}",catalogue_identity_retained,pokewallet_authenticated_acquire_path,run_pokewallet_authenticated_acquire_or_collector_scan,2026-10-09T10:03:49Z
pokemon|jp|23818|002/032|charmeleon,ja,23818,Pokemon TCG Classic: Charizard,002/032,Charmeleon,auth_only_source_no_alternate,"skip:api.pokewallet.io:pokewallet_auth_gated_no_bypass,skip:api.pokewallet.io:pokewallet_auth_gated_no_bypass,set_map:no_set_mapping:-",api.pokewallet.io,"{""pokemonTcgApiId"": null, ""pricechartingId"": null, ""tcgdexCardId"": null, ""tcgplayerProductId"": null}",catalogue_identity_retained,pokewallet_authenticated_acquire_path,run_pokewallet_authenticated_acquire_or_collector_scan,2026-10-09T10:03:49Z
pokemon|jp|23818|003/032|charizard,ja,23818,Pokemon TCG Classic: Charizard,003/032,Charizard,auth_only_source_no_alternate,"skip:api.pokewallet.io:pokewallet_auth_gated_no_bypass,skip:api.pokewallet.io:pokewallet_auth_gated_no_bypass,set_map:no_set_mapping:-",api.pokewallet.io,"{""pokemonTcgApiId"": null, ""pricechartingId"": null, ""tcgdexCardId"": null, ""tcgplayerProductId"": null}",catalogue_identity_retained,pokewallet_authenticated_acquire_path,run_pokewallet_authenticated_acquire_or_collector_scan,2026-10-09T10:03:49Z
pokemon|jp|23818|004/032|ponyta,ja,23818,Pokemon TCG Classic: Charizard,004/032,Ponyta,auth_only_source_no_alternate,"skip:api.pokewallet.io:pokewallet_auth_gated_no_bypass,skip:api.pokewallet.io:pokewallet_auth_gated_no_bypass,set_map:no_set_mapping:-",api.pokewallet.io,"{""pokemonTcgApiId"": null, ""pricechartingId"": null, ""tcgdexCardId"": null, ""tcgplayerProductId"": null}",catalogue_identity_retained,pokewallet_authenticated_acquire_path,run_pokewallet_authenticated_acquire_or_collector_scan,2026-10-09T10:03:49Z
pokemon|jp|23818|005/032|rapidash,ja,23818,Pokemon TCG Classic: Charizard,005/032,Rapidash,auth_only_source_no_alternate,"skip:api.pokewallet.io:pokewallet_auth_gated_no_bypass,skip:api.pokewallet.io:pokewallet_auth_gated_no_bypass,set_map:no_set_mapping:-",api.pokewallet.io,"{""pokemonTcgApiId"": null, ""pricechartingId"": null, ""tcgdexCardId"": null, ""tcgplayerProductId"": null}",catalogue_identity_retained,pokewallet_authenticated_acquire_path,run_pokewallet_authenticated_acquire_or_collector_scan,2026-10-09T10:03:49Z
pokemon|jp|23818|006/032|magmar,ja,23818,Pokemon TCG Classic: Charizard,006/032,Magmar,auth_only_source_no_alternate,"skip:api.pokewallet.io:pokewallet_auth_gated_no_bypass,skip:api.pokewallet.io:pokewallet_auth_gated_no_bypass,set_map:no_set_mapping:-",api.pokewallet.io,"{""pokemonTcgApiId"": null, ""pricechartingId"": null, ""tcgdexCardId"": null, ""tcgplayerProductId"": null}",catalogue_identity_retained,pokewallet_authenticated_acquire_path,run_pokewallet_authenticated_acquire_or_collector_scan,2026-10-09T10:03:49Z
pokemon|jp|23818|007/032|ho_oh_ex,ja,23818,Pokemon TCG Classic: Charizard,007/032,Ho oh ex,auth_only_source_no_alternate,"skip:api.pokewallet.io:pokewallet_auth_gated_no_bypass,skip:api.pokewallet.io:pokewallet_auth_gated_no_bypass,set_map:no_set_mapping:-",api.pokewallet.io,"{""pokemonTcgApiId"": null, ""pricechartingId"": null, ""tcgdexCardId"": null, ""tcgplayerProductId"": null}",catalogue_identity_retained,pokewallet_authenticated_acquire_path,run_pokewallet_authenticated_acquire_or_collector_scan,2026-10-09T10:03:49Z
pokemon|jp|23818|008/032|pikachu,ja,23818,Pokemon TCG Classic: Charizard,008/032,Pikachu,auth_only_source_no_alternate,"skip:api.pokewallet.io:pokewallet_auth_gated_no_bypass,skip:api.pokewallet.io:pokewallet_auth_gated_no_bypass,set_map:no_set_mapping:-",api.pokewallet.io,"{""pokemonTcgApiId"": null, ""pricechartingId"": null, ""tcgdexCardId"": null, ""tcgplayerProductId"": null}",catalogue_identity_retained,pokewallet_authenticated_acquire_path,run_pokewallet_authenticated_acquire_or_collector_scan,2026-10-09T10:03:49Z
pokemon|jp|23818|009/032|raichu,ja,23818,Pokemon TCG Classic: Charizard,009/032,Raichu,auth_only_source_no_alternate,"skip:api.pokewallet.io:pokewallet_auth_gated_no_bypass,skip:api.pokewallet.io:pokewallet_auth_gated_no_bypass,set_map:no_set_mapping:-",api.pokewallet.io,"{""pokemonTcgApiId"": null, ""pricechartingId"": null, ""tcgdexCardId"": null, ""tcgplayerProductId"": null}",catalogue_identity_retained,pokewallet_authenticated_acquire_path,run_pokewallet_authenticated_acquire_or_collector_scan,2026-10-09T10:03:49Z
pokemon|jp|23818|010/032|voltorb,ja,23818,Pokemon TCG Classic: Charizard,010/032,Voltorb,auth_only_source_no_alternate,"skip:api.pokewallet.io:pokewallet_auth_gated_no_bypass,skip:api.pokewallet.io:pokewallet_auth_gated_no_bypass,set_map:no_set_mapping:-",api.pokewallet.io,"{""pokemonTcgApiId"": null, ""pricechartingId"": null, ""tcgdexCardId"": null, ""tcgplayerProductId"": null}",catalogue_identity_retained,pokewallet_authenticated_acquire_path,run_pokewallet_authenticated_acquire_or_collector_scan,2026-10-09T10:03:49Z
pokemon|jp|23818|011/032|electrode,ja,23818,Pokemon TCG Classic: Charizard,011/032,Electrode,auth_only_source_no_alternate,"skip:api.pokewallet.io:pokewallet_auth_gated_no_bypass,skip:api.pokewallet.io:pokewallet_auth_gated_no_bypass,set_map:no_set_mapping:-",api.pokewallet.io,"{""pokemonTcgApiId"": null, ""pricechartingId"": null, ""tcgdexCardId"": null, ""tcgplayerProductId"": null}",catalogue_identity_retained,pokewallet_authenticated_acquire_path,run_pokewallet_authenticated_acquire_or_collector_scan,2026-10-09T10:03:49Z
pokemon|jp|23818|012/032|zapdos,ja,23818,Pokemon TCG Classic: Charizard,012/032,Zapdos,auth_only_source_no_alternate,"skip:api.pokewallet.io:pokewallet_auth_gated_no_bypass,skip:api.pokewallet.io:pokewallet_auth_gated_no_bypass,set_map:no_set_mapping:-",api.pokewallet.io,"{""pokemonTcgApiId"": null, ""pricechartingId"": null, ""tcgdexCardId"": null, ""tcgplayerProductId"": null}",catalogue_identity_retained,pokewallet_authenticated_acquire_path,run_pokewallet_authenticated_acquire_or_collector_scan,2026-10-09T10:03:49Z
pokemon|jp|23818|013/032|clefairy,ja,23818,Pokemon TCG Classic: Charizard,013/032,Clefairy,auth_only_source_no_alternate,"skip:api.pokewallet.io:pokewallet_auth_gated_no_bypass,skip:api.pokewallet.io:pokewallet_auth_gated_no_bypass,set_map:no_set_mapping:-",api.pokewallet.io,"{""pokemonTcgApiId"": null, ""pricechartingId"": null, ""tcgdexCardId"": null, ""tcgplayerProductId"": null}",catalogue_identity_retained,pokewallet_authenticated_acquire_path,run_pokewallet_authenticated_acquire_or_collector_scan,2026-10-09T10:03:49Z
pokemon|jp|23818|014/032|clefable,ja,23818,Pokemon TCG Classic: Charizard,014/032,Clefable,auth_only_source_no_alternate,"skip:api.pokewallet.io:pokewallet_auth_gated_no_bypass,skip:api.pokewallet.io:pokewallet_auth_gated_no_bypass,set_map:no_set_mapping:-",api.pokewallet.io,"{""pokemonTcgApiId"": null, ""pricechartingId"": null, ""tcgdexCardId"": null, ""tcgplayerProductId"": null}",catalogue_identity_retained,pokewallet_authenticated_acquire_path,run_pokewallet_authenticated_acquire_or_collector_scan,2026-10-09T10:03:49Z
pokemon|jp|23818|015/032|dunsparce,ja,23818,Pokemon TCG Classic: Charizard,015/032,Dunsparce,auth_only_source_no_alternate,"skip:api.pokewallet.io:pokewallet_auth_gated_no_bypass,skip:api.pokewallet.io:pokewallet_auth_gated_no_bypass,set_map:no_set_mapping:-",api.pokewallet.io,"{""pokemonTcgApiId"": null, ""pricechartingId"": null, ""tcgdexCardId"": null, ""tcgplayerProductId"": null}",catalogue_identity_retained,pokewallet_authenticated_acquire_path,run_pokewallet_authenticated_acquire_or_collector_scan,2026-10-09T10:03:49Z
pokemon|jp|23818|016/032|stantler,ja,23818,Pokemon TCG Classic: Charizard,016/032,Stantler,auth_only_source_no_alternate,"skip:api.pokewallet.io:pokewallet_auth_gated_no_bypass,skip:api.pokewallet.io:pokewallet_auth_gated_no_bypass,set_map:no_set_mapping:-",api.pokewallet.io,"{""pokemonTcgApiId"": null, ""pricechartingId"": null, ""tcgdexCardId"": null, ""tcgplayerProductId"": null}",catalogue_identity_retained,pokewallet_authenticated_acquire_path,run_pokewallet_authenticated_acquire_or_collector_scan,2026-10-09T10:03:49Z
pokemon|jp|23818|017/032|miltank,ja,23818,Pokemon TCG Classic: Charizard,017/032,Miltank,auth_only_source_no_alternate,"skip:api.pokewallet.io:pokewallet_auth_gated_no_bypass,skip:api.pokewallet.io:pokewallet_auth_gated_no_bypass,set_map:no_set_mapping:-",api.pokewallet.io,"{""pokemonTcgApiId"": null, ""pricechartingId"": null, ""tcgdexCardId"": null, ""tcgplayerProductId"": null}",catalogue_identity_retained,pokewallet_authenticated_acquire_path,run_pokewallet_authenticated_acquire_or_collector_scan,2026-10-09T10:03:49Z
pokemon|jp|23818|018/032|super_scoop_up,ja,23818,Pokemon TCG Classic: Charizard,018/032,Super Scoop Up,auth_only_source_no_alternate,"skip:api.pokewallet.io:pokewallet_auth_gated_no_bypass,skip:api.pokewallet.io:pokewallet_auth_gated_no_bypass,set_map:no_set_mapping:-",api.pokewallet.io,"{""pokemonTcgApiId"": null, ""pricechartingId"": null, ""tcgdexCardId"": null, ""tcgplayerProductId"": null}",catalogue_identity_retained,pokewallet_authenticated_acquire_path,run_pokewallet_authenticated_acquire_or_collector_scan,2026-10-09T10:03:49Z
pokemon|jp|23818|019/032|super_rod_cll,ja,23818,Pokemon TCG Classic: Charizard,019/032,Super Rod CLL,auth_only_source_no_alternate,"skip:api.pokewallet.io:pokewallet_auth_gated_no_bypass,skip:api.pokewallet.io:pokewallet_auth_gated_no_bypass,set_map:no_set_mapping:-",api.pokewallet.io,"{""pokemonTcgApiId"": null, ""pricechartingId"": null, ""tcgdexCardId"": null, ""tcgplayerProductId"": null}",catalogue_identity_retained,pokewallet_authenticated_acquire_path,run_pokewallet_authenticated_acquire_or_collector_scan,2026-10-09T10:03:49Z
pokemon|jp|23818|020/032|ultra_ball_cll,ja,23818,Pokemon TCG Classic: Charizard,020/032,Ultra Ball CLL,auth_only_source_no_alternate,"skip:api.pokewallet.io:pokewallet_auth_gated_no_bypass,skip:api.pokewallet.io:pokewallet_auth_gated_no_bypass,set_map:no_set_mapping:-",api.pokewallet.io,"{""pokemonTcgApiId"": null, ""pricechartingId"": null, ""tcgdexCardId"": null, ""tcgplayerProductId"": null}",catalogue_identity_retained,pokewallet_authenticated_acquire_path,run_pokewallet_authenticated_acquire_or_collector_scan,2026-10-09T10:03:49Z
pokemon|jp|23818|021/032|computer_search_cll,ja,23818,Pokemon TCG Classic: Charizard,021/032,Computer Search CLL,auth_only_source_no_alternate,"skip:api.pokewallet.io:pokewallet_auth_gated_no_bypass,skip:api.pokewallet.io:pokewallet_auth_gated_no_bypass,set_map:no_set_mapping:-",api.pokewallet.io,"{""pokemonTcgApiId"": null, ""pricechartingId"": null, ""tcgdexCardId"": null, ""tcgplayerProductId"": null}",catalogue_identity_retained,pokewallet_authenticated_acquire_path,run_pokewallet_authenticated_acquire_or_collector_scan,2026-10-09T10:03:49Z
pokemon|jp|23818|022/032|vs_seeker_cll,ja,23818,Pokemon TCG Classic: Charizard,022/032,VS Seeker CLL,auth_only_source_no_alternate,"skip:api.pokewallet.io:pokewallet_auth_gated_no_bypass,skip:api.pokewallet.io:pokewallet_auth_gated_no_bypass,set_map:no_set_mapping:-",api.pokewallet.io,"{""pokemonTcgApiId"": null, ""pricechartingId"": null, ""tcgdexCardId"": null, ""tcgplayerProductId"": null}",catalogue_identity_retained,pokewallet_authenticated_acquire_path,run_pokewallet_authenticated_acquire_or_collector_scan,2026-10-09T10:03:49Z
pokemon|jp|23818|023/032|rare_candy_cll,ja,23818,Pokemon TCG Classic: Charizard,023/032,Rare Candy CLL,auth_only_source_no_alternate,"skip:api.pokewallet.io:pokewallet_auth_gated_no_bypass,skip:api.pokewallet.io:pokewallet_auth_gated_no_bypass,set_map:no_set_mapping:-",api.pokewallet.io,"{""pokemonTcgApiId"": null, ""pricechartingId"": null, ""tcgdexCardId"": null, ""tcgplayerProductId"": null}",catalogue_identity_retained,pokewallet_authenticated_acquire_path,run_pokewallet_authenticated_acquire_or_collector_scan,2026-10-09T10:03:49Z
pokemon|jp|23818|024/032|switch_cll,ja,23818,Pokemon TCG Classic: Charizard,024/032,Switch CLL,auth_only_source_no_alternate,"skip:api.pokewallet.io:pokewallet_auth_gated_no_bypass,skip:api.pokewallet.io:pokewallet_auth_gated_no_bypass,set_map:no_set_mapping:-",api.pokewallet.io,"{""pokemonTcgApiId"": null, ""pricechartingId"": null, ""tcgdexCardId"": null, ""tcgplayerProductId"": null}",catalogue_identity_retained,pokewallet_authenticated_acquire_path,run_pokewallet_authenticated_acquire_or_collector_scan,2026-10-09T10:03:49Z
pokemon|jp|23818|025/032|poke_ball_cll,ja,23818,Pokemon TCG Classic: Charizard,025/032,Poke Ball CLL,auth_only_source_no_alternate,"skip:api.pokewallet.io:pokewallet_auth_gated_no_bypass,skip:api.pokewallet.io:pokewallet_auth_gated_no_bypass,set_map:no_set_mapping:-",api.pokewallet.io,"{""pokemonTcgApiId"": null, ""pricechartingId"": null, ""tcgdexCardId"": null, ""tcgplayerProductId"": null}",catalogue_identity_retained,pokewallet_authenticated_acquire_path,run_pokewallet_authenticated_acquire_or_collector_scan,2026-10-09T10:03:49Z
pokemon|jp|23818|026/032|scorching_charcoal,ja,23818,Pokemon TCG Classic: Charizard,026/032,Scorching Charcoal,auth_only_source_no_alternate,"skip:api.pokewallet.io:pokewallet_auth_gated_no_bypass,skip:api.pokewallet.io:pokewallet_auth_gated_no_bypass,set_map:no_set_mapping:-",api.pokewallet.io,"{""pokemonTcgApiId"": null, ""pricechartingId"": null, ""tcgdexCardId"": null, ""tcgplayerProductId"": null}",catalogue_identity_retained,pokewallet_authenticated_acquire_path,run_pokewallet_authenticated_acquire_or_collector_scan,2026-10-09T10:03:49Z
pokemon|jp|23818|027/032|professor_oak_cll,ja,23818,Pokemon TCG Classic: Charizard,027/032,Professor Oak CLL,auth_only_source_no_alternate,"skip:api.pokewallet.io:pokewallet_auth_gated_no_bypass,skip:api.pokewallet.io:pokewallet_auth_gated_no_bypass,set_map:no_set_mapping:-",api.pokewallet.io,"{""pokemonTcgApiId"": null, ""pricechartingId"": null, ""tcgdexCardId"": null, ""tcgplayerProductId"": null}",catalogue_identity_retained,pokewallet_authenticated_acquire_path,run_pokewallet_authenticated_acquire_or_collector_scan,2026-10-09T10:03:49Z
pokemon|jp|23818|028/032|pokemon_fan_club_cll,ja,23818,Pokemon TCG Classic: Charizard,028/032,Pokemon Fan Club CLL,auth_only_source_no_alternate,"skip:api.pokewallet.io:pokewallet_auth_gated_no_bypass,skip:api.pokewallet.io:pokewallet_auth_gated_no_bypass,set_map:no_set_mapping:-",api.pokewallet.io,"{""pokemonTcgApiId"": null, ""pricechartingId"": null, ""tcgdexCardId"": null, ""tcgplayerProductId"": null}",catalogue_identity_retained,pokewallet_authenticated_acquire_path,run_pokewallet_authenticated_acquire_or_collector_scan,2026-10-09T10:03:49Z
pokemon|jp|23818|029/032|bosss_orders_cll,ja,23818,Pokemon TCG Classic: Charizard,029/032,Bosss Orders CLL,auth_only_source_no_alternate,"skip:api.pokewallet.io:pokewallet_auth_gated_no_bypass,skip:api.pokewallet.io:pokewallet_auth_gated_no_bypass,set_map:no_set_mapping:-",api.pokewallet.io,"{""pokemonTcgApiId"": null, ""pricechartingId"": null, ""tcgdexCardId"": null, ""tcgplayerProductId"": null}",catalogue_identity_retained,pokewallet_authenticated_acquire_path,run_pokewallet_authenticated_acquire_or_collector_scan,2026-10-09T10:03:49Z
pokemon|jp|23818|030/032|bill_cll,ja,23818,Pokemon TCG Classic: Charizard,030/032,Bill CLL,auth_only_source_no_alternate,"skip:api.pokewallet.io:pokewallet_auth_gated_no_bypass,skip:api.pokewallet.io:pokewallet_auth_gated_no_bypass,set_map:no_set_mapping:-",api.pokewallet.io,"{""pokemonTcgApiId"": null, ""pricechartingId"": null, ""tcgdexCardId"": null, ""tcgplayerProductId"": null}",catalogue_identity_retained,pokewallet_authenticated_acquire_path,run_pokewallet_authenticated_acquire_or_collector_scan,2026-10-09T10:03:49Z
pokemon|jp|23818|031/032|rockets_admin_cll,ja,23818,Pokemon TCG Classic: Charizard,031/032,Rockets Admin CLL,auth_only_source_no_alternate,"skip:api.pokewallet.io:pokewallet_auth_gated_no_bypass,skip:api.pokewallet.io:pokewallet_auth_gated_no_bypass,set_map:no_set_mapping:-",api.pokewallet.io,"{""pokemonTcgApiId"": null, ""pricechartingId"": null, ""tcgdexCardId"": null, ""tcgplayerProductId"": null}",catalogue_identity_retained,pokewallet_authenticated_acquire_path,run_pokewallet_authenticated_acquire_or_collector_scan,2026-10-09T10:03:49Z
pokemon|jp|23818|032/032|double_colorless_energy_cll,ja,23818,Pokemon TCG Classic: Charizard,032/032,Double Colorless Energy CLL,auth_only_source_no_alternate,"skip:api.pokewallet.io:pokewallet_auth_gated_no_bypass,skip:api.pokewallet.io:pokewallet_auth_gated_no_bypass,set_map:no_set_mapping:-",api.pokewallet.io,"{""pokemonTcgApiId"": null, ""pricechartingId"": null, ""tcgdexCardId"": null, ""tcgplayerProductId"": null}",catalogue_identity_retained,pokewallet_authenticated_acquire_path,run_pokewallet_authenticated_acquire_or_collector_scan,2026-10-09T10:03:49Z
pokemon|jp|23910|001/020|dratini_001_020,ja,23910,Dragon Selection,001/020,Dratini 001 020,auth_only_source_no_alternate,"skip:api.pokewallet.io:pokewallet_auth_gated_no_bypass,skip:api.pokewallet.io:pokewallet_auth_gated_no_bypass,set_map:no_set_mapping:-",api.pokewallet.io,"{""pokemonTcgApiId"": null, ""pricechartingId"": null, ""tcgdexCardId"": null, ""tcgplayerProductId"": null}",catalogue_identity_retained,pokewallet_authenticated_acquire_path,run_pokewallet_authenticated_acquire_or_collector_scan,2026-10-09T10:03:49Z
pokemon|jp|23910|002/020|dratini_002_020,ja,23910,Dragon Selection,002/020,Dratini 002 020,auth_only_source_no_alternate,"skip:api.pokewallet.io:pokewallet_auth_gated_no_bypass,skip:api.pokewallet.io:pokewallet_auth_gated_no_bypass,set_map:no_set_mapping:-",api.pokewallet.io,"{""pokemonTcgApiId"": null, ""pricechartingId"": null, ""tcgdexCardId"": null, ""tcgplayerProductId"": null}",catalogue_identity_retained,pokewallet_authenticated_acquire_path,run_pokewallet_authenticated_acquire_or_collector_scan,2026-10-09T10:03:49Z
pokemon|jp|23910|003/020|dragonair_003_020,ja,23910,Dragon Selection,003/020,Dragonair 003 020,auth_only_source_no_alternate,"skip:api.pokewallet.io:pokewallet_auth_gated_no_bypass,skip:api.pokewallet.io:pokewallet_auth_gated_no_bypass,set_map:no_set_mapping:-",api.pokewallet.io,"{""pokemonTcgApiId"": null, ""pricechartingId"": null, ""tcgdexCardId"": null, ""tcgplayerProductId"": null}",catalogue_identity_retained,pokewallet_authenticated_acquire_path,run_pokewallet_authenticated_acquire_or_collector_scan,2026-10-09T10:03:49Z
pokemon|jp|23910|004/020|dragonair_004_020,ja,23910,Dragon Selection,004/020,Dragonair 004 020,auth_only_source_no_alternate,"skip:api.pokewallet.io:pokewallet_auth_gated_no_bypass,skip:api.pokewallet.io:pokewallet_auth_gated_no_bypass,set_map:no_set_mapping:-",api.pokewallet.io,"{""pokemonTcgApiId"": null, ""pricechartingId"": null, ""tcgdexCardId"": null, ""tcgplayerProductId"": null}",catalogue_identity_retained,pokewallet_authenticated_acquire_path,run_pokewallet_authenticated_acquire_or_collector_scan,2026-10-09T10:03:49Z
pokemon|jp|23910|005/020|dragonite,ja,23910,Dragon Selection,005/020,Dragonite,auth_only_source_no_alternate,"skip:api.pokewallet.io:pokewallet_auth_gated_no_bypass,skip:api.pokewallet.io:pokewallet_auth_gated_no_bypass,set_map:no_set_mapping:-",api.pokewallet.io,"{""pokemonTcgApiId"": null, ""pricechartingId"": null, ""tcgdexCardId"": null, ""tcgplayerProductId"": null}",catalogue_identity_retained,pokewallet_authenticated_acquire_path,run_pokewallet_authenticated_acquire_or_collector_scan,2026-10-09T10:03:49Z
pokemon|jp|23910|006/020|bagon,ja,23910,Dragon Selection,006/020,Bagon,auth_only_source_no_alternate,"skip:api.pokewallet.io:pokewallet_auth_gated_no_bypass,skip:api.pokewallet.io:pokewallet_auth_gated_no_bypass,set_map:no_set_mapping:-",api.pokewallet.io,"{""pokemonTcgApiId"": null, ""pricechartingId"": null, ""tcgdexCardId"": null, ""tcgplayerProductId"": null}",catalogue_identity_retained,pokewallet_authenticated_acquire_path,run_pokewallet_authenticated_acquire_or_collector_scan,2026-10-09T10:03:49Z
pokemon|jp|23910|007/020|shelgon,ja,23910,Dragon Selection,007/020,Shelgon,auth_only_source_no_alternate,"skip:api.pokewallet.io:pokewallet_auth_gated_no_bypass,skip:api.pokewallet.io:pokewallet_auth_gated_no_bypass,set_map:no_set_mapping:-",api.pokewallet.io,"{""pokemonTcgApiId"": null, ""pricechartingId"": null, ""tcgdexCardId"": null, ""tcgplayerProductId"": null}",catalogue_identity_retained,pokewallet_authenticated_acquire_path,run_pokewallet_authenticated_acquire_or_collector_scan,2026-10-09T10:03:49Z
pokemon|jp|23910|008/020|salamence,ja,23910,Dragon Selection,008/020,Salamence,auth_only_source_no_alternate,"skip:api.pokewallet.io:pokewallet_auth_gated_no_bypass,skip:api.pokewallet.io:pokewallet_auth_gated_no_bypass,set_map:no_set_mapping:-",api.pokewallet.io,"{""pokemonTcgApiId"": null, ""pricechartingId"": null, ""tcgdexCardId"": null, ""tcgplayerProductId"": null}",catalogue_identity_retained,pokewallet_authenticated_acquire_path,run_pokewallet_authenticated_acquire_or_collector_scan,2026-10-09T10:03:49Z
pokemon|jp|23910|009/020|latias,ja,23910,Dragon Selection,009/020,Latias,auth_only_source_no_alternate,"skip:api.pokewallet.io:pokewallet_auth_gated_no_bypass,skip:api.pokewallet.io:pokewallet_auth_gated_no_bypass,set_map:no_set_mapping:-",api.pokewallet.io,"{""pokemonTcgApiId"": null, ""pricechartingId"": null, ""tcgdexCardId"": null, ""tcgplayerProductId"": null}",catalogue_identity_retained,pokewallet_authenticated_acquire_path,run_pokewallet_authenticated_acquire_or_collector_scan,2026-10-09T10:03:49Z
pokemon|jp|23910|010/020|latios,ja,23910,Dragon Selection,010/020,Latios,auth_only_source_no_alternate,"skip:api.pokewallet.io:pokewallet_auth_gated_no_bypass,skip:api.pokewallet.io:pokewallet_auth_gated_no_bypass,set_map:no_set_mapping:-",api.pokewallet.io,"{""pokemonTcgApiId"": null, ""pricechartingId"": null, ""tcgdexCardId"": null, ""tcgplayerProductId"": null}",catalogue_identity_retained,pokewallet_authenticated_acquire_path,run_pokewallet_authenticated_acquire_or_collector_scan,2026-10-09T10:03:49Z
pokemon|jp|23910|011/020|rayquaza,ja,23910,Dragon Selection,011/020,Rayquaza,auth_only_source_no_alternate,"skip:api.pokewallet.io:pokewallet_auth_gated_no_bypass,skip:api.pokewallet.io:pokewallet_auth_gated_no_bypass,set_map:no_set_mapping:-",api.pokewallet.io,"{""pokemonTcgApiId"": null, ""pricechartingId"": null, ""tcgdexCardId"": null, ""tcgplayerProductId"": null}",catalogue_identity_retained,pokewallet_authenticated_acquire_path,run_pokewallet_authenticated_acquire_or_collector_scan,2026-10-09T10:03:49Z
pokemon|jp|23910|012/020|axew_012_020,ja,23910,Dragon Selection,012/020,Axew 012 020,auth_only_source_no_alternate,"skip:api.pokewallet.io:pokewallet_auth_gated_no_bypass,skip:api.pokewallet.io:pokewallet_auth_gated_no_bypass,set_map:no_set_mapping:-",api.pokewallet.io,"{""pokemonTcgApiId"": null, ""pricechartingId"": null, ""tcgdexCardId"": null, ""tcgplayerProductId"": null}",catalogue_identity_retained,pokewallet_authenticated_acquire_path,run_pokewallet_authenticated_acquire_or_collector_scan,2026-10-09T10:03:49Z
pokemon|jp|23910|013/020|axew_013_020,ja,23910,Dragon Selection,013/020,Axew 013 020,auth_only_source_no_alternate,"skip:api.pokewallet.io:pokewallet_auth_gated_no_bypass,skip:api.pokewallet.io:pokewallet_auth_gated_no_bypass,set_map:no_set_mapping:-",api.pokewallet.io,"{""pokemonTcgApiId"": null, ""pricechartingId"": null, ""tcgdexCardId"": null, ""tcgplayerProductId"": null}",catalogue_identity_retained,pokewallet_authenticated_acquire_path,run_pokewallet_authenticated_acquire_or_collector_scan,2026-10-09T10:03:49Z
pokemon|jp|23910|014/020|fraxure_014_020,ja,23910,Dragon Selection,014/020,Fraxure 014 020,auth_only_source_no_alternate,"skip:api.pokewallet.io:pokewallet_auth_gated_no_bypass,skip:api.pokewallet.io:pokewallet_auth_gated_no_bypass,set_map:no_set_mapping:-",api.pokewallet.io,"{""pokemonTcgApiId"": null, ""pricechartingId"": null, ""tcgdexCardId"": null, ""tcgplayerProductId"": null}",catalogue_identity_retained,pokewallet_authenticated_acquire_path,run_pokewallet_authenticated_acquire_or_collector_scan,2026-10-09T10:03:49Z
pokemon|jp|23910|015/020|fraxure_015_020,ja,23910,Dragon Selection,015/020,Fraxure 015 020,auth_only_source_no_alternate,"skip:api.pokewallet.io:pokewallet_auth_gated_no_bypass,skip:api.pokewallet.io:pokewallet_auth_gated_no_bypass,set_map:no_set_mapping:-",api.pokewallet.io,"{""pokemonTcgApiId"": null, ""pricechartingId"": null, ""tcgdexCardId"": null, ""tcgplayerProductId"": null}",catalogue_identity_retained,pokewallet_authenticated_acquire_path,run_pokewallet_authenticated_acquire_or_collector_scan,2026-10-09T10:03:49Z
pokemon|jp|23910|016/020|haxorus,ja,23910,Dragon Selection,016/020,Haxorus,auth_only_source_no_alternate,"skip:api.pokewallet.io:pokewallet_auth_gated_no_bypass,skip:api.pokewallet.io:pokewallet_auth_gated_no_bypass,set_map:no_set_mapping:-",api.pokewallet.io,"{""pokemonTcgApiId"": null, ""pricechartingId"": null, ""tcgdexCardId"": null, ""tcgplayerProductId"": null}",catalogue_identity_retained,pokewallet_authenticated_acquire_path,run_pokewallet_authenticated_acquire_or_collector_scan,2026-10-09T10:03:49Z
pokemon|jp|23910|017/020|druddigon,ja,23910,Dragon Selection,017/020,Druddigon,auth_only_source_no_alternate,"skip:api.pokewallet.io:pokewallet_auth_gated_no_bypass,skip:api.pokewallet.io:pokewallet_auth_gated_no_bypass,set_map:no_set_mapping:-",api.pokewallet.io,"{""pokemonTcgApiId"": null, ""pricechartingId"": null, ""tcgdexCardId"": null, ""tcgplayerProductId"": null}",catalogue_identity_retained,pokewallet_authenticated_acquire_path,run_pokewallet_authenticated_acquire_or_collector_scan,2026-10-09T10:03:49Z
pokemon|jp|23910|018/020|super_rod,ja,23910,Dragon Selection,018/020,Super Rod,auth_only_source_no_alternate,"skip:api.pokewallet.io:pokewallet_auth_gated_no_bypass,skip:api.pokewallet.io:pokewallet_auth_gated_no_bypass,set_map:no_set_mapping:-",api.pokewallet.io,"{""pokemonTcgApiId"": null, ""pricechartingId"": null, ""tcgdexCardId"": null, ""tcgplayerProductId"": null}",catalogue_identity_retained,pokewallet_authenticated_acquire_path,run_pokewallet_authenticated_acquire_or_collector_scan,2026-10-09T10:03:49Z
pokemon|jp|23910|019/020|first_ticket,ja,23910,Dragon Selection,019/020,First Ticket,auth_only_source_no_alternate,"skip:api.pokewallet.io:pokewallet_auth_gated_no_bypass,skip:api.pokewallet.io:pokewallet_auth_gated_no_bypass,set_map:no_set_mapping:-",api.pokewallet.io,"{""pokemonTcgApiId"": null, ""pricechartingId"": null, ""tcgdexCardId"": null, ""tcgplayerProductId"": null}",catalogue_identity_retained,pokewallet_authenticated_acquire_path,run_pokewallet_authenticated_acquire_or_collector_scan,2026-10-09T10:03:49Z
pokemon|jp|23910|020/020|exp_share,ja,23910,Dragon Selection,020/020,Exp Share,auth_only_source_no_alternate,"skip:api.pokewallet.io:pokewallet_auth_gated_no_bypass,skip:api.pokewallet.io:pokewallet_auth_gated_no_bypass,set_map:no_set_mapping:-",api.pokewallet.io,"{""pokemonTcgApiId"": null, ""pricechartingId"": null, ""tcgdexCardId"": null, ""tcgplayerProductId"": null}",catalogue_identity_retained,pokewallet_authenticated_acquire_path,run_pokewallet_authenticated_acquire_or_collector_scan,2026-10-09T10:03:49Z
pokemon|jp|23912|001/093|shuckle,ja,23912,EX Battle Boost,001/093,Shuckle,auth_only_source_no_alternate,"skip:api.pokewallet.io:pokewallet_auth_gated_no_bypass,skip:api.pokewallet.io:pokewallet_auth_gated_no_bypass,set_map:ambiguous_set_name:-",api.pokewallet.io,"{""pokemonTcgApiId"": null, ""pricechartingId"": null, ""tcgdexCardId"": null, ""tcgplayerProductId"": null}",catalogue_identity_retained,pokewallet_authenticated_acquire_path,run_pokewallet_authenticated_acquire_or_collector_scan,2026-10-09T10:03:49Z
pokemon|jp|23912|002/093|snivy,ja,23912,EX Battle Boost,002/093,Snivy,auth_only_source_no_alternate,"skip:api.pokewallet.io:pokewallet_auth_gated_no_bypass,skip:api.pokewallet.io:pokewallet_auth_gated_no_bypass,set_map:ambiguous_set_name:-",api.pokewallet.io,"{""pokemonTcgApiId"": null, ""pricechartingId"": null, ""tcgdexCardId"": null, ""tcgplayerProductId"": null}",catalogue_identity_retained,pokewallet_authenticated_acquire_path,run_pokewallet_authenticated_acquire_or_collector_scan,2026-10-09T10:03:49Z
pokemon|jp|23912|003/093|servine,ja,23912,EX Battle Boost,003/093,Servine,auth_only_source_no_alternate,"skip:api.pokewallet.io:pokewallet_auth_gated_no_bypass,skip:api.pokewallet.io:pokewallet_auth_gated_no_bypass,set_map:ambiguous_set_name:-",api.pokewallet.io,"{""pokemonTcgApiId"": null, ""pricechartingId"": null, ""tcgdexCardId"": null, ""tcgplayerProductId"": null}",catalogue_identity_retained,pokewallet_authenticated_acquire_path,run_pokewallet_authenticated_acquire_or_collector_scan,2026-10-09T10:03:49Z
pokemon|jp|23912|004/093|serperior,ja,23912,EX Battle Boost,004/093,Serperior,auth_only_source_no_alternate,"skip:api.pokewallet.io:pokewallet_auth_gated_no_bypass,skip:api.pokewallet.io:pokewallet_auth_gated_no_bypass,set_map:ambiguous_set_name:-",api.pokewallet.io,"{""pokemonTcgApiId"": null, ""pricechartingId"": null, ""tcgdexCardId"": null, ""tcgplayerProductId"": null}",catalogue_identity_retained,pokewallet_authenticated_acquire_path,run_pokewallet_authenticated_acquire_or_collector_scan,2026-10-09T10:03:49Z
pokemon|jp|23912|005/093|sewaddle,ja,23912,EX Battle Boost,005/093,Sewaddle,auth_only_source_no_alternate,"skip:api.pokewallet.io:pokewallet_auth_gated_no_bypass,skip:api.pokewallet.io:pokewallet_auth_gated_no_bypass,set_map:ambiguous_set_name:-",api.pokewallet.io,"{""pokemonTcgApiId"": null, ""pricechartingId"": null, ""tcgdexCardId"": null, ""tcgplayerProductId"": null}",catalogue_identity_retained,pokewallet_authenticated_acquire_path,run_pokewallet_authenticated_acquire_or_collector_scan,2026-10-09T10:03:49Z
pokemon|jp|23912|006/093|swadloon,ja,23912,EX Battle Boost,006/093,Swadloon,auth_only_source_no_alternate,"skip:api.pokewallet.io:pokewallet_auth_gated_no_bypass,skip:api.pokewallet.io:pokewallet_auth_gated_no_bypass,set_map:ambiguous_set_name:-",api.pokewallet.io,"{""pokemonTcgApiId"": null, ""pricechartingId"": null, ""tcgdexCardId"": null, ""tcgplayerProductId"": null}",catalogue_identity_retained,pokewallet_authenticated_acquire_path,run_pokewallet_authenticated_acquire_or_collector_scan,2026-10-09T10:03:49Z
pokemon|jp|23912|007/093|leavanny,ja,23912,EX Battle Boost,007/093,Leavanny,auth_only_source_no_alternate,"skip:api.pokewallet.io:pokewallet_auth_gated_no_bypass,skip:api.pokewallet.io:pokewallet_auth_gated_no_bypass,set_map:ambiguous_set_name:-",api.pokewallet.io,"{""pokemonTcgApiId"": null, ""pricechartingId"": null, ""tcgdexCardId"": null, ""tcgplayerProductId"": null}",catalogue_identity_retained,pokewallet_authenticated_acquire_path,run_pokewallet_authenticated_acquire_or_collector_scan,2026-10-09T10:03:49Z
pokemon|jp|23912|008/093|virizion,ja,23912,EX Battle Boost,008/093,Virizion,auth_only_source_no_alternate,"skip:api.pokewallet.io:pokewallet_auth_gated_no_bypass,skip:api.pokewallet.io:pokewallet_auth_gated_no_bypass,set_map:ambiguous_set_name:-",api.pokewallet.io,"{""pokemonTcgApiId"": null, ""pricechartingId"": null, ""tcgdexCardId"": null, ""tcgplayerProductId"": null}",catalogue_identity_retained,pokewallet_authenticated_acquire_path,run_pokewallet_authenticated_acquire_or_collector_scan,2026-10-09T10:03:49Z
pokemon|jp|23912|009/093|charmander,ja,23912,EX Battle Boost,009/093,Charmander,auth_only_source_no_alternate,"skip:api.pokewallet.io:pokewallet_auth_gated_no_bypass,skip:api.pokewallet.io:pokewallet_auth_gated_no_bypass,set_map:ambiguous_set_name:-",api.pokewallet.io,"{""pokemonTcgApiId"": null, ""pricechartingId"": null, ""tcgdexCardId"": null, ""tcgplayerProductId"": null}",catalogue_identity_retained,pokewallet_authenticated_acquire_path,run_pokewallet_authenticated_acquire_or_collector_scan,2026-10-09T10:03:49Z
pokemon|jp|23912|010/093|charmeleon,ja,23912,EX Battle Boost,010/093,Charmeleon,auth_only_source_no_alternate,"skip:api.pokewallet.io:pokewallet_auth_gated_no_bypass,skip:api.pokewallet.io:pokewallet_auth_gated_no_bypass,set_map:ambiguous_set_name:-",api.pokewallet.io,"{""pokemonTcgApiId"": null, ""pricechartingId"": null, ""tcgdexCardId"": null, ""tcgplayerProductId"": null}",catalogue_identity_retained,pokewallet_authenticated_acquire_path,run_pokewallet_authenticated_acquire_or_collector_scan,2026-10-09T10:03:49Z
pokemon|jp|23912|011/093|charizard,ja,23912,EX Battle Boost,011/093,Charizard,auth_only_source_no_alternate,"skip:api.pokewallet.io:pokewallet_auth_gated_no_bypass,skip:api.pokewallet.io:pokewallet_auth_gated_no_bypass,set_map:ambiguous_set_name:-",api.pokewallet.io,"{""pokemonTcgApiId"": null, ""pricechartingId"": null, ""tcgdexCardId"": null, ""tcgplayerProductId"": null}",catalogue_identity_retained,pokewallet_authenticated_acquire_path,run_pokewallet_authenticated_acquire_or_collector_scan,2026-10-09T10:03:49Z
pokemon|jp|23912|012/093|vulpix,ja,23912,EX Battle Boost,012/093,Vulpix,auth_only_source_no_alternate,"skip:api.pokewallet.io:pokewallet_auth_gated_no_bypass,skip:api.pokewallet.io:pokewallet_auth_gated_no_bypass,set_map:ambiguous_set_name:-",api.pokewallet.io,"{""pokemonTcgApiId"": null, ""pricechartingId"": null, ""tcgdexCardId"": null, ""tcgplayerProductId"": null}",catalogue_identity_retained,pokewallet_authenticated_acquire_path,run_pokewallet_authenticated_acquire_or_collector_scan,2026-10-09T10:03:49Z
pokemon|jp|23912|013/093|ninetales,ja,23912,EX Battle Boost,013/093,Ninetales,auth_only_source_no_alternate,"skip:api.pokewallet.io:pokewallet_auth_gated_no_bypass,skip:api.pokewallet.io:pokewallet_auth_gated_no_bypass,set_map:ambiguous_set_name:-",api.pokewallet.io,"{""pokemonTcgApiId"": null, ""pricechartingId"": null, ""tcgdexCardId"": null, ""tcgplayerProductId"": null}",catalogue_identity_retained,pokewallet_authenticated_acquire_path,run_pokewallet_authenticated_acquire_or_collector_scan,2026-10-09T10:03:49Z
pokemon|jp|23912|014/093|moltres,ja,23912,EX Battle Boost,014/093,Moltres,auth_only_source_no_alternate,"skip:api.pokewallet.io:pokewallet_auth_gated_no_bypass,skip:api.pokewallet.io:pokewallet_auth_gated_no_bypass,set_map:ambiguous_set_name:-",api.pokewallet.io,"{""pokemonTcgApiId"": null, ""pricechartingId"": null, ""tcgdexCardId"": null, ""tcgplayerProductId"": null}",catalogue_identity_retained,pokewallet_authenticated_acquire_path,run_pokewallet_authenticated_acquire_or_collector_scan,2026-10-09T10:03:49Z
pokemon|jp|23912|015/093|victini,ja,23912,EX Battle Boost,015/093,Victini,auth_only_source_no_alternate,"skip:api.pokewallet.io:pokewallet_auth_gated_no_bypass,skip:api.pokewallet.io:pokewallet_auth_gated_no_bypass,set_map:ambiguous_set_name:-",api.pokewallet.io,"{""pokemonTcgApiId"": null, ""pricechartingId"": null, ""tcgdexCardId"": null, ""tcgplayerProductId"": null}",catalogue_identity_retained,pokewallet_authenticated_acquire_path,run_pokewallet_authenticated_acquire_or_collector_scan,2026-10-09T10:03:49Z
pokemon|jp|23912|016/093|victini_ex,ja,23912,EX Battle Boost,016/093,Victini EX,auth_only_source_no_alternate,"skip:api.pokewallet.io:pokewallet_auth_gated_no_bypass,skip:api.pokewallet.io:pokewallet_auth_gated_no_bypass,set_map:ambiguous_set_name:-",api.pokewallet.io,"{""pokemonTcgApiId"": null, ""pricechartingId"": null, ""tcgdexCardId"": null, ""tcgplayerProductId"": null}",catalogue_identity_retained,pokewallet_authenticated_acquire_path,run_pokewallet_authenticated_acquire_or_collector_scan,2026-10-09T10:03:49Z
pokemon|jp|23912|017/093|tepig,ja,23912,EX Battle Boost,017/093,Tepig,auth_only_source_no_alternate,"skip:api.pokewallet.io:pokewallet_auth_gated_no_bypass,skip:api.pokewallet.io:pokewallet_auth_gated_no_bypass,set_map:ambiguous_set_name:-",api.pokewallet.io,"{""pokemonTcgApiId"": null, ""pricechartingId"": null, ""tcgdexCardId"": null, ""tcgplayerProductId"": null}",catalogue_identity_retained,pokewallet_authenticated_acquire_path,run_pokewallet_authenticated_acquire_or_collector_scan,2026-10-09T10:03:49Z
pokemon|jp|23912|018/093|pignite,ja,23912,EX Battle Boost,018/093,Pignite,auth_only_source_no_alternate,"skip:api.pokewallet.io:pokewallet_auth_gated_no_bypass,skip:api.pokewallet.io:pokewallet_auth_gated_no_bypass,set_map:ambiguous_set_name:-",api.pokewallet.io,"{""pokemonTcgApiId"": null, ""pricechartingId"": null, ""tcgdexCardId"": null, ""tcgplayerProductId"": null}",catalogue_identity_retained,pokewallet_authenticated_acquire_path,run_pokewallet_authenticated_acquire_or_collector_scan,2026-10-09T10:03:49Z
pokemon|jp|23912|020/093|reshiram_020_093,ja,23912,EX Battle Boost,020/093,Reshiram 020 093,auth_only_source_no_alternate,"skip:api.pokewallet.io:pokewallet_auth_gated_no_bypass,skip:api.pokewallet.io:pokewallet_auth_gated_no_bypass,set_map:ambiguous_set_name:-",api.pokewallet.io,"{""pokemonTcgApiId"": null, ""pricechartingId"": null, ""tcgdexCardId"": null, ""tcgplayerProductId"": null}",catalogue_identity_retained,pokewallet_authenticated_acquire_path,run_pokewallet_authenticated_acquire_or_collector_scan,2026-10-09T10:03:49Z
pokemon|jp|23912|021/093|reshiram_ex,ja,23912,EX Battle Boost,021/093,Reshiram EX,auth_only_source_no_alternate,"skip:api.pokewallet.io:pokewallet_auth_gated_no_bypass,skip:api.pokewallet.io:pokewallet_auth_gated_no_bypass,set_map:ambiguous_set_name:-",api.pokewallet.io,"{""pokemonTcgApiId"": null, ""pricechartingId"": null, ""tcgdexCardId"": null, ""tcgplayerProductId"": null}",catalogue_identity_retained,pokewallet_authenticated_acquire_path,run_pokewallet_authenticated_acquire_or_collector_scan,2026-10-09T10:03:49Z
pokemon|jp|23912|022/093|magikarp,ja,23912,EX Battle Boost,022/093,Magikarp,auth_only_source_no_alternate,"skip:api.pokewallet.io:pokewallet_auth_gated_no_bypass,skip:api.pokewallet.io:pokewallet_auth_gated_no_bypass,set_map:ambiguous_set_name:-",api.pokewallet.io,"{""pokemonTcgApiId"": null, ""pricechartingId"": null, ""tcgdexCardId"": null, ""tcgplayerProductId"": null}",catalogue_identity_retained,pokewallet_authenticated_acquire_path,run_pokewallet_authenticated_acquire_or_collector_scan,2026-10-09T10:03:49Z
pokemon|jp|23912|023/093|gyarados,ja,23912,EX Battle Boost,023/093,Gyarados,auth_only_source_no_alternate,"skip:api.pokewallet.io:pokewallet_auth_gated_no_bypass,skip:api.pokewallet.io:pokewallet_auth_gated_no_bypass,set_map:ambiguous_set_name:-",api.pokewallet.io,"{""pokemonTcgApiId"": null, ""pricechartingId"": null, ""tcgdexCardId"": null, ""tcgplayerProductId"": null}",catalogue_identity_retained,pokewallet_authenticated_acquire_path,run_pokewallet_authenticated_acquire_or_collector_scan,2026-10-09T10:03:49Z
pokemon|jp|23912|024/093|articuno,ja,23912,EX Battle Boost,024/093,Articuno,auth_only_source_no_alternate,"skip:api.pokewallet.io:pokewallet_auth_gated_no_bypass,skip:api.pokewallet.io:pokewallet_auth_gated_no_bypass,set_map:ambiguous_set_name:-",api.pokewallet.io,"{""pokemonTcgApiId"": null, ""pricechartingId"": null, ""tcgdexCardId"": null, ""tcgplayerProductId"": null}",catalogue_identity_retained,pokewallet_authenticated_acquire_path,run_pokewallet_authenticated_acquire_or_collector_scan,2026-10-09T10:03:49Z
pokemon|jp|23912|025/093|piplup,ja,23912,EX Battle Boost,025/093,Piplup,auth_only_source_no_alternate,"skip:api.pokewallet.io:pokewallet_auth_gated_no_bypass,skip:api.pokewallet.io:pokewallet_auth_gated_no_bypass,set_map:ambiguous_set_name:-",api.pokewallet.io,"{""pokemonTcgApiId"": null, ""pricechartingId"": null, ""tcgdexCardId"": null, ""tcgplayerProductId"": null}",catalogue_identity_retained,pokewallet_authenticated_acquire_path,run_pokewallet_authenticated_acquire_or_collector_scan,2026-10-09T10:03:49Z
pokemon|jp|23912|026/093|prinplup,ja,23912,EX Battle Boost,026/093,Prinplup,auth_only_source_no_alternate,"skip:api.pokewallet.io:pokewallet_auth_gated_no_bypass,skip:api.pokewallet.io:pokewallet_auth_gated_no_bypass,set_map:ambiguous_set_name:-",api.pokewallet.io,"{""pokemonTcgApiId"": null, ""pricechartingId"": null, ""tcgdexCardId"": null, ""tcgplayerProductId"": null}",catalogue_identity_retained,pokewallet_authenticated_acquire_path,run_pokewallet_authenticated_acquire_or_collector_scan,2026-10-09T10:03:49Z
pokemon|jp|23912|027/093|empoleon,ja,23912,EX Battle Boost,027/093,Empoleon,auth_only_source_no_alternate,"skip:api.pokewallet.io:pokewallet_auth_gated_no_bypass,skip:api.pokewallet.io:pokewallet_auth_gated_no_bypass,set_map:ambiguous_set_name:-",api.pokewallet.io,"{""pokemonTcgApiId"": null, ""pricechartingId"": null, ""tcgdexCardId"": null, ""tcgplayerProductId"": null}",catalogue_identity_retained,pokewallet_authenticated_acquire_path,run_pokewallet_authenticated_acquire_or_collector_scan,2026-10-09T10:03:49Z
pokemon|jp|23912|028/093|phione,ja,23912,EX Battle Boost,028/093,Phione,auth_only_source_no_alternate,"skip:api.pokewallet.io:pokewallet_auth_gated_no_bypass,skip:api.pokewallet.io:pokewallet_auth_gated_no_bypass,set_map:ambiguous_set_name:-",api.pokewallet.io,"{""pokemonTcgApiId"": null, ""pricechartingId"": null, ""tcgdexCardId"": null, ""tcgplayerProductId"": null}",catalogue_identity_retained,pokewallet_authenticated_acquire_path,run_pokewallet_authenticated_acquire_or_collector_scan,2026-10-09T10:03:49Z
pokemon|jp|23912|029/093|oshawott,ja,23912,EX Battle Boost,029/093,Oshawott,auth_only_source_no_alternate,"skip:api.pokewallet.io:pokewallet_auth_gated_no_bypass,skip:api.pokewallet.io:pokewallet_auth_gated_no_bypass,set_map:ambiguous_set_name:-",api.pokewallet.io,"{""pokemonTcgApiId"": null, ""pricechartingId"": null, ""tcgdexCardId"": null, ""tcgplayerProductId"": null}",catalogue_identity_retained,pokewallet_authenticated_acquire_path,run_pokewallet_authenticated_acquire_or_collector_scan,2026-10-09T10:03:49Z
pokemon|jp|23912|030/093|dewott,ja,23912,EX Battle Boost,030/093,Dewott,auth_only_source_no_alternate,"skip:api.pokewallet.io:pokewallet_auth_gated_no_bypass,skip:api.pokewallet.io:pokewallet_auth_gated_no_bypass,set_map:ambiguous_set_name:-",api.pokewallet.io,"{""pokemonTcgApiId"": null, ""pricechartingId"": null, ""tcgdexCardId"": null, ""tcgplayerProductId"": null}",catalogue_identity_retained,pokewallet_authenticated_acquire_path,run_pokewallet_authenticated_acquire_or_collector_scan,2026-10-09T10:03:49Z
pokemon|jp|23912|031/093|samurott,ja,23912,EX Battle Boost,031/093,Samurott,auth_only_source_no_alternate,"skip:api.pokewallet.io:pokewallet_auth_gated_no_bypass,skip:api.pokewallet.io:pokewallet_auth_gated_no_bypass,set_map:ambiguous_set_name:-",api.pokewallet.io,"{""pokemonTcgApiId"": null, ""pricechartingId"": null, ""tcgdexCardId"": null, ""tcgplayerProductId"": null}",catalogue_identity_retained,pokewallet_authenticated_acquire_path,run_pokewallet_authenticated_acquire_or_collector_scan,2026-10-09T10:03:49Z
pokemon|jp|23912|032/093|tympole,ja,23912,EX Battle Boost,032/093,Tympole,auth_only_source_no_alternate,"skip:api.pokewallet.io:pokewallet_auth_gated_no_bypass,skip:api.pokewallet.io:pokewallet_auth_gated_no_bypass,set_map:ambiguous_set_name:-",api.pokewallet.io,"{""pokemonTcgApiId"": null, ""pricechartingId"": null, ""tcgdexCardId"": null, ""tcgplayerProductId"": null}",catalogue_identity_retained,pokewallet_authenticated_acquire_path,run_pokewallet_authenticated_acquire_or_collector_scan,2026-10-09T10:03:49Z
pokemon|jp|23912|033/093|palpitoad,ja,23912,EX Battle Boost,033/093,Palpitoad,auth_only_source_no_alternate,"skip:api.pokewallet.io:pokewallet_auth_gated_no_bypass,skip:api.pokewallet.io:pokewallet_auth_gated_no_bypass,set_map:ambiguous_set_name:-",api.pokewallet.io,"{""pokemonTcgApiId"": null, ""pricechartingId"": null, ""tcgdexCardId"": null, ""tcgplayerProductId"": null}",catalogue_identity_retained,pokewallet_authenticated_acquire_path,run_pokewallet_authenticated_acquire_or_collector_scan,2026-10-09T10:03:49Z
pokemon|jp|23912|034/093|seismitoad,ja,23912,EX Battle Boost,034/093,Seismitoad,auth_only_source_no_alternate,"skip:api.pokewallet.io:pokewallet_auth_gated_no_bypass,skip:api.pokewallet.io:pokewallet_auth_gated_no_bypass,set_map:ambiguous_set_name:-",api.pokewallet.io,"{""pokemonTcgApiId"": null, ""pricechartingId"": null, ""tcgdexCardId"": null, ""tcgplayerProductId"": null}",catalogue_identity_retained,pokewallet_authenticated_acquire_path,run_pokewallet_authenticated_acquire_or_collector_scan,2026-10-09T10:03:49Z
pokemon|jp|23912|035/093|kyurem,ja,23912,EX Battle Boost,035/093,Kyurem,auth_only_source_no_alternate,"skip:api.pokewallet.io:pokewallet_auth_gated_no_bypass,skip:api.pokewallet.io:pokewallet_auth_gated_no_bypass,set_map:ambiguous_set_name:-",api.pokewallet.io,"{""pokemonTcgApiId"": null, ""pricechartingId"": null, ""tcgdexCardId"": null, ""tcgplayerProductId"": null}",catalogue_identity_retained,pokewallet_authenticated_acquire_path,run_pokewallet_authenticated_acquire_or_collector_scan,2026-10-09T10:03:49Z
pokemon|jp|23912|036/093|kyurem_ex,ja,23912,EX Battle Boost,036/093,Kyurem EX,auth_only_source_no_alternate,"skip:api.pokewallet.io:pokewallet_auth_gated_no_bypass,skip:api.pokewallet.io:pokewallet_auth_gated_no_bypass,set_map:ambiguous_set_name:-",api.pokewallet.io,"{""pokemonTcgApiId"": null, ""pricechartingId"": null, ""tcgdexCardId"": null, ""tcgplayerProductId"": null}",catalogue_identity_retained,pokewallet_authenticated_acquire_path,run_pokewallet_authenticated_acquire_or_collector_scan,2026-10-09T10:03:49Z
pokemon|jp|23912|037/093|keldeo_ex,ja,23912,EX Battle Boost,037/093,Keldeo EX,auth_only_source_no_alternate,"skip:api.pokewallet.io:pokewallet_auth_gated_no_bypass,skip:api.pokewallet.io:pokewallet_auth_gated_no_bypass,set_map:ambiguous_set_name:-",api.pokewallet.io,"{""pokemonTcgApiId"": null, ""pricechartingId"": null, ""tcgdexCardId"": null, ""tcgplayerProductId"": null}",catalogue_identity_retained,pokewallet_authenticated_acquire_path,run_pokewallet_authenticated_acquire_or_collector_scan,2026-10-09T10:03:49Z
pokemon|jp|23912|038/093|zapdos,ja,23912,EX Battle Boost,038/093,Zapdos,auth_only_source_no_alternate,"skip:api.pokewallet.io:pokewallet_auth_gated_no_bypass,skip:api.pokewallet.io:pokewallet_auth_gated_no_bypass,set_map:ambiguous_set_name:-",api.pokewallet.io,"{""pokemonTcgApiId"": null, ""pricechartingId"": null, ""tcgdexCardId"": null, ""tcgplayerProductId"": null}",catalogue_identity_retained,pokewallet_authenticated_acquire_path,run_pokewallet_authenticated_acquire_or_collector_scan,2026-10-09T10:03:49Z
pokemon|jp|23912|039/093|plusle,ja,23912,EX Battle Boost,039/093,Plusle,auth_only_source_no_alternate,"skip:api.pokewallet.io:pokewallet_auth_gated_no_bypass,skip:api.pokewallet.io:pokewallet_auth_gated_no_bypass,set_map:ambiguous_set_name:-",api.pokewallet.io,"{""pokemonTcgApiId"": null, ""pricechartingId"": null, ""tcgdexCardId"": null, ""tcgplayerProductId"": null}",catalogue_identity_retained,pokewallet_authenticated_acquire_path,run_pokewallet_authenticated_acquire_or_collector_scan,2026-10-09T10:03:49Z
pokemon|jp|23912|040/093|minun,ja,23912,EX Battle Boost,040/093,Minun,auth_only_source_no_alternate,"skip:api.pokewallet.io:pokewallet_auth_gated_no_bypass,skip:api.pokewallet.io:pokewallet_auth_gated_no_bypass,set_map:ambiguous_set_name:-",api.pokewallet.io,"{""pokemonTcgApiId"": null, ""pricechartingId"": null, ""tcgdexCardId"": null, ""tcgplayerProductId"": null}",catalogue_identity_retained,pokewallet_authenticated_acquire_path,run_pokewallet_authenticated_acquire_or_collector_scan,2026-10-09T10:03:49Z
pokemon|jp|23912|041/093|emolga,ja,23912,EX Battle Boost,041/093,Emolga,auth_only_source_no_alternate,"skip:api.pokewallet.io:pokewallet_auth_gated_no_bypass,skip:api.pokewallet.io:pokewallet_auth_gated_no_bypass,set_map:ambiguous_set_name:-",api.pokewallet.io,"{""pokemonTcgApiId"": null, ""pricechartingId"": null, ""tcgdexCardId"": null, ""tcgplayerProductId"": null}",catalogue_identity_retained,pokewallet_authenticated_acquire_path,run_pokewallet_authenticated_acquire_or_collector_scan,2026-10-09T10:03:49Z
pokemon|jp|23912|042/093|thundurus,ja,23912,EX Battle Boost,042/093,Thundurus,auth_only_source_no_alternate,"skip:api.pokewallet.io:pokewallet_auth_gated_no_bypass,skip:api.pokewallet.io:pokewallet_auth_gated_no_bypass,set_map:ambiguous_set_name:-",api.pokewallet.io,"{""pokemonTcgApiId"": null, ""pricechartingId"": null, ""tcgdexCardId"": null, ""tcgplayerProductId"": null}",catalogue_identity_retained,pokewallet_authenticated_acquire_path,run_pokewallet_authenticated_acquire_or_collector_scan,2026-10-09T10:03:49Z
pokemon|jp|23912|043/093|zekrom_043_093,ja,23912,EX Battle Boost,043/093,Zekrom 043 093,auth_only_source_no_alternate,"skip:api.pokewallet.io:pokewallet_auth_gated_no_bypass,skip:api.pokewallet.io:pokewallet_auth_gated_no_bypass,set_map:ambiguous_set_name:-",api.pokewallet.io,"{""pokemonTcgApiId"": null, ""pricechartingId"": null, ""tcgdexCardId"": null, ""tcgplayerProductId"": null}",catalogue_identity_retained,pokewallet_authenticated_acquire_path,run_pokewallet_authenticated_acquire_or_collector_scan,2026-10-09T10:03:49Z
pokemon|jp|23912|044/093|zekrom_ex,ja,23912,EX Battle Boost,044/093,Zekrom EX,auth_only_source_no_alternate,"skip:api.pokewallet.io:pokewallet_auth_gated_no_bypass,skip:api.pokewallet.io:pokewallet_auth_gated_no_bypass,set_map:ambiguous_set_name:-",api.pokewallet.io,"{""pokemonTcgApiId"": null, ""pricechartingId"": null, ""tcgdexCardId"": null, ""tcgplayerProductId"": null}",catalogue_identity_retained,pokewallet_authenticated_acquire_path,run_pokewallet_authenticated_acquire_or_collector_scan,2026-10-09T10:03:49Z
pokemon|jp|23912|045/093|mewtwo_ex,ja,23912,EX Battle Boost,045/093,Mewtwo EX,auth_only_source_no_alternate,"skip:api.pokewallet.io:pokewallet_auth_gated_no_bypass,skip:api.pokewallet.io:pokewallet_auth_gated_no_bypass,set_map:ambiguous_set_name:-",api.pokewallet.io,"{""pokemonTcgApiId"": null, ""pricechartingId"": null, ""tcgdexCardId"": null, ""tcgplayerProductId"": null}",catalogue_identity_retained,pokewallet_authenticated_acquire_path,run_pokewallet_authenticated_acquire_or_collector_scan,2026-10-09T10:03:49Z
pokemon|jp|23912|046/093|natu,ja,23912,EX Battle Boost,046/093,Natu,auth_only_source_no_alternate,"skip:api.pokewallet.io:pokewallet_auth_gated_no_bypass,skip:api.pokewallet.io:pokewallet_auth_gated_no_bypass,set_map:ambiguous_set_name:-",api.pokewallet.io,"{""pokemonTcgApiId"": null, ""pricechartingId"": null, ""tcgdexCardId"": null, ""tcgplayerProductId"": null}",catalogue_identity_retained,pokewallet_authenticated_acquire_path,run_pokewallet_authenticated_acquire_or_collector_scan,2026-10-09T10:03:49Z
pokemon|jp|23912|047/093|xatu,ja,23912,EX Battle Boost,047/093,Xatu,auth_only_source_no_alternate,"skip:api.pokewallet.io:pokewallet_auth_gated_no_bypass,skip:api.pokewallet.io:pokewallet_auth_gated_no_bypass,set_map:ambiguous_set_name:-",api.pokewallet.io,"{""pokemonTcgApiId"": null, ""pricechartingId"": null, ""tcgdexCardId"": null, ""tcgplayerProductId"": null}",catalogue_identity_retained,pokewallet_authenticated_acquire_path,run_pokewallet_authenticated_acquire_or_collector_scan,2026-10-09T10:03:49Z
pokemon|jp|23912|048/093|ralts,ja,23912,EX Battle Boost,048/093,Ralts,auth_only_source_no_alternate,"skip:api.pokewallet.io:pokewallet_auth_gated_no_bypass,skip:api.pokewallet.io:pokewallet_auth_gated_no_bypass,set_map:ambiguous_set_name:-",api.pokewallet.io,"{""pokemonTcgApiId"": null, ""pricechartingId"": null, ""tcgdexCardId"": null, ""tcgplayerProductId"": null}",catalogue_identity_retained,pokewallet_authenticated_acquire_path,run_pokewallet_authenticated_acquire_or_collector_scan,2026-10-09T10:03:49Z
pokemon|jp|23912|049/093|kirlia,ja,23912,EX Battle Boost,049/093,Kirlia,auth_only_source_no_alternate,"skip:api.pokewallet.io:pokewallet_auth_gated_no_bypass,skip:api.pokewallet.io:pokewallet_auth_gated_no_bypass,set_map:ambiguous_set_name:-",api.pokewallet.io,"{""pokemonTcgApiId"": null, ""pricechartingId"": null, ""tcgdexCardId"": null, ""tcgplayerProductId"": null}",catalogue_identity_retained,pokewallet_authenticated_acquire_path,run_pokewallet_authenticated_acquire_or_collector_scan,2026-10-09T10:03:49Z
pokemon|jp|23912|050/093|croagunk,ja,23912,EX Battle Boost,050/093,Croagunk,auth_only_source_no_alternate,"skip:api.pokewallet.io:pokewallet_auth_gated_no_bypass,skip:api.pokewallet.io:pokewallet_auth_gated_no_bypass,set_map:ambiguous_set_name:-",api.pokewallet.io,"{""pokemonTcgApiId"": null, ""pricechartingId"": null, ""tcgdexCardId"": null, ""tcgplayerProductId"": null}",catalogue_identity_retained,pokewallet_authenticated_acquire_path,run_pokewallet_authenticated_acquire_or_collector_scan,2026-10-09T10:03:49Z
pokemon|jp|23912|051/093|toxicroak,ja,23912,EX Battle Boost,051/093,Toxicroak,auth_only_source_no_alternate,"skip:api.pokewallet.io:pokewallet_auth_gated_no_bypass,skip:api.pokewallet.io:pokewallet_auth_gated_no_bypass,set_map:ambiguous_set_name:-",api.pokewallet.io,"{""pokemonTcgApiId"": null, ""pricechartingId"": null, ""tcgdexCardId"": null, ""tcgplayerProductId"": null}",catalogue_identity_retained,pokewallet_authenticated_acquire_path,run_pokewallet_authenticated_acquire_or_collector_scan,2026-10-09T10:03:49Z
pokemon|jp|23912|052/093|sigilyph,ja,23912,EX Battle Boost,052/093,Sigilyph,auth_only_source_no_alternate,"skip:api.pokewallet.io:pokewallet_auth_gated_no_bypass,skip:api.pokewallet.io:pokewallet_auth_gated_no_bypass,set_map:ambiguous_set_name:-",api.pokewallet.io,"{""pokemonTcgApiId"": null, ""pricechartingId"": null, ""tcgdexCardId"": null, ""tcgplayerProductId"": null}",catalogue_identity_retained,pokewallet_authenticated_acquire_path,run_pokewallet_authenticated_acquire_or_collector_scan,2026-10-09T10:03:49Z
pokemon|jp|23912|053/093|trubbish,ja,23912,EX Battle Boost,053/093,Trubbish,auth_only_source_no_alternate,"skip:api.pokewallet.io:pokewallet_auth_gated_no_bypass,skip:api.pokewallet.io:pokewallet_auth_gated_no_bypass,set_map:ambiguous_set_name:-",api.pokewallet.io,"{""pokemonTcgApiId"": null, ""pricechartingId"": null, ""tcgdexCardId"": null, ""tcgplayerProductId"": null}",catalogue_identity_retained,pokewallet_authenticated_acquire_path,run_pokewallet_authenticated_acquire_or_collector_scan,2026-10-09T10:03:49Z
pokemon|jp|23912|054/093|garbodor,ja,23912,EX Battle Boost,054/093,Garbodor,auth_only_source_no_alternate,"skip:api.pokewallet.io:pokewallet_auth_gated_no_bypass,skip:api.pokewallet.io:pokewallet_auth_gated_no_bypass,set_map:ambiguous_set_name:-",api.pokewallet.io,"{""pokemonTcgApiId"": null, ""pricechartingId"": null, ""tcgdexCardId"": null, ""tcgplayerProductId"": null}",catalogue_identity_retained,pokewallet_authenticated_acquire_path,run_pokewallet_authenticated_acquire_or_collector_scan,2026-10-09T10:03:49Z
pokemon|jp|23912|055/093|gothita,ja,23912,EX Battle Boost,055/093,Gothita,auth_only_source_no_alternate,"skip:api.pokewallet.io:pokewallet_auth_gated_no_bypass,skip:api.pokewallet.io:pokewallet_auth_gated_no_bypass,set_map:ambiguous_set_name:-",api.pokewallet.io,"{""pokemonTcgApiId"": null, ""pricechartingId"": null, ""tcgdexCardId"": null, ""tcgplayerProductId"": null}",catalogue_identity_retained,pokewallet_authenticated_acquire_path,run_pokewallet_authenticated_acquire_or_collector_scan,2026-10-09T10:03:49Z
pokemon|jp|23912|056/093|gothorita,ja,23912,EX Battle Boost,056/093,Gothorita,auth_only_source_no_alternate,"skip:api.pokewallet.io:pokewallet_auth_gated_no_bypass,skip:api.pokewallet.io:pokewallet_auth_gated_no_bypass,set_map:ambiguous_set_name:-",api.pokewallet.io,"{""pokemonTcgApiId"": null, ""pricechartingId"": null, ""tcgdexCardId"": null, ""tcgplayerProductId"": null}",catalogue_identity_retained,pokewallet_authenticated_acquire_path,run_pokewallet_authenticated_acquire_or_collector_scan,2026-10-09T10:03:49Z
pokemon|jp|23912|057/093|gothitelle,ja,23912,EX Battle Boost,057/093,Gothitelle,auth_only_source_no_alternate,"skip:api.pokewallet.io:pokewallet_auth_gated_no_bypass,skip:api.pokewallet.io:pokewallet_auth_gated_no_bypass,set_map:ambiguous_set_name:-",api.pokewallet.io,"{""pokemonTcgApiId"": null, ""pricechartingId"": null, ""tcgdexCardId"": null, ""tcgplayerProductId"": null}",catalogue_identity_retained,pokewallet_authenticated_acquire_path,run_pokewallet_authenticated_acquire_or_collector_scan,2026-10-09T10:03:49Z
pokemon|jp|23912|058/093|solosis,ja,23912,EX Battle Boost,058/093,Solosis,auth_only_source_no_alternate,"skip:api.pokewallet.io:pokewallet_auth_gated_no_bypass,skip:api.pokewallet.io:pokewallet_auth_gated_no_bypass,set_map:ambiguous_set_name:-",api.pokewallet.io,"{""pokemonTcgApiId"": null, ""pricechartingId"": null, ""tcgdexCardId"": null, ""tcgplayerProductId"": null}",catalogue_identity_retained,pokewallet_authenticated_acquire_path,run_pokewallet_authenticated_acquire_or_collector_scan,2026-10-09T10:03:49Z
pokemon|jp|23912|059/093|duosion,ja,23912,EX Battle Boost,059/093,Duosion,auth_only_source_no_alternate,"skip:api.pokewallet.io:pokewallet_auth_gated_no_bypass,skip:api.pokewallet.io:pokewallet_auth_gated_no_bypass,set_map:ambiguous_set_name:-",api.pokewallet.io,"{""pokemonTcgApiId"": null, ""pricechartingId"": null, ""tcgdexCardId"": null, ""tcgplayerProductId"": null}",catalogue_identity_retained,pokewallet_authenticated_acquire_path,run_pokewallet_authenticated_acquire_or_collector_scan,2026-10-09T10:03:49Z
pokemon|jp|23912|060/093|reuniclus,ja,23912,EX Battle Boost,060/093,Reuniclus,auth_only_source_no_alternate,"skip:api.pokewallet.io:pokewallet_auth_gated_no_bypass,skip:api.pokewallet.io:pokewallet_auth_gated_no_bypass,set_map:ambiguous_set_name:-",api.pokewallet.io,"{""pokemonTcgApiId"": null, ""pricechartingId"": null, ""tcgdexCardId"": null, ""tcgplayerProductId"": null}",catalogue_identity_retained,pokewallet_authenticated_acquire_path,run_pokewallet_authenticated_acquire_or_collector_scan,2026-10-09T10:03:49Z
pokemon|jp|23912|061/093|chandelure_ex,ja,23912,EX Battle Boost,061/093,Chandelure EX,auth_only_source_no_alternate,"skip:api.pokewallet.io:pokewallet_auth_gated_no_bypass,skip:api.pokewallet.io:pokewallet_auth_gated_no_bypass,set_map:ambiguous_set_name:-",api.pokewallet.io,"{""pokemonTcgApiId"": null, ""pricechartingId"": null, ""tcgdexCardId"": null, ""tcgplayerProductId"": null}",catalogue_identity_retained,pokewallet_authenticated_acquire_path,run_pokewallet_authenticated_acquire_or_collector_scan,2026-10-09T10:03:49Z
pokemon|jp|23912|062/093|meloetta_062_093,ja,23912,EX Battle Boost,062/093,Meloetta 062 093,auth_only_source_no_alternate,"skip:api.pokewallet.io:pokewallet_auth_gated_no_bypass,skip:api.pokewallet.io:pokewallet_auth_gated_no_bypass,set_map:ambiguous_set_name:-",api.pokewallet.io,"{""pokemonTcgApiId"": null, ""pricechartingId"": null, ""tcgdexCardId"": null, ""tcgplayerProductId"": null}",catalogue_identity_retained,pokewallet_authenticated_acquire_path,run_pokewallet_authenticated_acquire_or_collector_scan,2026-10-09T10:03:49Z
pokemon|jp|23912|063/093|riolu,ja,23912,EX Battle Boost,063/093,Riolu,auth_only_source_no_alternate,"skip:api.pokewallet.io:pokewallet_auth_gated_no_bypass,skip:api.pokewallet.io:pokewallet_auth_gated_no_bypass,set_map:ambiguous_set_name:-",api.pokewallet.io,"{""pokemonTcgApiId"": null, ""pricechartingId"": null, ""tcgdexCardId"": null, ""tcgplayerProductId"": null}",catalogue_identity_retained,pokewallet_authenticated_acquire_path,run_pokewallet_authenticated_acquire_or_collector_scan,2026-10-09T10:03:49Z
pokemon|jp|23912|064/093|lucario,ja,23912,EX Battle Boost,064/093,Lucario,auth_only_source_no_alternate,"skip:api.pokewallet.io:pokewallet_auth_gated_no_bypass,skip:api.pokewallet.io:pokewallet_auth_gated_no_bypass,set_map:ambiguous_set_name:-",api.pokewallet.io,"{""pokemonTcgApiId"": null, ""pricechartingId"": null, ""tcgdexCardId"": null, ""tcgplayerProductId"": null}",catalogue_identity_retained,pokewallet_authenticated_acquire_path,run_pokewallet_authenticated_acquire_or_collector_scan,2026-10-09T10:03:49Z
pokemon|jp|23912|065/093|gallade,ja,23912,EX Battle Boost,065/093,Gallade,auth_only_source_no_alternate,"skip:api.pokewallet.io:pokewallet_auth_gated_no_bypass,skip:api.pokewallet.io:pokewallet_auth_gated_no_bypass,set_map:ambiguous_set_name:-",api.pokewallet.io,"{""pokemonTcgApiId"": null, ""pricechartingId"": null, ""tcgdexCardId"": null, ""tcgplayerProductId"": null}",catalogue_identity_retained,pokewallet_authenticated_acquire_path,run_pokewallet_authenticated_acquire_or_collector_scan,2026-10-09T10:03:49Z
pokemon|jp|23912|066/093|excadrill_ex,ja,23912,EX Battle Boost,066/093,Excadrill EX,auth_only_source_no_alternate,"skip:api.pokewallet.io:pokewallet_auth_gated_no_bypass,skip:api.pokewallet.io:pokewallet_auth_gated_no_bypass,set_map:ambiguous_set_name:-",api.pokewallet.io,"{""pokemonTcgApiId"": null, ""pricechartingId"": null, ""tcgdexCardId"": null, ""tcgplayerProductId"": null}",catalogue_identity_retained,pokewallet_authenticated_acquire_path,run_pokewallet_authenticated_acquire_or_collector_scan,2026-10-09T10:03:49Z
pokemon|jp|23912|067/093|stunfisk,ja,23912,EX Battle Boost,067/093,Stunfisk,auth_only_source_no_alternate,"skip:api.pokewallet.io:pokewallet_auth_gated_no_bypass,skip:api.pokewallet.io:pokewallet_auth_gated_no_bypass,set_map:ambiguous_set_name:-",api.pokewallet.io,"{""pokemonTcgApiId"": null, ""pricechartingId"": null, ""tcgdexCardId"": null, ""tcgplayerProductId"": null}",catalogue_identity_retained,pokewallet_authenticated_acquire_path,run_pokewallet_authenticated_acquire_or_collector_scan,2026-10-09T10:03:49Z
pokemon|jp|23912|068/093|terrakion,ja,23912,EX Battle Boost,068/093,Terrakion,auth_only_source_no_alternate,"skip:api.pokewallet.io:pokewallet_auth_gated_no_bypass,skip:api.pokewallet.io:pokewallet_auth_gated_no_bypass,set_map:ambiguous_set_name:-",api.pokewallet.io,"{""pokemonTcgApiId"": null, ""pricechartingId"": null, ""tcgdexCardId"": null, ""tcgplayerProductId"": null}",catalogue_identity_retained,pokewallet_authenticated_acquire_path,run_pokewallet_authenticated_acquire_or_collector_scan,2026-10-09T10:03:49Z
pokemon|jp|23912|069/093|landorus,ja,23912,EX Battle Boost,069/093,Landorus,auth_only_source_no_alternate,"skip:api.pokewallet.io:pokewallet_auth_gated_no_bypass,skip:api.pokewallet.io:pokewallet_auth_gated_no_bypass,set_map:ambiguous_set_name:-",api.pokewallet.io,"{""pokemonTcgApiId"": null, ""pricechartingId"": null, ""tcgdexCardId"": null, ""tcgplayerProductId"": null}",catalogue_identity_retained,pokewallet_authenticated_acquire_path,run_pokewallet_authenticated_acquire_or_collector_scan,2026-10-09T10:03:49Z
pokemon|jp|23912|070/093|meloetta_070_093,ja,23912,EX Battle Boost,070/093,Meloetta 070 093,auth_only_source_no_alternate,"skip:api.pokewallet.io:pokewallet_auth_gated_no_bypass,skip:api.pokewallet.io:pokewallet_auth_gated_no_bypass,set_map:ambiguous_set_name:-",api.pokewallet.io,"{""pokemonTcgApiId"": null, ""pricechartingId"": null, ""tcgdexCardId"": null, ""tcgplayerProductId"": null}",catalogue_identity_retained,pokewallet_authenticated_acquire_path,run_pokewallet_authenticated_acquire_or_collector_scan,2026-10-09T10:03:49Z
pokemon|jp|23912|071/093|spiritomb,ja,23912,EX Battle Boost,071/093,Spiritomb,auth_only_source_no_alternate,"skip:api.pokewallet.io:pokewallet_auth_gated_no_bypass,skip:api.pokewallet.io:pokewallet_auth_gated_no_bypass,set_map:ambiguous_set_name:-",api.pokewallet.io,"{""pokemonTcgApiId"": null, ""pricechartingId"": null, ""tcgdexCardId"": null, ""tcgplayerProductId"": null}",catalogue_identity_retained,pokewallet_authenticated_acquire_path,run_pokewallet_authenticated_acquire_or_collector_scan,2026-10-09T10:03:49Z
pokemon|jp|23912|072/093|darkrai_ex,ja,23912,EX Battle Boost,072/093,Darkrai EX,auth_only_source_no_alternate,"skip:api.pokewallet.io:pokewallet_auth_gated_no_bypass,skip:api.pokewallet.io:pokewallet_auth_gated_no_bypass,set_map:ambiguous_set_name:-",api.pokewallet.io,"{""pokemonTcgApiId"": null, ""pricechartingId"": null, ""tcgdexCardId"": null, ""tcgplayerProductId"": null}",catalogue_identity_retained,pokewallet_authenticated_acquire_path,run_pokewallet_authenticated_acquire_or_collector_scan,2026-10-09T10:03:49Z
pokemon|jp|23912|073/093|zorua,ja,23912,EX Battle Boost,073/093,Zorua,auth_only_source_no_alternate,"skip:api.pokewallet.io:pokewallet_auth_gated_no_bypass,skip:api.pokewallet.io:pokewallet_auth_gated_no_bypass,set_map:ambiguous_set_name:-",api.pokewallet.io,"{""pokemonTcgApiId"": null, ""pricechartingId"": null, ""tcgdexCardId"": null, ""tcgplayerProductId"": null}",catalogue_identity_retained,pokewallet_authenticated_acquire_path,run_pokewallet_authenticated_acquire_or_collector_scan,2026-10-09T10:03:49Z
pokemon|jp|23912|074/093|zoroark,ja,23912,EX Battle Boost,074/093,Zoroark,auth_only_source_no_alternate,"skip:api.pokewallet.io:pokewallet_auth_gated_no_bypass,skip:api.pokewallet.io:pokewallet_auth_gated_no_bypass,set_map:ambiguous_set_name:-",api.pokewallet.io,"{""pokemonTcgApiId"": null, ""pricechartingId"": null, ""tcgdexCardId"": null, ""tcgplayerProductId"": null}",catalogue_identity_retained,pokewallet_authenticated_acquire_path,run_pokewallet_authenticated_acquire_or_collector_scan,2026-10-09T10:03:49Z
pokemon|jp|23912|075/093|cobalion,ja,23912,EX Battle Boost,075/093,Cobalion,auth_only_source_no_alternate,"skip:api.pokewallet.io:pokewallet_auth_gated_no_bypass,skip:api.pokewallet.io:pokewallet_auth_gated_no_bypass,set_map:ambiguous_set_name:-",api.pokewallet.io,"{""pokemonTcgApiId"": null, ""pricechartingId"": null, ""tcgdexCardId"": null, ""tcgplayerProductId"": null}",catalogue_identity_retained,pokewallet_authenticated_acquire_path,run_pokewallet_authenticated_acquire_or_collector_scan,2026-10-09T10:03:49Z
pokemon|jp|23912|076/093|altaria,ja,23912,EX Battle Boost,076/093,Altaria,auth_only_source_no_alternate,"skip:api.pokewallet.io:pokewallet_auth_gated_no_bypass,skip:api.pokewallet.io:pokewallet_auth_gated_no_bypass,set_map:ambiguous_set_name:-",api.pokewallet.io,"{""pokemonTcgApiId"": null, ""pricechartingId"": null, ""tcgdexCardId"": null, ""tcgplayerProductId"": null}",catalogue_identity_retained,pokewallet_authenticated_acquire_path,run_pokewallet_authenticated_acquire_or_collector_scan,2026-10-09T10:03:49Z
pokemon|jp|23912|077/093|rayquaza,ja,23912,EX Battle Boost,077/093,Rayquaza,auth_only_source_no_alternate,"skip:api.pokewallet.io:pokewallet_auth_gated_no_bypass,skip:api.pokewallet.io:pokewallet_auth_gated_no_bypass,set_map:ambiguous_set_name:-",api.pokewallet.io,"{""pokemonTcgApiId"": null, ""pricechartingId"": null, ""tcgdexCardId"": null, ""tcgplayerProductId"": null}",catalogue_identity_retained,pokewallet_authenticated_acquire_path,run_pokewallet_authenticated_acquire_or_collector_scan,2026-10-09T10:03:49Z
pokemon|jp|23912|078/093|gible,ja,23912,EX Battle Boost,078/093,Gible,auth_only_source_no_alternate,"skip:api.pokewallet.io:pokewallet_auth_gated_no_bypass,skip:api.pokewallet.io:pokewallet_auth_gated_no_bypass,set_map:ambiguous_set_name:-",api.pokewallet.io,"{""pokemonTcgApiId"": null, ""pricechartingId"": null, ""tcgdexCardId"": null, ""tcgplayerProductId"": null}",catalogue_identity_retained,pokewallet_authenticated_acquire_path,run_pokewallet_authenticated_acquire_or_collector_scan,2026-10-09T10:03:49Z
pokemon|jp|23912|079/093|gabite,ja,23912,EX Battle Boost,079/093,Gabite,auth_only_source_no_alternate,"skip:api.pokewallet.io:pokewallet_auth_gated_no_bypass,skip:api.pokewallet.io:pokewallet_auth_gated_no_bypass,set_map:ambiguous_set_name:-",api.pokewallet.io,"{""pokemonTcgApiId"": null, ""pricechartingId"": null, ""tcgdexCardId"": null, ""tcgplayerProductId"": null}",catalogue_identity_retained,pokewallet_authenticated_acquire_path,run_pokewallet_authenticated_acquire_or_collector_scan,2026-10-09T10:03:49Z
pokemon|jp|23912|080/093|garchomp,ja,23912,EX Battle Boost,080/093,Garchomp,auth_only_source_no_alternate,"skip:api.pokewallet.io:pokewallet_auth_gated_no_bypass,skip:api.pokewallet.io:pokewallet_auth_gated_no_bypass,set_map:ambiguous_set_name:-",api.pokewallet.io,"{""pokemonTcgApiId"": null, ""pricechartingId"": null, ""tcgdexCardId"": null, ""tcgplayerProductId"": null}",catalogue_identity_retained,pokewallet_authenticated_acquire_path,run_pokewallet_authenticated_acquire_or_collector_scan,2026-10-09T10:03:49Z
pokemon|jp|23912|081/093|deino,ja,23912,EX Battle Boost,081/093,Deino,auth_only_source_no_alternate,"skip:api.pokewallet.io:pokewallet_auth_gated_no_bypass,skip:api.pokewallet.io:pokewallet_auth_gated_no_bypass,set_map:ambiguous_set_name:-",api.pokewallet.io,"{""pokemonTcgApiId"": null, ""pricechartingId"": null, ""tcgdexCardId"": null, ""tcgplayerProductId"": null}",catalogue_identity_retained,pokewallet_authenticated_acquire_path,run_pokewallet_authenticated_acquire_or_collector_scan,2026-10-09T10:03:49Z
pokemon|jp|23912|082/093|zweilous,ja,23912,EX Battle Boost,082/093,Zweilous,auth_only_source_no_alternate,"skip:api.pokewallet.io:pokewallet_auth_gated_no_bypass,skip:api.pokewallet.io:pokewallet_auth_gated_no_bypass,set_map:ambiguous_set_name:-",api.pokewallet.io,"{""pokemonTcgApiId"": null, ""pricechartingId"": null, ""tcgdexCardId"": null, ""tcgplayerProductId"": null}",catalogue_identity_retained,pokewallet_authenticated_acquire_path,run_pokewallet_authenticated_acquire_or_collector_scan,2026-10-09T10:03:49Z
pokemon|jp|23912|083/093|hydreigon,ja,23912,EX Battle Boost,083/093,Hydreigon,auth_only_source_no_alternate,"skip:api.pokewallet.io:pokewallet_auth_gated_no_bypass,skip:api.pokewallet.io:pokewallet_auth_gated_no_bypass,set_map:ambiguous_set_name:-",api.pokewallet.io,"{""pokemonTcgApiId"": null, ""pricechartingId"": null, ""tcgdexCardId"": null, ""tcgplayerProductId"": null}",catalogue_identity_retained,pokewallet_authenticated_acquire_path,run_pokewallet_authenticated_acquire_or_collector_scan,2026-10-09T10:03:49Z
pokemon|jp|23912|084/093|black_kyurem_ex,ja,23912,EX Battle Boost,084/093,Black Kyurem EX,auth_only_source_no_alternate,"skip:api.pokewallet.io:pokewallet_auth_gated_no_bypass,skip:api.pokewallet.io:pokewallet_auth_gated_no_bypass,set_map:ambiguous_set_name:-",api.pokewallet.io,"{""pokemonTcgApiId"": null, ""pricechartingId"": null, ""tcgdexCardId"": null, ""tcgplayerProductId"": null}",catalogue_identity_retained,pokewallet_authenticated_acquire_path,run_pokewallet_authenticated_acquire_or_collector_scan,2026-10-09T10:03:49Z
pokemon|jp|23912|085/093|white_kyurem_ex,ja,23912,EX Battle Boost,085/093,White Kyurem EX,auth_only_source_no_alternate,"skip:api.pokewallet.io:pokewallet_auth_gated_no_bypass,skip:api.pokewallet.io:pokewallet_auth_gated_no_bypass,set_map:ambiguous_set_name:-",api.pokewallet.io,"{""pokemonTcgApiId"": null, ""pricechartingId"": null, ""tcgdexCardId"": null, ""tcgplayerProductId"": null}",catalogue_identity_retained,pokewallet_authenticated_acquire_path,run_pokewallet_authenticated_acquire_or_collector_scan,2026-10-09T10:03:49Z
pokemon|jp|23912|086/093|lugia_ex_team_plasma,ja,23912,EX Battle Boost,086/093,Lugia EX Team Plasma,auth_only_source_no_alternate,"skip:api.pokewallet.io:pokewallet_auth_gated_no_bypass,skip:api.pokewallet.io:pokewallet_auth_gated_no_bypass,set_map:ambiguous_set_name:-",api.pokewallet.io,"{""pokemonTcgApiId"": null, ""pricechartingId"": null, ""tcgdexCardId"": null, ""tcgplayerProductId"": null}",catalogue_identity_retained,pokewallet_authenticated_acquire_path,run_pokewallet_authenticated_acquire_or_collector_scan,2026-10-09T10:03:49Z
pokemon|jp|23912|087/093|swablu,ja,23912,EX Battle Boost,087/093,Swablu,auth_only_source_no_alternate,"skip:api.pokewallet.io:pokewallet_auth_gated_no_bypass,skip:api.pokewallet.io:pokewallet_auth_gated_no_bypass,set_map:ambiguous_set_name:-",api.pokewallet.io,"{""pokemonTcgApiId"": null, ""pricechartingId"": null, ""tcgdexCardId"": null, ""tcgplayerProductId"": null}",catalogue_identity_retained,pokewallet_authenticated_acquire_path,run_pokewallet_authenticated_acquire_or_collector_scan,2026-10-09T10:03:49Z
pokemon|jp|23912|088/093|minccino,ja,23912,EX Battle Boost,088/093,Minccino,auth_only_source_no_alternate,"skip:api.pokewallet.io:pokewallet_auth_gated_no_bypass,skip:api.pokewallet.io:pokewallet_auth_gated_no_bypass,set_map:ambiguous_set_name:-",api.pokewallet.io,"{""pokemonTcgApiId"": null, ""pricechartingId"": null, ""tcgdexCardId"": null, ""tcgplayerProductId"": null}",catalogue_identity_retained,pokewallet_authenticated_acquire_path,run_pokewallet_authenticated_acquire_or_collector_scan,2026-10-09T10:03:49Z
pokemon|jp|23912|089/093|cinccino,ja,23912,EX Battle Boost,089/093,Cinccino,auth_only_source_no_alternate,"skip:api.pokewallet.io:pokewallet_auth_gated_no_bypass,skip:api.pokewallet.io:pokewallet_auth_gated_no_bypass,set_map:ambiguous_set_name:-",api.pokewallet.io,"{""pokemonTcgApiId"": null, ""pricechartingId"": null, ""tcgdexCardId"": null, ""tcgplayerProductId"": null}",catalogue_identity_retained,pokewallet_authenticated_acquire_path,run_pokewallet_authenticated_acquire_or_collector_scan,2026-10-09T10:03:49Z
pokemon|jp|23912|090/093|druddigon,ja,23912,EX Battle Boost,090/093,Druddigon,auth_only_source_no_alternate,"skip:api.pokewallet.io:pokewallet_auth_gated_no_bypass,skip:api.pokewallet.io:pokewallet_auth_gated_no_bypass,set_map:ambiguous_set_name:-",api.pokewallet.io,"{""pokemonTcgApiId"": null, ""pricechartingId"": null, ""tcgdexCardId"": null, ""tcgplayerProductId"": null}",catalogue_identity_retained,pokewallet_authenticated_acquire_path,run_pokewallet_authenticated_acquire_or_collector_scan,2026-10-09T10:03:49Z
pokemon|jp|23912|091/093|bouffalant,ja,23912,EX Battle Boost,091/093,Bouffalant,auth_only_source_no_alternate,"skip:api.pokewallet.io:pokewallet_auth_gated_no_bypass,skip:api.pokewallet.io:pokewallet_auth_gated_no_bypass,set_map:ambiguous_set_name:-",api.pokewallet.io,"{""pokemonTcgApiId"": null, ""pricechartingId"": null, ""tcgdexCardId"": null, ""tcgplayerProductId"": null}",catalogue_identity_retained,pokewallet_authenticated_acquire_path,run_pokewallet_authenticated_acquire_or_collector_scan,2026-10-09T10:03:49Z
pokemon|jp|23912|092/093|tornadus,ja,23912,EX Battle Boost,092/093,Tornadus,auth_only_source_no_alternate,"skip:api.pokewallet.io:pokewallet_auth_gated_no_bypass,skip:api.pokewallet.io:pokewallet_auth_gated_no_bypass,set_map:ambiguous_set_name:-",api.pokewallet.io,"{""pokemonTcgApiId"": null, ""pricechartingId"": null, ""tcgdexCardId"": null, ""tcgplayerProductId"": null}",catalogue_identity_retained,pokewallet_authenticated_acquire_path,run_pokewallet_authenticated_acquire_or_collector_scan,2026-10-09T10:03:49Z
pokemon|jp|23912|093/093|cedric_juniper,ja,23912,EX Battle Boost,093/093,Cedric Juniper,auth_only_source_no_alternate,"skip:api.pokewallet.io:pokewallet_auth_gated_no_bypass,skip:api.pokewallet.io:pokewallet_auth_gated_no_bypass,set_map:ambiguous_set_name:-",api.pokewallet.io,"{""pokemonTcgApiId"": null, ""pricechartingId"": null, ""tcgdexCardId"": null, ""tcgplayerProductId"": null}",catalogue_identity_retained,pokewallet_authenticated_acquire_path,run_pokewallet_authenticated_acquire_or_collector_scan,2026-10-09T10:03:49Z
pokemon|jp|23912|094/093|reshiram_094_093,ja,23912,EX Battle Boost,094/093,Reshiram 094 093,auth_only_source_no_alternate,"skip:api.pokewallet.io:pokewallet_auth_gated_no_bypass,skip:api.pokewallet.io:pokewallet_auth_gated_no_bypass,set_map:ambiguous_set_name:-",api.pokewallet.io,"{""pokemonTcgApiId"": null, ""pricechartingId"": null, ""tcgdexCardId"": null, ""tcgplayerProductId"": null}",catalogue_identity_retained,pokewallet_authenticated_acquire_path,run_pokewallet_authenticated_acquire_or_collector_scan,2026-10-09T10:03:49Z
pokemon|jp|23912|097/093|pokemon_enterprise_097_093_mirror_holofoil,ja,23912,EX Battle Boost,097/093,Pokemon Enterprise 097 093 Mirror Holofoil,auth_only_source_no_alternate,"skip:api.pokewallet.io:pokewallet_auth_gated_no_bypass,skip:api.pokewallet.io:pokewallet_auth_gated_no_bypass,set_map:ambiguous_set_name:-",api.pokewallet.io,"{""pokemonTcgApiId"": null, ""pricechartingId"": null, ""tcgdexCardId"": null, ""tcgplayerProductId"": null}",catalogue_identity_retained,pokewallet_authenticated_acquire_path,run_pokewallet_authenticated_acquire_or_collector_scan,2026-10-09T10:03:49Z
pokemon|jp|23912|098/093|pokemon_enterprise_098_093,ja,23912,EX Battle Boost,098/093,Pokemon Enterprise 098 093,auth_only_source_no_alternate,"skip:api.pokewallet.io:pokewallet_auth_gated_no_bypass,skip:api.pokewallet.io:pokewallet_auth_gated_no_bypass,set_map:ambiguous_set_name:-",api.pokewallet.io,"{""pokemonTcgApiId"": null, ""pricechartingId"": null, ""tcgdexCardId"": null, ""tcgplayerProductId"": null}",catalogue_identity_retained,pokewallet_authenticated_acquire_path,run_pokewallet_authenticated_acquire_or_collector_scan,2026-10-09T10:03:49Z
pokemon|jp|23912|099/093|pokemon_enterprise_099_093_mirror_holofoil,ja,23912,EX Battle Boost,099/093,Pokemon Enterprise 099 093 Mirror Holofoil,auth_only_source_no_alternate,"skip:api.pokewallet.io:pokewallet_auth_gated_no_bypass,skip:api.pokewallet.io:pokewallet_auth_gated_no_bypass,set_map:ambiguous_set_name:-",api.pokewallet.io,"{""pokemonTcgApiId"": null, ""pricechartingId"": null, ""tcgdexCardId"": null, ""tcgplayerProductId"": null}",catalogue_identity_retained,pokewallet_authenticated_acquire_path,run_pokewallet_authenticated_acquire_or_collector_scan,2026-10-09T10:03:49Z
pokemon|jp|23937|001/016|mewtwo,ja,23937,Mewtwo vs Genesect Deck Kit (Mewtwo),001/016,Mewtwo,auth_only_source_no_alternate,"skip:api.pokewallet.io:pokewallet_auth_gated_no_bypass,skip:api.pokewallet.io:pokewallet_auth_gated_no_bypass,set_map:ambiguous_set_name:-",api.pokewallet.io,"{""pokemonTcgApiId"": null, ""pricechartingId"": null, ""tcgdexCardId"": null, ""tcgplayerProductId"": null}",catalogue_identity_retained,pokewallet_authenticated_acquire_path,run_pokewallet_authenticated_acquire_or_collector_scan,2026-10-09T10:03:49Z
pokemon|jp|23937|002/016|misdreavus,ja,23937,Mewtwo vs Genesect Deck Kit (Mewtwo),002/016,Misdreavus,auth_only_source_no_alternate,"skip:api.pokewallet.io:pokewallet_auth_gated_no_bypass,skip:api.pokewallet.io:pokewallet_auth_gated_no_bypass,set_map:ambiguous_set_name:-",api.pokewallet.io,"{""pokemonTcgApiId"": null, ""pricechartingId"": null, ""tcgdexCardId"": null, ""tcgplayerProductId"": null}",catalogue_identity_retained,pokewallet_authenticated_acquire_path,run_pokewallet_authenticated_acquire_or_collector_scan,2026-10-09T10:03:49Z
pokemon|jp|23937|003/016|mismagius,ja,23937,Mewtwo vs Genesect Deck Kit (Mewtwo),003/016,Mismagius,auth_only_source_no_alternate,"skip:api.pokewallet.io:pokewallet_auth_gated_no_bypass,skip:api.pokewallet.io:pokewallet_auth_gated_no_bypass,set_map:ambiguous_set_name:-",api.pokewallet.io,"{""pokemonTcgApiId"": null, ""pricechartingId"": null, ""tcgdexCardId"": null, ""tcgplayerProductId"": null}",catalogue_identity_retained,pokewallet_authenticated_acquire_path,run_pokewallet_authenticated_acquire_or_collector_scan,2026-10-09T10:03:49Z
pokemon|jp|23937|005/016|woobat,ja,23937,Mewtwo vs Genesect Deck Kit (Mewtwo),005/016,Woobat,auth_only_source_no_alternate,"skip:api.pokewallet.io:pokewallet_auth_gated_no_bypass,skip:api.pokewallet.io:pokewallet_auth_gated_no_bypass,set_map:ambiguous_set_name:-",api.pokewallet.io,"{""pokemonTcgApiId"": null, ""pricechartingId"": null, ""tcgdexCardId"": null, ""tcgplayerProductId"": null}",catalogue_identity_retained,pokewallet_authenticated_acquire_path,run_pokewallet_authenticated_acquire_or_collector_scan,2026-10-09T10:03:49Z
pokemon|jp|23937|007/016|gothita,ja,23937,Mewtwo vs Genesect Deck Kit (Mewtwo),007/016,Gothita,auth_only_source_no_alternate,"skip:api.pokewallet.io:pokewallet_auth_gated_no_bypass,skip:api.pokewallet.io:pokewallet_auth_gated_no_bypass,set_map:ambiguous_set_name:-",api.pokewallet.io,"{""pokemonTcgApiId"": null, ""pricechartingId"": null, ""tcgdexCardId"": null, ""tcgplayerProductId"": null}",catalogue_identity_retained,pokewallet_authenticated_acquire_path,run_pokewallet_authenticated_acquire_or_collector_scan,2026-10-09T10:03:49Z
pokemon|jp|23937|010/016|great_ball,ja,23937,Mewtwo vs Genesect Deck Kit (Mewtwo),010/016,Great Ball,auth_only_source_no_alternate,"skip:api.pokewallet.io:pokewallet_auth_gated_no_bypass,skip:api.pokewallet.io:pokewallet_auth_gated_no_bypass,set_map:ambiguous_set_name:-",api.pokewallet.io,"{""pokemonTcgApiId"": null, ""pricechartingId"": null, ""tcgdexCardId"": null, ""tcgplayerProductId"": null}",catalogue_identity_retained,pokewallet_authenticated_acquire_path,run_pokewallet_authenticated_acquire_or_collector_scan,2026-10-09T10:03:49Z
pokemon|jp|23937|011/016|switch,ja,23937,Mewtwo vs Genesect Deck Kit (Mewtwo),011/016,Switch,auth_only_source_no_alternate,"skip:api.pokewallet.io:pokewallet_auth_gated_no_bypass,skip:api.pokewallet.io:pokewallet_auth_gated_no_bypass,set_map:ambiguous_set_name:-",api.pokewallet.io,"{""pokemonTcgApiId"": null, ""pricechartingId"": null, ""tcgdexCardId"": null, ""tcgplayerProductId"": null}",catalogue_identity_retained,pokewallet_authenticated_acquire_path,run_pokewallet_authenticated_acquire_or_collector_scan,2026-10-09T10:03:49Z
pokemon|jp|23937|012/016|pokemon_catcher,ja,23937,Mewtwo vs Genesect Deck Kit (Mewtwo),012/016,Pokemon Catcher,auth_only_source_no_alternate,"skip:api.pokewallet.io:pokewallet_auth_gated_no_bypass,skip:api.pokewallet.io:pokewallet_auth_gated_no_bypass,set_map:ambiguous_set_name:-",api.pokewallet.io,"{""pokemonTcgApiId"": null, ""pricechartingId"": null, ""tcgdexCardId"": null, ""tcgplayerProductId"": null}",catalogue_identity_retained,pokewallet_authenticated_acquire_path,run_pokewallet_authenticated_acquire_or_collector_scan,2026-10-09T10:03:49Z
pokemon|jp|23937|013/016|rocky_helmet,ja,23937,Mewtwo vs Genesect Deck Kit (Mewtwo),013/016,Rocky Helmet,auth_only_source_no_alternate,"skip:api.pokewallet.io:pokewallet_auth_gated_no_bypass,skip:api.pokewallet.io:pokewallet_auth_gated_no_bypass,set_map:ambiguous_set_name:-",api.pokewallet.io,"{""pokemonTcgApiId"": null, ""pricechartingId"": null, ""tcgdexCardId"": null, ""tcgplayerProductId"": null}",catalogue_identity_retained,pokewallet_authenticated_acquire_path,run_pokewallet_authenticated_acquire_or_collector_scan,2026-10-09T10:03:49Z
pokemon|jp|23937|014/016|cheren,ja,23937,Mewtwo vs Genesect Deck Kit (Mewtwo),014/016,Cheren,auth_only_source_no_alternate,"skip:api.pokewallet.io:pokewallet_auth_gated_no_bypass,skip:api.pokewallet.io:pokewallet_auth_gated_no_bypass,set_map:ambiguous_set_name:-",api.pokewallet.io,"{""pokemonTcgApiId"": null, ""pricechartingId"": null, ""tcgdexCardId"": null, ""tcgplayerProductId"": null}",catalogue_identity_retained,pokewallet_authenticated_acquire_path,run_pokewallet_authenticated_acquire_or_collector_scan,2026-10-09T10:03:49Z
pokemon|jp|23937|016/016|double_colorless_energy,ja,23937,Mewtwo vs Genesect Deck Kit (Mewtwo),016/016,Double Colorless Energy,auth_only_source_no_alternate,"skip:api.pokewallet.io:pokewallet_auth_gated_no_bypass,skip:api.pokewallet.io:pokewallet_auth_gated_no_bypass,set_map:ambiguous_set_name:-",api.pokewallet.io,"{""pokemonTcgApiId"": null, ""pricechartingId"": null, ""tcgdexCardId"": null, ""tcgplayerProductId"": null}",catalogue_identity_retained,pokewallet_authenticated_acquire_path,run_pokewallet_authenticated_acquire_or_collector_scan,2026-10-09T10:03:49Z
pokemon|jp|23938|001/018|squirtle,ja,23938,Blastoise + Kyurem-EX Combo Deck,001/018,Squirtle,auth_only_source_no_alternate,"skip:api.pokewallet.io:pokewallet_auth_gated_no_bypass,skip:api.pokewallet.io:pokewallet_auth_gated_no_bypass,set_map:ambiguous_set_name:-",api.pokewallet.io,"{""pokemonTcgApiId"": null, ""pricechartingId"": null, ""tcgdexCardId"": null, ""tcgplayerProductId"": null}",catalogue_identity_retained,pokewallet_authenticated_acquire_path,run_pokewallet_authenticated_acquire_or_collector_scan,2026-10-09T10:03:49Z
pokemon|jp|23938|002/018|wartortle,ja,23938,Blastoise + Kyurem-EX Combo Deck,002/018,Wartortle,auth_only_source_no_alternate,"skip:api.pokewallet.io:pokewallet_auth_gated_no_bypass,skip:api.pokewallet.io:pokewallet_auth_gated_no_bypass,set_map:ambiguous_set_name:-",api.pokewallet.io,"{""pokemonTcgApiId"": null, ""pricechartingId"": null, ""tcgdexCardId"": null, ""tcgplayerProductId"": null}",catalogue_identity_retained,pokewallet_authenticated_acquire_path,run_pokewallet_authenticated_acquire_or_collector_scan,2026-10-09T10:03:49Z
pokemon|jp|23938|003/018|blastoise,ja,23938,Blastoise + Kyurem-EX Combo Deck,003/018,Blastoise,auth_only_source_no_alternate,"skip:api.pokewallet.io:pokewallet_auth_gated_no_bypass,skip:api.pokewallet.io:pokewallet_auth_gated_no_bypass,set_map:ambiguous_set_name:-",api.pokewallet.io,"{""pokemonTcgApiId"": null, ""pricechartingId"": null, ""tcgdexCardId"": null, ""tcgplayerProductId"": null}",catalogue_identity_retained,pokewallet_authenticated_acquire_path,run_pokewallet_authenticated_acquire_or_collector_scan,2026-10-09T10:03:49Z
pokemon|jp|23938|004/018|suicune,ja,23938,Blastoise + Kyurem-EX Combo Deck,004/018,Suicune,auth_only_source_no_alternate,"skip:api.pokewallet.io:pokewallet_auth_gated_no_bypass,skip:api.pokewallet.io:pokewallet_auth_gated_no_bypass,set_map:ambiguous_set_name:-",api.pokewallet.io,"{""pokemonTcgApiId"": null, ""pricechartingId"": null, ""tcgdexCardId"": null, ""tcgplayerProductId"": null}",catalogue_identity_retained,pokewallet_authenticated_acquire_path,run_pokewallet_authenticated_acquire_or_collector_scan,2026-10-09T10:03:49Z
pokemon|jp|23938|005/018|ducklett,ja,23938,Blastoise + Kyurem-EX Combo Deck,005/018,Ducklett,auth_only_source_no_alternate,"skip:api.pokewallet.io:pokewallet_auth_gated_no_bypass,skip:api.pokewallet.io:pokewallet_auth_gated_no_bypass,set_map:ambiguous_set_name:-",api.pokewallet.io,"{""pokemonTcgApiId"": null, ""pricechartingId"": null, ""tcgdexCardId"": null, ""tcgplayerProductId"": null}",catalogue_identity_retained,pokewallet_authenticated_acquire_path,run_pokewallet_authenticated_acquire_or_collector_scan,2026-10-09T10:03:49Z
pokemon|jp|23938|006/018|kyurem_ex,ja,23938,Blastoise + Kyurem-EX Combo Deck,006/018,Kyurem EX,auth_only_source_no_alternate,"skip:api.pokewallet.io:pokewallet_auth_gated_no_bypass,skip:api.pokewallet.io:pokewallet_auth_gated_no_bypass,set_map:ambiguous_set_name:-",api.pokewallet.io,"{""pokemonTcgApiId"": null, ""pricechartingId"": null, ""tcgdexCardId"": null, ""tcgplayerProductId"": null}",catalogue_identity_retained,pokewallet_authenticated_acquire_path,run_pokewallet_authenticated_acquire_or_collector_scan,2026-10-09T10:03:49Z
pokemon|jp|23938|007/018|kangaskhan,ja,23938,Blastoise + Kyurem-EX Combo Deck,007/018,Kangaskhan,auth_only_source_no_alternate,"skip:api.pokewallet.io:pokewallet_auth_gated_no_bypass,skip:api.pokewallet.io:pokewallet_auth_gated_no_bypass,set_map:ambiguous_set_name:-",api.pokewallet.io,"{""pokemonTcgApiId"": null, ""pricechartingId"": null, ""tcgdexCardId"": null, ""tcgplayerProductId"": null}",catalogue_identity_retained,pokewallet_authenticated_acquire_path,run_pokewallet_authenticated_acquire_or_collector_scan,2026-10-09T10:03:49Z
pokemon|jp|23938|008/018|energy_retrieval,ja,23938,Blastoise + Kyurem-EX Combo Deck,008/018,Energy Retrieval,auth_only_source_no_alternate,"skip:api.pokewallet.io:pokewallet_auth_gated_no_bypass,skip:api.pokewallet.io:pokewallet_auth_gated_no_bypass,set_map:ambiguous_set_name:-",api.pokewallet.io,"{""pokemonTcgApiId"": null, ""pricechartingId"": null, ""tcgdexCardId"": null, ""tcgplayerProductId"": null}",catalogue_identity_retained,pokewallet_authenticated_acquire_path,run_pokewallet_authenticated_acquire_or_collector_scan,2026-10-09T10:03:49Z
pokemon|jp|23938|009/018|ultra_ball,ja,23938,Blastoise + Kyurem-EX Combo Deck,009/018,Ultra Ball,auth_only_source_no_alternate,"skip:api.pokewallet.io:pokewallet_auth_gated_no_bypass,skip:api.pokewallet.io:pokewallet_auth_gated_no_bypass,set_map:ambiguous_set_name:-",api.pokewallet.io,"{""pokemonTcgApiId"": null, ""pricechartingId"": null, ""tcgdexCardId"": null, ""tcgplayerProductId"": null}",catalogue_identity_retained,pokewallet_authenticated_acquire_path,run_pokewallet_authenticated_acquire_or_collector_scan,2026-10-09T10:03:49Z
pokemon|jp|23938|011/018|switch,ja,23938,Blastoise + Kyurem-EX Combo Deck,011/018,Switch,auth_only_source_no_alternate,"skip:api.pokewallet.io:pokewallet_auth_gated_no_bypass,skip:api.pokewallet.io:pokewallet_auth_gated_no_bypass,set_map:ambiguous_set_name:-",api.pokewallet.io,"{""pokemonTcgApiId"": null, ""pricechartingId"": null, ""tcgdexCardId"": null, ""tcgplayerProductId"": null}",catalogue_identity_retained,pokewallet_authenticated_acquire_path,run_pokewallet_authenticated_acquire_or_collector_scan,2026-10-09T10:03:49Z
pokemon|jp|23938|012/018|pokemon_catcher,ja,23938,Blastoise + Kyurem-EX Combo Deck,012/018,Pokemon Catcher,auth_only_source_no_alternate,"skip:api.pokewallet.io:pokewallet_auth_gated_no_bypass,skip:api.pokewallet.io:pokewallet_auth_gated_no_bypass,set_map:ambiguous_set_name:-",api.pokewallet.io,"{""pokemonTcgApiId"": null, ""pricechartingId"": null, ""tcgdexCardId"": null, ""tcgplayerProductId"": null}",catalogue_identity_retained,pokewallet_authenticated_acquire_path,run_pokewallet_authenticated_acquire_or_collector_scan,2026-10-09T10:03:49Z
pokemon|jp|23938|013/018|random_receiver,ja,23938,Blastoise + Kyurem-EX Combo Deck,013/018,Random Receiver,auth_only_source_no_alternate,"skip:api.pokewallet.io:pokewallet_auth_gated_no_bypass,skip:api.pokewallet.io:pokewallet_auth_gated_no_bypass,set_map:ambiguous_set_name:-",api.pokewallet.io,"{""pokemonTcgApiId"": null, ""pricechartingId"": null, ""tcgdexCardId"": null, ""tcgplayerProductId"": null}",catalogue_identity_retained,pokewallet_authenticated_acquire_path,run_pokewallet_authenticated_acquire_or_collector_scan,2026-10-09T10:03:49Z
pokemon|jp|23938|014/018|professor_juniper,ja,23938,Blastoise + Kyurem-EX Combo Deck,014/018,Professor Juniper,auth_only_source_no_alternate,"skip:api.pokewallet.io:pokewallet_auth_gated_no_bypass,skip:api.pokewallet.io:pokewallet_auth_gated_no_bypass,set_map:ambiguous_set_name:-",api.pokewallet.io,"{""pokemonTcgApiId"": null, ""pricechartingId"": null, ""tcgdexCardId"": null, ""tcgplayerProductId"": null}",catalogue_identity_retained,pokewallet_authenticated_acquire_path,run_pokewallet_authenticated_acquire_or_collector_scan,2026-10-09T10:03:49Z
pokemon|jp|23938|015/018|cheren,ja,23938,Blastoise + Kyurem-EX Combo Deck,015/018,Cheren,auth_only_source_no_alternate,"skip:api.pokewallet.io:pokewallet_auth_gated_no_bypass,skip:api.pokewallet.io:pokewallet_auth_gated_no_bypass,set_map:ambiguous_set_name:-",api.pokewallet.io,"{""pokemonTcgApiId"": null, ""pricechartingId"": null, ""tcgdexCardId"": null, ""tcgplayerProductId"": null}",catalogue_identity_retained,pokewallet_authenticated_acquire_path,run_pokewallet_authenticated_acquire_or_collector_scan,2026-10-09T10:03:49Z
pokemon|jp|23938|016/018|skyla,ja,23938,Blastoise + Kyurem-EX Combo Deck,016/018,Skyla,auth_only_source_no_alternate,"skip:api.pokewallet.io:pokewallet_auth_gated_no_bypass,skip:api.pokewallet.io:pokewallet_auth_gated_no_bypass,set_map:ambiguous_set_name:-",api.pokewallet.io,"{""pokemonTcgApiId"": null, ""pricechartingId"": null, ""tcgdexCardId"": null, ""tcgplayerProductId"": null}",catalogue_identity_retained,pokewallet_authenticated_acquire_path,run_pokewallet_authenticated_acquire_or_collector_scan,2026-10-09T10:03:49Z
pokemon|jp|23938|017/018|master_ball,ja,23938,Blastoise + Kyurem-EX Combo Deck,017/018,Master Ball,auth_only_source_no_alternate,"skip:api.pokewallet.io:pokewallet_auth_gated_no_bypass,skip:api.pokewallet.io:pokewallet_auth_gated_no_bypass,set_map:ambiguous_set_name:-",api.pokewallet.io,"{""pokemonTcgApiId"": null, ""pricechartingId"": null, ""tcgdexCardId"": null, ""tcgplayerProductId"": null}",catalogue_identity_retained,pokewallet_authenticated_acquire_path,run_pokewallet_authenticated_acquire_or_collector_scan,2026-10-09T10:03:49Z
pokemon|jp|23938|018/018|double_colorless_energy,ja,23938,Blastoise + Kyurem-EX Combo Deck,018/018,Double Colorless Energy,auth_only_source_no_alternate,"skip:api.pokewallet.io:pokewallet_auth_gated_no_bypass,skip:api.pokewallet.io:pokewallet_auth_gated_no_bypass,set_map:ambiguous_set_name:-",api.pokewallet.io,"{""pokemonTcgApiId"": null, ""pricechartingId"": null, ""tcgdexCardId"": null, ""tcgplayerProductId"": null}",catalogue_identity_retained,pokewallet_authenticated_acquire_path,run_pokewallet_authenticated_acquire_or_collector_scan,2026-10-09T10:03:49Z
pokemon|jp|23939|005/047|virizion,ja,23939,Everyone's Exciting Battle,005/047,Virizion,auth_only_source_no_alternate,"skip:api.pokewallet.io:pokewallet_auth_gated_no_bypass,skip:api.pokewallet.io:pokewallet_auth_gated_no_bypass,set_map:ambiguous_set_name:-",api.pokewallet.io,"{""pokemonTcgApiId"": null, ""pricechartingId"": null, ""tcgdexCardId"": null, ""tcgplayerProductId"": null}",catalogue_identity_retained,pokewallet_authenticated_acquire_path,run_pokewallet_authenticated_acquire_or_collector_scan,2026-10-09T10:03:49Z
pokemon|jp|23939|007/047|magmortar,ja,23939,Everyone's Exciting Battle,007/047,Magmortar,auth_only_source_no_alternate,"skip:api.pokewallet.io:pokewallet_auth_gated_no_bypass,skip:api.pokewallet.io:pokewallet_auth_gated_no_bypass,set_map:ambiguous_set_name:-",api.pokewallet.io,"{""pokemonTcgApiId"": null, ""pricechartingId"": null, ""tcgdexCardId"": null, ""tcgplayerProductId"": null}",catalogue_identity_retained,pokewallet_authenticated_acquire_path,run_pokewallet_authenticated_acquire_or_collector_scan,2026-10-09T10:03:49Z
pokemon|jp|23939|008/047|victini,ja,23939,Everyone's Exciting Battle,008/047,Victini,auth_only_source_no_alternate,"skip:api.pokewallet.io:pokewallet_auth_gated_no_bypass,skip:api.pokewallet.io:pokewallet_auth_gated_no_bypass,set_map:ambiguous_set_name:-",api.pokewallet.io,"{""pokemonTcgApiId"": null, ""pricechartingId"": null, ""tcgdexCardId"": null, ""tcgplayerProductId"": null}",catalogue_identity_retained,pokewallet_authenticated_acquire_path,run_pokewallet_authenticated_acquire_or_collector_scan,2026-10-09T10:03:49Z
pokemon|jp|23939|011/047|marill,ja,23939,Everyone's Exciting Battle,011/047,Marill,auth_only_source_no_alternate,"skip:api.pokewallet.io:pokewallet_auth_gated_no_bypass,skip:api.pokewallet.io:pokewallet_auth_gated_no_bypass,set_map:ambiguous_set_name:-",api.pokewallet.io,"{""pokemonTcgApiId"": null, ""pricechartingId"": null, ""tcgdexCardId"": null, ""tcgplayerProductId"": null}",catalogue_identity_retained,pokewallet_authenticated_acquire_path,run_pokewallet_authenticated_acquire_or_collector_scan,2026-10-09T10:03:49Z
pokemon|jp|23939|016/047|pikachu,ja,23939,Everyone's Exciting Battle,016/047,Pikachu,auth_only_source_no_alternate,"skip:api.pokewallet.io:pokewallet_auth_gated_no_bypass,skip:api.pokewallet.io:pokewallet_auth_gated_no_bypass,set_map:ambiguous_set_name:-",api.pokewallet.io,"{""pokemonTcgApiId"": null, ""pricechartingId"": null, ""tcgdexCardId"": null, ""tcgplayerProductId"": null}",catalogue_identity_retained,pokewallet_authenticated_acquire_path,run_pokewallet_authenticated_acquire_or_collector_scan,2026-10-09T10:03:49Z
pokemon|jp|23939|029/047|golett,ja,23939,Everyone's Exciting Battle,029/047,Golett,auth_only_source_no_alternate,"skip:api.pokewallet.io:pokewallet_auth_gated_no_bypass,skip:api.pokewallet.io:pokewallet_auth_gated_no_bypass,set_map:ambiguous_set_name:-",api.pokewallet.io,"{""pokemonTcgApiId"": null, ""pricechartingId"": null, ""tcgdexCardId"": null, ""tcgplayerProductId"": null}",catalogue_identity_retained,pokewallet_authenticated_acquire_path,run_pokewallet_authenticated_acquire_or_collector_scan,2026-10-09T10:03:49Z
pokemon|jp|23939|030/047|terrakion,ja,23939,Everyone's Exciting Battle,030/047,Terrakion,auth_only_source_no_alternate,"skip:api.pokewallet.io:pokewallet_auth_gated_no_bypass,skip:api.pokewallet.io:pokewallet_auth_gated_no_bypass,set_map:ambiguous_set_name:-",api.pokewallet.io,"{""pokemonTcgApiId"": null, ""pricechartingId"": null, ""tcgdexCardId"": null, ""tcgplayerProductId"": null}",catalogue_identity_retained,pokewallet_authenticated_acquire_path,run_pokewallet_authenticated_acquire_or_collector_scan,2026-10-09T10:03:49Z
pokemon|jp|23939|035/047|zoroark,ja,23939,Everyone's Exciting Battle,035/047,Zoroark,auth_only_source_no_alternate,"skip:api.pokewallet.io:pokewallet_auth_gated_no_bypass,skip:api.pokewallet.io:pokewallet_auth_gated_no_bypass,set_map:ambiguous_set_name:-",api.pokewallet.io,"{""pokemonTcgApiId"": null, ""pricechartingId"": null, ""tcgdexCardId"": null, ""tcgplayerProductId"": null}",catalogue_identity_retained,pokewallet_authenticated_acquire_path,run_pokewallet_authenticated_acquire_or_collector_scan,2026-10-09T10:03:49Z
pokemon|jp|23939|040/047|cobalion,ja,23939,Everyone's Exciting Battle,040/047,Cobalion,auth_only_source_no_alternate,"skip:api.pokewallet.io:pokewallet_auth_gated_no_bypass,skip:api.pokewallet.io:pokewallet_auth_gated_no_bypass,set_map:ambiguous_set_name:-",api.pokewallet.io,"{""pokemonTcgApiId"": null, ""pricechartingId"": null, ""tcgdexCardId"": null, ""tcgplayerProductId"": null}",catalogue_identity_retained,pokewallet_authenticated_acquire_path,run_pokewallet_authenticated_acquire_or_collector_scan,2026-10-09T10:03:49Z
pokemon|jp|23939|047/047|fennels_help,ja,23939,Everyone's Exciting Battle,047/047,Fennels Help,auth_only_source_no_alternate,"skip:api.pokewallet.io:pokewallet_auth_gated_no_bypass,skip:api.pokewallet.io:pokewallet_auth_gated_no_bypass,set_map:ambiguous_set_name:-",api.pokewallet.io,"{""pokemonTcgApiId"": null, ""pricechartingId"": null, ""tcgdexCardId"": null, ""tcgplayerProductId"": null}",catalogue_identity_retained,pokewallet_authenticated_acquire_path,run_pokewallet_authenticated_acquire_or_collector_scan,2026-10-09T10:03:49Z
pokemon|jp|23940|001/046|victini,ja,23940,Master Deck Build Box EX,001/046,Victini,auth_only_source_no_alternate,"skip:api.pokewallet.io:pokewallet_auth_gated_no_bypass,skip:api.pokewallet.io:pokewallet_auth_gated_no_bypass,set_map:ambiguous_set_name:-",api.pokewallet.io,"{""pokemonTcgApiId"": null, ""pricechartingId"": null, ""tcgdexCardId"": null, ""tcgplayerProductId"": null}",catalogue_identity_retained,pokewallet_authenticated_acquire_path,run_pokewallet_authenticated_acquire_or_collector_scan,2026-10-09T10:03:49Z
pokemon|jp|23940|002/046|tepig,ja,23940,Master Deck Build Box EX,002/046,Tepig,auth_only_source_no_alternate,"skip:api.pokewallet.io:pokewallet_auth_gated_no_bypass,skip:api.pokewallet.io:pokewallet_auth_gated_no_bypass,set_map:ambiguous_set_name:-",api.pokewallet.io,"{""pokemonTcgApiId"": null, ""pricechartingId"": null, ""tcgdexCardId"": null, ""tcgplayerProductId"": null}",catalogue_identity_retained,pokewallet_authenticated_acquire_path,run_pokewallet_authenticated_acquire_or_collector_scan,2026-10-09T10:03:49Z
pokemon|jp|23940|003/046|pignite,ja,23940,Master Deck Build Box EX,003/046,Pignite,auth_only_source_no_alternate,"skip:api.pokewallet.io:pokewallet_auth_gated_no_bypass,skip:api.pokewallet.io:pokewallet_auth_gated_no_bypass,set_map:ambiguous_set_name:-",api.pokewallet.io,"{""pokemonTcgApiId"": null, ""pricechartingId"": null, ""tcgdexCardId"": null, ""tcgplayerProductId"": null}",catalogue_identity_retained,pokewallet_authenticated_acquire_path,run_pokewallet_authenticated_acquire_or_collector_scan,2026-10-09T10:03:49Z
pokemon|jp|23940|004/046|emboar,ja,23940,Master Deck Build Box EX,004/046,Emboar,auth_only_source_no_alternate,"skip:api.pokewallet.io:pokewallet_auth_gated_no_bypass,skip:api.pokewallet.io:pokewallet_auth_gated_no_bypass,set_map:ambiguous_set_name:-",api.pokewallet.io,"{""pokemonTcgApiId"": null, ""pricechartingId"": null, ""tcgdexCardId"": null, ""tcgplayerProductId"": null}",catalogue_identity_retained,pokewallet_authenticated_acquire_path,run_pokewallet_authenticated_acquire_or_collector_scan,2026-10-09T10:03:49Z
pokemon|jp|23940|005/046|reshiram,ja,23940,Master Deck Build Box EX,005/046,Reshiram,auth_only_source_no_alternate,"skip:api.pokewallet.io:pokewallet_auth_gated_no_bypass,skip:api.pokewallet.io:pokewallet_auth_gated_no_bypass,set_map:ambiguous_set_name:-",api.pokewallet.io,"{""pokemonTcgApiId"": null, ""pricechartingId"": null, ""tcgdexCardId"": null, ""tcgplayerProductId"": null}",catalogue_identity_retained,pokewallet_authenticated_acquire_path,run_pokewallet_authenticated_acquire_or_collector_scan,2026-10-09T10:03:49Z
pokemon|jp|23940|006/046|piplup,ja,23940,Master Deck Build Box EX,006/046,Piplup,auth_only_source_no_alternate,"skip:api.pokewallet.io:pokewallet_auth_gated_no_bypass,skip:api.pokewallet.io:pokewallet_auth_gated_no_bypass,set_map:ambiguous_set_name:-",api.pokewallet.io,"{""pokemonTcgApiId"": null, ""pricechartingId"": null, ""tcgdexCardId"": null, ""tcgplayerProductId"": null}",catalogue_identity_retained,pokewallet_authenticated_acquire_path,run_pokewallet_authenticated_acquire_or_collector_scan,2026-10-09T10:03:49Z
pokemon|jp|23940|007/046|prinplup,ja,23940,Master Deck Build Box EX,007/046,Prinplup,auth_only_source_no_alternate,"skip:api.pokewallet.io:pokewallet_auth_gated_no_bypass,skip:api.pokewallet.io:pokewallet_auth_gated_no_bypass,set_map:ambiguous_set_name:-",api.pokewallet.io,"{""pokemonTcgApiId"": null, ""pricechartingId"": null, ""tcgdexCardId"": null, ""tcgplayerProductId"": null}",catalogue_identity_retained,pokewallet_authenticated_acquire_path,run_pokewallet_authenticated_acquire_or_collector_scan,2026-10-09T10:03:49Z
pokemon|jp|23940|008/046|empoleon,ja,23940,Master Deck Build Box EX,008/046,Empoleon,auth_only_source_no_alternate,"skip:api.pokewallet.io:pokewallet_auth_gated_no_bypass,skip:api.pokewallet.io:pokewallet_auth_gated_no_bypass,set_map:ambiguous_set_name:-",api.pokewallet.io,"{""pokemonTcgApiId"": null, ""pricechartingId"": null, ""tcgdexCardId"": null, ""tcgplayerProductId"": null}",catalogue_identity_retained,pokewallet_authenticated_acquire_path,run_pokewallet_authenticated_acquire_or_collector_scan,2026-10-09T10:03:49Z
pokemon|jp|23940|009/046|kyurem,ja,23940,Master Deck Build Box EX,009/046,Kyurem,auth_only_source_no_alternate,"skip:api.pokewallet.io:pokewallet_auth_gated_no_bypass,skip:api.pokewallet.io:pokewallet_auth_gated_no_bypass,set_map:ambiguous_set_name:-",api.pokewallet.io,"{""pokemonTcgApiId"": null, ""pricechartingId"": null, ""tcgdexCardId"": null, ""tcgplayerProductId"": null}",catalogue_identity_retained,pokewallet_authenticated_acquire_path,run_pokewallet_authenticated_acquire_or_collector_scan,2026-10-09T10:03:49Z
pokemon|jp|23940|010/046|emolga,ja,23940,Master Deck Build Box EX,010/046,Emolga,auth_only_source_no_alternate,"skip:api.pokewallet.io:pokewallet_auth_gated_no_bypass,skip:api.pokewallet.io:pokewallet_auth_gated_no_bypass,set_map:ambiguous_set_name:-",api.pokewallet.io,"{""pokemonTcgApiId"": null, ""pricechartingId"": null, ""tcgdexCardId"": null, ""tcgplayerProductId"": null}",catalogue_identity_retained,pokewallet_authenticated_acquire_path,run_pokewallet_authenticated_acquire_or_collector_scan,2026-10-09T10:03:49Z
pokemon|jp|23940|011/046|tynamo,ja,23940,Master Deck Build Box EX,011/046,Tynamo,auth_only_source_no_alternate,"skip:api.pokewallet.io:pokewallet_auth_gated_no_bypass,skip:api.pokewallet.io:pokewallet_auth_gated_no_bypass,set_map:ambiguous_set_name:-",api.pokewallet.io,"{""pokemonTcgApiId"": null, ""pricechartingId"": null, ""tcgdexCardId"": null, ""tcgplayerProductId"": null}",catalogue_identity_retained,pokewallet_authenticated_acquire_path,run_pokewallet_authenticated_acquire_or_collector_scan,2026-10-09T10:03:49Z
pokemon|jp|23940|013/046|zekrom,ja,23940,Master Deck Build Box EX,013/046,Zekrom,auth_only_source_no_alternate,"skip:api.pokewallet.io:pokewallet_auth_gated_no_bypass,skip:api.pokewallet.io:pokewallet_auth_gated_no_bypass,set_map:ambiguous_set_name:-",api.pokewallet.io,"{""pokemonTcgApiId"": null, ""pricechartingId"": null, ""tcgdexCardId"": null, ""tcgplayerProductId"": null}",catalogue_identity_retained,pokewallet_authenticated_acquire_path,run_pokewallet_authenticated_acquire_or_collector_scan,2026-10-09T10:03:49Z
pokemon|jp|23940|014/046|mewtwo_ex,ja,23940,Master Deck Build Box EX,014/046,Mewtwo EX,auth_only_source_no_alternate,"skip:api.pokewallet.io:pokewallet_auth_gated_no_bypass,skip:api.pokewallet.io:pokewallet_auth_gated_no_bypass,set_map:ambiguous_set_name:-",api.pokewallet.io,"{""pokemonTcgApiId"": null, ""pricechartingId"": null, ""tcgdexCardId"": null, ""tcgplayerProductId"": null}",catalogue_identity_retained,pokewallet_authenticated_acquire_path,run_pokewallet_authenticated_acquire_or_collector_scan,2026-10-09T10:03:49Z
pokemon|jp|23940|015/046|ralts,ja,23940,Master Deck Build Box EX,015/046,Ralts,auth_only_source_no_alternate,"skip:api.pokewallet.io:pokewallet_auth_gated_no_bypass,skip:api.pokewallet.io:pokewallet_auth_gated_no_bypass,set_map:ambiguous_set_name:-",api.pokewallet.io,"{""pokemonTcgApiId"": null, ""pricechartingId"": null, ""tcgdexCardId"": null, ""tcgplayerProductId"": null}",catalogue_identity_retained,pokewallet_authenticated_acquire_path,run_pokewallet_authenticated_acquire_or_collector_scan,2026-10-09T10:03:49Z
pokemon|jp|23940|016/046|kirlia,ja,23940,Master Deck Build Box EX,016/046,Kirlia,auth_only_source_no_alternate,"skip:api.pokewallet.io:pokewallet_auth_gated_no_bypass,skip:api.pokewallet.io:pokewallet_auth_gated_no_bypass,set_map:ambiguous_set_name:-",api.pokewallet.io,"{""pokemonTcgApiId"": null, ""pricechartingId"": null, ""tcgdexCardId"": null, ""tcgplayerProductId"": null}",catalogue_identity_retained,pokewallet_authenticated_acquire_path,run_pokewallet_authenticated_acquire_or_collector_scan,2026-10-09T10:03:49Z
pokemon|jp|23940|017/046|gardevoir,ja,23940,Master Deck Build Box EX,017/046,Gardevoir,auth_only_source_no_alternate,"skip:api.pokewallet.io:pokewallet_auth_gated_no_bypass,skip:api.pokewallet.io:pokewallet_auth_gated_no_bypass,set_map:ambiguous_set_name:-",api.pokewallet.io,"{""pokemonTcgApiId"": null, ""pricechartingId"": null, ""tcgdexCardId"": null, ""tcgplayerProductId"": null}",catalogue_identity_retained,pokewallet_authenticated_acquire_path,run_pokewallet_authenticated_acquire_or_collector_scan,2026-10-09T10:03:49Z
pokemon|jp|23940|018/046|solosis,ja,23940,Master Deck Build Box EX,018/046,Solosis,auth_only_source_no_alternate,"skip:api.pokewallet.io:pokewallet_auth_gated_no_bypass,skip:api.pokewallet.io:pokewallet_auth_gated_no_bypass,set_map:ambiguous_set_name:-",api.pokewallet.io,"{""pokemonTcgApiId"": null, ""pricechartingId"": null, ""tcgdexCardId"": null, ""tcgplayerProductId"": null}",catalogue_identity_retained,pokewallet_authenticated_acquire_path,run_pokewallet_authenticated_acquire_or_collector_scan,2026-10-09T10:03:49Z
pokemon|jp|23940|019/046|duosion,ja,23940,Master Deck Build Box EX,019/046,Duosion,auth_only_source_no_alternate,"skip:api.pokewallet.io:pokewallet_auth_gated_no_bypass,skip:api.pokewallet.io:pokewallet_auth_gated_no_bypass,set_map:ambiguous_set_name:-",api.pokewallet.io,"{""pokemonTcgApiId"": null, ""pricechartingId"": null, ""tcgdexCardId"": null, ""tcgplayerProductId"": null}",catalogue_identity_retained,pokewallet_authenticated_acquire_path,run_pokewallet_authenticated_acquire_or_collector_scan,2026-10-09T10:03:49Z
pokemon|jp|23940|020/046|reuniclus,ja,23940,Master Deck Build Box EX,020/046,Reuniclus,auth_only_source_no_alternate,"skip:api.pokewallet.io:pokewallet_auth_gated_no_bypass,skip:api.pokewallet.io:pokewallet_auth_gated_no_bypass,set_map:ambiguous_set_name:-",api.pokewallet.io,"{""pokemonTcgApiId"": null, ""pricechartingId"": null, ""tcgdexCardId"": null, ""tcgplayerProductId"": null}",catalogue_identity_retained,pokewallet_authenticated_acquire_path,run_pokewallet_authenticated_acquire_or_collector_scan,2026-10-09T10:03:49Z
pokemon|jp|23940|021/046|darkrai_ex,ja,23940,Master Deck Build Box EX,021/046,Darkrai EX,auth_only_source_no_alternate,"skip:api.pokewallet.io:pokewallet_auth_gated_no_bypass,skip:api.pokewallet.io:pokewallet_auth_gated_no_bypass,set_map:ambiguous_set_name:-",api.pokewallet.io,"{""pokemonTcgApiId"": null, ""pricechartingId"": null, ""tcgdexCardId"": null, ""tcgplayerProductId"": null}",catalogue_identity_retained,pokewallet_authenticated_acquire_path,run_pokewallet_authenticated_acquire_or_collector_scan,2026-10-09T10:03:49Z
pokemon|jp|23940|023/046|zoroark_023_046,ja,23940,Master Deck Build Box EX,023/046,Zoroark 023 046,auth_only_source_no_alternate,"skip:api.pokewallet.io:pokewallet_auth_gated_no_bypass,skip:api.pokewallet.io:pokewallet_auth_gated_no_bypass,set_map:ambiguous_set_name:-",api.pokewallet.io,"{""pokemonTcgApiId"": null, ""pricechartingId"": null, ""tcgdexCardId"": null, ""tcgplayerProductId"": null}",catalogue_identity_retained,pokewallet_authenticated_acquire_path,run_pokewallet_authenticated_acquire_or_collector_scan,2026-10-09T10:03:49Z
pokemon|jp|23940|024/046|zoroark_024_046,ja,23940,Master Deck Build Box EX,024/046,Zoroark 024 046,auth_only_source_no_alternate,"skip:api.pokewallet.io:pokewallet_auth_gated_no_bypass,skip:api.pokewallet.io:pokewallet_auth_gated_no_bypass,set_map:ambiguous_set_name:-",api.pokewallet.io,"{""pokemonTcgApiId"": null, ""pricechartingId"": null, ""tcgdexCardId"": null, ""tcgplayerProductId"": null}",catalogue_identity_retained,pokewallet_authenticated_acquire_path,run_pokewallet_authenticated_acquire_or_collector_scan,2026-10-09T10:03:49Z
pokemon|jp|23940|025/046|rayquaza_ex,ja,23940,Master Deck Build Box EX,025/046,Rayquaza EX,auth_only_source_no_alternate,"skip:api.pokewallet.io:pokewallet_auth_gated_no_bypass,skip:api.pokewallet.io:pokewallet_auth_gated_no_bypass,set_map:ambiguous_set_name:-",api.pokewallet.io,"{""pokemonTcgApiId"": null, ""pricechartingId"": null, ""tcgdexCardId"": null, ""tcgplayerProductId"": null}",catalogue_identity_retained,pokewallet_authenticated_acquire_path,run_pokewallet_authenticated_acquire_or_collector_scan,2026-10-09T10:03:49Z
pokemon|jp|23940|028/046|revive,ja,23940,Master Deck Build Box EX,028/046,Revive,auth_only_source_no_alternate,"skip:api.pokewallet.io:pokewallet_auth_gated_no_bypass,skip:api.pokewallet.io:pokewallet_auth_gated_no_bypass,set_map:ambiguous_set_name:-",api.pokewallet.io,"{""pokemonTcgApiId"": null, ""pricechartingId"": null, ""tcgdexCardId"": null, ""tcgplayerProductId"": null}",catalogue_identity_retained,pokewallet_authenticated_acquire_path,run_pokewallet_authenticated_acquire_or_collector_scan,2026-10-09T10:03:49Z
pokemon|jp|23940|030/046|ultra_ball,ja,23940,Master Deck Build Box EX,030/046,Ultra Ball,auth_only_source_no_alternate,"skip:api.pokewallet.io:pokewallet_auth_gated_no_bypass,skip:api.pokewallet.io:pokewallet_auth_gated_no_bypass,set_map:ambiguous_set_name:-",api.pokewallet.io,"{""pokemonTcgApiId"": null, ""pricechartingId"": null, ""tcgdexCardId"": null, ""tcgplayerProductId"": null}",catalogue_identity_retained,pokewallet_authenticated_acquire_path,run_pokewallet_authenticated_acquire_or_collector_scan,2026-10-09T10:03:49Z
pokemon|jp|23940|032/046|pluspower,ja,23940,Master Deck Build Box EX,032/046,PlusPower,auth_only_source_no_alternate,"skip:api.pokewallet.io:pokewallet_auth_gated_no_bypass,skip:api.pokewallet.io:pokewallet_auth_gated_no_bypass,set_map:ambiguous_set_name:-",api.pokewallet.io,"{""pokemonTcgApiId"": null, ""pricechartingId"": null, ""tcgdexCardId"": null, ""tcgplayerProductId"": null}",catalogue_identity_retained,pokewallet_authenticated_acquire_path,run_pokewallet_authenticated_acquire_or_collector_scan,2026-10-09T10:03:49Z
pokemon|jp|23940|035/046|max_potion,ja,23940,Master Deck Build Box EX,035/046,Max Potion,auth_only_source_no_alternate,"skip:api.pokewallet.io:pokewallet_auth_gated_no_bypass,skip:api.pokewallet.io:pokewallet_auth_gated_no_bypass,set_map:ambiguous_set_name:-",api.pokewallet.io,"{""pokemonTcgApiId"": null, ""pricechartingId"": null, ""tcgdexCardId"": null, ""tcgplayerProductId"": null}",catalogue_identity_retained,pokewallet_authenticated_acquire_path,run_pokewallet_authenticated_acquire_or_collector_scan,2026-10-09T10:03:49Z
pokemon|jp|23940|036/046|random_receiver,ja,23940,Master Deck Build Box EX,036/046,Random Receiver,auth_only_source_no_alternate,"skip:api.pokewallet.io:pokewallet_auth_gated_no_bypass,skip:api.pokewallet.io:pokewallet_auth_gated_no_bypass,set_map:ambiguous_set_name:-",api.pokewallet.io,"{""pokemonTcgApiId"": null, ""pricechartingId"": null, ""tcgdexCardId"": null, ""tcgplayerProductId"": null}",catalogue_identity_retained,pokewallet_authenticated_acquire_path,run_pokewallet_authenticated_acquire_or_collector_scan,2026-10-09T10:03:49Z
pokemon|jp|23940|038/046|rocky_helmet,ja,23940,Master Deck Build Box EX,038/046,Rocky Helmet,auth_only_source_no_alternate,"skip:api.pokewallet.io:pokewallet_auth_gated_no_bypass,skip:api.pokewallet.io:pokewallet_auth_gated_no_bypass,set_map:ambiguous_set_name:-",api.pokewallet.io,"{""pokemonTcgApiId"": null, ""pricechartingId"": null, ""tcgdexCardId"": null, ""tcgplayerProductId"": null}",catalogue_identity_retained,pokewallet_authenticated_acquire_path,run_pokewallet_authenticated_acquire_or_collector_scan,2026-10-09T10:03:49Z
pokemon|jp|23940|039/046|eviolite,ja,23940,Master Deck Build Box EX,039/046,Eviolite,auth_only_source_no_alternate,"skip:api.pokewallet.io:pokewallet_auth_gated_no_bypass,skip:api.pokewallet.io:pokewallet_auth_gated_no_bypass,set_map:ambiguous_set_name:-",api.pokewallet.io,"{""pokemonTcgApiId"": null, ""pricechartingId"": null, ""tcgdexCardId"": null, ""tcgplayerProductId"": null}",catalogue_identity_retained,pokewallet_authenticated_acquire_path,run_pokewallet_authenticated_acquire_or_collector_scan,2026-10-09T10:03:49Z
pokemon|jp|23940|040/046|professor_juniper,ja,23940,Master Deck Build Box EX,040/046,Professor Juniper,auth_only_source_no_alternate,"skip:api.pokewallet.io:pokewallet_auth_gated_no_bypass,skip:api.pokewallet.io:pokewallet_auth_gated_no_bypass,set_map:ambiguous_set_name:-",api.pokewallet.io,"{""pokemonTcgApiId"": null, ""pricechartingId"": null, ""tcgdexCardId"": null, ""tcgplayerProductId"": null}",catalogue_identity_retained,pokewallet_authenticated_acquire_path,run_pokewallet_authenticated_acquire_or_collector_scan,2026-10-09T10:03:49Z
pokemon|jp|23940|041/046|n,ja,23940,Master Deck Build Box EX,041/046,N,auth_only_source_no_alternate,"skip:api.pokewallet.io:pokewallet_auth_gated_no_bypass,skip:api.pokewallet.io:pokewallet_auth_gated_no_bypass,set_map:ambiguous_set_name:-",api.pokewallet.io,"{""pokemonTcgApiId"": null, ""pricechartingId"": null, ""tcgdexCardId"": null, ""tcgplayerProductId"": null}",catalogue_identity_retained,pokewallet_authenticated_acquire_path,run_pokewallet_authenticated_acquire_or_collector_scan,2026-10-09T10:03:49Z
pokemon|jp|23940|042/046|cheren,ja,23940,Master Deck Build Box EX,042/046,Cheren,auth_only_source_no_alternate,"skip:api.pokewallet.io:pokewallet_auth_gated_no_bypass,skip:api.pokewallet.io:pokewallet_auth_gated_no_bypass,set_map:ambiguous_set_name:-",api.pokewallet.io,"{""pokemonTcgApiId"": null, ""pricechartingId"": null, ""tcgdexCardId"": null, ""tcgplayerProductId"": null}",catalogue_identity_retained,pokewallet_authenticated_acquire_path,run_pokewallet_authenticated_acquire_or_collector_scan,2026-10-09T10:03:49Z
pokemon|jp|23940|043/046|bianca,ja,23940,Master Deck Build Box EX,043/046,Bianca,auth_only_source_no_alternate,"skip:api.pokewallet.io:pokewallet_auth_gated_no_bypass,skip:api.pokewallet.io:pokewallet_auth_gated_no_bypass,set_map:ambiguous_set_name:-",api.pokewallet.io,"{""pokemonTcgApiId"": null, ""pricechartingId"": null, ""tcgdexCardId"": null, ""tcgplayerProductId"": null}",catalogue_identity_retained,pokewallet_authenticated_acquire_path,run_pokewallet_authenticated_acquire_or_collector_scan,2026-10-09T10:03:49Z
pokemon|jp|23940|046/046|blend_energy_wlfm,ja,23940,Master Deck Build Box EX,046/046,Blend Energy WLFM,auth_only_source_no_alternate,"skip:api.pokewallet.io:pokewallet_auth_gated_no_bypass,skip:api.pokewallet.io:pokewallet_auth_gated_no_bypass,set_map:ambiguous_set_name:-",api.pokewallet.io,"{""pokemonTcgApiId"": null, ""pricechartingId"": null, ""tcgdexCardId"": null, ""tcgplayerProductId"": null}",catalogue_identity_retained,pokewallet_authenticated_acquire_path,run_pokewallet_authenticated_acquire_or_collector_scan,2026-10-09T10:03:49Z
pokemon|jp|23941|001/015|psyduck,ja,23941,Keldeo Battle Strength Deck,001/015,Psyduck,auth_only_source_no_alternate,"skip:api.pokewallet.io:pokewallet_auth_gated_no_bypass,skip:api.pokewallet.io:pokewallet_auth_gated_no_bypass,set_map:no_set_mapping:-",api.pokewallet.io,"{""pokemonTcgApiId"": null, ""pricechartingId"": null, ""tcgdexCardId"": null, ""tcgplayerProductId"": null}",catalogue_identity_retained,pokewallet_authenticated_acquire_path,run_pokewallet_authenticated_acquire_or_collector_scan,2026-10-09T10:03:49Z
pokemon|jp|23941|002/015|golduck,ja,23941,Keldeo Battle Strength Deck,002/015,Golduck,auth_only_source_no_alternate,"skip:api.pokewallet.io:pokewallet_auth_gated_no_bypass,skip:api.pokewallet.io:pokewallet_auth_gated_no_bypass,set_map:no_set_mapping:-",api.pokewallet.io,"{""pokemonTcgApiId"": null, ""pricechartingId"": null, ""tcgdexCardId"": null, ""tcgplayerProductId"": null}",catalogue_identity_retained,pokewallet_authenticated_acquire_path,run_pokewallet_authenticated_acquire_or_collector_scan,2026-10-09T10:03:49Z
pokemon|jp|23941|003/015|cryogonal,ja,23941,Keldeo Battle Strength Deck,003/015,Cryogonal,auth_only_source_no_alternate,"skip:api.pokewallet.io:pokewallet_auth_gated_no_bypass,skip:api.pokewallet.io:pokewallet_auth_gated_no_bypass,set_map:no_set_mapping:-",api.pokewallet.io,"{""pokemonTcgApiId"": null, ""pricechartingId"": null, ""tcgdexCardId"": null, ""tcgplayerProductId"": null}",catalogue_identity_retained,pokewallet_authenticated_acquire_path,run_pokewallet_authenticated_acquire_or_collector_scan,2026-10-09T10:03:49Z
pokemon|jp|23941|004/015|keldeo,ja,23941,Keldeo Battle Strength Deck,004/015,Keldeo,auth_only_source_no_alternate,"skip:api.pokewallet.io:pokewallet_auth_gated_no_bypass,skip:api.pokewallet.io:pokewallet_auth_gated_no_bypass,set_map:no_set_mapping:-",api.pokewallet.io,"{""pokemonTcgApiId"": null, ""pricechartingId"": null, ""tcgdexCardId"": null, ""tcgplayerProductId"": null}",catalogue_identity_retained,pokewallet_authenticated_acquire_path,run_pokewallet_authenticated_acquire_or_collector_scan,2026-10-09T10:03:49Z
pokemon|jp|23941|005/015|vullaby,ja,23941,Keldeo Battle Strength Deck,005/015,Vullaby,auth_only_source_no_alternate,"skip:api.pokewallet.io:pokewallet_auth_gated_no_bypass,skip:api.pokewallet.io:pokewallet_auth_gated_no_bypass,set_map:no_set_mapping:-",api.pokewallet.io,"{""pokemonTcgApiId"": null, ""pricechartingId"": null, ""tcgdexCardId"": null, ""tcgplayerProductId"": null}",catalogue_identity_retained,pokewallet_authenticated_acquire_path,run_pokewallet_authenticated_acquire_or_collector_scan,2026-10-09T10:03:49Z
pokemon|jp|23941|007/015|skarmory,ja,23941,Keldeo Battle Strength Deck,007/015,Skarmory,auth_only_source_no_alternate,"skip:api.pokewallet.io:pokewallet_auth_gated_no_bypass,skip:api.pokewallet.io:pokewallet_auth_gated_no_bypass,set_map:no_set_mapping:-",api.pokewallet.io,"{""pokemonTcgApiId"": null, ""pricechartingId"": null, ""tcgdexCardId"": null, ""tcgplayerProductId"": null}",catalogue_identity_retained,pokewallet_authenticated_acquire_path,run_pokewallet_authenticated_acquire_or_collector_scan,2026-10-09T10:03:49Z
pokemon|jp|23941|008/015|klink,ja,23941,Keldeo Battle Strength Deck,008/015,Klink,auth_only_source_no_alternate,"skip:api.pokewallet.io:pokewallet_auth_gated_no_bypass,skip:api.pokewallet.io:pokewallet_auth_gated_no_bypass,set_map:no_set_mapping:-",api.pokewallet.io,"{""pokemonTcgApiId"": null, ""pricechartingId"": null, ""tcgdexCardId"": null, ""tcgplayerProductId"": null}",catalogue_identity_retained,pokewallet_authenticated_acquire_path,run_pokewallet_authenticated_acquire_or_collector_scan,2026-10-09T10:03:49Z
pokemon|jp|23941|012/015|rocky_helmet,ja,23941,Keldeo Battle Strength Deck,012/015,Rocky Helmet,auth_only_source_no_alternate,"skip:api.pokewallet.io:pokewallet_auth_gated_no_bypass,skip:api.pokewallet.io:pokewallet_auth_gated_no_bypass,set_map:no_set_mapping:-",api.pokewallet.io,"{""pokemonTcgApiId"": null, ""pricechartingId"": null, ""tcgdexCardId"": null, ""tcgplayerProductId"": null}",catalogue_identity_retained,pokewallet_authenticated_acquire_path,run_pokewallet_authenticated_acquire_or_collector_scan,2026-10-09T10:03:49Z
pokemon|jp|23941|013/015|eviolite,ja,23941,Keldeo Battle Strength Deck,013/015,Eviolite,auth_only_source_no_alternate,"skip:api.pokewallet.io:pokewallet_auth_gated_no_bypass,skip:api.pokewallet.io:pokewallet_auth_gated_no_bypass,set_map:no_set_mapping:-",api.pokewallet.io,"{""pokemonTcgApiId"": null, ""pricechartingId"": null, ""tcgdexCardId"": null, ""tcgplayerProductId"": null}",catalogue_identity_retained,pokewallet_authenticated_acquire_path,run_pokewallet_authenticated_acquire_or_collector_scan,2026-10-09T10:03:49Z
pokemon|jp|23942|001/015|magikarp,ja,23942,Garchomp Half Deck,001/015,Magikarp,auth_only_source_no_alternate,"skip:api.pokewallet.io:pokewallet_auth_gated_no_bypass,skip:api.pokewallet.io:pokewallet_auth_gated_no_bypass,set_map:no_set_mapping:-",api.pokewallet.io,"{""pokemonTcgApiId"": null, ""pricechartingId"": null, ""tcgdexCardId"": null, ""tcgplayerProductId"": null}",catalogue_identity_retained,pokewallet_authenticated_acquire_path,run_pokewallet_authenticated_acquire_or_collector_scan,2026-10-09T10:03:49Z
pokemon|jp|23942|002/015|gyarados,ja,23942,Garchomp Half Deck,002/015,Gyarados,auth_only_source_no_alternate,"skip:api.pokewallet.io:pokewallet_auth_gated_no_bypass,skip:api.pokewallet.io:pokewallet_auth_gated_no_bypass,set_map:no_set_mapping:-",api.pokewallet.io,"{""pokemonTcgApiId"": null, ""pricechartingId"": null, ""tcgdexCardId"": null, ""tcgplayerProductId"": null}",catalogue_identity_retained,pokewallet_authenticated_acquire_path,run_pokewallet_authenticated_acquire_or_collector_scan,2026-10-09T10:03:49Z
pokemon|jp|23942|003/015|electrike,ja,23942,Garchomp Half Deck,003/015,Electrike,auth_only_source_no_alternate,"skip:api.pokewallet.io:pokewallet_auth_gated_no_bypass,skip:api.pokewallet.io:pokewallet_auth_gated_no_bypass,set_map:no_set_mapping:-",api.pokewallet.io,"{""pokemonTcgApiId"": null, ""pricechartingId"": null, ""tcgdexCardId"": null, ""tcgplayerProductId"": null}",catalogue_identity_retained,pokewallet_authenticated_acquire_path,run_pokewallet_authenticated_acquire_or_collector_scan,2026-10-09T10:03:49Z
pokemon|jp|23942|004/015|manectric,ja,23942,Garchomp Half Deck,004/015,Manectric,auth_only_source_no_alternate,"skip:api.pokewallet.io:pokewallet_auth_gated_no_bypass,skip:api.pokewallet.io:pokewallet_auth_gated_no_bypass,set_map:no_set_mapping:-",api.pokewallet.io,"{""pokemonTcgApiId"": null, ""pricechartingId"": null, ""tcgdexCardId"": null, ""tcgplayerProductId"": null}",catalogue_identity_retained,pokewallet_authenticated_acquire_path,run_pokewallet_authenticated_acquire_or_collector_scan,2026-10-09T10:03:49Z
pokemon|jp|23942|005/015|gible,ja,23942,Garchomp Half Deck,005/015,Gible,auth_only_source_no_alternate,"skip:api.pokewallet.io:pokewallet_auth_gated_no_bypass,skip:api.pokewallet.io:pokewallet_auth_gated_no_bypass,set_map:no_set_mapping:-",api.pokewallet.io,"{""pokemonTcgApiId"": null, ""pricechartingId"": null, ""tcgdexCardId"": null, ""tcgplayerProductId"": null}",catalogue_identity_retained,pokewallet_authenticated_acquire_path,run_pokewallet_authenticated_acquire_or_collector_scan,2026-10-09T10:03:49Z
pokemon|jp|23942|006/015|gabite,ja,23942,Garchomp Half Deck,006/015,Gabite,auth_only_source_no_alternate,"skip:api.pokewallet.io:pokewallet_auth_gated_no_bypass,skip:api.pokewallet.io:pokewallet_auth_gated_no_bypass,set_map:no_set_mapping:-",api.pokewallet.io,"{""pokemonTcgApiId"": null, ""pricechartingId"": null, ""tcgdexCardId"": null, ""tcgplayerProductId"": null}",catalogue_identity_retained,pokewallet_authenticated_acquire_path,run_pokewallet_authenticated_acquire_or_collector_scan,2026-10-09T10:03:49Z
pokemon|jp|23942|007/015|garchomp,ja,23942,Garchomp Half Deck,007/015,Garchomp,auth_only_source_no_alternate,"skip:api.pokewallet.io:pokewallet_auth_gated_no_bypass,skip:api.pokewallet.io:pokewallet_auth_gated_no_bypass,set_map:no_set_mapping:-",api.pokewallet.io,"{""pokemonTcgApiId"": null, ""pricechartingId"": null, ""tcgdexCardId"": null, ""tcgplayerProductId"": null}",catalogue_identity_retained,pokewallet_authenticated_acquire_path,run_pokewallet_authenticated_acquire_or_collector_scan,2026-10-09T10:03:49Z
pokemon|jp|23942|008/015|swablu,ja,23942,Garchomp Half Deck,008/015,Swablu,auth_only_source_no_alternate,"skip:api.pokewallet.io:pokewallet_auth_gated_no_bypass,skip:api.pokewallet.io:pokewallet_auth_gated_no_bypass,set_map:no_set_mapping:-",api.pokewallet.io,"{""pokemonTcgApiId"": null, ""pricechartingId"": null, ""tcgdexCardId"": null, ""tcgplayerProductId"": null}",catalogue_identity_retained,pokewallet_authenticated_acquire_path,run_pokewallet_authenticated_acquire_or_collector_scan,2026-10-09T10:03:49Z
pokemon|jp|23942|009/015|minccino,ja,23942,Garchomp Half Deck,009/015,Minccino,auth_only_source_no_alternate,"skip:api.pokewallet.io:pokewallet_auth_gated_no_bypass,skip:api.pokewallet.io:pokewallet_auth_gated_no_bypass,set_map:no_set_mapping:-",api.pokewallet.io,"{""pokemonTcgApiId"": null, ""pricechartingId"": null, ""tcgdexCardId"": null, ""tcgplayerProductId"": null}",catalogue_identity_retained,pokewallet_authenticated_acquire_path,run_pokewallet_authenticated_acquire_or_collector_scan,2026-10-09T10:03:49Z
pokemon|jp|23942|011/015|rare_candy,ja,23942,Garchomp Half Deck,011/015,Rare Candy,auth_only_source_no_alternate,"skip:api.pokewallet.io:pokewallet_auth_gated_no_bypass,skip:api.pokewallet.io:pokewallet_auth_gated_no_bypass,set_map:no_set_mapping:-",api.pokewallet.io,"{""pokemonTcgApiId"": null, ""pricechartingId"": null, ""tcgdexCardId"": null, ""tcgplayerProductId"": null}",catalogue_identity_retained,pokewallet_authenticated_acquire_path,run_pokewallet_authenticated_acquire_or_collector_scan,2026-10-09T10:03:49Z
pokemon|jp|23942|012/015|giant_cape,ja,23942,Garchomp Half Deck,012/015,Giant Cape,auth_only_source_no_alternate,"skip:api.pokewallet.io:pokewallet_auth_gated_no_bypass,skip:api.pokewallet.io:pokewallet_auth_gated_no_bypass,set_map:no_set_mapping:-",api.pokewallet.io,"{""pokemonTcgApiId"": null, ""pricechartingId"": null, ""tcgdexCardId"": null, ""tcgplayerProductId"": null}",catalogue_identity_retained,pokewallet_authenticated_acquire_path,run_pokewallet_authenticated_acquire_or_collector_scan,2026-10-09T10:03:49Z
pokemon|jp|23942|013/015|professor_juniper,ja,23942,Garchomp Half Deck,013/015,Professor Juniper,auth_only_source_no_alternate,"skip:api.pokewallet.io:pokewallet_auth_gated_no_bypass,skip:api.pokewallet.io:pokewallet_auth_gated_no_bypass,set_map:no_set_mapping:-",api.pokewallet.io,"{""pokemonTcgApiId"": null, ""pricechartingId"": null, ""tcgdexCardId"": null, ""tcgplayerProductId"": null}",catalogue_identity_retained,pokewallet_authenticated_acquire_path,run_pokewallet_authenticated_acquire_or_collector_scan,2026-10-09T10:03:49Z
pokemon|jp|23942|015/015|blend_energy_wlfm,ja,23942,Garchomp Half Deck,015/015,Blend Energy WLFM,auth_only_source_no_alternate,"skip:api.pokewallet.io:pokewallet_auth_gated_no_bypass,skip:api.pokewallet.io:pokewallet_auth_gated_no_bypass,set_map:no_set_mapping:-",api.pokewallet.io,"{""pokemonTcgApiId"": null, ""pricechartingId"": null, ""tcgdexCardId"": null, ""tcgplayerProductId"": null}",catalogue_identity_retained,pokewallet_authenticated_acquire_path,run_pokewallet_authenticated_acquire_or_collector_scan,2026-10-09T10:03:49Z
pokemon|jp|23944|006/020|thundurus,ja,23944,Battle Gift Set: Thundurus vs Tornadus,006/020,Thundurus,auth_only_source_no_alternate,"skip:api.pokewallet.io:pokewallet_auth_gated_no_bypass,skip:api.pokewallet.io:pokewallet_auth_gated_no_bypass,set_map:ambiguous_set_name:-",api.pokewallet.io,"{""pokemonTcgApiId"": null, ""pricechartingId"": null, ""tcgdexCardId"": null, ""tcgplayerProductId"": null}",catalogue_identity_retained,pokewallet_authenticated_acquire_path,run_pokewallet_authenticated_acquire_or_collector_scan,2026-10-09T10:03:49Z
pokemon|jp|23944|007/020|timburr,ja,23944,Battle Gift Set: Thundurus vs Tornadus,007/020,Timburr,auth_only_source_no_alternate,"skip:api.pokewallet.io:pokewallet_auth_gated_no_bypass,skip:api.pokewallet.io:pokewallet_auth_gated_no_bypass,set_map:ambiguous_set_name:-",api.pokewallet.io,"{""pokemonTcgApiId"": null, ""pricechartingId"": null, ""tcgdexCardId"": null, ""tcgplayerProductId"": null}",catalogue_identity_retained,pokewallet_authenticated_acquire_path,run_pokewallet_authenticated_acquire_or_collector_scan,2026-10-09T10:03:49Z
pokemon|jp|23944|009/020|scraggy,ja,23944,Battle Gift Set: Thundurus vs Tornadus,009/020,Scraggy,auth_only_source_no_alternate,"skip:api.pokewallet.io:pokewallet_auth_gated_no_bypass,skip:api.pokewallet.io:pokewallet_auth_gated_no_bypass,set_map:ambiguous_set_name:-",api.pokewallet.io,"{""pokemonTcgApiId"": null, ""pricechartingId"": null, ""tcgdexCardId"": null, ""tcgplayerProductId"": null}",catalogue_identity_retained,pokewallet_authenticated_acquire_path,run_pokewallet_authenticated_acquire_or_collector_scan,2026-10-09T10:03:49Z
pokemon|jp|23944|010/020|scrafty,ja,23944,Battle Gift Set: Thundurus vs Tornadus,010/020,Scrafty,auth_only_source_no_alternate,"skip:api.pokewallet.io:pokewallet_auth_gated_no_bypass,skip:api.pokewallet.io:pokewallet_auth_gated_no_bypass,set_map:ambiguous_set_name:-",api.pokewallet.io,"{""pokemonTcgApiId"": null, ""pricechartingId"": null, ""tcgdexCardId"": null, ""tcgplayerProductId"": null}",catalogue_identity_retained,pokewallet_authenticated_acquire_path,run_pokewallet_authenticated_acquire_or_collector_scan,2026-10-09T10:03:49Z
pokemon|jp|23944|012/020|bisharp,ja,23944,Battle Gift Set: Thundurus vs Tornadus,012/020,Bisharp,auth_only_source_no_alternate,"skip:api.pokewallet.io:pokewallet_auth_gated_no_bypass,skip:api.pokewallet.io:pokewallet_auth_gated_no_bypass,set_map:ambiguous_set_name:-",api.pokewallet.io,"{""pokemonTcgApiId"": null, ""pricechartingId"": null, ""tcgdexCardId"": null, ""tcgplayerProductId"": null}",catalogue_identity_retained,pokewallet_authenticated_acquire_path,run_pokewallet_authenticated_acquire_or_collector_scan,2026-10-09T10:03:49Z
pokemon|jp|23944|013/020|chatot,ja,23944,Battle Gift Set: Thundurus vs Tornadus,013/020,Chatot,auth_only_source_no_alternate,"skip:api.pokewallet.io:pokewallet_auth_gated_no_bypass,skip:api.pokewallet.io:pokewallet_auth_gated_no_bypass,set_map:ambiguous_set_name:-",api.pokewallet.io,"{""pokemonTcgApiId"": null, ""pricechartingId"": null, ""tcgdexCardId"": null, ""tcgplayerProductId"": null}",catalogue_identity_retained,pokewallet_authenticated_acquire_path,run_pokewallet_authenticated_acquire_or_collector_scan,2026-10-09T10:03:49Z
pokemon|jp|23944|014/020|tornadus,ja,23944,Battle Gift Set: Thundurus vs Tornadus,014/020,Tornadus,auth_only_source_no_alternate,"skip:api.pokewallet.io:pokewallet_auth_gated_no_bypass,skip:api.pokewallet.io:pokewallet_auth_gated_no_bypass,set_map:ambiguous_set_name:-",api.pokewallet.io,"{""pokemonTcgApiId"": null, ""pricechartingId"": null, ""tcgdexCardId"": null, ""tcgplayerProductId"": null}",catalogue_identity_retained,pokewallet_authenticated_acquire_path,run_pokewallet_authenticated_acquire_or_collector_scan,2026-10-09T10:03:49Z
pokemon|jp|23944|015/020|energy_search,ja,23944,Battle Gift Set: Thundurus vs Tornadus,015/020,Energy Search,auth_only_source_no_alternate,"skip:api.pokewallet.io:pokewallet_auth_gated_no_bypass,skip:api.pokewallet.io:pokewallet_auth_gated_no_bypass,set_map:ambiguous_set_name:-",api.pokewallet.io,"{""pokemonTcgApiId"": null, ""pricechartingId"": null, ""tcgdexCardId"": null, ""tcgplayerProductId"": null}",catalogue_identity_retained,pokewallet_authenticated_acquire_path,run_pokewallet_authenticated_acquire_or_collector_scan,2026-10-09T10:03:49Z
pokemon|jp|23944|016/020|great_ball,ja,23944,Battle Gift Set: Thundurus vs Tornadus,016/020,Great Ball,auth_only_source_no_alternate,"skip:api.pokewallet.io:pokewallet_auth_gated_no_bypass,skip:api.pokewallet.io:pokewallet_auth_gated_no_bypass,set_map:ambiguous_set_name:-",api.pokewallet.io,"{""pokemonTcgApiId"": null, ""pricechartingId"": null, ""tcgdexCardId"": null, ""tcgplayerProductId"": null}",catalogue_identity_retained,pokewallet_authenticated_acquire_path,run_pokewallet_authenticated_acquire_or_collector_scan,2026-10-09T10:03:49Z
pokemon|jp|23944|017/020|switch,ja,23944,Battle Gift Set: Thundurus vs Tornadus,017/020,Switch,auth_only_source_no_alternate,"skip:api.pokewallet.io:pokewallet_auth_gated_no_bypass,skip:api.pokewallet.io:pokewallet_auth_gated_no_bypass,set_map:ambiguous_set_name:-",api.pokewallet.io,"{""pokemonTcgApiId"": null, ""pricechartingId"": null, ""tcgdexCardId"": null, ""tcgplayerProductId"": null}",catalogue_identity_retained,pokewallet_authenticated_acquire_path,run_pokewallet_authenticated_acquire_or_collector_scan,2026-10-09T10:03:49Z
pokemon|jp|23944|018/020|pokemon_catcher,ja,23944,Battle Gift Set: Thundurus vs Tornadus,018/020,Pokemon Catcher,auth_only_source_no_alternate,"skip:api.pokewallet.io:pokewallet_auth_gated_no_bypass,skip:api.pokewallet.io:pokewallet_auth_gated_no_bypass,set_map:ambiguous_set_name:-",api.pokewallet.io,"{""pokemonTcgApiId"": null, ""pricechartingId"": null, ""tcgdexCardId"": null, ""tcgplayerProductId"": null}",catalogue_identity_retained,pokewallet_authenticated_acquire_path,run_pokewallet_authenticated_acquire_or_collector_scan,2026-10-09T10:03:49Z
pokemon|jp|23944|020/020|bianca,ja,23944,Battle Gift Set: Thundurus vs Tornadus,020/020,Bianca,auth_only_source_no_alternate,"skip:api.pokewallet.io:pokewallet_auth_gated_no_bypass,skip:api.pokewallet.io:pokewallet_auth_gated_no_bypass,set_map:ambiguous_set_name:-",api.pokewallet.io,"{""pokemonTcgApiId"": null, ""pricechartingId"": null, ""tcgdexCardId"": null, ""tcgplayerProductId"": null}",catalogue_identity_retained,pokewallet_authenticated_acquire_path,run_pokewallet_authenticated_acquire_or_collector_scan,2026-10-09T10:03:49Z
pokemon|jp|23945|004/017|garbodor_team_plasma,ja,23945,Team Plasma's Powered Half Deck,004/017,Garbodor Team Plasma,auth_only_source_no_alternate,"skip:api.pokewallet.io:pokewallet_auth_gated_no_bypass,skip:api.pokewallet.io:pokewallet_auth_gated_no_bypass,set_map:no_set_mapping:-",api.pokewallet.io,"{""pokemonTcgApiId"": null, ""pricechartingId"": null, ""tcgdexCardId"": null, ""tcgplayerProductId"": null}",catalogue_identity_retained,pokewallet_authenticated_acquire_path,run_pokewallet_authenticated_acquire_or_collector_scan,2026-10-09T10:03:49Z
pokemon|jp|23945|005/017|elgyem,ja,23945,Team Plasma's Powered Half Deck,005/017,Elgyem,auth_only_source_no_alternate,"skip:api.pokewallet.io:pokewallet_auth_gated_no_bypass,skip:api.pokewallet.io:pokewallet_auth_gated_no_bypass,set_map:no_set_mapping:-",api.pokewallet.io,"{""pokemonTcgApiId"": null, ""pricechartingId"": null, ""tcgdexCardId"": null, ""tcgplayerProductId"": null}",catalogue_identity_retained,pokewallet_authenticated_acquire_path,run_pokewallet_authenticated_acquire_or_collector_scan,2026-10-09T10:03:49Z
pokemon|jp|23945|006/017|klink,ja,23945,Team Plasma's Powered Half Deck,006/017,Klink,auth_only_source_no_alternate,"skip:api.pokewallet.io:pokewallet_auth_gated_no_bypass,skip:api.pokewallet.io:pokewallet_auth_gated_no_bypass,set_map:no_set_mapping:-",api.pokewallet.io,"{""pokemonTcgApiId"": null, ""pricechartingId"": null, ""tcgdexCardId"": null, ""tcgplayerProductId"": null}",catalogue_identity_retained,pokewallet_authenticated_acquire_path,run_pokewallet_authenticated_acquire_or_collector_scan,2026-10-09T10:03:49Z
pokemon|jp|23945|007/017|klang,ja,23945,Team Plasma's Powered Half Deck,007/017,Klang,auth_only_source_no_alternate,"skip:api.pokewallet.io:pokewallet_auth_gated_no_bypass,skip:api.pokewallet.io:pokewallet_auth_gated_no_bypass,set_map:no_set_mapping:-",api.pokewallet.io,"{""pokemonTcgApiId"": null, ""pricechartingId"": null, ""tcgdexCardId"": null, ""tcgplayerProductId"": null}",catalogue_identity_retained,pokewallet_authenticated_acquire_path,run_pokewallet_authenticated_acquire_or_collector_scan,2026-10-09T10:03:49Z
pokemon|jp|23945|008/017|klinklang_team_plasma,ja,23945,Team Plasma's Powered Half Deck,008/017,Klinklang Team Plasma,auth_only_source_no_alternate,"skip:api.pokewallet.io:pokewallet_auth_gated_no_bypass,skip:api.pokewallet.io:pokewallet_auth_gated_no_bypass,set_map:no_set_mapping:-",api.pokewallet.io,"{""pokemonTcgApiId"": null, ""pricechartingId"": null, ""tcgdexCardId"": null, ""tcgplayerProductId"": null}",catalogue_identity_retained,pokewallet_authenticated_acquire_path,run_pokewallet_authenticated_acquire_or_collector_scan,2026-10-09T10:03:49Z
pokemon|jp|23945|009/017|durant_team_plasma,ja,23945,Team Plasma's Powered Half Deck,009/017,Durant Team Plasma,auth_only_source_no_alternate,"skip:api.pokewallet.io:pokewallet_auth_gated_no_bypass,skip:api.pokewallet.io:pokewallet_auth_gated_no_bypass,set_map:no_set_mapping:-",api.pokewallet.io,"{""pokemonTcgApiId"": null, ""pricechartingId"": null, ""tcgdexCardId"": null, ""tcgplayerProductId"": null}",catalogue_identity_retained,pokewallet_authenticated_acquire_path,run_pokewallet_authenticated_acquire_or_collector_scan,2026-10-09T10:03:49Z
pokemon|jp|23945|010/017|patrat,ja,23945,Team Plasma's Powered Half Deck,010/017,Patrat,auth_only_source_no_alternate,"skip:api.pokewallet.io:pokewallet_auth_gated_no_bypass,skip:api.pokewallet.io:pokewallet_auth_gated_no_bypass,set_map:no_set_mapping:-",api.pokewallet.io,"{""pokemonTcgApiId"": null, ""pricechartingId"": null, ""tcgdexCardId"": null, ""tcgplayerProductId"": null}",catalogue_identity_retained,pokewallet_authenticated_acquire_path,run_pokewallet_authenticated_acquire_or_collector_scan,2026-10-09T10:03:49Z
pokemon|jp|23945|011/017|watchog_team_plasma,ja,23945,Team Plasma's Powered Half Deck,011/017,Watchog Team Plasma,auth_only_source_no_alternate,"skip:api.pokewallet.io:pokewallet_auth_gated_no_bypass,skip:api.pokewallet.io:pokewallet_auth_gated_no_bypass,set_map:no_set_mapping:-",api.pokewallet.io,"{""pokemonTcgApiId"": null, ""pricechartingId"": null, ""tcgdexCardId"": null, ""tcgplayerProductId"": null}",catalogue_identity_retained,pokewallet_authenticated_acquire_path,run_pokewallet_authenticated_acquire_or_collector_scan,2026-10-09T10:03:49Z
pokemon|jp|23945|014/017|colress,ja,23945,Team Plasma's Powered Half Deck,014/017,Colress,auth_only_source_no_alternate,"skip:api.pokewallet.io:pokewallet_auth_gated_no_bypass,skip:api.pokewallet.io:pokewallet_auth_gated_no_bypass,set_map:no_set_mapping:-",api.pokewallet.io,"{""pokemonTcgApiId"": null, ""pricechartingId"": null, ""tcgdexCardId"": null, ""tcgplayerProductId"": null}",catalogue_identity_retained,pokewallet_authenticated_acquire_path,run_pokewallet_authenticated_acquire_or_collector_scan,2026-10-09T10:03:49Z
pokemon|jp|23945|015/017|team_plasma_grunt,ja,23945,Team Plasma's Powered Half Deck,015/017,Team Plasma Grunt,auth_only_source_no_alternate,"skip:api.pokewallet.io:pokewallet_auth_gated_no_bypass,skip:api.pokewallet.io:pokewallet_auth_gated_no_bypass,set_map:no_set_mapping:-",api.pokewallet.io,"{""pokemonTcgApiId"": null, ""pricechartingId"": null, ""tcgdexCardId"": null, ""tcgplayerProductId"": null}",catalogue_identity_retained,pokewallet_authenticated_acquire_path,run_pokewallet_authenticated_acquire_or_collector_scan,2026-10-09T10:03:49Z
pokemon|jp|23945|016/017|plasma_frigate,ja,23945,Team Plasma's Powered Half Deck,016/017,Plasma Frigate,auth_only_source_no_alternate,"skip:api.pokewallet.io:pokewallet_auth_gated_no_bypass,skip:api.pokewallet.io:pokewallet_auth_gated_no_bypass,set_map:no_set_mapping:-",api.pokewallet.io,"{""pokemonTcgApiId"": null, ""pricechartingId"": null, ""tcgdexCardId"": null, ""tcgplayerProductId"": null}",catalogue_identity_retained,pokewallet_authenticated_acquire_path,run_pokewallet_authenticated_acquire_or_collector_scan,2026-10-09T10:03:49Z
pokemon|jp|23949|004/016|cofagrigus_team_plasma,ja,23949,Team Plasma Battle Gift Set,004/016,Cofagrigus Team Plasma,auth_only_source_no_alternate,"skip:api.pokewallet.io:pokewallet_auth_gated_no_bypass,skip:api.pokewallet.io:pokewallet_auth_gated_no_bypass,set_map:no_set_mapping:-",api.pokewallet.io,"{""pokemonTcgApiId"": null, ""pricechartingId"": null, ""tcgdexCardId"": null, ""tcgplayerProductId"": null}",catalogue_identity_retained,pokewallet_authenticated_acquire_path,run_pokewallet_authenticated_acquire_or_collector_scan,2026-10-09T10:03:49Z
pokemon|jp|23949|005/016|darkrai_team_plasma,ja,23949,Team Plasma Battle Gift Set,005/016,Darkrai Team Plasma,auth_only_source_no_alternate,"skip:api.pokewallet.io:pokewallet_auth_gated_no_bypass,skip:api.pokewallet.io:pokewallet_auth_gated_no_bypass,set_map:no_set_mapping:-",api.pokewallet.io,"{""pokemonTcgApiId"": null, ""pricechartingId"": null, ""tcgdexCardId"": null, ""tcgplayerProductId"": null}",catalogue_identity_retained,pokewallet_authenticated_acquire_path,run_pokewallet_authenticated_acquire_or_collector_scan,2026-10-09T10:03:49Z
pokemon|jp|23949|007/016|bisharp_team_plasma,ja,23949,Team Plasma Battle Gift Set,007/016,Bisharp Team Plasma,auth_only_source_no_alternate,"skip:api.pokewallet.io:pokewallet_auth_gated_no_bypass,skip:api.pokewallet.io:pokewallet_auth_gated_no_bypass,set_map:no_set_mapping:-",api.pokewallet.io,"{""pokemonTcgApiId"": null, ""pricechartingId"": null, ""tcgdexCardId"": null, ""tcgplayerProductId"": null}",catalogue_identity_retained,pokewallet_authenticated_acquire_path,run_pokewallet_authenticated_acquire_or_collector_scan,2026-10-09T10:03:49Z
pokemon|jp|23949|013/016|ghetsis,ja,23949,Team Plasma Battle Gift Set,013/016,Ghetsis,auth_only_source_no_alternate,"skip:api.pokewallet.io:pokewallet_auth_gated_no_bypass,skip:api.pokewallet.io:pokewallet_auth_gated_no_bypass,set_map:no_set_mapping:-",api.pokewallet.io,"{""pokemonTcgApiId"": null, ""pricechartingId"": null, ""tcgdexCardId"": null, ""tcgplayerProductId"": null}",catalogue_identity_retained,pokewallet_authenticated_acquire_path,run_pokewallet_authenticated_acquire_or_collector_scan,2026-10-09T10:03:49Z
pokemon|jp|23949|014/016|team_plasma_grunt,ja,23949,Team Plasma Battle Gift Set,014/016,Team Plasma Grunt,auth_only_source_no_alternate,"skip:api.pokewallet.io:pokewallet_auth_gated_no_bypass,skip:api.pokewallet.io:pokewallet_auth_gated_no_bypass,set_map:no_set_mapping:-",api.pokewallet.io,"{""pokemonTcgApiId"": null, ""pricechartingId"": null, ""tcgdexCardId"": null, ""tcgplayerProductId"": null}",catalogue_identity_retained,pokewallet_authenticated_acquire_path,run_pokewallet_authenticated_acquire_or_collector_scan,2026-10-09T10:03:49Z
pokemon|jp|23949|016/016|plasma_energy,ja,23949,Team Plasma Battle Gift Set,016/016,Plasma Energy,auth_only_source_no_alternate,"skip:api.pokewallet.io:pokewallet_auth_gated_no_bypass,skip:api.pokewallet.io:pokewallet_auth_gated_no_bypass,set_map:no_set_mapping:-",api.pokewallet.io,"{""pokemonTcgApiId"": null, ""pricechartingId"": null, ""tcgdexCardId"": null, ""tcgplayerProductId"": null}",catalogue_identity_retained,pokewallet_authenticated_acquire_path,run_pokewallet_authenticated_acquire_or_collector_scan,2026-10-09T10:03:49Z
pokemon|jp|23955|001/016|tangela,ja,23955,Mewtwo vs Genesect Deck Kit (Genesect),001/016,Tangela,auth_only_source_no_alternate,"skip:api.pokewallet.io:pokewallet_auth_gated_no_bypass,skip:api.pokewallet.io:pokewallet_auth_gated_no_bypass,set_map:ambiguous_set_name:-",api.pokewallet.io,"{""pokemonTcgApiId"": null, ""pricechartingId"": null, ""tcgdexCardId"": null, ""tcgplayerProductId"": null}",catalogue_identity_retained,pokewallet_authenticated_acquire_path,run_pokewallet_authenticated_acquire_or_collector_scan,2026-10-09T10:03:49Z
pokemon|jp|23955|002/016|tangrowth,ja,23955,Mewtwo vs Genesect Deck Kit (Genesect),002/016,Tangrowth,auth_only_source_no_alternate,"skip:api.pokewallet.io:pokewallet_auth_gated_no_bypass,skip:api.pokewallet.io:pokewallet_auth_gated_no_bypass,set_map:ambiguous_set_name:-",api.pokewallet.io,"{""pokemonTcgApiId"": null, ""pricechartingId"": null, ""tcgdexCardId"": null, ""tcgplayerProductId"": null}",catalogue_identity_retained,pokewallet_authenticated_acquire_path,run_pokewallet_authenticated_acquire_or_collector_scan,2026-10-09T10:03:49Z
pokemon|jp|23955|004/016|carnivine,ja,23955,Mewtwo vs Genesect Deck Kit (Genesect),004/016,Carnivine,auth_only_source_no_alternate,"skip:api.pokewallet.io:pokewallet_auth_gated_no_bypass,skip:api.pokewallet.io:pokewallet_auth_gated_no_bypass,set_map:ambiguous_set_name:-",api.pokewallet.io,"{""pokemonTcgApiId"": null, ""pricechartingId"": null, ""tcgdexCardId"": null, ""tcgplayerProductId"": null}",catalogue_identity_retained,pokewallet_authenticated_acquire_path,run_pokewallet_authenticated_acquire_or_collector_scan,2026-10-09T10:03:49Z
pokemon|jp|23955|006/016|dwebble,ja,23955,Mewtwo vs Genesect Deck Kit (Genesect),006/016,Dwebble,auth_only_source_no_alternate,"skip:api.pokewallet.io:pokewallet_auth_gated_no_bypass,skip:api.pokewallet.io:pokewallet_auth_gated_no_bypass,set_map:ambiguous_set_name:-",api.pokewallet.io,"{""pokemonTcgApiId"": null, ""pricechartingId"": null, ""tcgdexCardId"": null, ""tcgplayerProductId"": null}",catalogue_identity_retained,pokewallet_authenticated_acquire_path,run_pokewallet_authenticated_acquire_or_collector_scan,2026-10-09T10:03:49Z
pokemon|jp|23955|007/016|crustle,ja,23955,Mewtwo vs Genesect Deck Kit (Genesect),007/016,Crustle,auth_only_source_no_alternate,"skip:api.pokewallet.io:pokewallet_auth_gated_no_bypass,skip:api.pokewallet.io:pokewallet_auth_gated_no_bypass,set_map:ambiguous_set_name:-",api.pokewallet.io,"{""pokemonTcgApiId"": null, ""pricechartingId"": null, ""tcgdexCardId"": null, ""tcgplayerProductId"": null}",catalogue_identity_retained,pokewallet_authenticated_acquire_path,run_pokewallet_authenticated_acquire_or_collector_scan,2026-10-09T10:03:49Z
pokemon|jp|23955|008/016|genesect,ja,23955,Mewtwo vs Genesect Deck Kit (Genesect),008/016,Genesect,auth_only_source_no_alternate,"skip:api.pokewallet.io:pokewallet_auth_gated_no_bypass,skip:api.pokewallet.io:pokewallet_auth_gated_no_bypass,set_map:ambiguous_set_name:-",api.pokewallet.io,"{""pokemonTcgApiId"": null, ""pricechartingId"": null, ""tcgdexCardId"": null, ""tcgplayerProductId"": null}",catalogue_identity_retained,pokewallet_authenticated_acquire_path,run_pokewallet_authenticated_acquire_or_collector_scan,2026-10-09T10:03:49Z
pokemon|jp|23955|011/016|switch,ja,23955,Mewtwo vs Genesect Deck Kit (Genesect),011/016,Switch,auth_only_source_no_alternate,"skip:api.pokewallet.io:pokewallet_auth_gated_no_bypass,skip:api.pokewallet.io:pokewallet_auth_gated_no_bypass,set_map:ambiguous_set_name:-",api.pokewallet.io,"{""pokemonTcgApiId"": null, ""pricechartingId"": null, ""tcgdexCardId"": null, ""tcgplayerProductId"": null}",catalogue_identity_retained,pokewallet_authenticated_acquire_path,run_pokewallet_authenticated_acquire_or_collector_scan,2026-10-09T10:03:49Z
pokemon|jp|23955|013/016|giant_cape,ja,23955,Mewtwo vs Genesect Deck Kit (Genesect),013/016,Giant Cape,auth_only_source_no_alternate,"skip:api.pokewallet.io:pokewallet_auth_gated_no_bypass,skip:api.pokewallet.io:pokewallet_auth_gated_no_bypass,set_map:ambiguous_set_name:-",api.pokewallet.io,"{""pokemonTcgApiId"": null, ""pricechartingId"": null, ""tcgdexCardId"": null, ""tcgplayerProductId"": null}",catalogue_identity_retained,pokewallet_authenticated_acquire_path,run_pokewallet_authenticated_acquire_or_collector_scan,2026-10-09T10:03:49Z
pokemon|jp|23955|014/016|cheren,ja,23955,Mewtwo vs Genesect Deck Kit (Genesect),014/016,Cheren,auth_only_source_no_alternate,"skip:api.pokewallet.io:pokewallet_auth_gated_no_bypass,skip:api.pokewallet.io:pokewallet_auth_gated_no_bypass,set_map:ambiguous_set_name:-",api.pokewallet.io,"{""pokemonTcgApiId"": null, ""pricechartingId"": null, ""tcgdexCardId"": null, ""tcgplayerProductId"": null}",catalogue_identity_retained,pokewallet_authenticated_acquire_path,run_pokewallet_authenticated_acquire_or_collector_scan,2026-10-09T10:03:49Z
pokemon|jp|23955|016/016|double_colorless_energy,ja,23955,Mewtwo vs Genesect Deck Kit (Genesect),016/016,Double Colorless Energy,auth_only_source_no_alternate,"skip:api.pokewallet.io:pokewallet_auth_gated_no_bypass,skip:api.pokewallet.io:pokewallet_auth_gated_no_bypass,set_map:ambiguous_set_name:-",api.pokewallet.io,"{""pokemonTcgApiId"": null, ""pricechartingId"": null, ""tcgdexCardId"": null, ""tcgplayerProductId"": null}",catalogue_identity_retained,pokewallet_authenticated_acquire_path,run_pokewallet_authenticated_acquire_or_collector_scan,2026-10-09T10:03:49Z
pokemon|jp|23963|001/072|venusaur_ex,ja,23963,BREAK Starter Pack,001/072,Venusaur EX,auth_only_source_no_alternate,"skip:api.pokewallet.io:pokewallet_auth_gated_no_bypass,skip:api.pokewallet.io:pokewallet_auth_gated_no_bypass,set_map:no_set_mapping:-",api.pokewallet.io,"{""pokemonTcgApiId"": null, ""pricechartingId"": null, ""tcgdexCardId"": null, ""tcgplayerProductId"": null}",catalogue_identity_retained,pokewallet_authenticated_acquire_path,run_pokewallet_authenticated_acquire_or_collector_scan,2026-10-09T10:03:49Z
pokemon|jp|23963|002/072|venusaur,ja,23963,BREAK Starter Pack,002/072,Venusaur,auth_only_source_no_alternate,"skip:api.pokewallet.io:pokewallet_auth_gated_no_bypass,skip:api.pokewallet.io:pokewallet_auth_gated_no_bypass,set_map:no_set_mapping:-",api.pokewallet.io,"{""pokemonTcgApiId"": null, ""pricechartingId"": null, ""tcgdexCardId"": null, ""tcgplayerProductId"": null}",catalogue_identity_retained,pokewallet_authenticated_acquire_path,run_pokewallet_authenticated_acquire_or_collector_scan,2026-10-09T10:03:49Z
pokemon|jp|23963|003/072|caterpie,ja,23963,BREAK Starter Pack,003/072,Caterpie,auth_only_source_no_alternate,"skip:api.pokewallet.io:pokewallet_auth_gated_no_bypass,skip:api.pokewallet.io:pokewallet_auth_gated_no_bypass,set_map:no_set_mapping:-",api.pokewallet.io,"{""pokemonTcgApiId"": null, ""pricechartingId"": null, ""tcgdexCardId"": null, ""tcgplayerProductId"": null}",catalogue_identity_retained,pokewallet_authenticated_acquire_path,run_pokewallet_authenticated_acquire_or_collector_scan,2026-10-09T10:03:49Z
pokemon|jp|23963|004/072|metapod,ja,23963,BREAK Starter Pack,004/072,Metapod,auth_only_source_no_alternate,"skip:api.pokewallet.io:pokewallet_auth_gated_no_bypass,skip:api.pokewallet.io:pokewallet_auth_gated_no_bypass,set_map:no_set_mapping:-",api.pokewallet.io,"{""pokemonTcgApiId"": null, ""pricechartingId"": null, ""tcgdexCardId"": null, ""tcgplayerProductId"": null}",catalogue_identity_retained,pokewallet_authenticated_acquire_path,run_pokewallet_authenticated_acquire_or_collector_scan,2026-10-09T10:03:49Z
pokemon|jp|23963|005/072|butterfree,ja,23963,BREAK Starter Pack,005/072,Butterfree,auth_only_source_no_alternate,"skip:api.pokewallet.io:pokewallet_auth_gated_no_bypass,skip:api.pokewallet.io:pokewallet_auth_gated_no_bypass,set_map:no_set_mapping:-",api.pokewallet.io,"{""pokemonTcgApiId"": null, ""pricechartingId"": null, ""tcgdexCardId"": null, ""tcgplayerProductId"": null}",catalogue_identity_retained,pokewallet_authenticated_acquire_path,run_pokewallet_authenticated_acquire_or_collector_scan,2026-10-09T10:03:49Z
pokemon|jp|23963|006/072|paras,ja,23963,BREAK Starter Pack,006/072,Paras,auth_only_source_no_alternate,"skip:api.pokewallet.io:pokewallet_auth_gated_no_bypass,skip:api.pokewallet.io:pokewallet_auth_gated_no_bypass,set_map:no_set_mapping:-",api.pokewallet.io,"{""pokemonTcgApiId"": null, ""pricechartingId"": null, ""tcgdexCardId"": null, ""tcgplayerProductId"": null}",catalogue_identity_retained,pokewallet_authenticated_acquire_path,run_pokewallet_authenticated_acquire_or_collector_scan,2026-10-09T10:03:49Z
pokemon|jp|23963|009/072|pinsir,ja,23963,BREAK Starter Pack,009/072,Pinsir,auth_only_source_no_alternate,"skip:api.pokewallet.io:pokewallet_auth_gated_no_bypass,skip:api.pokewallet.io:pokewallet_auth_gated_no_bypass,set_map:no_set_mapping:-",api.pokewallet.io,"{""pokemonTcgApiId"": null, ""pricechartingId"": null, ""tcgdexCardId"": null, ""tcgplayerProductId"": null}",catalogue_identity_retained,pokewallet_authenticated_acquire_path,run_pokewallet_authenticated_acquire_or_collector_scan,2026-10-09T10:03:49Z
pokemon|jp|23963|010/072|charizard_ex,ja,23963,BREAK Starter Pack,010/072,Charizard EX,auth_only_source_no_alternate,"skip:api.pokewallet.io:pokewallet_auth_gated_no_bypass,skip:api.pokewallet.io:pokewallet_auth_gated_no_bypass,set_map:no_set_mapping:-",api.pokewallet.io,"{""pokemonTcgApiId"": null, ""pricechartingId"": null, ""tcgdexCardId"": null, ""tcgplayerProductId"": null}",catalogue_identity_retained,pokewallet_authenticated_acquire_path,run_pokewallet_authenticated_acquire_or_collector_scan,2026-10-09T10:03:49Z
pokemon|jp|23963|017/072|articuno,ja,23963,BREAK Starter Pack,017/072,Articuno,auth_only_source_no_alternate,"skip:api.pokewallet.io:pokewallet_auth_gated_no_bypass,skip:api.pokewallet.io:pokewallet_auth_gated_no_bypass,set_map:no_set_mapping:-",api.pokewallet.io,"{""pokemonTcgApiId"": null, ""pricechartingId"": null, ""tcgdexCardId"": null, ""tcgplayerProductId"": null}",catalogue_identity_retained,pokewallet_authenticated_acquire_path,run_pokewallet_authenticated_acquire_or_collector_scan,2026-10-09T10:03:49Z
pokemon|jp|23963|018/072|pikachu,ja,23963,BREAK Starter Pack,018/072,Pikachu,auth_only_source_no_alternate,"skip:api.pokewallet.io:pokewallet_auth_gated_no_bypass,skip:api.pokewallet.io:pokewallet_auth_gated_no_bypass,set_map:no_set_mapping:-",api.pokewallet.io,"{""pokemonTcgApiId"": null, ""pricechartingId"": null, ""tcgdexCardId"": null, ""tcgplayerProductId"": null}",catalogue_identity_retained,pokewallet_authenticated_acquire_path,run_pokewallet_authenticated_acquire_or_collector_scan,2026-10-09T10:03:49Z
pokemon|jp|23963|020/072|zapdos,ja,23963,BREAK Starter Pack,020/072,Zapdos,auth_only_source_no_alternate,"skip:api.pokewallet.io:pokewallet_auth_gated_no_bypass,skip:api.pokewallet.io:pokewallet_auth_gated_no_bypass,set_map:no_set_mapping:-",api.pokewallet.io,"{""pokemonTcgApiId"": null, ""pricechartingId"": null, ""tcgdexCardId"": null, ""tcgplayerProductId"": null}",catalogue_identity_retained,pokewallet_authenticated_acquire_path,run_pokewallet_authenticated_acquire_or_collector_scan,2026-10-09T10:03:49Z
pokemon|jp|23963|022/072|golbat,ja,23963,BREAK Starter Pack,022/072,Golbat,auth_only_source_no_alternate,"skip:api.pokewallet.io:pokewallet_auth_gated_no_bypass,skip:api.pokewallet.io:pokewallet_auth_gated_no_bypass,set_map:no_set_mapping:-",api.pokewallet.io,"{""pokemonTcgApiId"": null, ""pricechartingId"": null, ""tcgdexCardId"": null, ""tcgplayerProductId"": null}",catalogue_identity_retained,pokewallet_authenticated_acquire_path,run_pokewallet_authenticated_acquire_or_collector_scan,2026-10-09T10:03:49Z
pokemon|jp|23963|032/072|machamp,ja,23963,BREAK Starter Pack,032/072,Machamp,auth_only_source_no_alternate,"skip:api.pokewallet.io:pokewallet_auth_gated_no_bypass,skip:api.pokewallet.io:pokewallet_auth_gated_no_bypass,set_map:no_set_mapping:-",api.pokewallet.io,"{""pokemonTcgApiId"": null, ""pricechartingId"": null, ""tcgdexCardId"": null, ""tcgplayerProductId"": null}",catalogue_identity_retained,pokewallet_authenticated_acquire_path,run_pokewallet_authenticated_acquire_or_collector_scan,2026-10-09T10:03:49Z
pokemon|jp|23963|035/072|golem,ja,23963,BREAK Starter Pack,035/072,Golem,auth_only_source_no_alternate,"skip:api.pokewallet.io:pokewallet_auth_gated_no_bypass,skip:api.pokewallet.io:pokewallet_auth_gated_no_bypass,set_map:no_set_mapping:-",api.pokewallet.io,"{""pokemonTcgApiId"": null, ""pricechartingId"": null, ""tcgdexCardId"": null, ""tcgplayerProductId"": null}",catalogue_identity_retained,pokewallet_authenticated_acquire_path,run_pokewallet_authenticated_acquire_or_collector_scan,2026-10-09T10:03:49Z
pokemon|jp|23963|036/072|hitmonlee,ja,23963,BREAK Starter Pack,036/072,Hitmonlee,auth_only_source_no_alternate,"skip:api.pokewallet.io:pokewallet_auth_gated_no_bypass,skip:api.pokewallet.io:pokewallet_auth_gated_no_bypass,set_map:no_set_mapping:-",api.pokewallet.io,"{""pokemonTcgApiId"": null, ""pricechartingId"": null, ""tcgdexCardId"": null, ""tcgplayerProductId"": null}",catalogue_identity_retained,pokewallet_authenticated_acquire_path,run_pokewallet_authenticated_acquire_or_collector_scan,2026-10-09T10:03:49Z
pokemon|jp|23963|042/072|meowth,ja,23963,BREAK Starter Pack,042/072,Meowth,auth_only_source_no_alternate,"skip:api.pokewallet.io:pokewallet_auth_gated_no_bypass,skip:api.pokewallet.io:pokewallet_auth_gated_no_bypass,set_map:no_set_mapping:-",api.pokewallet.io,"{""pokemonTcgApiId"": null, ""pricechartingId"": null, ""tcgdexCardId"": null, ""tcgplayerProductId"": null}",catalogue_identity_retained,pokewallet_authenticated_acquire_path,run_pokewallet_authenticated_acquire_or_collector_scan,2026-10-09T10:03:49Z
pokemon|jp|23963|051/072|crushing_hammer,ja,23963,BREAK Starter Pack,051/072,Crushing Hammer,auth_only_source_no_alternate,"skip:api.pokewallet.io:pokewallet_auth_gated_no_bypass,skip:api.pokewallet.io:pokewallet_auth_gated_no_bypass,set_map:no_set_mapping:-",api.pokewallet.io,"{""pokemonTcgApiId"": null, ""pricechartingId"": null, ""tcgdexCardId"": null, ""tcgplayerProductId"": null}",catalogue_identity_retained,pokewallet_authenticated_acquire_path,run_pokewallet_authenticated_acquire_or_collector_scan,2026-10-09T10:03:49Z
pokemon|jp|23963|054/072|super_rod,ja,23963,BREAK Starter Pack,054/072,Super Rod,auth_only_source_no_alternate,"skip:api.pokewallet.io:pokewallet_auth_gated_no_bypass,skip:api.pokewallet.io:pokewallet_auth_gated_no_bypass,set_map:no_set_mapping:-",api.pokewallet.io,"{""pokemonTcgApiId"": null, ""pricechartingId"": null, ""tcgdexCardId"": null, ""tcgplayerProductId"": null}",catalogue_identity_retained,pokewallet_authenticated_acquire_path,run_pokewallet_authenticated_acquire_or_collector_scan,2026-10-09T10:03:49Z
pokemon|jp|23963|057/072|rare_candy,ja,23963,BREAK Starter Pack,057/072,Rare Candy,auth_only_source_no_alternate,"skip:api.pokewallet.io:pokewallet_auth_gated_no_bypass,skip:api.pokewallet.io:pokewallet_auth_gated_no_bypass,set_map:no_set_mapping:-",api.pokewallet.io,"{""pokemonTcgApiId"": null, ""pricechartingId"": null, ""tcgdexCardId"": null, ""tcgplayerProductId"": null}",catalogue_identity_retained,pokewallet_authenticated_acquire_path,run_pokewallet_authenticated_acquire_or_collector_scan,2026-10-09T10:03:49Z
pokemon|jp|23963|058/072|switch,ja,23963,BREAK Starter Pack,058/072,Switch,auth_only_source_no_alternate,"skip:api.pokewallet.io:pokewallet_auth_gated_no_bypass,skip:api.pokewallet.io:pokewallet_auth_gated_no_bypass,set_map:no_set_mapping:-",api.pokewallet.io,"{""pokemonTcgApiId"": null, ""pricechartingId"": null, ""tcgdexCardId"": null, ""tcgplayerProductId"": null}",catalogue_identity_retained,pokewallet_authenticated_acquire_path,run_pokewallet_authenticated_acquire_or_collector_scan,2026-10-09T10:03:49Z
pokemon|jp|23963|059/072|pokemon_catcher,ja,23963,BREAK Starter Pack,059/072,Pokemon Catcher,auth_only_source_no_alternate,"skip:api.pokewallet.io:pokewallet_auth_gated_no_bypass,skip:api.pokewallet.io:pokewallet_auth_gated_no_bypass,set_map:no_set_mapping:-",api.pokewallet.io,"{""pokemonTcgApiId"": null, ""pricechartingId"": null, ""tcgdexCardId"": null, ""tcgplayerProductId"": null}",catalogue_identity_retained,pokewallet_authenticated_acquire_path,run_pokewallet_authenticated_acquire_or_collector_scan,2026-10-09T10:03:49Z
pokemon|jp|23963|062/072|red_card,ja,23963,BREAK Starter Pack,062/072,Red Card,auth_only_source_no_alternate,"skip:api.pokewallet.io:pokewallet_auth_gated_no_bypass,skip:api.pokewallet.io:pokewallet_auth_gated_no_bypass,set_map:no_set_mapping:-",api.pokewallet.io,"{""pokemonTcgApiId"": null, ""pricechartingId"": null, ""tcgdexCardId"": null, ""tcgplayerProductId"": null}",catalogue_identity_retained,pokewallet_authenticated_acquire_path,run_pokewallet_authenticated_acquire_or_collector_scan,2026-10-09T10:03:49Z
pokemon|jp|23963|064/072|shauna,ja,23963,BREAK Starter Pack,064/072,Shauna,auth_only_source_no_alternate,"skip:api.pokewallet.io:pokewallet_auth_gated_no_bypass,skip:api.pokewallet.io:pokewallet_auth_gated_no_bypass,set_map:no_set_mapping:-",api.pokewallet.io,"{""pokemonTcgApiId"": null, ""pricechartingId"": null, ""tcgdexCardId"": null, ""tcgplayerProductId"": null}",catalogue_identity_retained,pokewallet_authenticated_acquire_path,run_pokewallet_authenticated_acquire_or_collector_scan,2026-10-09T10:03:49Z
pokemon|jp|23963|066/072|tierno,ja,23963,BREAK Starter Pack,066/072,Tierno,auth_only_source_no_alternate,"skip:api.pokewallet.io:pokewallet_auth_gated_no_bypass,skip:api.pokewallet.io:pokewallet_auth_gated_no_bypass,set_map:no_set_mapping:-",api.pokewallet.io,"{""pokemonTcgApiId"": null, ""pricechartingId"": null, ""tcgdexCardId"": null, ""tcgplayerProductId"": null}",catalogue_identity_retained,pokewallet_authenticated_acquire_path,run_pokewallet_authenticated_acquire_or_collector_scan,2026-10-09T10:03:49Z
pokemon|jp|23963|067/072|professor_sycamore,ja,23963,BREAK Starter Pack,067/072,Professor Sycamore,auth_only_source_no_alternate,"skip:api.pokewallet.io:pokewallet_auth_gated_no_bypass,skip:api.pokewallet.io:pokewallet_auth_gated_no_bypass,set_map:no_set_mapping:-",api.pokewallet.io,"{""pokemonTcgApiId"": null, ""pricechartingId"": null, ""tcgdexCardId"": null, ""tcgplayerProductId"": null}",catalogue_identity_retained,pokewallet_authenticated_acquire_path,run_pokewallet_authenticated_acquire_or_collector_scan,2026-10-09T10:03:49Z
pokemon|jp|23963|072/072|double_colorless_energy,ja,23963,BREAK Starter Pack,072/072,Double Colorless Energy,auth_only_source_no_alternate,"skip:api.pokewallet.io:pokewallet_auth_gated_no_bypass,skip:api.pokewallet.io:pokewallet_auth_gated_no_bypass,set_map:no_set_mapping:-",api.pokewallet.io,"{""pokemonTcgApiId"": null, ""pricechartingId"": null, ""tcgdexCardId"": null, ""tcgplayerProductId"": null}",catalogue_identity_retained,pokewallet_authenticated_acquire_path,run_pokewallet_authenticated_acquire_or_collector_scan,2026-10-09T10:03:49Z
pokemon|jp|23963|073/072|blastoise_ex,ja,23963,BREAK Starter Pack,073/072,Blastoise EX,auth_only_source_no_alternate,"skip:api.pokewallet.io:pokewallet_auth_gated_no_bypass,skip:api.pokewallet.io:pokewallet_auth_gated_no_bypass,set_map:no_set_mapping:-",api.pokewallet.io,"{""pokemonTcgApiId"": null, ""pricechartingId"": null, ""tcgdexCardId"": null, ""tcgplayerProductId"": null}",catalogue_identity_retained,pokewallet_authenticated_acquire_path,run_pokewallet_authenticated_acquire_or_collector_scan,2026-10-09T10:03:49Z
pokemon|jp|23963|074/072|blastoise,ja,23963,BREAK Starter Pack,074/072,Blastoise,auth_only_source_no_alternate,"skip:api.pokewallet.io:pokewallet_auth_gated_no_bypass,skip:api.pokewallet.io:pokewallet_auth_gated_no_bypass,set_map:no_set_mapping:-",api.pokewallet.io,"{""pokemonTcgApiId"": null, ""pricechartingId"": null, ""tcgdexCardId"": null, ""tcgplayerProductId"": null}",catalogue_identity_retained,pokewallet_authenticated_acquire_path,run_pokewallet_authenticated_acquire_or_collector_scan,2026-10-09T10:03:49Z
pokemon|jp|23963|075/072|shellder,ja,23963,BREAK Starter Pack,075/072,Shellder,auth_only_source_no_alternate,"skip:api.pokewallet.io:pokewallet_auth_gated_no_bypass,skip:api.pokewallet.io:pokewallet_auth_gated_no_bypass,set_map:no_set_mapping:-",api.pokewallet.io,"{""pokemonTcgApiId"": null, ""pricechartingId"": null, ""tcgdexCardId"": null, ""tcgplayerProductId"": null}",catalogue_identity_retained,pokewallet_authenticated_acquire_path,run_pokewallet_authenticated_acquire_or_collector_scan,2026-10-09T10:03:49Z
pokemon|jp|23971|001/014|sneasel,ja,23971,Yveltal Half Deck,001/014,Sneasel,auth_only_source_no_alternate,"skip:api.pokewallet.io:pokewallet_auth_gated_no_bypass,skip:api.pokewallet.io:pokewallet_auth_gated_no_bypass,set_map:ambiguous_set_name:-",api.pokewallet.io,"{""pokemonTcgApiId"": null, ""pricechartingId"": null, ""tcgdexCardId"": null, ""tcgplayerProductId"": null}",catalogue_identity_retained,pokewallet_authenticated_acquire_path,run_pokewallet_authenticated_acquire_or_collector_scan,2026-10-09T10:03:49Z
pokemon|jp|23971|002/014|sableye,ja,23971,Yveltal Half Deck,002/014,Sableye,auth_only_source_no_alternate,"skip:api.pokewallet.io:pokewallet_auth_gated_no_bypass,skip:api.pokewallet.io:pokewallet_auth_gated_no_bypass,set_map:ambiguous_set_name:-",api.pokewallet.io,"{""pokemonTcgApiId"": null, ""pricechartingId"": null, ""tcgdexCardId"": null, ""tcgplayerProductId"": null}",catalogue_identity_retained,pokewallet_authenticated_acquire_path,run_pokewallet_authenticated_acquire_or_collector_scan,2026-10-09T10:03:49Z
pokemon|jp|23971|003/014|sandile,ja,23971,Yveltal Half Deck,003/014,Sandile,auth_only_source_no_alternate,"skip:api.pokewallet.io:pokewallet_auth_gated_no_bypass,skip:api.pokewallet.io:pokewallet_auth_gated_no_bypass,set_map:ambiguous_set_name:-",api.pokewallet.io,"{""pokemonTcgApiId"": null, ""pricechartingId"": null, ""tcgdexCardId"": null, ""tcgplayerProductId"": null}",catalogue_identity_retained,pokewallet_authenticated_acquire_path,run_pokewallet_authenticated_acquire_or_collector_scan,2026-10-09T10:03:49Z
pokemon|jp|23971|004/014|krokorok,ja,23971,Yveltal Half Deck,004/014,Krokorok,auth_only_source_no_alternate,"skip:api.pokewallet.io:pokewallet_auth_gated_no_bypass,skip:api.pokewallet.io:pokewallet_auth_gated_no_bypass,set_map:ambiguous_set_name:-",api.pokewallet.io,"{""pokemonTcgApiId"": null, ""pricechartingId"": null, ""tcgdexCardId"": null, ""tcgplayerProductId"": null}",catalogue_identity_retained,pokewallet_authenticated_acquire_path,run_pokewallet_authenticated_acquire_or_collector_scan,2026-10-09T10:03:49Z
pokemon|jp|23971|005/014|inkay,ja,23971,Yveltal Half Deck,005/014,Inkay,auth_only_source_no_alternate,"skip:api.pokewallet.io:pokewallet_auth_gated_no_bypass,skip:api.pokewallet.io:pokewallet_auth_gated_no_bypass,set_map:ambiguous_set_name:-",api.pokewallet.io,"{""pokemonTcgApiId"": null, ""pricechartingId"": null, ""tcgdexCardId"": null, ""tcgplayerProductId"": null}",catalogue_identity_retained,pokewallet_authenticated_acquire_path,run_pokewallet_authenticated_acquire_or_collector_scan,2026-10-09T10:03:49Z
pokemon|jp|23971|006/014|malamar,ja,23971,Yveltal Half Deck,006/014,Malamar,auth_only_source_no_alternate,"skip:api.pokewallet.io:pokewallet_auth_gated_no_bypass,skip:api.pokewallet.io:pokewallet_auth_gated_no_bypass,set_map:ambiguous_set_name:-",api.pokewallet.io,"{""pokemonTcgApiId"": null, ""pricechartingId"": null, ""tcgdexCardId"": null, ""tcgplayerProductId"": null}",catalogue_identity_retained,pokewallet_authenticated_acquire_path,run_pokewallet_authenticated_acquire_or_collector_scan,2026-10-09T10:03:49Z
pokemon|jp|23971|007/014|yveltal,ja,23971,Yveltal Half Deck,007/014,Yveltal,auth_only_source_no_alternate,"skip:api.pokewallet.io:pokewallet_auth_gated_no_bypass,skip:api.pokewallet.io:pokewallet_auth_gated_no_bypass,set_map:ambiguous_set_name:-",api.pokewallet.io,"{""pokemonTcgApiId"": null, ""pricechartingId"": null, ""tcgdexCardId"": null, ""tcgplayerProductId"": null}",catalogue_identity_retained,pokewallet_authenticated_acquire_path,run_pokewallet_authenticated_acquire_or_collector_scan,2026-10-09T10:03:49Z
pokemon|jp|23980|001/014|jigglypuff,ja,23980,Xerneas Half Deck,001/014,Jigglypuff,auth_only_source_no_alternate,"skip:api.pokewallet.io:pokewallet_auth_gated_no_bypass,skip:api.pokewallet.io:pokewallet_auth_gated_no_bypass,set_map:ambiguous_set_name:-",api.pokewallet.io,"{""pokemonTcgApiId"": null, ""pricechartingId"": null, ""tcgdexCardId"": null, ""tcgplayerProductId"": null}",catalogue_identity_retained,pokewallet_authenticated_acquire_path,run_pokewallet_authenticated_acquire_or_collector_scan,2026-10-09T10:03:49Z
pokemon|jp|23980|002/014|wigglytuff,ja,23980,Xerneas Half Deck,002/014,Wigglytuff,auth_only_source_no_alternate,"skip:api.pokewallet.io:pokewallet_auth_gated_no_bypass,skip:api.pokewallet.io:pokewallet_auth_gated_no_bypass,set_map:ambiguous_set_name:-",api.pokewallet.io,"{""pokemonTcgApiId"": null, ""pricechartingId"": null, ""tcgdexCardId"": null, ""tcgplayerProductId"": null}",catalogue_identity_retained,pokewallet_authenticated_acquire_path,run_pokewallet_authenticated_acquire_or_collector_scan,2026-10-09T10:03:49Z
pokemon|jp|23980|003/014|mr_mime,ja,23980,Xerneas Half Deck,003/014,Mr Mime,auth_only_source_no_alternate,"skip:api.pokewallet.io:pokewallet_auth_gated_no_bypass,skip:api.pokewallet.io:pokewallet_auth_gated_no_bypass,set_map:ambiguous_set_name:-",api.pokewallet.io,"{""pokemonTcgApiId"": null, ""pricechartingId"": null, ""tcgdexCardId"": null, ""tcgplayerProductId"": null}",catalogue_identity_retained,pokewallet_authenticated_acquire_path,run_pokewallet_authenticated_acquire_or_collector_scan,2026-10-09T10:03:49Z
pokemon|jp|23980|004/014|flabebe,ja,23980,Xerneas Half Deck,004/014,Flabebe,auth_only_source_no_alternate,"skip:api.pokewallet.io:pokewallet_auth_gated_no_bypass,skip:api.pokewallet.io:pokewallet_auth_gated_no_bypass,set_map:ambiguous_set_name:-",api.pokewallet.io,"{""pokemonTcgApiId"": null, ""pricechartingId"": null, ""tcgdexCardId"": null, ""tcgplayerProductId"": null}",catalogue_identity_retained,pokewallet_authenticated_acquire_path,run_pokewallet_authenticated_acquire_or_collector_scan,2026-10-09T10:03:49Z
pokemon|jp|23980|005/014|floette,ja,23980,Xerneas Half Deck,005/014,Floette,auth_only_source_no_alternate,"skip:api.pokewallet.io:pokewallet_auth_gated_no_bypass,skip:api.pokewallet.io:pokewallet_auth_gated_no_bypass,set_map:ambiguous_set_name:-",api.pokewallet.io,"{""pokemonTcgApiId"": null, ""pricechartingId"": null, ""tcgdexCardId"": null, ""tcgplayerProductId"": null}",catalogue_identity_retained,pokewallet_authenticated_acquire_path,run_pokewallet_authenticated_acquire_or_collector_scan,2026-10-09T10:03:49Z
pokemon|jp|23980|007/014|xerneas,ja,23980,Xerneas Half Deck,007/014,Xerneas,auth_only_source_no_alternate,"skip:api.pokewallet.io:pokewallet_auth_gated_no_bypass,skip:api.pokewallet.io:pokewallet_auth_gated_no_bypass,set_map:ambiguous_set_name:-",api.pokewallet.io,"{""pokemonTcgApiId"": null, ""pricechartingId"": null, ""tcgdexCardId"": null, ""tcgplayerProductId"": null}",catalogue_identity_retained,pokewallet_authenticated_acquire_path,run_pokewallet_authenticated_acquire_or_collector_scan,2026-10-09T10:03:49Z
pokemon|jp|23980|009/014|great_ball,ja,23980,Xerneas Half Deck,009/014,Great Ball,auth_only_source_no_alternate,"skip:api.pokewallet.io:pokewallet_auth_gated_no_bypass,skip:api.pokewallet.io:pokewallet_auth_gated_no_bypass,set_map:ambiguous_set_name:-",api.pokewallet.io,"{""pokemonTcgApiId"": null, ""pricechartingId"": null, ""tcgdexCardId"": null, ""tcgplayerProductId"": null}",catalogue_identity_retained,pokewallet_authenticated_acquire_path,run_pokewallet_authenticated_acquire_or_collector_scan,2026-10-09T10:03:49Z
pokemon|jp|23980|010/014|switch,ja,23980,Xerneas Half Deck,010/014,Switch,auth_only_source_no_alternate,"skip:api.pokewallet.io:pokewallet_auth_gated_no_bypass,skip:api.pokewallet.io:pokewallet_auth_gated_no_bypass,set_map:ambiguous_set_name:-",api.pokewallet.io,"{""pokemonTcgApiId"": null, ""pricechartingId"": null, ""tcgdexCardId"": null, ""tcgplayerProductId"": null}",catalogue_identity_retained,pokewallet_authenticated_acquire_path,run_pokewallet_authenticated_acquire_or_collector_scan,2026-10-09T10:03:49Z
pokemon|jp|23980|011/014|pokemon_catcher,ja,23980,Xerneas Half Deck,011/014,Pokemon Catcher,auth_only_source_no_alternate,"skip:api.pokewallet.io:pokewallet_auth_gated_no_bypass,skip:api.pokewallet.io:pokewallet_auth_gated_no_bypass,set_map:ambiguous_set_name:-",api.pokewallet.io,"{""pokemonTcgApiId"": null, ""pricechartingId"": null, ""tcgdexCardId"": null, ""tcgplayerProductId"": null}",catalogue_identity_retained,pokewallet_authenticated_acquire_path,run_pokewallet_authenticated_acquire_or_collector_scan,2026-10-09T10:03:49Z
pokemon|jp|23980|014/014|fairy_garden,ja,23980,Xerneas Half Deck,014/014,Fairy Garden,auth_only_source_no_alternate,"skip:api.pokewallet.io:pokewallet_auth_gated_no_bypass,skip:api.pokewallet.io:pokewallet_auth_gated_no_bypass,set_map:ambiguous_set_name:-",api.pokewallet.io,"{""pokemonTcgApiId"": null, ""pricechartingId"": null, ""tcgdexCardId"": null, ""tcgplayerProductId"": null}",catalogue_identity_retained,pokewallet_authenticated_acquire_path,run_pokewallet_authenticated_acquire_or_collector_scan,2026-10-09T10:03:49Z
pokemon|jp|23983|001/039|weedle,ja,23983,XY Beginning Set,001/039,Weedle,auth_only_source_no_alternate,"skip:api.pokewallet.io:pokewallet_auth_gated_no_bypass,skip:api.pokewallet.io:pokewallet_auth_gated_no_bypass,set_map:ambiguous_set_name:-",api.pokewallet.io,"{""pokemonTcgApiId"": null, ""pricechartingId"": null, ""tcgdexCardId"": null, ""tcgplayerProductId"": null}",catalogue_identity_retained,pokewallet_authenticated_acquire_path,run_pokewallet_authenticated_acquire_or_collector_scan,2026-10-09T10:03:49Z
pokemon|jp|23983|002/039|pansage,ja,23983,XY Beginning Set,002/039,Pansage,auth_only_source_no_alternate,"skip:api.pokewallet.io:pokewallet_auth_gated_no_bypass,skip:api.pokewallet.io:pokewallet_auth_gated_no_bypass,set_map:ambiguous_set_name:-",api.pokewallet.io,"{""pokemonTcgApiId"": null, ""pricechartingId"": null, ""tcgdexCardId"": null, ""tcgplayerProductId"": null}",catalogue_identity_retained,pokewallet_authenticated_acquire_path,run_pokewallet_authenticated_acquire_or_collector_scan,2026-10-09T10:03:49Z
pokemon|jp|23983|003/039|chespin,ja,23983,XY Beginning Set,003/039,Chespin,auth_only_source_no_alternate,"skip:api.pokewallet.io:pokewallet_auth_gated_no_bypass,skip:api.pokewallet.io:pokewallet_auth_gated_no_bypass,set_map:ambiguous_set_name:-",api.pokewallet.io,"{""pokemonTcgApiId"": null, ""pricechartingId"": null, ""tcgdexCardId"": null, ""tcgplayerProductId"": null}",catalogue_identity_retained,pokewallet_authenticated_acquire_path,run_pokewallet_authenticated_acquire_or_collector_scan,2026-10-09T10:03:49Z
pokemon|jp|23983|004/039|quilladin,ja,23983,XY Beginning Set,004/039,Quilladin,auth_only_source_no_alternate,"skip:api.pokewallet.io:pokewallet_auth_gated_no_bypass,skip:api.pokewallet.io:pokewallet_auth_gated_no_bypass,set_map:ambiguous_set_name:-",api.pokewallet.io,"{""pokemonTcgApiId"": null, ""pricechartingId"": null, ""tcgdexCardId"": null, ""tcgplayerProductId"": null}",catalogue_identity_retained,pokewallet_authenticated_acquire_path,run_pokewallet_authenticated_acquire_or_collector_scan,2026-10-09T10:03:49Z
pokemon|jp|23983|005/039|chesnaught,ja,23983,XY Beginning Set,005/039,Chesnaught,auth_only_source_no_alternate,"skip:api.pokewallet.io:pokewallet_auth_gated_no_bypass,skip:api.pokewallet.io:pokewallet_auth_gated_no_bypass,set_map:ambiguous_set_name:-",api.pokewallet.io,"{""pokemonTcgApiId"": null, ""pricechartingId"": null, ""tcgdexCardId"": null, ""tcgplayerProductId"": null}",catalogue_identity_retained,pokewallet_authenticated_acquire_path,run_pokewallet_authenticated_acquire_or_collector_scan,2026-10-09T10:03:49Z
pokemon|jp|23983|006/039|slugma,ja,23983,XY Beginning Set,006/039,Slugma,auth_only_source_no_alternate,"skip:api.pokewallet.io:pokewallet_auth_gated_no_bypass,skip:api.pokewallet.io:pokewallet_auth_gated_no_bypass,set_map:ambiguous_set_name:-",api.pokewallet.io,"{""pokemonTcgApiId"": null, ""pricechartingId"": null, ""tcgdexCardId"": null, ""tcgplayerProductId"": null}",catalogue_identity_retained,pokewallet_authenticated_acquire_path,run_pokewallet_authenticated_acquire_or_collector_scan,2026-10-09T10:03:49Z
pokemon|jp|23983|007/039|pansear,ja,23983,XY Beginning Set,007/039,Pansear,auth_only_source_no_alternate,"skip:api.pokewallet.io:pokewallet_auth_gated_no_bypass,skip:api.pokewallet.io:pokewallet_auth_gated_no_bypass,set_map:ambiguous_set_name:-",api.pokewallet.io,"{""pokemonTcgApiId"": null, ""pricechartingId"": null, ""tcgdexCardId"": null, ""tcgplayerProductId"": null}",catalogue_identity_retained,pokewallet_authenticated_acquire_path,run_pokewallet_authenticated_acquire_or_collector_scan,2026-10-09T10:03:49Z
pokemon|jp|23983|008/039|fennekin,ja,23983,XY Beginning Set,008/039,Fennekin,auth_only_source_no_alternate,"skip:api.pokewallet.io:pokewallet_auth_gated_no_bypass,skip:api.pokewallet.io:pokewallet_auth_gated_no_bypass,set_map:ambiguous_set_name:-",api.pokewallet.io,"{""pokemonTcgApiId"": null, ""pricechartingId"": null, ""tcgdexCardId"": null, ""tcgplayerProductId"": null}",catalogue_identity_retained,pokewallet_authenticated_acquire_path,run_pokewallet_authenticated_acquire_or_collector_scan,2026-10-09T10:03:49Z
pokemon|jp|23983|009/039|braixen,ja,23983,XY Beginning Set,009/039,Braixen,auth_only_source_no_alternate,"skip:api.pokewallet.io:pokewallet_auth_gated_no_bypass,skip:api.pokewallet.io:pokewallet_auth_gated_no_bypass,set_map:ambiguous_set_name:-",api.pokewallet.io,"{""pokemonTcgApiId"": null, ""pricechartingId"": null, ""tcgdexCardId"": null, ""tcgplayerProductId"": null}",catalogue_identity_retained,pokewallet_authenticated_acquire_path,run_pokewallet_authenticated_acquire_or_collector_scan,2026-10-09T10:03:49Z
pokemon|jp|23983|010/039|delphox,ja,23983,XY Beginning Set,010/039,Delphox,auth_only_source_no_alternate,"skip:api.pokewallet.io:pokewallet_auth_gated_no_bypass,skip:api.pokewallet.io:pokewallet_auth_gated_no_bypass,set_map:ambiguous_set_name:-",api.pokewallet.io,"{""pokemonTcgApiId"": null, ""pricechartingId"": null, ""tcgdexCardId"": null, ""tcgplayerProductId"": null}",catalogue_identity_retained,pokewallet_authenticated_acquire_path,run_pokewallet_authenticated_acquire_or_collector_scan,2026-10-09T10:03:49Z
pokemon|jp|23983|012/039|froakie,ja,23983,XY Beginning Set,012/039,Froakie,auth_only_source_no_alternate,"skip:api.pokewallet.io:pokewallet_auth_gated_no_bypass,skip:api.pokewallet.io:pokewallet_auth_gated_no_bypass,set_map:ambiguous_set_name:-",api.pokewallet.io,"{""pokemonTcgApiId"": null, ""pricechartingId"": null, ""tcgdexCardId"": null, ""tcgplayerProductId"": null}",catalogue_identity_retained,pokewallet_authenticated_acquire_path,run_pokewallet_authenticated_acquire_or_collector_scan,2026-10-09T10:03:49Z
pokemon|jp|23983|013/039|frogadier,ja,23983,XY Beginning Set,013/039,Frogadier,auth_only_source_no_alternate,"skip:api.pokewallet.io:pokewallet_auth_gated_no_bypass,skip:api.pokewallet.io:pokewallet_auth_gated_no_bypass,set_map:ambiguous_set_name:-",api.pokewallet.io,"{""pokemonTcgApiId"": null, ""pricechartingId"": null, ""tcgdexCardId"": null, ""tcgplayerProductId"": null}",catalogue_identity_retained,pokewallet_authenticated_acquire_path,run_pokewallet_authenticated_acquire_or_collector_scan,2026-10-09T10:03:49Z
pokemon|jp|23983|014/039|greninja,ja,23983,XY Beginning Set,014/039,Greninja,auth_only_source_no_alternate,"skip:api.pokewallet.io:pokewallet_auth_gated_no_bypass,skip:api.pokewallet.io:pokewallet_auth_gated_no_bypass,set_map:ambiguous_set_name:-",api.pokewallet.io,"{""pokemonTcgApiId"": null, ""pricechartingId"": null, ""tcgdexCardId"": null, ""tcgplayerProductId"": null}",catalogue_identity_retained,pokewallet_authenticated_acquire_path,run_pokewallet_authenticated_acquire_or_collector_scan,2026-10-09T10:03:49Z
pokemon|jp|23983|015/039|clauncher,ja,23983,XY Beginning Set,015/039,Clauncher,auth_only_source_no_alternate,"skip:api.pokewallet.io:pokewallet_auth_gated_no_bypass,skip:api.pokewallet.io:pokewallet_auth_gated_no_bypass,set_map:ambiguous_set_name:-",api.pokewallet.io,"{""pokemonTcgApiId"": null, ""pricechartingId"": null, ""tcgdexCardId"": null, ""tcgplayerProductId"": null}",catalogue_identity_retained,pokewallet_authenticated_acquire_path,run_pokewallet_authenticated_acquire_or_collector_scan,2026-10-09T10:03:49Z
pokemon|jp|23983|016/039|poochyena,ja,23983,XY Beginning Set,016/039,Poochyena,auth_only_source_no_alternate,"skip:api.pokewallet.io:pokewallet_auth_gated_no_bypass,skip:api.pokewallet.io:pokewallet_auth_gated_no_bypass,set_map:ambiguous_set_name:-",api.pokewallet.io,"{""pokemonTcgApiId"": null, ""pricechartingId"": null, ""tcgdexCardId"": null, ""tcgplayerProductId"": null}",catalogue_identity_retained,pokewallet_authenticated_acquire_path,run_pokewallet_authenticated_acquire_or_collector_scan,2026-10-09T10:03:49Z
pokemon|jp|23983|017/039|mightyena,ja,23983,XY Beginning Set,017/039,Mightyena,auth_only_source_no_alternate,"skip:api.pokewallet.io:pokewallet_auth_gated_no_bypass,skip:api.pokewallet.io:pokewallet_auth_gated_no_bypass,set_map:ambiguous_set_name:-",api.pokewallet.io,"{""pokemonTcgApiId"": null, ""pricechartingId"": null, ""tcgdexCardId"": null, ""tcgplayerProductId"": null}",catalogue_identity_retained,pokewallet_authenticated_acquire_path,run_pokewallet_authenticated_acquire_or_collector_scan,2026-10-09T10:03:49Z
pokemon|jp|23983|018/039|inkay,ja,23983,XY Beginning Set,018/039,Inkay,auth_only_source_no_alternate,"skip:api.pokewallet.io:pokewallet_auth_gated_no_bypass,skip:api.pokewallet.io:pokewallet_auth_gated_no_bypass,set_map:ambiguous_set_name:-",api.pokewallet.io,"{""pokemonTcgApiId"": null, ""pricechartingId"": null, ""tcgdexCardId"": null, ""tcgplayerProductId"": null}",catalogue_identity_retained,pokewallet_authenticated_acquire_path,run_pokewallet_authenticated_acquire_or_collector_scan,2026-10-09T10:03:49Z
pokemon|jp|23983|019/039|pawniard,ja,23983,XY Beginning Set,019/039,Pawniard,auth_only_source_no_alternate,"skip:api.pokewallet.io:pokewallet_auth_gated_no_bypass,skip:api.pokewallet.io:pokewallet_auth_gated_no_bypass,set_map:ambiguous_set_name:-",api.pokewallet.io,"{""pokemonTcgApiId"": null, ""pricechartingId"": null, ""tcgdexCardId"": null, ""tcgplayerProductId"": null}",catalogue_identity_retained,pokewallet_authenticated_acquire_path,run_pokewallet_authenticated_acquire_or_collector_scan,2026-10-09T10:03:49Z
pokemon|jp|23983|022/039|snubbull,ja,23983,XY Beginning Set,022/039,Snubbull,auth_only_source_no_alternate,"skip:api.pokewallet.io:pokewallet_auth_gated_no_bypass,skip:api.pokewallet.io:pokewallet_auth_gated_no_bypass,set_map:ambiguous_set_name:-",api.pokewallet.io,"{""pokemonTcgApiId"": null, ""pricechartingId"": null, ""tcgdexCardId"": null, ""tcgplayerProductId"": null}",catalogue_identity_retained,pokewallet_authenticated_acquire_path,run_pokewallet_authenticated_acquire_or_collector_scan,2026-10-09T10:03:49Z
pokemon|jp|23983|023/039|granbull,ja,23983,XY Beginning Set,023/039,Granbull,auth_only_source_no_alternate,"skip:api.pokewallet.io:pokewallet_auth_gated_no_bypass,skip:api.pokewallet.io:pokewallet_auth_gated_no_bypass,set_map:ambiguous_set_name:-",api.pokewallet.io,"{""pokemonTcgApiId"": null, ""pricechartingId"": null, ""tcgdexCardId"": null, ""tcgplayerProductId"": null}",catalogue_identity_retained,pokewallet_authenticated_acquire_path,run_pokewallet_authenticated_acquire_or_collector_scan,2026-10-09T10:03:49Z
pokemon|jp|23983|026/039|snorlax,ja,23983,XY Beginning Set,026/039,Snorlax,auth_only_source_no_alternate,"skip:api.pokewallet.io:pokewallet_auth_gated_no_bypass,skip:api.pokewallet.io:pokewallet_auth_gated_no_bypass,set_map:ambiguous_set_name:-",api.pokewallet.io,"{""pokemonTcgApiId"": null, ""pricechartingId"": null, ""tcgdexCardId"": null, ""tcgplayerProductId"": null}",catalogue_identity_retained,pokewallet_authenticated_acquire_path,run_pokewallet_authenticated_acquire_or_collector_scan,2026-10-09T10:03:49Z
pokemon|jp|23983|029/039|bidoof,ja,23983,XY Beginning Set,029/039,Bidoof,auth_only_source_no_alternate,"skip:api.pokewallet.io:pokewallet_auth_gated_no_bypass,skip:api.pokewallet.io:pokewallet_auth_gated_no_bypass,set_map:ambiguous_set_name:-",api.pokewallet.io,"{""pokemonTcgApiId"": null, ""pricechartingId"": null, ""tcgdexCardId"": null, ""tcgplayerProductId"": null}",catalogue_identity_retained,pokewallet_authenticated_acquire_path,run_pokewallet_authenticated_acquire_or_collector_scan,2026-10-09T10:03:49Z
pokemon|jp|23983|030/039|bunnelby,ja,23983,XY Beginning Set,030/039,Bunnelby,auth_only_source_no_alternate,"skip:api.pokewallet.io:pokewallet_auth_gated_no_bypass,skip:api.pokewallet.io:pokewallet_auth_gated_no_bypass,set_map:ambiguous_set_name:-",api.pokewallet.io,"{""pokemonTcgApiId"": null, ""pricechartingId"": null, ""tcgdexCardId"": null, ""tcgplayerProductId"": null}",catalogue_identity_retained,pokewallet_authenticated_acquire_path,run_pokewallet_authenticated_acquire_or_collector_scan,2026-10-09T10:03:49Z
pokemon|jp|23983|031/039|fletchling,ja,23983,XY Beginning Set,031/039,Fletchling,auth_only_source_no_alternate,"skip:api.pokewallet.io:pokewallet_auth_gated_no_bypass,skip:api.pokewallet.io:pokewallet_auth_gated_no_bypass,set_map:ambiguous_set_name:-",api.pokewallet.io,"{""pokemonTcgApiId"": null, ""pricechartingId"": null, ""tcgdexCardId"": null, ""tcgplayerProductId"": null}",catalogue_identity_retained,pokewallet_authenticated_acquire_path,run_pokewallet_authenticated_acquire_or_collector_scan,2026-10-09T10:03:49Z
pokemon|jp|23983|032/039|furfrou_032_039,ja,23983,XY Beginning Set,032/039,Furfrou 032 039,auth_only_source_no_alternate,"skip:api.pokewallet.io:pokewallet_auth_gated_no_bypass,skip:api.pokewallet.io:pokewallet_auth_gated_no_bypass,set_map:ambiguous_set_name:-",api.pokewallet.io,"{""pokemonTcgApiId"": null, ""pricechartingId"": null, ""tcgdexCardId"": null, ""tcgplayerProductId"": null}",catalogue_identity_retained,pokewallet_authenticated_acquire_path,run_pokewallet_authenticated_acquire_or_collector_scan,2026-10-09T10:03:49Z
pokemon|jp|23983|034/039|potion,ja,23983,XY Beginning Set,034/039,Potion,auth_only_source_no_alternate,"skip:api.pokewallet.io:pokewallet_auth_gated_no_bypass,skip:api.pokewallet.io:pokewallet_auth_gated_no_bypass,set_map:ambiguous_set_name:-",api.pokewallet.io,"{""pokemonTcgApiId"": null, ""pricechartingId"": null, ""tcgdexCardId"": null, ""tcgplayerProductId"": null}",catalogue_identity_retained,pokewallet_authenticated_acquire_path,run_pokewallet_authenticated_acquire_or_collector_scan,2026-10-09T10:03:49Z
pokemon|jp|23983|036/039|switch,ja,23983,XY Beginning Set,036/039,Switch,auth_only_source_no_alternate,"skip:api.pokewallet.io:pokewallet_auth_gated_no_bypass,skip:api.pokewallet.io:pokewallet_auth_gated_no_bypass,set_map:ambiguous_set_name:-",api.pokewallet.io,"{""pokemonTcgApiId"": null, ""pricechartingId"": null, ""tcgdexCardId"": null, ""tcgplayerProductId"": null}",catalogue_identity_retained,pokewallet_authenticated_acquire_path,run_pokewallet_authenticated_acquire_or_collector_scan,2026-10-09T10:03:49Z
pokemon|jp|23983|037/039|pokemon_catcher,ja,23983,XY Beginning Set,037/039,Pokemon Catcher,auth_only_source_no_alternate,"skip:api.pokewallet.io:pokewallet_auth_gated_no_bypass,skip:api.pokewallet.io:pokewallet_auth_gated_no_bypass,set_map:ambiguous_set_name:-",api.pokewallet.io,"{""pokemonTcgApiId"": null, ""pricechartingId"": null, ""tcgdexCardId"": null, ""tcgplayerProductId"": null}",catalogue_identity_retained,pokewallet_authenticated_acquire_path,run_pokewallet_authenticated_acquire_or_collector_scan,2026-10-09T10:03:49Z
pokemon|jp|23983|038/039|poke_ball,ja,23983,XY Beginning Set,038/039,Poke Ball,auth_only_source_no_alternate,"skip:api.pokewallet.io:pokewallet_auth_gated_no_bypass,skip:api.pokewallet.io:pokewallet_auth_gated_no_bypass,set_map:ambiguous_set_name:-",api.pokewallet.io,"{""pokemonTcgApiId"": null, ""pricechartingId"": null, ""tcgdexCardId"": null, ""tcgplayerProductId"": null}",catalogue_identity_retained,pokewallet_authenticated_acquire_path,run_pokewallet_authenticated_acquire_or_collector_scan,2026-10-09T10:03:49Z
pokemon|jp|23983|039/039|tierno,ja,23983,XY Beginning Set,039/039,Tierno,auth_only_source_no_alternate,"skip:api.pokewallet.io:pokewallet_auth_gated_no_bypass,skip:api.pokewallet.io:pokewallet_auth_gated_no_bypass,set_map:ambiguous_set_name:-",api.pokewallet.io,"{""pokemonTcgApiId"": null, ""pricechartingId"": null, ""tcgdexCardId"": null, ""tcgplayerProductId"": null}",catalogue_identity_retained,pokewallet_authenticated_acquire_path,run_pokewallet_authenticated_acquire_or_collector_scan,2026-10-09T10:03:49Z
pokemon|jp|23985|001/049|charizard_ex,ja,23985,M Master Deck Build Box Power Style,001/049,Charizard EX,auth_only_source_no_alternate,"skip:api.pokewallet.io:pokewallet_auth_gated_no_bypass,skip:api.pokewallet.io:pokewallet_auth_gated_no_bypass,set_map:ambiguous_set_name:-",api.pokewallet.io,"{""pokemonTcgApiId"": null, ""pricechartingId"": null, ""tcgdexCardId"": null, ""tcgplayerProductId"": null}",catalogue_identity_retained,pokewallet_authenticated_acquire_path,run_pokewallet_authenticated_acquire_or_collector_scan,2026-10-09T10:03:49Z
pokemon|jp|23985|002/049|fennekin,ja,23985,M Master Deck Build Box Power Style,002/049,Fennekin,auth_only_source_no_alternate,"skip:api.pokewallet.io:pokewallet_auth_gated_no_bypass,skip:api.pokewallet.io:pokewallet_auth_gated_no_bypass,set_map:ambiguous_set_name:-",api.pokewallet.io,"{""pokemonTcgApiId"": null, ""pricechartingId"": null, ""tcgdexCardId"": null, ""tcgplayerProductId"": null}",catalogue_identity_retained,pokewallet_authenticated_acquire_path,run_pokewallet_authenticated_acquire_or_collector_scan,2026-10-09T10:03:49Z
pokemon|jp|23985|003/049|braixen,ja,23985,M Master Deck Build Box Power Style,003/049,Braixen,auth_only_source_no_alternate,"skip:api.pokewallet.io:pokewallet_auth_gated_no_bypass,skip:api.pokewallet.io:pokewallet_auth_gated_no_bypass,set_map:ambiguous_set_name:-",api.pokewallet.io,"{""pokemonTcgApiId"": null, ""pricechartingId"": null, ""tcgdexCardId"": null, ""tcgplayerProductId"": null}",catalogue_identity_retained,pokewallet_authenticated_acquire_path,run_pokewallet_authenticated_acquire_or_collector_scan,2026-10-09T10:03:49Z
pokemon|jp|23985|004/049|delphox,ja,23985,M Master Deck Build Box Power Style,004/049,Delphox,auth_only_source_no_alternate,"skip:api.pokewallet.io:pokewallet_auth_gated_no_bypass,skip:api.pokewallet.io:pokewallet_auth_gated_no_bypass,set_map:ambiguous_set_name:-",api.pokewallet.io,"{""pokemonTcgApiId"": null, ""pricechartingId"": null, ""tcgdexCardId"": null, ""tcgplayerProductId"": null}",catalogue_identity_retained,pokewallet_authenticated_acquire_path,run_pokewallet_authenticated_acquire_or_collector_scan,2026-10-09T10:03:49Z
pokemon|jp|23985|005/049|litleo,ja,23985,M Master Deck Build Box Power Style,005/049,Litleo,auth_only_source_no_alternate,"skip:api.pokewallet.io:pokewallet_auth_gated_no_bypass,skip:api.pokewallet.io:pokewallet_auth_gated_no_bypass,set_map:ambiguous_set_name:-",api.pokewallet.io,"{""pokemonTcgApiId"": null, ""pricechartingId"": null, ""tcgdexCardId"": null, ""tcgplayerProductId"": null}",catalogue_identity_retained,pokewallet_authenticated_acquire_path,run_pokewallet_authenticated_acquire_or_collector_scan,2026-10-09T10:03:49Z
pokemon|jp|23985|006/049|pyroar,ja,23985,M Master Deck Build Box Power Style,006/049,Pyroar,auth_only_source_no_alternate,"skip:api.pokewallet.io:pokewallet_auth_gated_no_bypass,skip:api.pokewallet.io:pokewallet_auth_gated_no_bypass,set_map:ambiguous_set_name:-",api.pokewallet.io,"{""pokemonTcgApiId"": null, ""pricechartingId"": null, ""tcgdexCardId"": null, ""tcgplayerProductId"": null}",catalogue_identity_retained,pokewallet_authenticated_acquire_path,run_pokewallet_authenticated_acquire_or_collector_scan,2026-10-09T10:03:49Z
pokemon|jp|23985|007/049|zubat,ja,23985,M Master Deck Build Box Power Style,007/049,Zubat,auth_only_source_no_alternate,"skip:api.pokewallet.io:pokewallet_auth_gated_no_bypass,skip:api.pokewallet.io:pokewallet_auth_gated_no_bypass,set_map:ambiguous_set_name:-",api.pokewallet.io,"{""pokemonTcgApiId"": null, ""pricechartingId"": null, ""tcgdexCardId"": null, ""tcgplayerProductId"": null}",catalogue_identity_retained,pokewallet_authenticated_acquire_path,run_pokewallet_authenticated_acquire_or_collector_scan,2026-10-09T10:03:49Z
pokemon|jp|23985|008/049|golbat,ja,23985,M Master Deck Build Box Power Style,008/049,Golbat,auth_only_source_no_alternate,"skip:api.pokewallet.io:pokewallet_auth_gated_no_bypass,skip:api.pokewallet.io:pokewallet_auth_gated_no_bypass,set_map:ambiguous_set_name:-",api.pokewallet.io,"{""pokemonTcgApiId"": null, ""pricechartingId"": null, ""tcgdexCardId"": null, ""tcgplayerProductId"": null}",catalogue_identity_retained,pokewallet_authenticated_acquire_path,run_pokewallet_authenticated_acquire_or_collector_scan,2026-10-09T10:03:49Z
pokemon|jp|23985|011/049|gengar,ja,23985,M Master Deck Build Box Power Style,011/049,Gengar,auth_only_source_no_alternate,"skip:api.pokewallet.io:pokewallet_auth_gated_no_bypass,skip:api.pokewallet.io:pokewallet_auth_gated_no_bypass,set_map:ambiguous_set_name:-",api.pokewallet.io,"{""pokemonTcgApiId"": null, ""pricechartingId"": null, ""tcgdexCardId"": null, ""tcgplayerProductId"": null}",catalogue_identity_retained,pokewallet_authenticated_acquire_path,run_pokewallet_authenticated_acquire_or_collector_scan,2026-10-09T10:03:49Z
pokemon|jp|23985|013/049|machop,ja,23985,M Master Deck Build Box Power Style,013/049,Machop,auth_only_source_no_alternate,"skip:api.pokewallet.io:pokewallet_auth_gated_no_bypass,skip:api.pokewallet.io:pokewallet_auth_gated_no_bypass,set_map:ambiguous_set_name:-",api.pokewallet.io,"{""pokemonTcgApiId"": null, ""pricechartingId"": null, ""tcgdexCardId"": null, ""tcgplayerProductId"": null}",catalogue_identity_retained,pokewallet_authenticated_acquire_path,run_pokewallet_authenticated_acquire_or_collector_scan,2026-10-09T10:03:49Z
pokemon|jp|23985|014/049|machoke,ja,23985,M Master Deck Build Box Power Style,014/049,Machoke,auth_only_source_no_alternate,"skip:api.pokewallet.io:pokewallet_auth_gated_no_bypass,skip:api.pokewallet.io:pokewallet_auth_gated_no_bypass,set_map:ambiguous_set_name:-",api.pokewallet.io,"{""pokemonTcgApiId"": null, ""pricechartingId"": null, ""tcgdexCardId"": null, ""tcgplayerProductId"": null}",catalogue_identity_retained,pokewallet_authenticated_acquire_path,run_pokewallet_authenticated_acquire_or_collector_scan,2026-10-09T10:03:49Z
pokemon|jp|23985|015/049|machamp,ja,23985,M Master Deck Build Box Power Style,015/049,Machamp,auth_only_source_no_alternate,"skip:api.pokewallet.io:pokewallet_auth_gated_no_bypass,skip:api.pokewallet.io:pokewallet_auth_gated_no_bypass,set_map:ambiguous_set_name:-",api.pokewallet.io,"{""pokemonTcgApiId"": null, ""pricechartingId"": null, ""tcgdexCardId"": null, ""tcgplayerProductId"": null}",catalogue_identity_retained,pokewallet_authenticated_acquire_path,run_pokewallet_authenticated_acquire_or_collector_scan,2026-10-09T10:03:49Z
pokemon|jp|23985|016/049|groudon_ex,ja,23985,M Master Deck Build Box Power Style,016/049,Groudon EX,auth_only_source_no_alternate,"skip:api.pokewallet.io:pokewallet_auth_gated_no_bypass,skip:api.pokewallet.io:pokewallet_auth_gated_no_bypass,set_map:ambiguous_set_name:-",api.pokewallet.io,"{""pokemonTcgApiId"": null, ""pricechartingId"": null, ""tcgdexCardId"": null, ""tcgplayerProductId"": null}",catalogue_identity_retained,pokewallet_authenticated_acquire_path,run_pokewallet_authenticated_acquire_or_collector_scan,2026-10-09T10:03:49Z
pokemon|jp|23985|017/049|primal_groudon_ex,ja,23985,M Master Deck Build Box Power Style,017/049,Primal Groudon EX,auth_only_source_no_alternate,"skip:api.pokewallet.io:pokewallet_auth_gated_no_bypass,skip:api.pokewallet.io:pokewallet_auth_gated_no_bypass,set_map:ambiguous_set_name:-",api.pokewallet.io,"{""pokemonTcgApiId"": null, ""pricechartingId"": null, ""tcgdexCardId"": null, ""tcgplayerProductId"": null}",catalogue_identity_retained,pokewallet_authenticated_acquire_path,run_pokewallet_authenticated_acquire_or_collector_scan,2026-10-09T10:03:49Z
pokemon|jp|23985|020/049|spritzee,ja,23985,M Master Deck Build Box Power Style,020/049,Spritzee,auth_only_source_no_alternate,"skip:api.pokewallet.io:pokewallet_auth_gated_no_bypass,skip:api.pokewallet.io:pokewallet_auth_gated_no_bypass,set_map:ambiguous_set_name:-",api.pokewallet.io,"{""pokemonTcgApiId"": null, ""pricechartingId"": null, ""tcgdexCardId"": null, ""tcgplayerProductId"": null}",catalogue_identity_retained,pokewallet_authenticated_acquire_path,run_pokewallet_authenticated_acquire_or_collector_scan,2026-10-09T10:03:49Z
pokemon|jp|23985|021/049|aromatisse,ja,23985,M Master Deck Build Box Power Style,021/049,Aromatisse,auth_only_source_no_alternate,"skip:api.pokewallet.io:pokewallet_auth_gated_no_bypass,skip:api.pokewallet.io:pokewallet_auth_gated_no_bypass,set_map:ambiguous_set_name:-",api.pokewallet.io,"{""pokemonTcgApiId"": null, ""pricechartingId"": null, ""tcgdexCardId"": null, ""tcgplayerProductId"": null}",catalogue_identity_retained,pokewallet_authenticated_acquire_path,run_pokewallet_authenticated_acquire_or_collector_scan,2026-10-09T10:03:49Z
pokemon|jp|23985|023/049|xerneas_ex,ja,23985,M Master Deck Build Box Power Style,023/049,Xerneas EX,auth_only_source_no_alternate,"skip:api.pokewallet.io:pokewallet_auth_gated_no_bypass,skip:api.pokewallet.io:pokewallet_auth_gated_no_bypass,set_map:ambiguous_set_name:-",api.pokewallet.io,"{""pokemonTcgApiId"": null, ""pricechartingId"": null, ""tcgdexCardId"": null, ""tcgplayerProductId"": null}",catalogue_identity_retained,pokewallet_authenticated_acquire_path,run_pokewallet_authenticated_acquire_or_collector_scan,2026-10-09T10:03:49Z
pokemon|jp|23985|024/049|kangaskhan_ex,ja,23985,M Master Deck Build Box Power Style,024/049,Kangaskhan EX,auth_only_source_no_alternate,"skip:api.pokewallet.io:pokewallet_auth_gated_no_bypass,skip:api.pokewallet.io:pokewallet_auth_gated_no_bypass,set_map:ambiguous_set_name:-",api.pokewallet.io,"{""pokemonTcgApiId"": null, ""pricechartingId"": null, ""tcgdexCardId"": null, ""tcgplayerProductId"": null}",catalogue_identity_retained,pokewallet_authenticated_acquire_path,run_pokewallet_authenticated_acquire_or_collector_scan,2026-10-09T10:03:49Z
pokemon|jp|23985|025/049|miltank,ja,23985,M Master Deck Build Box Power Style,025/049,Miltank,auth_only_source_no_alternate,"skip:api.pokewallet.io:pokewallet_auth_gated_no_bypass,skip:api.pokewallet.io:pokewallet_auth_gated_no_bypass,set_map:ambiguous_set_name:-",api.pokewallet.io,"{""pokemonTcgApiId"": null, ""pricechartingId"": null, ""tcgdexCardId"": null, ""tcgplayerProductId"": null}",catalogue_identity_retained,pokewallet_authenticated_acquire_path,run_pokewallet_authenticated_acquire_or_collector_scan,2026-10-09T10:03:49Z
pokemon|jp|23985|029/049|professors_letter,ja,23985,M Master Deck Build Box Power Style,029/049,Professors Letter,auth_only_source_no_alternate,"skip:api.pokewallet.io:pokewallet_auth_gated_no_bypass,skip:api.pokewallet.io:pokewallet_auth_gated_no_bypass,set_map:ambiguous_set_name:-",api.pokewallet.io,"{""pokemonTcgApiId"": null, ""pricechartingId"": null, ""tcgdexCardId"": null, ""tcgplayerProductId"": null}",catalogue_identity_retained,pokewallet_authenticated_acquire_path,run_pokewallet_authenticated_acquire_or_collector_scan,2026-10-09T10:03:49Z
pokemon|jp|23985|034/049|robo_substitute,ja,23985,M Master Deck Build Box Power Style,034/049,Robo Substitute,auth_only_source_no_alternate,"skip:api.pokewallet.io:pokewallet_auth_gated_no_bypass,skip:api.pokewallet.io:pokewallet_auth_gated_no_bypass,set_map:ambiguous_set_name:-",api.pokewallet.io,"{""pokemonTcgApiId"": null, ""pricechartingId"": null, ""tcgdexCardId"": null, ""tcgplayerProductId"": null}",catalogue_identity_retained,pokewallet_authenticated_acquire_path,run_pokewallet_authenticated_acquire_or_collector_scan,2026-10-09T10:03:49Z
pokemon|jp|23985|037/049|groudon_spirit_link,ja,23985,M Master Deck Build Box Power Style,037/049,Groudon Spirit Link,auth_only_source_no_alternate,"skip:api.pokewallet.io:pokewallet_auth_gated_no_bypass,skip:api.pokewallet.io:pokewallet_auth_gated_no_bypass,set_map:ambiguous_set_name:-",api.pokewallet.io,"{""pokemonTcgApiId"": null, ""pricechartingId"": null, ""tcgdexCardId"": null, ""tcgplayerProductId"": null}",catalogue_identity_retained,pokewallet_authenticated_acquire_path,run_pokewallet_authenticated_acquire_or_collector_scan,2026-10-09T10:03:49Z
pokemon|jp|23985|041/049|shauna,ja,23985,M Master Deck Build Box Power Style,041/049,Shauna,auth_only_source_no_alternate,"skip:api.pokewallet.io:pokewallet_auth_gated_no_bypass,skip:api.pokewallet.io:pokewallet_auth_gated_no_bypass,set_map:ambiguous_set_name:-",api.pokewallet.io,"{""pokemonTcgApiId"": null, ""pricechartingId"": null, ""tcgdexCardId"": null, ""tcgplayerProductId"": null}",catalogue_identity_retained,pokewallet_authenticated_acquire_path,run_pokewallet_authenticated_acquire_or_collector_scan,2026-10-09T10:03:49Z
pokemon|jp|23985|043/049|professor_sycamore,ja,23985,M Master Deck Build Box Power Style,043/049,Professor Sycamore,auth_only_source_no_alternate,"skip:api.pokewallet.io:pokewallet_auth_gated_no_bypass,skip:api.pokewallet.io:pokewallet_auth_gated_no_bypass,set_map:ambiguous_set_name:-",api.pokewallet.io,"{""pokemonTcgApiId"": null, ""pricechartingId"": null, ""tcgdexCardId"": null, ""tcgplayerProductId"": null}",catalogue_identity_retained,pokewallet_authenticated_acquire_path,run_pokewallet_authenticated_acquire_or_collector_scan,2026-10-09T10:03:49Z
pokemon|jp|23985|048/049|strong_energy,ja,23985,M Master Deck Build Box Power Style,048/049,Strong Energy,auth_only_source_no_alternate,"skip:api.pokewallet.io:pokewallet_auth_gated_no_bypass,skip:api.pokewallet.io:pokewallet_auth_gated_no_bypass,set_map:ambiguous_set_name:-",api.pokewallet.io,"{""pokemonTcgApiId"": null, ""pricechartingId"": null, ""tcgdexCardId"": null, ""tcgplayerProductId"": null}",catalogue_identity_retained,pokewallet_authenticated_acquire_path,run_pokewallet_authenticated_acquire_or_collector_scan,2026-10-09T10:03:49Z
pokemon|jp|23986|003/049|sceptile,ja,23986,M Master Deck Build Box Speed Style,003/049,Sceptile,auth_only_source_no_alternate,"skip:api.pokewallet.io:pokewallet_auth_gated_no_bypass,skip:api.pokewallet.io:pokewallet_auth_gated_no_bypass,set_map:ambiguous_set_name:-",api.pokewallet.io,"{""pokemonTcgApiId"": null, ""pricechartingId"": null, ""tcgdexCardId"": null, ""tcgplayerProductId"": null}",catalogue_identity_retained,pokewallet_authenticated_acquire_path,run_pokewallet_authenticated_acquire_or_collector_scan,2026-10-09T10:03:49Z
pokemon|jp|23986|004/049|trevenant_ex,ja,23986,M Master Deck Build Box Speed Style,004/049,Trevenant EX,auth_only_source_no_alternate,"skip:api.pokewallet.io:pokewallet_auth_gated_no_bypass,skip:api.pokewallet.io:pokewallet_auth_gated_no_bypass,set_map:ambiguous_set_name:-",api.pokewallet.io,"{""pokemonTcgApiId"": null, ""pricechartingId"": null, ""tcgdexCardId"": null, ""tcgplayerProductId"": null}",catalogue_identity_retained,pokewallet_authenticated_acquire_path,run_pokewallet_authenticated_acquire_or_collector_scan,2026-10-09T10:03:49Z
pokemon|jp|23986|007/049|huntail,ja,23986,M Master Deck Build Box Speed Style,007/049,Huntail,auth_only_source_no_alternate,"skip:api.pokewallet.io:pokewallet_auth_gated_no_bypass,skip:api.pokewallet.io:pokewallet_auth_gated_no_bypass,set_map:ambiguous_set_name:-",api.pokewallet.io,"{""pokemonTcgApiId"": null, ""pricechartingId"": null, ""tcgdexCardId"": null, ""tcgplayerProductId"": null}",catalogue_identity_retained,pokewallet_authenticated_acquire_path,run_pokewallet_authenticated_acquire_or_collector_scan,2026-10-09T10:03:49Z
pokemon|jp|23986|008/049|kyogre_ex,ja,23986,M Master Deck Build Box Speed Style,008/049,Kyogre EX,auth_only_source_no_alternate,"skip:api.pokewallet.io:pokewallet_auth_gated_no_bypass,skip:api.pokewallet.io:pokewallet_auth_gated_no_bypass,set_map:ambiguous_set_name:-",api.pokewallet.io,"{""pokemonTcgApiId"": null, ""pricechartingId"": null, ""tcgdexCardId"": null, ""tcgplayerProductId"": null}",catalogue_identity_retained,pokewallet_authenticated_acquire_path,run_pokewallet_authenticated_acquire_or_collector_scan,2026-10-09T10:03:49Z
pokemon|jp|23986|010/049|seismitoad_ex,ja,23986,M Master Deck Build Box Speed Style,010/049,Seismitoad EX,auth_only_source_no_alternate,"skip:api.pokewallet.io:pokewallet_auth_gated_no_bypass,skip:api.pokewallet.io:pokewallet_auth_gated_no_bypass,set_map:ambiguous_set_name:-",api.pokewallet.io,"{""pokemonTcgApiId"": null, ""pricechartingId"": null, ""tcgdexCardId"": null, ""tcgplayerProductId"": null}",catalogue_identity_retained,pokewallet_authenticated_acquire_path,run_pokewallet_authenticated_acquire_or_collector_scan,2026-10-09T10:03:49Z
pokemon|jp|23986|012/049|raichu,ja,23986,M Master Deck Build Box Speed Style,012/049,Raichu,auth_only_source_no_alternate,"skip:api.pokewallet.io:pokewallet_auth_gated_no_bypass,skip:api.pokewallet.io:pokewallet_auth_gated_no_bypass,set_map:ambiguous_set_name:-",api.pokewallet.io,"{""pokemonTcgApiId"": null, ""pricechartingId"": null, ""tcgdexCardId"": null, ""tcgplayerProductId"": null}",catalogue_identity_retained,pokewallet_authenticated_acquire_path,run_pokewallet_authenticated_acquire_or_collector_scan,2026-10-09T10:03:49Z
pokemon|jp|23986|013/049|manectric_ex,ja,23986,M Master Deck Build Box Speed Style,013/049,Manectric EX,auth_only_source_no_alternate,"skip:api.pokewallet.io:pokewallet_auth_gated_no_bypass,skip:api.pokewallet.io:pokewallet_auth_gated_no_bypass,set_map:ambiguous_set_name:-",api.pokewallet.io,"{""pokemonTcgApiId"": null, ""pricechartingId"": null, ""tcgdexCardId"": null, ""tcgplayerProductId"": null}",catalogue_identity_retained,pokewallet_authenticated_acquire_path,run_pokewallet_authenticated_acquire_or_collector_scan,2026-10-09T10:03:49Z
pokemon|jp|23986|016/049|yveltal_ex,ja,23986,M Master Deck Build Box Speed Style,016/049,Yveltal EX,auth_only_source_no_alternate,"skip:api.pokewallet.io:pokewallet_auth_gated_no_bypass,skip:api.pokewallet.io:pokewallet_auth_gated_no_bypass,set_map:ambiguous_set_name:-",api.pokewallet.io,"{""pokemonTcgApiId"": null, ""pricechartingId"": null, ""tcgdexCardId"": null, ""tcgplayerProductId"": null}",catalogue_identity_retained,pokewallet_authenticated_acquire_path,run_pokewallet_authenticated_acquire_or_collector_scan,2026-10-09T10:03:49Z
pokemon|jp|23986|019/049|bronzong,ja,23986,M Master Deck Build Box Speed Style,019/049,Bronzong,auth_only_source_no_alternate,"skip:api.pokewallet.io:pokewallet_auth_gated_no_bypass,skip:api.pokewallet.io:pokewallet_auth_gated_no_bypass,set_map:ambiguous_set_name:-",api.pokewallet.io,"{""pokemonTcgApiId"": null, ""pricechartingId"": null, ""tcgdexCardId"": null, ""tcgplayerProductId"": null}",catalogue_identity_retained,pokewallet_authenticated_acquire_path,run_pokewallet_authenticated_acquire_or_collector_scan,2026-10-09T10:03:49Z
pokemon|jp|23986|020/049|dialga_ex,ja,23986,M Master Deck Build Box Speed Style,020/049,Dialga EX,auth_only_source_no_alternate,"skip:api.pokewallet.io:pokewallet_auth_gated_no_bypass,skip:api.pokewallet.io:pokewallet_auth_gated_no_bypass,set_map:ambiguous_set_name:-",api.pokewallet.io,"{""pokemonTcgApiId"": null, ""pricechartingId"": null, ""tcgdexCardId"": null, ""tcgplayerProductId"": null}",catalogue_identity_retained,pokewallet_authenticated_acquire_path,run_pokewallet_authenticated_acquire_or_collector_scan,2026-10-09T10:03:49Z
pokemon|jp|23986|021/049|heatran,ja,23986,M Master Deck Build Box Speed Style,021/049,Heatran,auth_only_source_no_alternate,"skip:api.pokewallet.io:pokewallet_auth_gated_no_bypass,skip:api.pokewallet.io:pokewallet_auth_gated_no_bypass,set_map:ambiguous_set_name:-",api.pokewallet.io,"{""pokemonTcgApiId"": null, ""pricechartingId"": null, ""tcgdexCardId"": null, ""tcgplayerProductId"": null}",catalogue_identity_retained,pokewallet_authenticated_acquire_path,run_pokewallet_authenticated_acquire_or_collector_scan,2026-10-09T10:03:49Z
pokemon|jp|23986|022/049|deino,ja,23986,M Master Deck Build Box Speed Style,022/049,Deino,auth_only_source_no_alternate,"skip:api.pokewallet.io:pokewallet_auth_gated_no_bypass,skip:api.pokewallet.io:pokewallet_auth_gated_no_bypass,set_map:ambiguous_set_name:-",api.pokewallet.io,"{""pokemonTcgApiId"": null, ""pricechartingId"": null, ""tcgdexCardId"": null, ""tcgplayerProductId"": null}",catalogue_identity_retained,pokewallet_authenticated_acquire_path,run_pokewallet_authenticated_acquire_or_collector_scan,2026-10-09T10:03:49Z
pokemon|jp|23986|023/049|hydreigon,ja,23986,M Master Deck Build Box Speed Style,023/049,Hydreigon,auth_only_source_no_alternate,"skip:api.pokewallet.io:pokewallet_auth_gated_no_bypass,skip:api.pokewallet.io:pokewallet_auth_gated_no_bypass,set_map:ambiguous_set_name:-",api.pokewallet.io,"{""pokemonTcgApiId"": null, ""pricechartingId"": null, ""tcgdexCardId"": null, ""tcgplayerProductId"": null}",catalogue_identity_retained,pokewallet_authenticated_acquire_path,run_pokewallet_authenticated_acquire_or_collector_scan,2026-10-09T10:03:49Z
pokemon|jp|23986|026/049|regigigas,ja,23986,M Master Deck Build Box Speed Style,026/049,Regigigas,auth_only_source_no_alternate,"skip:api.pokewallet.io:pokewallet_auth_gated_no_bypass,skip:api.pokewallet.io:pokewallet_auth_gated_no_bypass,set_map:ambiguous_set_name:-",api.pokewallet.io,"{""pokemonTcgApiId"": null, ""pricechartingId"": null, ""tcgdexCardId"": null, ""tcgplayerProductId"": null}",catalogue_identity_retained,pokewallet_authenticated_acquire_path,run_pokewallet_authenticated_acquire_or_collector_scan,2026-10-09T10:03:49Z
pokemon|jp|23986|027/049|furfrou,ja,23986,M Master Deck Build Box Speed Style,027/049,Furfrou,auth_only_source_no_alternate,"skip:api.pokewallet.io:pokewallet_auth_gated_no_bypass,skip:api.pokewallet.io:pokewallet_auth_gated_no_bypass,set_map:ambiguous_set_name:-",api.pokewallet.io,"{""pokemonTcgApiId"": null, ""pricechartingId"": null, ""tcgdexCardId"": null, ""tcgplayerProductId"": null}",catalogue_identity_retained,pokewallet_authenticated_acquire_path,run_pokewallet_authenticated_acquire_or_collector_scan,2026-10-09T10:03:49Z
pokemon|jp|23986|032/049|vs_seeker,ja,23986,M Master Deck Build Box Speed Style,032/049,VS Seeker,auth_only_source_no_alternate,"skip:api.pokewallet.io:pokewallet_auth_gated_no_bypass,skip:api.pokewallet.io:pokewallet_auth_gated_no_bypass,set_map:ambiguous_set_name:-",api.pokewallet.io,"{""pokemonTcgApiId"": null, ""pricechartingId"": null, ""tcgdexCardId"": null, ""tcgplayerProductId"": null}",catalogue_identity_retained,pokewallet_authenticated_acquire_path,run_pokewallet_authenticated_acquire_or_collector_scan,2026-10-09T10:03:49Z
pokemon|jp|23986|034/049|switch,ja,23986,M Master Deck Build Box Speed Style,034/049,Switch,auth_only_source_no_alternate,"skip:api.pokewallet.io:pokewallet_auth_gated_no_bypass,skip:api.pokewallet.io:pokewallet_auth_gated_no_bypass,set_map:ambiguous_set_name:-",api.pokewallet.io,"{""pokemonTcgApiId"": null, ""pricechartingId"": null, ""tcgdexCardId"": null, ""tcgplayerProductId"": null}",catalogue_identity_retained,pokewallet_authenticated_acquire_path,run_pokewallet_authenticated_acquire_or_collector_scan,2026-10-09T10:03:49Z
pokemon|jp|23986|040/049|head_ringer_team_flare_hyper_gear,ja,23986,M Master Deck Build Box Speed Style,040/049,Head Ringer Team Flare Hyper Gear,auth_only_source_no_alternate,"skip:api.pokewallet.io:pokewallet_auth_gated_no_bypass,skip:api.pokewallet.io:pokewallet_auth_gated_no_bypass,set_map:ambiguous_set_name:-",api.pokewallet.io,"{""pokemonTcgApiId"": null, ""pricechartingId"": null, ""tcgdexCardId"": null, ""tcgplayerProductId"": null}",catalogue_identity_retained,pokewallet_authenticated_acquire_path,run_pokewallet_authenticated_acquire_or_collector_scan,2026-10-09T10:03:49Z
pokemon|jp|23986|042/049|tierno,ja,23986,M Master Deck Build Box Speed Style,042/049,Tierno,auth_only_source_no_alternate,"skip:api.pokewallet.io:pokewallet_auth_gated_no_bypass,skip:api.pokewallet.io:pokewallet_auth_gated_no_bypass,set_map:ambiguous_set_name:-",api.pokewallet.io,"{""pokemonTcgApiId"": null, ""pricechartingId"": null, ""tcgdexCardId"": null, ""tcgplayerProductId"": null}",catalogue_identity_retained,pokewallet_authenticated_acquire_path,run_pokewallet_authenticated_acquire_or_collector_scan,2026-10-09T10:03:49Z
pokemon|jp|23986|045/049|pokemon_fan_club,ja,23986,M Master Deck Build Box Speed Style,045/049,Pokemon Fan Club,auth_only_source_no_alternate,"skip:api.pokewallet.io:pokewallet_auth_gated_no_bypass,skip:api.pokewallet.io:pokewallet_auth_gated_no_bypass,set_map:ambiguous_set_name:-",api.pokewallet.io,"{""pokemonTcgApiId"": null, ""pricechartingId"": null, ""tcgdexCardId"": null, ""tcgplayerProductId"": null}",catalogue_identity_retained,pokewallet_authenticated_acquire_path,run_pokewallet_authenticated_acquire_or_collector_scan,2026-10-09T10:03:49Z
pokemon|jp|24028|001/015|roselia,ja,24028,Leafeon vs Metagross Expert Deck (Leafeon),001/015,Roselia,auth_only_source_no_alternate,"skip:api.pokewallet.io:pokewallet_auth_gated_no_bypass,skip:api.pokewallet.io:pokewallet_auth_gated_no_bypass,set_map:ambiguous_set_name:-",api.pokewallet.io,"{""pokemonTcgApiId"": null, ""pricechartingId"": null, ""tcgdexCardId"": null, ""tcgplayerProductId"": null}",catalogue_identity_retained,pokewallet_authenticated_acquire_path,run_pokewallet_authenticated_acquire_or_collector_scan,2026-10-09T10:03:49Z
pokemon|jp|24028|002/015|roserade,ja,24028,Leafeon vs Metagross Expert Deck (Leafeon),002/015,Roserade,auth_only_source_no_alternate,"skip:api.pokewallet.io:pokewallet_auth_gated_no_bypass,skip:api.pokewallet.io:pokewallet_auth_gated_no_bypass,set_map:ambiguous_set_name:-",api.pokewallet.io,"{""pokemonTcgApiId"": null, ""pricechartingId"": null, ""tcgdexCardId"": null, ""tcgplayerProductId"": null}",catalogue_identity_retained,pokewallet_authenticated_acquire_path,run_pokewallet_authenticated_acquire_or_collector_scan,2026-10-09T10:03:49Z
pokemon|jp|24028|004/015|leafeon,ja,24028,Leafeon vs Metagross Expert Deck (Leafeon),004/015,Leafeon,auth_only_source_no_alternate,"skip:api.pokewallet.io:pokewallet_auth_gated_no_bypass,skip:api.pokewallet.io:pokewallet_auth_gated_no_bypass,set_map:ambiguous_set_name:-",api.pokewallet.io,"{""pokemonTcgApiId"": null, ""pricechartingId"": null, ""tcgdexCardId"": null, ""tcgplayerProductId"": null}",catalogue_identity_retained,pokewallet_authenticated_acquire_path,run_pokewallet_authenticated_acquire_or_collector_scan,2026-10-09T10:03:49Z
pokemon|jp|24028|007/015|eevee,ja,24028,Leafeon vs Metagross Expert Deck (Leafeon),007/015,Eevee,auth_only_source_no_alternate,"skip:api.pokewallet.io:pokewallet_auth_gated_no_bypass,skip:api.pokewallet.io:pokewallet_auth_gated_no_bypass,set_map:ambiguous_set_name:-",api.pokewallet.io,"{""pokemonTcgApiId"": null, ""pricechartingId"": null, ""tcgdexCardId"": null, ""tcgplayerProductId"": null}",catalogue_identity_retained,pokewallet_authenticated_acquire_path,run_pokewallet_authenticated_acquire_or_collector_scan,2026-10-09T10:03:49Z
pokemon|jp|24028|008/015|good_rod,ja,24028,Leafeon vs Metagross Expert Deck (Leafeon),008/015,Good Rod,auth_only_source_no_alternate,"skip:api.pokewallet.io:pokewallet_auth_gated_no_bypass,skip:api.pokewallet.io:pokewallet_auth_gated_no_bypass,set_map:ambiguous_set_name:-",api.pokewallet.io,"{""pokemonTcgApiId"": null, ""pricechartingId"": null, ""tcgdexCardId"": null, ""tcgplayerProductId"": null}",catalogue_identity_retained,pokewallet_authenticated_acquire_path,run_pokewallet_authenticated_acquire_or_collector_scan,2026-10-09T10:03:49Z
pokemon|jp|24028|009/015|super_scoop_up,ja,24028,Leafeon vs Metagross Expert Deck (Leafeon),009/015,Super Scoop Up,auth_only_source_no_alternate,"skip:api.pokewallet.io:pokewallet_auth_gated_no_bypass,skip:api.pokewallet.io:pokewallet_auth_gated_no_bypass,set_map:ambiguous_set_name:-",api.pokewallet.io,"{""pokemonTcgApiId"": null, ""pricechartingId"": null, ""tcgdexCardId"": null, ""tcgplayerProductId"": null}",catalogue_identity_retained,pokewallet_authenticated_acquire_path,run_pokewallet_authenticated_acquire_or_collector_scan,2026-10-09T10:03:49Z
pokemon|jp|24028|010/015|dual_ball,ja,24028,Leafeon vs Metagross Expert Deck (Leafeon),010/015,Dual Ball,auth_only_source_no_alternate,"skip:api.pokewallet.io:pokewallet_auth_gated_no_bypass,skip:api.pokewallet.io:pokewallet_auth_gated_no_bypass,set_map:ambiguous_set_name:-",api.pokewallet.io,"{""pokemonTcgApiId"": null, ""pricechartingId"": null, ""tcgdexCardId"": null, ""tcgplayerProductId"": null}",catalogue_identity_retained,pokewallet_authenticated_acquire_path,run_pokewallet_authenticated_acquire_or_collector_scan,2026-10-09T10:03:49Z
pokemon|jp|24028|012/015|professor_elms_training_method,ja,24028,Leafeon vs Metagross Expert Deck (Leafeon),012/015,Professor Elms Training Method,auth_only_source_no_alternate,"skip:api.pokewallet.io:pokewallet_auth_gated_no_bypass,skip:api.pokewallet.io:pokewallet_auth_gated_no_bypass,set_map:ambiguous_set_name:-",api.pokewallet.io,"{""pokemonTcgApiId"": null, ""pricechartingId"": null, ""tcgdexCardId"": null, ""tcgplayerProductId"": null}",catalogue_identity_retained,pokewallet_authenticated_acquire_path,run_pokewallet_authenticated_acquire_or_collector_scan,2026-10-09T10:03:49Z
pokemon|jp|24028|013/015|emcees_chatter,ja,24028,Leafeon vs Metagross Expert Deck (Leafeon),013/015,Emcees Chatter,auth_only_source_no_alternate,"skip:api.pokewallet.io:pokewallet_auth_gated_no_bypass,skip:api.pokewallet.io:pokewallet_auth_gated_no_bypass,set_map:ambiguous_set_name:-",api.pokewallet.io,"{""pokemonTcgApiId"": null, ""pricechartingId"": null, ""tcgdexCardId"": null, ""tcgplayerProductId"": null}",catalogue_identity_retained,pokewallet_authenticated_acquire_path,run_pokewallet_authenticated_acquire_or_collector_scan,2026-10-09T10:03:49Z
pokemon|jp|24028|014/015|cheerleaders_cheer,ja,24028,Leafeon vs Metagross Expert Deck (Leafeon),014/015,Cheerleaders Cheer,auth_only_source_no_alternate,"skip:api.pokewallet.io:pokewallet_auth_gated_no_bypass,skip:api.pokewallet.io:pokewallet_auth_gated_no_bypass,set_map:ambiguous_set_name:-",api.pokewallet.io,"{""pokemonTcgApiId"": null, ""pricechartingId"": null, ""tcgdexCardId"": null, ""tcgplayerProductId"": null}",catalogue_identity_retained,pokewallet_authenticated_acquire_path,run_pokewallet_authenticated_acquire_or_collector_scan,2026-10-09T10:03:49Z
pokemon|jp|24028|015/015|rainbow_energy,ja,24028,Leafeon vs Metagross Expert Deck (Leafeon),015/015,Rainbow Energy,auth_only_source_no_alternate,"skip:api.pokewallet.io:pokewallet_auth_gated_no_bypass,skip:api.pokewallet.io:pokewallet_auth_gated_no_bypass,set_map:ambiguous_set_name:-",api.pokewallet.io,"{""pokemonTcgApiId"": null, ""pricechartingId"": null, ""tcgdexCardId"": null, ""tcgplayerProductId"": null}",catalogue_identity_retained,pokewallet_authenticated_acquire_path,run_pokewallet_authenticated_acquire_or_collector_scan,2026-10-09T10:03:49Z
pokemon|jp|24029|001/014|misdreavus,ja,24029,Leafeon vs Metagross Expert Deck (Metagross),001/014,Misdreavus,auth_only_source_no_alternate,"skip:api.pokewallet.io:pokewallet_auth_gated_no_bypass,skip:api.pokewallet.io:pokewallet_auth_gated_no_bypass,set_map:ambiguous_set_name:-",api.pokewallet.io,"{""pokemonTcgApiId"": null, ""pricechartingId"": null, ""tcgdexCardId"": null, ""tcgplayerProductId"": null}",catalogue_identity_retained,pokewallet_authenticated_acquire_path,run_pokewallet_authenticated_acquire_or_collector_scan,2026-10-09T10:03:49Z
pokemon|jp|24029|002/014|mismagius,ja,24029,Leafeon vs Metagross Expert Deck (Metagross),002/014,Mismagius,auth_only_source_no_alternate,"skip:api.pokewallet.io:pokewallet_auth_gated_no_bypass,skip:api.pokewallet.io:pokewallet_auth_gated_no_bypass,set_map:ambiguous_set_name:-",api.pokewallet.io,"{""pokemonTcgApiId"": null, ""pricechartingId"": null, ""tcgdexCardId"": null, ""tcgplayerProductId"": null}",catalogue_identity_retained,pokewallet_authenticated_acquire_path,run_pokewallet_authenticated_acquire_or_collector_scan,2026-10-09T10:03:49Z
pokemon|jp|24029|003/014|beldum,ja,24029,Leafeon vs Metagross Expert Deck (Metagross),003/014,Beldum,auth_only_source_no_alternate,"skip:api.pokewallet.io:pokewallet_auth_gated_no_bypass,skip:api.pokewallet.io:pokewallet_auth_gated_no_bypass,set_map:ambiguous_set_name:-",api.pokewallet.io,"{""pokemonTcgApiId"": null, ""pricechartingId"": null, ""tcgdexCardId"": null, ""tcgplayerProductId"": null}",catalogue_identity_retained,pokewallet_authenticated_acquire_path,run_pokewallet_authenticated_acquire_or_collector_scan,2026-10-09T10:03:49Z
pokemon|jp|24029|005/014|metagross,ja,24029,Leafeon vs Metagross Expert Deck (Metagross),005/014,Metagross,auth_only_source_no_alternate,"skip:api.pokewallet.io:pokewallet_auth_gated_no_bypass,skip:api.pokewallet.io:pokewallet_auth_gated_no_bypass,set_map:ambiguous_set_name:-",api.pokewallet.io,"{""pokemonTcgApiId"": null, ""pricechartingId"": null, ""tcgdexCardId"": null, ""tcgplayerProductId"": null}",catalogue_identity_retained,pokewallet_authenticated_acquire_path,run_pokewallet_authenticated_acquire_or_collector_scan,2026-10-09T10:03:49Z
pokemon|jp|24029|006/014|jirachi,ja,24029,Leafeon vs Metagross Expert Deck (Metagross),006/014,Jirachi,auth_only_source_no_alternate,"skip:api.pokewallet.io:pokewallet_auth_gated_no_bypass,skip:api.pokewallet.io:pokewallet_auth_gated_no_bypass,set_map:ambiguous_set_name:-",api.pokewallet.io,"{""pokemonTcgApiId"": null, ""pricechartingId"": null, ""tcgdexCardId"": null, ""tcgplayerProductId"": null}",catalogue_identity_retained,pokewallet_authenticated_acquire_path,run_pokewallet_authenticated_acquire_or_collector_scan,2026-10-09T10:03:49Z
pokemon|jp|24029|007/014|dunsparce,ja,24029,Leafeon vs Metagross Expert Deck (Metagross),007/014,Dunsparce,auth_only_source_no_alternate,"skip:api.pokewallet.io:pokewallet_auth_gated_no_bypass,skip:api.pokewallet.io:pokewallet_auth_gated_no_bypass,set_map:ambiguous_set_name:-",api.pokewallet.io,"{""pokemonTcgApiId"": null, ""pricechartingId"": null, ""tcgdexCardId"": null, ""tcgplayerProductId"": null}",catalogue_identity_retained,pokewallet_authenticated_acquire_path,run_pokewallet_authenticated_acquire_or_collector_scan,2026-10-09T10:03:49Z
pokemon|jp|24029|008/014|dual_ball,ja,24029,Leafeon vs Metagross Expert Deck (Metagross),008/014,Dual Ball,auth_only_source_no_alternate,"skip:api.pokewallet.io:pokewallet_auth_gated_no_bypass,skip:api.pokewallet.io:pokewallet_auth_gated_no_bypass,set_map:ambiguous_set_name:-",api.pokewallet.io,"{""pokemonTcgApiId"": null, ""pricechartingId"": null, ""tcgdexCardId"": null, ""tcgplayerProductId"": null}",catalogue_identity_retained,pokewallet_authenticated_acquire_path,run_pokewallet_authenticated_acquire_or_collector_scan,2026-10-09T10:03:49Z
pokemon|jp|24029|009/014|rare_candy,ja,24029,Leafeon vs Metagross Expert Deck (Metagross),009/014,Rare Candy,auth_only_source_no_alternate,"skip:api.pokewallet.io:pokewallet_auth_gated_no_bypass,skip:api.pokewallet.io:pokewallet_auth_gated_no_bypass,set_map:ambiguous_set_name:-",api.pokewallet.io,"{""pokemonTcgApiId"": null, ""pricechartingId"": null, ""tcgdexCardId"": null, ""tcgplayerProductId"": null}",catalogue_identity_retained,pokewallet_authenticated_acquire_path,run_pokewallet_authenticated_acquire_or_collector_scan,2026-10-09T10:03:49Z
pokemon|jp|24029|010/014|pokemon_circulator,ja,24029,Leafeon vs Metagross Expert Deck (Metagross),010/014,Pokemon Circulator,auth_only_source_no_alternate,"skip:api.pokewallet.io:pokewallet_auth_gated_no_bypass,skip:api.pokewallet.io:pokewallet_auth_gated_no_bypass,set_map:ambiguous_set_name:-",api.pokewallet.io,"{""pokemonTcgApiId"": null, ""pricechartingId"": null, ""tcgdexCardId"": null, ""tcgplayerProductId"": null}",catalogue_identity_retained,pokewallet_authenticated_acquire_path,run_pokewallet_authenticated_acquire_or_collector_scan,2026-10-09T10:03:49Z
pokemon|jp|24029|011/014|professor_elms_training_method,ja,24029,Leafeon vs Metagross Expert Deck (Metagross),011/014,Professor Elms Training Method,auth_only_source_no_alternate,"skip:api.pokewallet.io:pokewallet_auth_gated_no_bypass,skip:api.pokewallet.io:pokewallet_auth_gated_no_bypass,set_map:ambiguous_set_name:-",api.pokewallet.io,"{""pokemonTcgApiId"": null, ""pricechartingId"": null, ""tcgdexCardId"": null, ""tcgplayerProductId"": null}",catalogue_identity_retained,pokewallet_authenticated_acquire_path,run_pokewallet_authenticated_acquire_or_collector_scan,2026-10-09T10:03:49Z
pokemon|jp|24029|012/014|emcees_chatter,ja,24029,Leafeon vs Metagross Expert Deck (Metagross),012/014,Emcees Chatter,auth_only_source_no_alternate,"skip:api.pokewallet.io:pokewallet_auth_gated_no_bypass,skip:api.pokewallet.io:pokewallet_auth_gated_no_bypass,set_map:ambiguous_set_name:-",api.pokewallet.io,"{""pokemonTcgApiId"": null, ""pricechartingId"": null, ""tcgdexCardId"": null, ""tcgplayerProductId"": null}",catalogue_identity_retained,pokewallet_authenticated_acquire_path,run_pokewallet_authenticated_acquire_or_collector_scan,2026-10-09T10:03:49Z
pokemon|jp|24029|013/014|engineers_adjustments,ja,24029,Leafeon vs Metagross Expert Deck (Metagross),013/014,Engineers Adjustments,auth_only_source_no_alternate,"skip:api.pokewallet.io:pokewallet_auth_gated_no_bypass,skip:api.pokewallet.io:pokewallet_auth_gated_no_bypass,set_map:ambiguous_set_name:-",api.pokewallet.io,"{""pokemonTcgApiId"": null, ""pricechartingId"": null, ""tcgdexCardId"": null, ""tcgplayerProductId"": null}",catalogue_identity_retained,pokewallet_authenticated_acquire_path,run_pokewallet_authenticated_acquire_or_collector_scan,2026-10-09T10:03:49Z
pokemon|jp|24029|014/014|judge,ja,24029,Leafeon vs Metagross Expert Deck (Metagross),014/014,Judge,auth_only_source_no_alternate,"skip:api.pokewallet.io:pokewallet_auth_gated_no_bypass,skip:api.pokewallet.io:pokewallet_auth_gated_no_bypass,set_map:ambiguous_set_name:-",api.pokewallet.io,"{""pokemonTcgApiId"": null, ""pricechartingId"": null, ""tcgdexCardId"": null, ""tcgplayerProductId"": null}",catalogue_identity_retained,pokewallet_authenticated_acquire_path,run_pokewallet_authenticated_acquire_or_collector_scan,2026-10-09T10:03:49Z
pokemon|jp|24030|001/018|rapidash_e4,ja,24030,Infernape vs Gallade SP Deck Kit (Infernape),001/018,Rapidash E4,auth_only_source_no_alternate,"skip:api.pokewallet.io:pokewallet_auth_gated_no_bypass,skip:api.pokewallet.io:pokewallet_auth_gated_no_bypass,set_map:ambiguous_set_name:-",api.pokewallet.io,"{""pokemonTcgApiId"": null, ""pricechartingId"": null, ""tcgdexCardId"": null, ""tcgplayerProductId"": null}",catalogue_identity_retained,pokewallet_authenticated_acquire_path,run_pokewallet_authenticated_acquire_or_collector_scan,2026-10-09T10:03:49Z
pokemon|jp|24030|002/018|flareon_e4,ja,24030,Infernape vs Gallade SP Deck Kit (Infernape),002/018,Flareon E4,auth_only_source_no_alternate,"skip:api.pokewallet.io:pokewallet_auth_gated_no_bypass,skip:api.pokewallet.io:pokewallet_auth_gated_no_bypass,set_map:ambiguous_set_name:-",api.pokewallet.io,"{""pokemonTcgApiId"": null, ""pricechartingId"": null, ""tcgdexCardId"": null, ""tcgplayerProductId"": null}",catalogue_identity_retained,pokewallet_authenticated_acquire_path,run_pokewallet_authenticated_acquire_or_collector_scan,2026-10-09T10:03:49Z
pokemon|jp|24030|003/018|infernape_e4,ja,24030,Infernape vs Gallade SP Deck Kit (Infernape),003/018,Infernape E4,auth_only_source_no_alternate,"skip:api.pokewallet.io:pokewallet_auth_gated_no_bypass,skip:api.pokewallet.io:pokewallet_auth_gated_no_bypass,set_map:ambiguous_set_name:-",api.pokewallet.io,"{""pokemonTcgApiId"": null, ""pricechartingId"": null, ""tcgdexCardId"": null, ""tcgplayerProductId"": null}",catalogue_identity_retained,pokewallet_authenticated_acquire_path,run_pokewallet_authenticated_acquire_or_collector_scan,2026-10-09T10:03:49Z
pokemon|jp|24030|004/018|infernape_e4_lvx,ja,24030,Infernape vs Gallade SP Deck Kit (Infernape),004/018,Infernape E4 LVX,auth_only_source_no_alternate,"skip:api.pokewallet.io:pokewallet_auth_gated_no_bypass,skip:api.pokewallet.io:pokewallet_auth_gated_no_bypass,set_map:ambiguous_set_name:-",api.pokewallet.io,"{""pokemonTcgApiId"": null, ""pricechartingId"": null, ""tcgdexCardId"": null, ""tcgplayerProductId"": null}",catalogue_identity_retained,pokewallet_authenticated_acquire_path,run_pokewallet_authenticated_acquire_or_collector_scan,2026-10-09T10:03:49Z
pokemon|jp|24030|005/018|golem_e4,ja,24030,Infernape vs Gallade SP Deck Kit (Infernape),005/018,Golem E4,auth_only_source_no_alternate,"skip:api.pokewallet.io:pokewallet_auth_gated_no_bypass,skip:api.pokewallet.io:pokewallet_auth_gated_no_bypass,set_map:ambiguous_set_name:-",api.pokewallet.io,"{""pokemonTcgApiId"": null, ""pricechartingId"": null, ""tcgdexCardId"": null, ""tcgplayerProductId"": null}",catalogue_identity_retained,pokewallet_authenticated_acquire_path,run_pokewallet_authenticated_acquire_or_collector_scan,2026-10-09T10:03:49Z
pokemon|jp|24030|006/018|whiscash_e4,ja,24030,Infernape vs Gallade SP Deck Kit (Infernape),006/018,Whiscash E4,auth_only_source_no_alternate,"skip:api.pokewallet.io:pokewallet_auth_gated_no_bypass,skip:api.pokewallet.io:pokewallet_auth_gated_no_bypass,set_map:ambiguous_set_name:-",api.pokewallet.io,"{""pokemonTcgApiId"": null, ""pricechartingId"": null, ""tcgdexCardId"": null, ""tcgplayerProductId"": null}",catalogue_identity_retained,pokewallet_authenticated_acquire_path,run_pokewallet_authenticated_acquire_or_collector_scan,2026-10-09T10:03:49Z
pokemon|jp|24030|008/018|rhyperior_e4,ja,24030,Infernape vs Gallade SP Deck Kit (Infernape),008/018,Rhyperior E4,auth_only_source_no_alternate,"skip:api.pokewallet.io:pokewallet_auth_gated_no_bypass,skip:api.pokewallet.io:pokewallet_auth_gated_no_bypass,set_map:ambiguous_set_name:-",api.pokewallet.io,"{""pokemonTcgApiId"": null, ""pricechartingId"": null, ""tcgdexCardId"": null, ""tcgplayerProductId"": null}",catalogue_identity_retained,pokewallet_authenticated_acquire_path,run_pokewallet_authenticated_acquire_or_collector_scan,2026-10-09T10:03:49Z
pokemon|jp|24030|009/018|gliscor_e4,ja,24030,Infernape vs Gallade SP Deck Kit (Infernape),009/018,Gliscor E4,auth_only_source_no_alternate,"skip:api.pokewallet.io:pokewallet_auth_gated_no_bypass,skip:api.pokewallet.io:pokewallet_auth_gated_no_bypass,set_map:ambiguous_set_name:-",api.pokewallet.io,"{""pokemonTcgApiId"": null, ""pricechartingId"": null, ""tcgdexCardId"": null, ""tcgplayerProductId"": null}",catalogue_identity_retained,pokewallet_authenticated_acquire_path,run_pokewallet_authenticated_acquire_or_collector_scan,2026-10-09T10:03:49Z
pokemon|jp|24030|011/018|energy_search,ja,24030,Infernape vs Gallade SP Deck Kit (Infernape),011/018,Energy Search,auth_only_source_no_alternate,"skip:api.pokewallet.io:pokewallet_auth_gated_no_bypass,skip:api.pokewallet.io:pokewallet_auth_gated_no_bypass,set_map:ambiguous_set_name:-",api.pokewallet.io,"{""pokemonTcgApiId"": null, ""pricechartingId"": null, ""tcgdexCardId"": null, ""tcgplayerProductId"": null}",catalogue_identity_retained,pokewallet_authenticated_acquire_path,run_pokewallet_authenticated_acquire_or_collector_scan,2026-10-09T10:03:49Z
pokemon|jp|24030|014/018|poke_ball,ja,24030,Infernape vs Gallade SP Deck Kit (Infernape),014/018,Poke Ball,auth_only_source_no_alternate,"skip:api.pokewallet.io:pokewallet_auth_gated_no_bypass,skip:api.pokewallet.io:pokewallet_auth_gated_no_bypass,set_map:ambiguous_set_name:-",api.pokewallet.io,"{""pokemonTcgApiId"": null, ""pricechartingId"": null, ""tcgdexCardId"": null, ""tcgplayerProductId"": null}",catalogue_identity_retained,pokewallet_authenticated_acquire_path,run_pokewallet_authenticated_acquire_or_collector_scan,2026-10-09T10:03:49Z
pokemon|jp|24030|016/018|flints_willpower,ja,24030,Infernape vs Gallade SP Deck Kit (Infernape),016/018,Flints Willpower,auth_only_source_no_alternate,"skip:api.pokewallet.io:pokewallet_auth_gated_no_bypass,skip:api.pokewallet.io:pokewallet_auth_gated_no_bypass,set_map:ambiguous_set_name:-",api.pokewallet.io,"{""pokemonTcgApiId"": null, ""pricechartingId"": null, ""tcgdexCardId"": null, ""tcgplayerProductId"": null}",catalogue_identity_retained,pokewallet_authenticated_acquire_path,run_pokewallet_authenticated_acquire_or_collector_scan,2026-10-09T10:03:49Z
pokemon|jp|24030|017/018|berthas_warmth,ja,24030,Infernape vs Gallade SP Deck Kit (Infernape),017/018,Berthas Warmth,auth_only_source_no_alternate,"skip:api.pokewallet.io:pokewallet_auth_gated_no_bypass,skip:api.pokewallet.io:pokewallet_auth_gated_no_bypass,set_map:ambiguous_set_name:-",api.pokewallet.io,"{""pokemonTcgApiId"": null, ""pricechartingId"": null, ""tcgdexCardId"": null, ""tcgplayerProductId"": null}",catalogue_identity_retained,pokewallet_authenticated_acquire_path,run_pokewallet_authenticated_acquire_or_collector_scan,2026-10-09T10:03:49Z
pokemon|jp|24030|018/018|sp_energy,ja,24030,Infernape vs Gallade SP Deck Kit (Infernape),018/018,SP Energy,auth_only_source_no_alternate,"skip:api.pokewallet.io:pokewallet_auth_gated_no_bypass,skip:api.pokewallet.io:pokewallet_auth_gated_no_bypass,set_map:ambiguous_set_name:-",api.pokewallet.io,"{""pokemonTcgApiId"": null, ""pricechartingId"": null, ""tcgdexCardId"": null, ""tcgplayerProductId"": null}",catalogue_identity_retained,pokewallet_authenticated_acquire_path,run_pokewallet_authenticated_acquire_or_collector_scan,2026-10-09T10:03:49Z
pokemon|jp|24031|002/018|heracross_e4,ja,24031,Infernape vs Gallade SP Deck Kit (Gallade),002/018,Heracross E4,auth_only_source_no_alternate,"skip:api.pokewallet.io:pokewallet_auth_gated_no_bypass,skip:api.pokewallet.io:pokewallet_auth_gated_no_bypass,set_map:ambiguous_set_name:-",api.pokewallet.io,"{""pokemonTcgApiId"": null, ""pricechartingId"": null, ""tcgdexCardId"": null, ""tcgplayerProductId"": null}",catalogue_identity_retained,pokewallet_authenticated_acquire_path,run_pokewallet_authenticated_acquire_or_collector_scan,2026-10-09T10:03:49Z
pokemon|jp|24031|003/018|vespiquen_e4,ja,24031,Infernape vs Gallade SP Deck Kit (Gallade),003/018,Vespiquen E4,auth_only_source_no_alternate,"skip:api.pokewallet.io:pokewallet_auth_gated_no_bypass,skip:api.pokewallet.io:pokewallet_auth_gated_no_bypass,set_map:ambiguous_set_name:-",api.pokewallet.io,"{""pokemonTcgApiId"": null, ""pricechartingId"": null, ""tcgdexCardId"": null, ""tcgplayerProductId"": null}",catalogue_identity_retained,pokewallet_authenticated_acquire_path,run_pokewallet_authenticated_acquire_or_collector_scan,2026-10-09T10:03:49Z
pokemon|jp|24031|004/018|yanmega_e4,ja,24031,Infernape vs Gallade SP Deck Kit (Gallade),004/018,Yanmega E4,auth_only_source_no_alternate,"skip:api.pokewallet.io:pokewallet_auth_gated_no_bypass,skip:api.pokewallet.io:pokewallet_auth_gated_no_bypass,set_map:ambiguous_set_name:-",api.pokewallet.io,"{""pokemonTcgApiId"": null, ""pricechartingId"": null, ""tcgdexCardId"": null, ""tcgplayerProductId"": null}",catalogue_identity_retained,pokewallet_authenticated_acquire_path,run_pokewallet_authenticated_acquire_or_collector_scan,2026-10-09T10:03:49Z
pokemon|jp|24031|005/018|mr_mime_e4,ja,24031,Infernape vs Gallade SP Deck Kit (Gallade),005/018,Mr Mime E4,auth_only_source_no_alternate,"skip:api.pokewallet.io:pokewallet_auth_gated_no_bypass,skip:api.pokewallet.io:pokewallet_auth_gated_no_bypass,set_map:ambiguous_set_name:-",api.pokewallet.io,"{""pokemonTcgApiId"": null, ""pricechartingId"": null, ""tcgdexCardId"": null, ""tcgplayerProductId"": null}",catalogue_identity_retained,pokewallet_authenticated_acquire_path,run_pokewallet_authenticated_acquire_or_collector_scan,2026-10-09T10:03:49Z
pokemon|jp|24031|006/018|espeon_e4,ja,24031,Infernape vs Gallade SP Deck Kit (Gallade),006/018,Espeon E4,auth_only_source_no_alternate,"skip:api.pokewallet.io:pokewallet_auth_gated_no_bypass,skip:api.pokewallet.io:pokewallet_auth_gated_no_bypass,set_map:ambiguous_set_name:-",api.pokewallet.io,"{""pokemonTcgApiId"": null, ""pricechartingId"": null, ""tcgdexCardId"": null, ""tcgplayerProductId"": null}",catalogue_identity_retained,pokewallet_authenticated_acquire_path,run_pokewallet_authenticated_acquire_or_collector_scan,2026-10-09T10:03:49Z
pokemon|jp|24031|007/018|bronzong_e4,ja,24031,Infernape vs Gallade SP Deck Kit (Gallade),007/018,Bronzong E4,auth_only_source_no_alternate,"skip:api.pokewallet.io:pokewallet_auth_gated_no_bypass,skip:api.pokewallet.io:pokewallet_auth_gated_no_bypass,set_map:ambiguous_set_name:-",api.pokewallet.io,"{""pokemonTcgApiId"": null, ""pricechartingId"": null, ""tcgdexCardId"": null, ""tcgplayerProductId"": null}",catalogue_identity_retained,pokewallet_authenticated_acquire_path,run_pokewallet_authenticated_acquire_or_collector_scan,2026-10-09T10:03:49Z
pokemon|jp|24031|008/018|gallade_e4,ja,24031,Infernape vs Gallade SP Deck Kit (Gallade),008/018,Gallade E4,auth_only_source_no_alternate,"skip:api.pokewallet.io:pokewallet_auth_gated_no_bypass,skip:api.pokewallet.io:pokewallet_auth_gated_no_bypass,set_map:ambiguous_set_name:-",api.pokewallet.io,"{""pokemonTcgApiId"": null, ""pricechartingId"": null, ""tcgdexCardId"": null, ""tcgplayerProductId"": null}",catalogue_identity_retained,pokewallet_authenticated_acquire_path,run_pokewallet_authenticated_acquire_or_collector_scan,2026-10-09T10:03:49Z
pokemon|jp|24031|009/018|gallade_e4_lvx,ja,24031,Infernape vs Gallade SP Deck Kit (Gallade),009/018,Gallade E4 LVX,auth_only_source_no_alternate,"skip:api.pokewallet.io:pokewallet_auth_gated_no_bypass,skip:api.pokewallet.io:pokewallet_auth_gated_no_bypass,set_map:ambiguous_set_name:-",api.pokewallet.io,"{""pokemonTcgApiId"": null, ""pricechartingId"": null, ""tcgdexCardId"": null, ""tcgplayerProductId"": null}",catalogue_identity_retained,pokewallet_authenticated_acquire_path,run_pokewallet_authenticated_acquire_or_collector_scan,2026-10-09T10:03:49Z
pokemon|jp|24031|016/018|lucians_assignment,ja,24031,Infernape vs Gallade SP Deck Kit (Gallade),016/018,Lucians Assignment,auth_only_source_no_alternate,"skip:api.pokewallet.io:pokewallet_auth_gated_no_bypass,skip:api.pokewallet.io:pokewallet_auth_gated_no_bypass,set_map:ambiguous_set_name:-",api.pokewallet.io,"{""pokemonTcgApiId"": null, ""pricechartingId"": null, ""tcgdexCardId"": null, ""tcgplayerProductId"": null}",catalogue_identity_retained,pokewallet_authenticated_acquire_path,run_pokewallet_authenticated_acquire_or_collector_scan,2026-10-09T10:03:49Z
pokemon|jp|24031|017/018|aarons_collection,ja,24031,Infernape vs Gallade SP Deck Kit (Gallade),017/018,Aarons Collection,auth_only_source_no_alternate,"skip:api.pokewallet.io:pokewallet_auth_gated_no_bypass,skip:api.pokewallet.io:pokewallet_auth_gated_no_bypass,set_map:ambiguous_set_name:-",api.pokewallet.io,"{""pokemonTcgApiId"": null, ""pricechartingId"": null, ""tcgdexCardId"": null, ""tcgplayerProductId"": null}",catalogue_identity_retained,pokewallet_authenticated_acquire_path,run_pokewallet_authenticated_acquire_or_collector_scan,2026-10-09T10:03:49Z
pokemon|jp|24032|001/016|milotic_c,ja,24032,Garchomp vs Charizard SP Deck Kit (Garchomp),001/016,Milotic C,auth_only_source_no_alternate,"skip:api.pokewallet.io:pokewallet_auth_gated_no_bypass,skip:api.pokewallet.io:pokewallet_auth_gated_no_bypass,set_map:ambiguous_set_name:-",api.pokewallet.io,"{""pokemonTcgApiId"": null, ""pricechartingId"": null, ""tcgdexCardId"": null, ""tcgplayerProductId"": null}",catalogue_identity_retained,pokewallet_authenticated_acquire_path,run_pokewallet_authenticated_acquire_or_collector_scan,2026-10-09T10:03:49Z
pokemon|jp|24032|002/016|roserade_c,ja,24032,Garchomp vs Charizard SP Deck Kit (Garchomp),002/016,Roserade C,auth_only_source_no_alternate,"skip:api.pokewallet.io:pokewallet_auth_gated_no_bypass,skip:api.pokewallet.io:pokewallet_auth_gated_no_bypass,set_map:ambiguous_set_name:-",api.pokewallet.io,"{""pokemonTcgApiId"": null, ""pricechartingId"": null, ""tcgdexCardId"": null, ""tcgplayerProductId"": null}",catalogue_identity_retained,pokewallet_authenticated_acquire_path,run_pokewallet_authenticated_acquire_or_collector_scan,2026-10-09T10:03:49Z
pokemon|jp|24032|003/016|spiritomb_c,ja,24032,Garchomp vs Charizard SP Deck Kit (Garchomp),003/016,Spiritomb C,auth_only_source_no_alternate,"skip:api.pokewallet.io:pokewallet_auth_gated_no_bypass,skip:api.pokewallet.io:pokewallet_auth_gated_no_bypass,set_map:ambiguous_set_name:-",api.pokewallet.io,"{""pokemonTcgApiId"": null, ""pricechartingId"": null, ""tcgdexCardId"": null, ""tcgplayerProductId"": null}",catalogue_identity_retained,pokewallet_authenticated_acquire_path,run_pokewallet_authenticated_acquire_or_collector_scan,2026-10-09T10:03:49Z
pokemon|jp|24032|004/016|lucario_c,ja,24032,Garchomp vs Charizard SP Deck Kit (Garchomp),004/016,Lucario C,auth_only_source_no_alternate,"skip:api.pokewallet.io:pokewallet_auth_gated_no_bypass,skip:api.pokewallet.io:pokewallet_auth_gated_no_bypass,set_map:ambiguous_set_name:-",api.pokewallet.io,"{""pokemonTcgApiId"": null, ""pricechartingId"": null, ""tcgdexCardId"": null, ""tcgplayerProductId"": null}",catalogue_identity_retained,pokewallet_authenticated_acquire_path,run_pokewallet_authenticated_acquire_or_collector_scan,2026-10-09T10:03:49Z
pokemon|jp|24032|005/016|altaria_c,ja,24032,Garchomp vs Charizard SP Deck Kit (Garchomp),005/016,Altaria C,auth_only_source_no_alternate,"skip:api.pokewallet.io:pokewallet_auth_gated_no_bypass,skip:api.pokewallet.io:pokewallet_auth_gated_no_bypass,set_map:ambiguous_set_name:-",api.pokewallet.io,"{""pokemonTcgApiId"": null, ""pricechartingId"": null, ""tcgdexCardId"": null, ""tcgplayerProductId"": null}",catalogue_identity_retained,pokewallet_authenticated_acquire_path,run_pokewallet_authenticated_acquire_or_collector_scan,2026-10-09T10:03:49Z
pokemon|jp|24032|006/016|garchomp_c,ja,24032,Garchomp vs Charizard SP Deck Kit (Garchomp),006/016,Garchomp C,auth_only_source_no_alternate,"skip:api.pokewallet.io:pokewallet_auth_gated_no_bypass,skip:api.pokewallet.io:pokewallet_auth_gated_no_bypass,set_map:ambiguous_set_name:-",api.pokewallet.io,"{""pokemonTcgApiId"": null, ""pricechartingId"": null, ""tcgdexCardId"": null, ""tcgplayerProductId"": null}",catalogue_identity_retained,pokewallet_authenticated_acquire_path,run_pokewallet_authenticated_acquire_or_collector_scan,2026-10-09T10:03:49Z
pokemon|jp|24032|007/016|garchomp_c_lvx,ja,24032,Garchomp vs Charizard SP Deck Kit (Garchomp),007/016,Garchomp C LVX,auth_only_source_no_alternate,"skip:api.pokewallet.io:pokewallet_auth_gated_no_bypass,skip:api.pokewallet.io:pokewallet_auth_gated_no_bypass,set_map:ambiguous_set_name:-",api.pokewallet.io,"{""pokemonTcgApiId"": null, ""pricechartingId"": null, ""tcgdexCardId"": null, ""tcgplayerProductId"": null}",catalogue_identity_retained,pokewallet_authenticated_acquire_path,run_pokewallet_authenticated_acquire_or_collector_scan,2026-10-09T10:03:49Z
pokemon|jp|24032|008/016|togekiss_c,ja,24032,Garchomp vs Charizard SP Deck Kit (Garchomp),008/016,Togekiss C,auth_only_source_no_alternate,"skip:api.pokewallet.io:pokewallet_auth_gated_no_bypass,skip:api.pokewallet.io:pokewallet_auth_gated_no_bypass,set_map:ambiguous_set_name:-",api.pokewallet.io,"{""pokemonTcgApiId"": null, ""pricechartingId"": null, ""tcgdexCardId"": null, ""tcgplayerProductId"": null}",catalogue_identity_retained,pokewallet_authenticated_acquire_path,run_pokewallet_authenticated_acquire_or_collector_scan,2026-10-09T10:03:49Z
pokemon|jp|24032|009/016|energy_switch,ja,24032,Garchomp vs Charizard SP Deck Kit (Garchomp),009/016,Energy Switch,auth_only_source_no_alternate,"skip:api.pokewallet.io:pokewallet_auth_gated_no_bypass,skip:api.pokewallet.io:pokewallet_auth_gated_no_bypass,set_map:ambiguous_set_name:-",api.pokewallet.io,"{""pokemonTcgApiId"": null, ""pricechartingId"": null, ""tcgdexCardId"": null, ""tcgplayerProductId"": null}",catalogue_identity_retained,pokewallet_authenticated_acquire_path,run_pokewallet_authenticated_acquire_or_collector_scan,2026-10-09T10:03:49Z
pokemon|jp|24032|012/016|pokedex_handy910is,ja,24032,Garchomp vs Charizard SP Deck Kit (Garchomp),012/016,Pokedex HANDY910is,auth_only_source_no_alternate,"skip:api.pokewallet.io:pokewallet_auth_gated_no_bypass,skip:api.pokewallet.io:pokewallet_auth_gated_no_bypass,set_map:ambiguous_set_name:-",api.pokewallet.io,"{""pokemonTcgApiId"": null, ""pricechartingId"": null, ""tcgdexCardId"": null, ""tcgplayerProductId"": null}",catalogue_identity_retained,pokewallet_authenticated_acquire_path,run_pokewallet_authenticated_acquire_or_collector_scan,2026-10-09T10:03:49Z
pokemon|jp|24032|013/016|poke_ball,ja,24032,Garchomp vs Charizard SP Deck Kit (Garchomp),013/016,Poke Ball,auth_only_source_no_alternate,"skip:api.pokewallet.io:pokewallet_auth_gated_no_bypass,skip:api.pokewallet.io:pokewallet_auth_gated_no_bypass,set_map:ambiguous_set_name:-",api.pokewallet.io,"{""pokemonTcgApiId"": null, ""pricechartingId"": null, ""tcgdexCardId"": null, ""tcgplayerProductId"": null}",catalogue_identity_retained,pokewallet_authenticated_acquire_path,run_pokewallet_authenticated_acquire_or_collector_scan,2026-10-09T10:03:49Z
pokemon|jp|24032|014/016|buffer_piece,ja,24032,Garchomp vs Charizard SP Deck Kit (Garchomp),014/016,Buffer Piece,auth_only_source_no_alternate,"skip:api.pokewallet.io:pokewallet_auth_gated_no_bypass,skip:api.pokewallet.io:pokewallet_auth_gated_no_bypass,set_map:ambiguous_set_name:-",api.pokewallet.io,"{""pokemonTcgApiId"": null, ""pricechartingId"": null, ""tcgdexCardId"": null, ""tcgplayerProductId"": null}",catalogue_identity_retained,pokewallet_authenticated_acquire_path,run_pokewallet_authenticated_acquire_or_collector_scan,2026-10-09T10:03:49Z
pokemon|jp|24033|001/016|charizard_g,ja,24033,Garchomp vs Charizard SP Deck Kit (Charizard),001/016,Charizard G,auth_only_source_no_alternate,"skip:api.pokewallet.io:pokewallet_auth_gated_no_bypass,skip:api.pokewallet.io:pokewallet_auth_gated_no_bypass,set_map:ambiguous_set_name:-",api.pokewallet.io,"{""pokemonTcgApiId"": null, ""pricechartingId"": null, ""tcgdexCardId"": null, ""tcgplayerProductId"": null}",catalogue_identity_retained,pokewallet_authenticated_acquire_path,run_pokewallet_authenticated_acquire_or_collector_scan,2026-10-09T10:03:49Z
pokemon|jp|24033|002/016|charizard_g_lvx,ja,24033,Garchomp vs Charizard SP Deck Kit (Charizard),002/016,Charizard G LVX,auth_only_source_no_alternate,"skip:api.pokewallet.io:pokewallet_auth_gated_no_bypass,skip:api.pokewallet.io:pokewallet_auth_gated_no_bypass,set_map:ambiguous_set_name:-",api.pokewallet.io,"{""pokemonTcgApiId"": null, ""pricechartingId"": null, ""tcgdexCardId"": null, ""tcgplayerProductId"": null}",catalogue_identity_retained,pokewallet_authenticated_acquire_path,run_pokewallet_authenticated_acquire_or_collector_scan,2026-10-09T10:03:49Z
pokemon|jp|24033|003/016|arcanine_g,ja,24033,Garchomp vs Charizard SP Deck Kit (Charizard),003/016,Arcanine G,auth_only_source_no_alternate,"skip:api.pokewallet.io:pokewallet_auth_gated_no_bypass,skip:api.pokewallet.io:pokewallet_auth_gated_no_bypass,set_map:ambiguous_set_name:-",api.pokewallet.io,"{""pokemonTcgApiId"": null, ""pricechartingId"": null, ""tcgdexCardId"": null, ""tcgplayerProductId"": null}",catalogue_identity_retained,pokewallet_authenticated_acquire_path,run_pokewallet_authenticated_acquire_or_collector_scan,2026-10-09T10:03:49Z
pokemon|jp|24033|004/016|camerupt_g,ja,24033,Garchomp vs Charizard SP Deck Kit (Charizard),004/016,Camerupt G,auth_only_source_no_alternate,"skip:api.pokewallet.io:pokewallet_auth_gated_no_bypass,skip:api.pokewallet.io:pokewallet_auth_gated_no_bypass,set_map:ambiguous_set_name:-",api.pokewallet.io,"{""pokemonTcgApiId"": null, ""pricechartingId"": null, ""tcgdexCardId"": null, ""tcgplayerProductId"": null}",catalogue_identity_retained,pokewallet_authenticated_acquire_path,run_pokewallet_authenticated_acquire_or_collector_scan,2026-10-09T10:03:49Z
pokemon|jp|24033|005/016|manectric_g,ja,24033,Garchomp vs Charizard SP Deck Kit (Charizard),005/016,Manectric G,auth_only_source_no_alternate,"skip:api.pokewallet.io:pokewallet_auth_gated_no_bypass,skip:api.pokewallet.io:pokewallet_auth_gated_no_bypass,set_map:ambiguous_set_name:-",api.pokewallet.io,"{""pokemonTcgApiId"": null, ""pricechartingId"": null, ""tcgdexCardId"": null, ""tcgplayerProductId"": null}",catalogue_identity_retained,pokewallet_authenticated_acquire_path,run_pokewallet_authenticated_acquire_or_collector_scan,2026-10-09T10:03:49Z
pokemon|jp|24033|006/016|sableye_g,ja,24033,Garchomp vs Charizard SP Deck Kit (Charizard),006/016,Sableye G,auth_only_source_no_alternate,"skip:api.pokewallet.io:pokewallet_auth_gated_no_bypass,skip:api.pokewallet.io:pokewallet_auth_gated_no_bypass,set_map:ambiguous_set_name:-",api.pokewallet.io,"{""pokemonTcgApiId"": null, ""pricechartingId"": null, ""tcgdexCardId"": null, ""tcgplayerProductId"": null}",catalogue_identity_retained,pokewallet_authenticated_acquire_path,run_pokewallet_authenticated_acquire_or_collector_scan,2026-10-09T10:03:49Z
pokemon|jp|24033|007/016|crawdaunt_g,ja,24033,Garchomp vs Charizard SP Deck Kit (Charizard),007/016,Crawdaunt G,auth_only_source_no_alternate,"skip:api.pokewallet.io:pokewallet_auth_gated_no_bypass,skip:api.pokewallet.io:pokewallet_auth_gated_no_bypass,set_map:ambiguous_set_name:-",api.pokewallet.io,"{""pokemonTcgApiId"": null, ""pricechartingId"": null, ""tcgdexCardId"": null, ""tcgplayerProductId"": null}",catalogue_identity_retained,pokewallet_authenticated_acquire_path,run_pokewallet_authenticated_acquire_or_collector_scan,2026-10-09T10:03:49Z
pokemon|jp|24033|008/016|raticate_g,ja,24033,Garchomp vs Charizard SP Deck Kit (Charizard),008/016,Raticate G,auth_only_source_no_alternate,"skip:api.pokewallet.io:pokewallet_auth_gated_no_bypass,skip:api.pokewallet.io:pokewallet_auth_gated_no_bypass,set_map:ambiguous_set_name:-",api.pokewallet.io,"{""pokemonTcgApiId"": null, ""pricechartingId"": null, ""tcgdexCardId"": null, ""tcgplayerProductId"": null}",catalogue_identity_retained,pokewallet_authenticated_acquire_path,run_pokewallet_authenticated_acquire_or_collector_scan,2026-10-09T10:03:49Z
pokemon|jp|24033|009/016|energy_restore,ja,24033,Garchomp vs Charizard SP Deck Kit (Charizard),009/016,Energy Restore,auth_only_source_no_alternate,"skip:api.pokewallet.io:pokewallet_auth_gated_no_bypass,skip:api.pokewallet.io:pokewallet_auth_gated_no_bypass,set_map:ambiguous_set_name:-",api.pokewallet.io,"{""pokemonTcgApiId"": null, ""pricechartingId"": null, ""tcgdexCardId"": null, ""tcgplayerProductId"": null}",catalogue_identity_retained,pokewallet_authenticated_acquire_path,run_pokewallet_authenticated_acquire_or_collector_scan,2026-10-09T10:03:49Z
pokemon|jp|24033|010/016|energy_search,ja,24033,Garchomp vs Charizard SP Deck Kit (Charizard),010/016,Energy Search,auth_only_source_no_alternate,"skip:api.pokewallet.io:pokewallet_auth_gated_no_bypass,skip:api.pokewallet.io:pokewallet_auth_gated_no_bypass,set_map:ambiguous_set_name:-",api.pokewallet.io,"{""pokemonTcgApiId"": null, ""pricechartingId"": null, ""tcgdexCardId"": null, ""tcgplayerProductId"": null}",catalogue_identity_retained,pokewallet_authenticated_acquire_path,run_pokewallet_authenticated_acquire_or_collector_scan,2026-10-09T10:03:49Z
pokemon|jp|24033|011/016|switch,ja,24033,Garchomp vs Charizard SP Deck Kit (Charizard),011/016,Switch,auth_only_source_no_alternate,"skip:api.pokewallet.io:pokewallet_auth_gated_no_bypass,skip:api.pokewallet.io:pokewallet_auth_gated_no_bypass,set_map:ambiguous_set_name:-",api.pokewallet.io,"{""pokemonTcgApiId"": null, ""pricechartingId"": null, ""tcgdexCardId"": null, ""tcgplayerProductId"": null}",catalogue_identity_retained,pokewallet_authenticated_acquire_path,run_pokewallet_authenticated_acquire_or_collector_scan,2026-10-09T10:03:49Z
pokemon|jp|24033|012/016|pokedex_handy910is,ja,24033,Garchomp vs Charizard SP Deck Kit (Charizard),012/016,Pokedex HANDY910is,auth_only_source_no_alternate,"skip:api.pokewallet.io:pokewallet_auth_gated_no_bypass,skip:api.pokewallet.io:pokewallet_auth_gated_no_bypass,set_map:ambiguous_set_name:-",api.pokewallet.io,"{""pokemonTcgApiId"": null, ""pricechartingId"": null, ""tcgdexCardId"": null, ""tcgplayerProductId"": null}",catalogue_identity_retained,pokewallet_authenticated_acquire_path,run_pokewallet_authenticated_acquire_or_collector_scan,2026-10-09T10:03:49Z
pokemon|jp|24033|013/016|poke_ball,ja,24033,Garchomp vs Charizard SP Deck Kit (Charizard),013/016,Poke Ball,auth_only_source_no_alternate,"skip:api.pokewallet.io:pokewallet_auth_gated_no_bypass,skip:api.pokewallet.io:pokewallet_auth_gated_no_bypass,set_map:ambiguous_set_name:-",api.pokewallet.io,"{""pokemonTcgApiId"": null, ""pricechartingId"": null, ""tcgdexCardId"": null, ""tcgplayerProductId"": null}",catalogue_identity_retained,pokewallet_authenticated_acquire_path,run_pokewallet_authenticated_acquire_or_collector_scan,2026-10-09T10:03:49Z
pokemon|jp|24033|014/016|team_galactics_invention_g_107_technical_machine_sp_g,ja,24033,Garchomp vs Charizard SP Deck Kit (Charizard),014/016,Team Galactics Invention G 107 Technical Machine {{SP|G}},auth_only_source_no_alternate,"skip:api.pokewallet.io:pokewallet_auth_gated_no_bypass,skip:api.pokewallet.io:pokewallet_auth_gated_no_bypass,set_map:ambiguous_set_name:-",api.pokewallet.io,"{""pokemonTcgApiId"": null, ""pricechartingId"": null, ""tcgdexCardId"": null, ""tcgplayerProductId"": null}",catalogue_identity_retained,pokewallet_authenticated_acquire_path,run_pokewallet_authenticated_acquire_or_collector_scan,2026-10-09T10:03:49Z
pokemon|jp|24033|015/016|cyruss_initiative,ja,24033,Garchomp vs Charizard SP Deck Kit (Charizard),015/016,Cyruss Initiative,auth_only_source_no_alternate,"skip:api.pokewallet.io:pokewallet_auth_gated_no_bypass,skip:api.pokewallet.io:pokewallet_auth_gated_no_bypass,set_map:ambiguous_set_name:-",api.pokewallet.io,"{""pokemonTcgApiId"": null, ""pricechartingId"": null, ""tcgdexCardId"": null, ""tcgplayerProductId"": null}",catalogue_identity_retained,pokewallet_authenticated_acquire_path,run_pokewallet_authenticated_acquire_or_collector_scan,2026-10-09T10:03:49Z
pokemon|jp|24033|016/016|sp_energy,ja,24033,Garchomp vs Charizard SP Deck Kit (Charizard),016/016,SP Energy,auth_only_source_no_alternate,"skip:api.pokewallet.io:pokewallet_auth_gated_no_bypass,skip:api.pokewallet.io:pokewallet_auth_gated_no_bypass,set_map:ambiguous_set_name:-",api.pokewallet.io,"{""pokemonTcgApiId"": null, ""pricechartingId"": null, ""tcgdexCardId"": null, ""tcgplayerProductId"": null}",catalogue_identity_retained,pokewallet_authenticated_acquire_path,run_pokewallet_authenticated_acquire_or_collector_scan,2026-10-09T10:03:49Z
pokemon|jp|24035|001/013|kricketot,ja,24035,DPt Gift Box (Chimchar),001/013,Kricketot,auth_only_source_no_alternate,"skip:api.pokewallet.io:pokewallet_auth_gated_no_bypass,skip:api.pokewallet.io:pokewallet_auth_gated_no_bypass,set_map:ambiguous_set_name:-",api.pokewallet.io,"{""pokemonTcgApiId"": null, ""pricechartingId"": null, ""tcgdexCardId"": null, ""tcgplayerProductId"": null}",catalogue_identity_retained,pokewallet_authenticated_acquire_path,run_pokewallet_authenticated_acquire_or_collector_scan,2026-10-09T10:03:49Z
pokemon|jp|24035|002/013|moltres,ja,24035,DPt Gift Box (Chimchar),002/013,Moltres,auth_only_source_no_alternate,"skip:api.pokewallet.io:pokewallet_auth_gated_no_bypass,skip:api.pokewallet.io:pokewallet_auth_gated_no_bypass,set_map:ambiguous_set_name:-",api.pokewallet.io,"{""pokemonTcgApiId"": null, ""pricechartingId"": null, ""tcgdexCardId"": null, ""tcgplayerProductId"": null}",catalogue_identity_retained,pokewallet_authenticated_acquire_path,run_pokewallet_authenticated_acquire_or_collector_scan,2026-10-09T10:03:49Z
pokemon|jp|24035|003/013|chimchar,ja,24035,DPt Gift Box (Chimchar),003/013,Chimchar,auth_only_source_no_alternate,"skip:api.pokewallet.io:pokewallet_auth_gated_no_bypass,skip:api.pokewallet.io:pokewallet_auth_gated_no_bypass,set_map:ambiguous_set_name:-",api.pokewallet.io,"{""pokemonTcgApiId"": null, ""pricechartingId"": null, ""tcgdexCardId"": null, ""tcgplayerProductId"": null}",catalogue_identity_retained,pokewallet_authenticated_acquire_path,run_pokewallet_authenticated_acquire_or_collector_scan,2026-10-09T10:03:49Z
pokemon|jp|24035|004/013|magikarp,ja,24035,DPt Gift Box (Chimchar),004/013,Magikarp,auth_only_source_no_alternate,"skip:api.pokewallet.io:pokewallet_auth_gated_no_bypass,skip:api.pokewallet.io:pokewallet_auth_gated_no_bypass,set_map:ambiguous_set_name:-",api.pokewallet.io,"{""pokemonTcgApiId"": null, ""pricechartingId"": null, ""tcgdexCardId"": null, ""tcgplayerProductId"": null}",catalogue_identity_retained,pokewallet_authenticated_acquire_path,run_pokewallet_authenticated_acquire_or_collector_scan,2026-10-09T10:03:49Z
pokemon|jp|24035|005/013|magnemite,ja,24035,DPt Gift Box (Chimchar),005/013,Magnemite,auth_only_source_no_alternate,"skip:api.pokewallet.io:pokewallet_auth_gated_no_bypass,skip:api.pokewallet.io:pokewallet_auth_gated_no_bypass,set_map:ambiguous_set_name:-",api.pokewallet.io,"{""pokemonTcgApiId"": null, ""pricechartingId"": null, ""tcgdexCardId"": null, ""tcgplayerProductId"": null}",catalogue_identity_retained,pokewallet_authenticated_acquire_path,run_pokewallet_authenticated_acquire_or_collector_scan,2026-10-09T10:03:49Z
pokemon|jp|24035|006/013|shinx,ja,24035,DPt Gift Box (Chimchar),006/013,Shinx,auth_only_source_no_alternate,"skip:api.pokewallet.io:pokewallet_auth_gated_no_bypass,skip:api.pokewallet.io:pokewallet_auth_gated_no_bypass,set_map:ambiguous_set_name:-",api.pokewallet.io,"{""pokemonTcgApiId"": null, ""pricechartingId"": null, ""tcgdexCardId"": null, ""tcgplayerProductId"": null}",catalogue_identity_retained,pokewallet_authenticated_acquire_path,run_pokewallet_authenticated_acquire_or_collector_scan,2026-10-09T10:03:49Z
pokemon|jp|24035|007/013|zubat,ja,24035,DPt Gift Box (Chimchar),007/013,Zubat,auth_only_source_no_alternate,"skip:api.pokewallet.io:pokewallet_auth_gated_no_bypass,skip:api.pokewallet.io:pokewallet_auth_gated_no_bypass,set_map:ambiguous_set_name:-",api.pokewallet.io,"{""pokemonTcgApiId"": null, ""pricechartingId"": null, ""tcgdexCardId"": null, ""tcgplayerProductId"": null}",catalogue_identity_retained,pokewallet_authenticated_acquire_path,run_pokewallet_authenticated_acquire_or_collector_scan,2026-10-09T10:03:49Z
pokemon|jp|24035|008/013|croagunk,ja,24035,DPt Gift Box (Chimchar),008/013,Croagunk,auth_only_source_no_alternate,"skip:api.pokewallet.io:pokewallet_auth_gated_no_bypass,skip:api.pokewallet.io:pokewallet_auth_gated_no_bypass,set_map:ambiguous_set_name:-",api.pokewallet.io,"{""pokemonTcgApiId"": null, ""pricechartingId"": null, ""tcgdexCardId"": null, ""tcgplayerProductId"": null}",catalogue_identity_retained,pokewallet_authenticated_acquire_path,run_pokewallet_authenticated_acquire_or_collector_scan,2026-10-09T10:03:49Z
pokemon|jp|24035|009/013|geodude,ja,24035,DPt Gift Box (Chimchar),009/013,Geodude,auth_only_source_no_alternate,"skip:api.pokewallet.io:pokewallet_auth_gated_no_bypass,skip:api.pokewallet.io:pokewallet_auth_gated_no_bypass,set_map:ambiguous_set_name:-",api.pokewallet.io,"{""pokemonTcgApiId"": null, ""pricechartingId"": null, ""tcgdexCardId"": null, ""tcgplayerProductId"": null}",catalogue_identity_retained,pokewallet_authenticated_acquire_path,run_pokewallet_authenticated_acquire_or_collector_scan,2026-10-09T10:03:49Z
pokemon|jp|24035|010/013|hippopotas,ja,24035,DPt Gift Box (Chimchar),010/013,Hippopotas,auth_only_source_no_alternate,"skip:api.pokewallet.io:pokewallet_auth_gated_no_bypass,skip:api.pokewallet.io:pokewallet_auth_gated_no_bypass,set_map:ambiguous_set_name:-",api.pokewallet.io,"{""pokemonTcgApiId"": null, ""pricechartingId"": null, ""tcgdexCardId"": null, ""tcgplayerProductId"": null}",catalogue_identity_retained,pokewallet_authenticated_acquire_path,run_pokewallet_authenticated_acquire_or_collector_scan,2026-10-09T10:03:49Z
pokemon|jp|24035|012/013|potion,ja,24035,DPt Gift Box (Chimchar),012/013,Potion,auth_only_source_no_alternate,"skip:api.pokewallet.io:pokewallet_auth_gated_no_bypass,skip:api.pokewallet.io:pokewallet_auth_gated_no_bypass,set_map:ambiguous_set_name:-",api.pokewallet.io,"{""pokemonTcgApiId"": null, ""pricechartingId"": null, ""tcgdexCardId"": null, ""tcgplayerProductId"": null}",catalogue_identity_retained,pokewallet_authenticated_acquire_path,run_pokewallet_authenticated_acquire_or_collector_scan,2026-10-09T10:03:49Z
pokemon|jp|24035|013/013|poke_ball,ja,24035,DPt Gift Box (Chimchar),013/013,Poke Ball,auth_only_source_no_alternate,"skip:api.pokewallet.io:pokewallet_auth_gated_no_bypass,skip:api.pokewallet.io:pokewallet_auth_gated_no_bypass,set_map:ambiguous_set_name:-",api.pokewallet.io,"{""pokemonTcgApiId"": null, ""pricechartingId"": null, ""tcgdexCardId"": null, ""tcgplayerProductId"": null}",catalogue_identity_retained,pokewallet_authenticated_acquire_path,run_pokewallet_authenticated_acquire_or_collector_scan,2026-10-09T10:03:49Z
pokemon|jp|24036|001/015|cherubi,ja,24036,DPt Gift Box (Pikachu),001/015,Cherubi,auth_only_source_no_alternate,"skip:api.pokewallet.io:pokewallet_auth_gated_no_bypass,skip:api.pokewallet.io:pokewallet_auth_gated_no_bypass,set_map:ambiguous_set_name:-",api.pokewallet.io,"{""pokemonTcgApiId"": null, ""pricechartingId"": null, ""tcgdexCardId"": null, ""tcgplayerProductId"": null}",catalogue_identity_retained,pokewallet_authenticated_acquire_path,run_pokewallet_authenticated_acquire_or_collector_scan,2026-10-09T10:03:49Z
pokemon|jp|24036|002/015|cherrim,ja,24036,DPt Gift Box (Pikachu),002/015,Cherrim,auth_only_source_no_alternate,"skip:api.pokewallet.io:pokewallet_auth_gated_no_bypass,skip:api.pokewallet.io:pokewallet_auth_gated_no_bypass,set_map:ambiguous_set_name:-",api.pokewallet.io,"{""pokemonTcgApiId"": null, ""pricechartingId"": null, ""tcgdexCardId"": null, ""tcgplayerProductId"": null}",catalogue_identity_retained,pokewallet_authenticated_acquire_path,run_pokewallet_authenticated_acquire_or_collector_scan,2026-10-09T10:03:49Z
pokemon|jp|24036|003/015|carnivine,ja,24036,DPt Gift Box (Pikachu),003/015,Carnivine,auth_only_source_no_alternate,"skip:api.pokewallet.io:pokewallet_auth_gated_no_bypass,skip:api.pokewallet.io:pokewallet_auth_gated_no_bypass,set_map:ambiguous_set_name:-",api.pokewallet.io,"{""pokemonTcgApiId"": null, ""pricechartingId"": null, ""tcgdexCardId"": null, ""tcgplayerProductId"": null}",catalogue_identity_retained,pokewallet_authenticated_acquire_path,run_pokewallet_authenticated_acquire_or_collector_scan,2026-10-09T10:03:49Z
pokemon|jp|24036|004/015|pikachu,ja,24036,DPt Gift Box (Pikachu),004/015,Pikachu,auth_only_source_no_alternate,"skip:api.pokewallet.io:pokewallet_auth_gated_no_bypass,skip:api.pokewallet.io:pokewallet_auth_gated_no_bypass,set_map:ambiguous_set_name:-",api.pokewallet.io,"{""pokemonTcgApiId"": null, ""pricechartingId"": null, ""tcgdexCardId"": null, ""tcgplayerProductId"": null}",catalogue_identity_retained,pokewallet_authenticated_acquire_path,run_pokewallet_authenticated_acquire_or_collector_scan,2026-10-09T10:03:49Z
pokemon|jp|24036|005/015|raichu,ja,24036,DPt Gift Box (Pikachu),005/015,Raichu,auth_only_source_no_alternate,"skip:api.pokewallet.io:pokewallet_auth_gated_no_bypass,skip:api.pokewallet.io:pokewallet_auth_gated_no_bypass,set_map:ambiguous_set_name:-",api.pokewallet.io,"{""pokemonTcgApiId"": null, ""pricechartingId"": null, ""tcgdexCardId"": null, ""tcgplayerProductId"": null}",catalogue_identity_retained,pokewallet_authenticated_acquire_path,run_pokewallet_authenticated_acquire_or_collector_scan,2026-10-09T10:03:49Z
pokemon|jp|24036|006/015|rotom,ja,24036,DPt Gift Box (Pikachu),006/015,Rotom,auth_only_source_no_alternate,"skip:api.pokewallet.io:pokewallet_auth_gated_no_bypass,skip:api.pokewallet.io:pokewallet_auth_gated_no_bypass,set_map:ambiguous_set_name:-",api.pokewallet.io,"{""pokemonTcgApiId"": null, ""pricechartingId"": null, ""tcgdexCardId"": null, ""tcgplayerProductId"": null}",catalogue_identity_retained,pokewallet_authenticated_acquire_path,run_pokewallet_authenticated_acquire_or_collector_scan,2026-10-09T10:03:49Z
pokemon|jp|24036|007/015|buneary,ja,24036,DPt Gift Box (Pikachu),007/015,Buneary,auth_only_source_no_alternate,"skip:api.pokewallet.io:pokewallet_auth_gated_no_bypass,skip:api.pokewallet.io:pokewallet_auth_gated_no_bypass,set_map:ambiguous_set_name:-",api.pokewallet.io,"{""pokemonTcgApiId"": null, ""pricechartingId"": null, ""tcgdexCardId"": null, ""tcgplayerProductId"": null}",catalogue_identity_retained,pokewallet_authenticated_acquire_path,run_pokewallet_authenticated_acquire_or_collector_scan,2026-10-09T10:03:49Z
pokemon|jp|24036|008/015|lopunny,ja,24036,DPt Gift Box (Pikachu),008/015,Lopunny,auth_only_source_no_alternate,"skip:api.pokewallet.io:pokewallet_auth_gated_no_bypass,skip:api.pokewallet.io:pokewallet_auth_gated_no_bypass,set_map:ambiguous_set_name:-",api.pokewallet.io,"{""pokemonTcgApiId"": null, ""pricechartingId"": null, ""tcgdexCardId"": null, ""tcgplayerProductId"": null}",catalogue_identity_retained,pokewallet_authenticated_acquire_path,run_pokewallet_authenticated_acquire_or_collector_scan,2026-10-09T10:03:49Z
pokemon|jp|24036|009/015|chatot,ja,24036,DPt Gift Box (Pikachu),009/015,Chatot,auth_only_source_no_alternate,"skip:api.pokewallet.io:pokewallet_auth_gated_no_bypass,skip:api.pokewallet.io:pokewallet_auth_gated_no_bypass,set_map:ambiguous_set_name:-",api.pokewallet.io,"{""pokemonTcgApiId"": null, ""pricechartingId"": null, ""tcgdexCardId"": null, ""tcgplayerProductId"": null}",catalogue_identity_retained,pokewallet_authenticated_acquire_path,run_pokewallet_authenticated_acquire_or_collector_scan,2026-10-09T10:03:49Z
pokemon|jp|24036|010/015|energy_pickup,ja,24036,DPt Gift Box (Pikachu),010/015,Energy Pickup,auth_only_source_no_alternate,"skip:api.pokewallet.io:pokewallet_auth_gated_no_bypass,skip:api.pokewallet.io:pokewallet_auth_gated_no_bypass,set_map:ambiguous_set_name:-",api.pokewallet.io,"{""pokemonTcgApiId"": null, ""pricechartingId"": null, ""tcgdexCardId"": null, ""tcgplayerProductId"": null}",catalogue_identity_retained,pokewallet_authenticated_acquire_path,run_pokewallet_authenticated_acquire_or_collector_scan,2026-10-09T10:03:49Z
pokemon|jp|24037|001/015|roselia,ja,24037,DPt Gift Box (Piplup),001/015,Roselia,auth_only_source_no_alternate,"skip:api.pokewallet.io:pokewallet_auth_gated_no_bypass,skip:api.pokewallet.io:pokewallet_auth_gated_no_bypass,set_map:ambiguous_set_name:-",api.pokewallet.io,"{""pokemonTcgApiId"": null, ""pricechartingId"": null, ""tcgdexCardId"": null, ""tcgplayerProductId"": null}",catalogue_identity_retained,pokewallet_authenticated_acquire_path,run_pokewallet_authenticated_acquire_or_collector_scan,2026-10-09T10:03:49Z
pokemon|jp|24037|002/015|roserade,ja,24037,DPt Gift Box (Piplup),002/015,Roserade,auth_only_source_no_alternate,"skip:api.pokewallet.io:pokewallet_auth_gated_no_bypass,skip:api.pokewallet.io:pokewallet_auth_gated_no_bypass,set_map:ambiguous_set_name:-",api.pokewallet.io,"{""pokemonTcgApiId"": null, ""pricechartingId"": null, ""tcgdexCardId"": null, ""tcgplayerProductId"": null}",catalogue_identity_retained,pokewallet_authenticated_acquire_path,run_pokewallet_authenticated_acquire_or_collector_scan,2026-10-09T10:03:49Z
pokemon|jp|24037|003/015|articuno,ja,24037,DPt Gift Box (Piplup),003/015,Articuno,auth_only_source_no_alternate,"skip:api.pokewallet.io:pokewallet_auth_gated_no_bypass,skip:api.pokewallet.io:pokewallet_auth_gated_no_bypass,set_map:ambiguous_set_name:-",api.pokewallet.io,"{""pokemonTcgApiId"": null, ""pricechartingId"": null, ""tcgdexCardId"": null, ""tcgplayerProductId"": null}",catalogue_identity_retained,pokewallet_authenticated_acquire_path,run_pokewallet_authenticated_acquire_or_collector_scan,2026-10-09T10:03:49Z
pokemon|jp|24037|004/015|corphish,ja,24037,DPt Gift Box (Piplup),004/015,Corphish,auth_only_source_no_alternate,"skip:api.pokewallet.io:pokewallet_auth_gated_no_bypass,skip:api.pokewallet.io:pokewallet_auth_gated_no_bypass,set_map:ambiguous_set_name:-",api.pokewallet.io,"{""pokemonTcgApiId"": null, ""pricechartingId"": null, ""tcgdexCardId"": null, ""tcgplayerProductId"": null}",catalogue_identity_retained,pokewallet_authenticated_acquire_path,run_pokewallet_authenticated_acquire_or_collector_scan,2026-10-09T10:03:49Z
pokemon|jp|24037|005/015|piplup,ja,24037,DPt Gift Box (Piplup),005/015,Piplup,auth_only_source_no_alternate,"skip:api.pokewallet.io:pokewallet_auth_gated_no_bypass,skip:api.pokewallet.io:pokewallet_auth_gated_no_bypass,set_map:ambiguous_set_name:-",api.pokewallet.io,"{""pokemonTcgApiId"": null, ""pricechartingId"": null, ""tcgdexCardId"": null, ""tcgplayerProductId"": null}",catalogue_identity_retained,pokewallet_authenticated_acquire_path,run_pokewallet_authenticated_acquire_or_collector_scan,2026-10-09T10:03:49Z
pokemon|jp|24037|006/015|drifloon,ja,24037,DPt Gift Box (Piplup),006/015,Drifloon,auth_only_source_no_alternate,"skip:api.pokewallet.io:pokewallet_auth_gated_no_bypass,skip:api.pokewallet.io:pokewallet_auth_gated_no_bypass,set_map:ambiguous_set_name:-",api.pokewallet.io,"{""pokemonTcgApiId"": null, ""pricechartingId"": null, ""tcgdexCardId"": null, ""tcgplayerProductId"": null}",catalogue_identity_retained,pokewallet_authenticated_acquire_path,run_pokewallet_authenticated_acquire_or_collector_scan,2026-10-09T10:03:49Z
pokemon|jp|24037|007/015|drifblim,ja,24037,DPt Gift Box (Piplup),007/015,Drifblim,auth_only_source_no_alternate,"skip:api.pokewallet.io:pokewallet_auth_gated_no_bypass,skip:api.pokewallet.io:pokewallet_auth_gated_no_bypass,set_map:ambiguous_set_name:-",api.pokewallet.io,"{""pokemonTcgApiId"": null, ""pricechartingId"": null, ""tcgdexCardId"": null, ""tcgplayerProductId"": null}",catalogue_identity_retained,pokewallet_authenticated_acquire_path,run_pokewallet_authenticated_acquire_or_collector_scan,2026-10-09T10:03:49Z
pokemon|jp|24037|008/015|skorupi,ja,24037,DPt Gift Box (Piplup),008/015,Skorupi,auth_only_source_no_alternate,"skip:api.pokewallet.io:pokewallet_auth_gated_no_bypass,skip:api.pokewallet.io:pokewallet_auth_gated_no_bypass,set_map:ambiguous_set_name:-",api.pokewallet.io,"{""pokemonTcgApiId"": null, ""pricechartingId"": null, ""tcgdexCardId"": null, ""tcgplayerProductId"": null}",catalogue_identity_retained,pokewallet_authenticated_acquire_path,run_pokewallet_authenticated_acquire_or_collector_scan,2026-10-09T10:03:49Z
pokemon|jp|24037|009/015|starly,ja,24037,DPt Gift Box (Piplup),009/015,Starly,auth_only_source_no_alternate,"skip:api.pokewallet.io:pokewallet_auth_gated_no_bypass,skip:api.pokewallet.io:pokewallet_auth_gated_no_bypass,set_map:ambiguous_set_name:-",api.pokewallet.io,"{""pokemonTcgApiId"": null, ""pricechartingId"": null, ""tcgdexCardId"": null, ""tcgplayerProductId"": null}",catalogue_identity_retained,pokewallet_authenticated_acquire_path,run_pokewallet_authenticated_acquire_or_collector_scan,2026-10-09T10:03:49Z
pokemon|jp|24037|010/015|staravia,ja,24037,DPt Gift Box (Piplup),010/015,Staravia,auth_only_source_no_alternate,"skip:api.pokewallet.io:pokewallet_auth_gated_no_bypass,skip:api.pokewallet.io:pokewallet_auth_gated_no_bypass,set_map:ambiguous_set_name:-",api.pokewallet.io,"{""pokemonTcgApiId"": null, ""pricechartingId"": null, ""tcgdexCardId"": null, ""tcgplayerProductId"": null}",catalogue_identity_retained,pokewallet_authenticated_acquire_path,run_pokewallet_authenticated_acquire_or_collector_scan,2026-10-09T10:03:49Z
pokemon|jp|24037|012/015|double_full_heal,ja,24037,DPt Gift Box (Piplup),012/015,Double Full Heal,auth_only_source_no_alternate,"skip:api.pokewallet.io:pokewallet_auth_gated_no_bypass,skip:api.pokewallet.io:pokewallet_auth_gated_no_bypass,set_map:ambiguous_set_name:-",api.pokewallet.io,"{""pokemonTcgApiId"": null, ""pricechartingId"": null, ""tcgdexCardId"": null, ""tcgplayerProductId"": null}",catalogue_identity_retained,pokewallet_authenticated_acquire_path,run_pokewallet_authenticated_acquire_or_collector_scan,2026-10-09T10:03:49Z
pokemon|jp|24037|015/015|moms_kindness,ja,24037,DPt Gift Box (Piplup),015/015,Moms Kindness,auth_only_source_no_alternate,"skip:api.pokewallet.io:pokewallet_auth_gated_no_bypass,skip:api.pokewallet.io:pokewallet_auth_gated_no_bypass,set_map:ambiguous_set_name:-",api.pokewallet.io,"{""pokemonTcgApiId"": null, ""pricechartingId"": null, ""tcgdexCardId"": null, ""tcgplayerProductId"": null}",catalogue_identity_retained,pokewallet_authenticated_acquire_path,run_pokewallet_authenticated_acquire_or_collector_scan,2026-10-09T10:03:49Z
pokemon|jp|24038|001/014|turtwig,ja,24038,DPt Gift Box (Turtwig),001/014,Turtwig,auth_only_source_no_alternate,"skip:api.pokewallet.io:pokewallet_auth_gated_no_bypass,skip:api.pokewallet.io:pokewallet_auth_gated_no_bypass,set_map:ambiguous_set_name:-",api.pokewallet.io,"{""pokemonTcgApiId"": null, ""pricechartingId"": null, ""tcgdexCardId"": null, ""tcgplayerProductId"": null}",catalogue_identity_retained,pokewallet_authenticated_acquire_path,run_pokewallet_authenticated_acquire_or_collector_scan,2026-10-09T10:03:49Z
pokemon|jp|24038|002/014|combee,ja,24038,DPt Gift Box (Turtwig),002/014,Combee,auth_only_source_no_alternate,"skip:api.pokewallet.io:pokewallet_auth_gated_no_bypass,skip:api.pokewallet.io:pokewallet_auth_gated_no_bypass,set_map:ambiguous_set_name:-",api.pokewallet.io,"{""pokemonTcgApiId"": null, ""pricechartingId"": null, ""tcgdexCardId"": null, ""tcgplayerProductId"": null}",catalogue_identity_retained,pokewallet_authenticated_acquire_path,run_pokewallet_authenticated_acquire_or_collector_scan,2026-10-09T10:03:49Z
pokemon|jp|24038|003/014|growlithe,ja,24038,DPt Gift Box (Turtwig),003/014,Growlithe,auth_only_source_no_alternate,"skip:api.pokewallet.io:pokewallet_auth_gated_no_bypass,skip:api.pokewallet.io:pokewallet_auth_gated_no_bypass,set_map:ambiguous_set_name:-",api.pokewallet.io,"{""pokemonTcgApiId"": null, ""pricechartingId"": null, ""tcgdexCardId"": null, ""tcgplayerProductId"": null}",catalogue_identity_retained,pokewallet_authenticated_acquire_path,run_pokewallet_authenticated_acquire_or_collector_scan,2026-10-09T10:03:49Z
pokemon|jp|24038|004/014|arcanine,ja,24038,DPt Gift Box (Turtwig),004/014,Arcanine,auth_only_source_no_alternate,"skip:api.pokewallet.io:pokewallet_auth_gated_no_bypass,skip:api.pokewallet.io:pokewallet_auth_gated_no_bypass,set_map:ambiguous_set_name:-",api.pokewallet.io,"{""pokemonTcgApiId"": null, ""pricechartingId"": null, ""tcgdexCardId"": null, ""tcgplayerProductId"": null}",catalogue_identity_retained,pokewallet_authenticated_acquire_path,run_pokewallet_authenticated_acquire_or_collector_scan,2026-10-09T10:03:49Z
pokemon|jp|24038|005/014|buizel,ja,24038,DPt Gift Box (Turtwig),005/014,Buizel,auth_only_source_no_alternate,"skip:api.pokewallet.io:pokewallet_auth_gated_no_bypass,skip:api.pokewallet.io:pokewallet_auth_gated_no_bypass,set_map:ambiguous_set_name:-",api.pokewallet.io,"{""pokemonTcgApiId"": null, ""pricechartingId"": null, ""tcgdexCardId"": null, ""tcgplayerProductId"": null}",catalogue_identity_retained,pokewallet_authenticated_acquire_path,run_pokewallet_authenticated_acquire_or_collector_scan,2026-10-09T10:03:49Z
pokemon|jp|24038|006/014|floatzel,ja,24038,DPt Gift Box (Turtwig),006/014,Floatzel,auth_only_source_no_alternate,"skip:api.pokewallet.io:pokewallet_auth_gated_no_bypass,skip:api.pokewallet.io:pokewallet_auth_gated_no_bypass,set_map:ambiguous_set_name:-",api.pokewallet.io,"{""pokemonTcgApiId"": null, ""pricechartingId"": null, ""tcgdexCardId"": null, ""tcgplayerProductId"": null}",catalogue_identity_retained,pokewallet_authenticated_acquire_path,run_pokewallet_authenticated_acquire_or_collector_scan,2026-10-09T10:03:49Z
pokemon|jp|24038|007/014|zapdos,ja,24038,DPt Gift Box (Turtwig),007/014,Zapdos,auth_only_source_no_alternate,"skip:api.pokewallet.io:pokewallet_auth_gated_no_bypass,skip:api.pokewallet.io:pokewallet_auth_gated_no_bypass,set_map:ambiguous_set_name:-",api.pokewallet.io,"{""pokemonTcgApiId"": null, ""pricechartingId"": null, ""tcgdexCardId"": null, ""tcgplayerProductId"": null}",catalogue_identity_retained,pokewallet_authenticated_acquire_path,run_pokewallet_authenticated_acquire_or_collector_scan,2026-10-09T10:03:49Z
pokemon|jp|24038|008/014|pachirisu,ja,24038,DPt Gift Box (Turtwig),008/014,Pachirisu,auth_only_source_no_alternate,"skip:api.pokewallet.io:pokewallet_auth_gated_no_bypass,skip:api.pokewallet.io:pokewallet_auth_gated_no_bypass,set_map:ambiguous_set_name:-",api.pokewallet.io,"{""pokemonTcgApiId"": null, ""pricechartingId"": null, ""tcgdexCardId"": null, ""tcgplayerProductId"": null}",catalogue_identity_retained,pokewallet_authenticated_acquire_path,run_pokewallet_authenticated_acquire_or_collector_scan,2026-10-09T10:03:49Z
pokemon|jp|24038|009/014|bidoof,ja,24038,DPt Gift Box (Turtwig),009/014,Bidoof,auth_only_source_no_alternate,"skip:api.pokewallet.io:pokewallet_auth_gated_no_bypass,skip:api.pokewallet.io:pokewallet_auth_gated_no_bypass,set_map:ambiguous_set_name:-",api.pokewallet.io,"{""pokemonTcgApiId"": null, ""pricechartingId"": null, ""tcgdexCardId"": null, ""tcgplayerProductId"": null}",catalogue_identity_retained,pokewallet_authenticated_acquire_path,run_pokewallet_authenticated_acquire_or_collector_scan,2026-10-09T10:03:49Z
pokemon|jp|24038|010/014|bibarel,ja,24038,DPt Gift Box (Turtwig),010/014,Bibarel,auth_only_source_no_alternate,"skip:api.pokewallet.io:pokewallet_auth_gated_no_bypass,skip:api.pokewallet.io:pokewallet_auth_gated_no_bypass,set_map:ambiguous_set_name:-",api.pokewallet.io,"{""pokemonTcgApiId"": null, ""pricechartingId"": null, ""tcgdexCardId"": null, ""tcgplayerProductId"": null}",catalogue_identity_retained,pokewallet_authenticated_acquire_path,run_pokewallet_authenticated_acquire_or_collector_scan,2026-10-09T10:03:49Z
pokemon|jp|24038|011/014|energy_search,ja,24038,DPt Gift Box (Turtwig),011/014,Energy Search,auth_only_source_no_alternate,"skip:api.pokewallet.io:pokewallet_auth_gated_no_bypass,skip:api.pokewallet.io:pokewallet_auth_gated_no_bypass,set_map:ambiguous_set_name:-",api.pokewallet.io,"{""pokemonTcgApiId"": null, ""pricechartingId"": null, ""tcgdexCardId"": null, ""tcgplayerProductId"": null}",catalogue_identity_retained,pokewallet_authenticated_acquire_path,run_pokewallet_authenticated_acquire_or_collector_scan,2026-10-09T10:03:49Z
pokemon|jp|24038|013/014|switch,ja,24038,DPt Gift Box (Turtwig),013/014,Switch,auth_only_source_no_alternate,"skip:api.pokewallet.io:pokewallet_auth_gated_no_bypass,skip:api.pokewallet.io:pokewallet_auth_gated_no_bypass,set_map:ambiguous_set_name:-",api.pokewallet.io,"{""pokemonTcgApiId"": null, ""pricechartingId"": null, ""tcgdexCardId"": null, ""tcgplayerProductId"": null}",catalogue_identity_retained,pokewallet_authenticated_acquire_path,run_pokewallet_authenticated_acquire_or_collector_scan,2026-10-09T10:03:49Z
pokemon|jp|24045|001/014|magnemite,ja,24045,Giratina vs Dialga Deck Kit (Dialga),001/014,Magnemite,auth_only_source_no_alternate,"skip:api.pokewallet.io:pokewallet_auth_gated_no_bypass,skip:api.pokewallet.io:pokewallet_auth_gated_no_bypass,set_map:ambiguous_set_name:-",api.pokewallet.io,"{""pokemonTcgApiId"": null, ""pricechartingId"": null, ""tcgdexCardId"": null, ""tcgplayerProductId"": null}",catalogue_identity_retained,pokewallet_authenticated_acquire_path,run_pokewallet_authenticated_acquire_or_collector_scan,2026-10-09T10:03:49Z
pokemon|jp|24045|002/014|magneton,ja,24045,Giratina vs Dialga Deck Kit (Dialga),002/014,Magneton,auth_only_source_no_alternate,"skip:api.pokewallet.io:pokewallet_auth_gated_no_bypass,skip:api.pokewallet.io:pokewallet_auth_gated_no_bypass,set_map:ambiguous_set_name:-",api.pokewallet.io,"{""pokemonTcgApiId"": null, ""pricechartingId"": null, ""tcgdexCardId"": null, ""tcgplayerProductId"": null}",catalogue_identity_retained,pokewallet_authenticated_acquire_path,run_pokewallet_authenticated_acquire_or_collector_scan,2026-10-09T10:03:49Z
pokemon|jp|24045|003/014|magnezone,ja,24045,Giratina vs Dialga Deck Kit (Dialga),003/014,Magnezone,auth_only_source_no_alternate,"skip:api.pokewallet.io:pokewallet_auth_gated_no_bypass,skip:api.pokewallet.io:pokewallet_auth_gated_no_bypass,set_map:ambiguous_set_name:-",api.pokewallet.io,"{""pokemonTcgApiId"": null, ""pricechartingId"": null, ""tcgdexCardId"": null, ""tcgplayerProductId"": null}",catalogue_identity_retained,pokewallet_authenticated_acquire_path,run_pokewallet_authenticated_acquire_or_collector_scan,2026-10-09T10:03:49Z
pokemon|jp|24045|004/014|voltorb,ja,24045,Giratina vs Dialga Deck Kit (Dialga),004/014,Voltorb,auth_only_source_no_alternate,"skip:api.pokewallet.io:pokewallet_auth_gated_no_bypass,skip:api.pokewallet.io:pokewallet_auth_gated_no_bypass,set_map:ambiguous_set_name:-",api.pokewallet.io,"{""pokemonTcgApiId"": null, ""pricechartingId"": null, ""tcgdexCardId"": null, ""tcgplayerProductId"": null}",catalogue_identity_retained,pokewallet_authenticated_acquire_path,run_pokewallet_authenticated_acquire_or_collector_scan,2026-10-09T10:03:49Z
pokemon|jp|24045|005/014|electrode,ja,24045,Giratina vs Dialga Deck Kit (Dialga),005/014,Electrode,auth_only_source_no_alternate,"skip:api.pokewallet.io:pokewallet_auth_gated_no_bypass,skip:api.pokewallet.io:pokewallet_auth_gated_no_bypass,set_map:ambiguous_set_name:-",api.pokewallet.io,"{""pokemonTcgApiId"": null, ""pricechartingId"": null, ""tcgdexCardId"": null, ""tcgplayerProductId"": null}",catalogue_identity_retained,pokewallet_authenticated_acquire_path,run_pokewallet_authenticated_acquire_or_collector_scan,2026-10-09T10:03:49Z
pokemon|jp|24045|007/014|dialga,ja,24045,Giratina vs Dialga Deck Kit (Dialga),007/014,Dialga,auth_only_source_no_alternate,"skip:api.pokewallet.io:pokewallet_auth_gated_no_bypass,skip:api.pokewallet.io:pokewallet_auth_gated_no_bypass,set_map:ambiguous_set_name:-",api.pokewallet.io,"{""pokemonTcgApiId"": null, ""pricechartingId"": null, ""tcgdexCardId"": null, ""tcgplayerProductId"": null}",catalogue_identity_retained,pokewallet_authenticated_acquire_path,run_pokewallet_authenticated_acquire_or_collector_scan,2026-10-09T10:03:49Z
pokemon|jp|24045|008/014|farfetchd,ja,24045,Giratina vs Dialga Deck Kit (Dialga),008/014,Farfetchd,auth_only_source_no_alternate,"skip:api.pokewallet.io:pokewallet_auth_gated_no_bypass,skip:api.pokewallet.io:pokewallet_auth_gated_no_bypass,set_map:ambiguous_set_name:-",api.pokewallet.io,"{""pokemonTcgApiId"": null, ""pricechartingId"": null, ""tcgdexCardId"": null, ""tcgplayerProductId"": null}",catalogue_identity_retained,pokewallet_authenticated_acquire_path,run_pokewallet_authenticated_acquire_or_collector_scan,2026-10-09T10:03:49Z
pokemon|jp|24045|009/014|super_scoop_up,ja,24045,Giratina vs Dialga Deck Kit (Dialga),009/014,Super Scoop Up,auth_only_source_no_alternate,"skip:api.pokewallet.io:pokewallet_auth_gated_no_bypass,skip:api.pokewallet.io:pokewallet_auth_gated_no_bypass,set_map:ambiguous_set_name:-",api.pokewallet.io,"{""pokemonTcgApiId"": null, ""pricechartingId"": null, ""tcgdexCardId"": null, ""tcgplayerProductId"": null}",catalogue_identity_retained,pokewallet_authenticated_acquire_path,run_pokewallet_authenticated_acquire_or_collector_scan,2026-10-09T10:03:49Z
pokemon|jp|24045|010/014|double_full_heal,ja,24045,Giratina vs Dialga Deck Kit (Dialga),010/014,Double Full Heal,auth_only_source_no_alternate,"skip:api.pokewallet.io:pokewallet_auth_gated_no_bypass,skip:api.pokewallet.io:pokewallet_auth_gated_no_bypass,set_map:ambiguous_set_name:-",api.pokewallet.io,"{""pokemonTcgApiId"": null, ""pricechartingId"": null, ""tcgdexCardId"": null, ""tcgplayerProductId"": null}",catalogue_identity_retained,pokewallet_authenticated_acquire_path,run_pokewallet_authenticated_acquire_or_collector_scan,2026-10-09T10:03:49Z
pokemon|jp|24045|011/014|switch,ja,24045,Giratina vs Dialga Deck Kit (Dialga),011/014,Switch,auth_only_source_no_alternate,"skip:api.pokewallet.io:pokewallet_auth_gated_no_bypass,skip:api.pokewallet.io:pokewallet_auth_gated_no_bypass,set_map:ambiguous_set_name:-",api.pokewallet.io,"{""pokemonTcgApiId"": null, ""pricechartingId"": null, ""tcgdexCardId"": null, ""tcgplayerProductId"": null}",catalogue_identity_retained,pokewallet_authenticated_acquire_path,run_pokewallet_authenticated_acquire_or_collector_scan,2026-10-09T10:03:49Z
pokemon|jp|24045|012/014|poke_ball,ja,24045,Giratina vs Dialga Deck Kit (Dialga),012/014,Poke Ball,auth_only_source_no_alternate,"skip:api.pokewallet.io:pokewallet_auth_gated_no_bypass,skip:api.pokewallet.io:pokewallet_auth_gated_no_bypass,set_map:ambiguous_set_name:-",api.pokewallet.io,"{""pokemonTcgApiId"": null, ""pricechartingId"": null, ""tcgdexCardId"": null, ""tcgplayerProductId"": null}",catalogue_identity_retained,pokewallet_authenticated_acquire_path,run_pokewallet_authenticated_acquire_or_collector_scan,2026-10-09T10:03:49Z
pokemon|jp|24045|014/014|conductive_quarry,ja,24045,Giratina vs Dialga Deck Kit (Dialga),014/014,Conductive Quarry,auth_only_source_no_alternate,"skip:api.pokewallet.io:pokewallet_auth_gated_no_bypass,skip:api.pokewallet.io:pokewallet_auth_gated_no_bypass,set_map:ambiguous_set_name:-",api.pokewallet.io,"{""pokemonTcgApiId"": null, ""pricechartingId"": null, ""tcgdexCardId"": null, ""tcgplayerProductId"": null}",catalogue_identity_retained,pokewallet_authenticated_acquire_path,run_pokewallet_authenticated_acquire_or_collector_scan,2026-10-09T10:03:49Z
pokemon|jp|24046|001/014|treecko,ja,24046,Giratina vs Dialga Deck Kit (Giratina),001/014,Treecko,auth_only_source_no_alternate,"skip:api.pokewallet.io:pokewallet_auth_gated_no_bypass,skip:api.pokewallet.io:pokewallet_auth_gated_no_bypass,set_map:ambiguous_set_name:-",api.pokewallet.io,"{""pokemonTcgApiId"": null, ""pricechartingId"": null, ""tcgdexCardId"": null, ""tcgplayerProductId"": null}",catalogue_identity_retained,pokewallet_authenticated_acquire_path,run_pokewallet_authenticated_acquire_or_collector_scan,2026-10-09T10:03:49Z
pokemon|jp|24046|003/014|shaymin,ja,24046,Giratina vs Dialga Deck Kit (Giratina),003/014,Shaymin,auth_only_source_no_alternate,"skip:api.pokewallet.io:pokewallet_auth_gated_no_bypass,skip:api.pokewallet.io:pokewallet_auth_gated_no_bypass,set_map:ambiguous_set_name:-",api.pokewallet.io,"{""pokemonTcgApiId"": null, ""pricechartingId"": null, ""tcgdexCardId"": null, ""tcgplayerProductId"": null}",catalogue_identity_retained,pokewallet_authenticated_acquire_path,run_pokewallet_authenticated_acquire_or_collector_scan,2026-10-09T10:03:49Z
pokemon|jp|24046|004/014|duskull,ja,24046,Giratina vs Dialga Deck Kit (Giratina),004/014,Duskull,auth_only_source_no_alternate,"skip:api.pokewallet.io:pokewallet_auth_gated_no_bypass,skip:api.pokewallet.io:pokewallet_auth_gated_no_bypass,set_map:ambiguous_set_name:-",api.pokewallet.io,"{""pokemonTcgApiId"": null, ""pricechartingId"": null, ""tcgdexCardId"": null, ""tcgplayerProductId"": null}",catalogue_identity_retained,pokewallet_authenticated_acquire_path,run_pokewallet_authenticated_acquire_or_collector_scan,2026-10-09T10:03:49Z
pokemon|jp|24046|005/014|dusclops,ja,24046,Giratina vs Dialga Deck Kit (Giratina),005/014,Dusclops,auth_only_source_no_alternate,"skip:api.pokewallet.io:pokewallet_auth_gated_no_bypass,skip:api.pokewallet.io:pokewallet_auth_gated_no_bypass,set_map:ambiguous_set_name:-",api.pokewallet.io,"{""pokemonTcgApiId"": null, ""pricechartingId"": null, ""tcgdexCardId"": null, ""tcgplayerProductId"": null}",catalogue_identity_retained,pokewallet_authenticated_acquire_path,run_pokewallet_authenticated_acquire_or_collector_scan,2026-10-09T10:03:49Z
pokemon|jp|24046|006/014|dusknoir,ja,24046,Giratina vs Dialga Deck Kit (Giratina),006/014,Dusknoir,auth_only_source_no_alternate,"skip:api.pokewallet.io:pokewallet_auth_gated_no_bypass,skip:api.pokewallet.io:pokewallet_auth_gated_no_bypass,set_map:ambiguous_set_name:-",api.pokewallet.io,"{""pokemonTcgApiId"": null, ""pricechartingId"": null, ""tcgdexCardId"": null, ""tcgplayerProductId"": null}",catalogue_identity_retained,pokewallet_authenticated_acquire_path,run_pokewallet_authenticated_acquire_or_collector_scan,2026-10-09T10:03:49Z
pokemon|jp|24046|007/014|giratina,ja,24046,Giratina vs Dialga Deck Kit (Giratina),007/014,Giratina,auth_only_source_no_alternate,"skip:api.pokewallet.io:pokewallet_auth_gated_no_bypass,skip:api.pokewallet.io:pokewallet_auth_gated_no_bypass,set_map:ambiguous_set_name:-",api.pokewallet.io,"{""pokemonTcgApiId"": null, ""pricechartingId"": null, ""tcgdexCardId"": null, ""tcgplayerProductId"": null}",catalogue_identity_retained,pokewallet_authenticated_acquire_path,run_pokewallet_authenticated_acquire_or_collector_scan,2026-10-09T10:03:49Z
pokemon|jp|24046|009/014|energy_switch,ja,24046,Giratina vs Dialga Deck Kit (Giratina),009/014,Energy Switch,auth_only_source_no_alternate,"skip:api.pokewallet.io:pokewallet_auth_gated_no_bypass,skip:api.pokewallet.io:pokewallet_auth_gated_no_bypass,set_map:ambiguous_set_name:-",api.pokewallet.io,"{""pokemonTcgApiId"": null, ""pricechartingId"": null, ""tcgdexCardId"": null, ""tcgplayerProductId"": null}",catalogue_identity_retained,pokewallet_authenticated_acquire_path,run_pokewallet_authenticated_acquire_or_collector_scan,2026-10-09T10:03:49Z
pokemon|jp|24046|010/014|double_full_heal,ja,24046,Giratina vs Dialga Deck Kit (Giratina),010/014,Double Full Heal,auth_only_source_no_alternate,"skip:api.pokewallet.io:pokewallet_auth_gated_no_bypass,skip:api.pokewallet.io:pokewallet_auth_gated_no_bypass,set_map:ambiguous_set_name:-",api.pokewallet.io,"{""pokemonTcgApiId"": null, ""pricechartingId"": null, ""tcgdexCardId"": null, ""tcgplayerProductId"": null}",catalogue_identity_retained,pokewallet_authenticated_acquire_path,run_pokewallet_authenticated_acquire_or_collector_scan,2026-10-09T10:03:49Z
pokemon|jp|24046|011/014|poke_ball,ja,24046,Giratina vs Dialga Deck Kit (Giratina),011/014,Poke Ball,auth_only_source_no_alternate,"skip:api.pokewallet.io:pokewallet_auth_gated_no_bypass,skip:api.pokewallet.io:pokewallet_auth_gated_no_bypass,set_map:ambiguous_set_name:-",api.pokewallet.io,"{""pokemonTcgApiId"": null, ""pricechartingId"": null, ""tcgdexCardId"": null, ""tcgplayerProductId"": null}",catalogue_identity_retained,pokewallet_authenticated_acquire_path,run_pokewallet_authenticated_acquire_or_collector_scan,2026-10-09T10:03:49Z
pokemon|jp|24046|013/014|moms_kindness,ja,24046,Giratina vs Dialga Deck Kit (Giratina),013/014,Moms Kindness,auth_only_source_no_alternate,"skip:api.pokewallet.io:pokewallet_auth_gated_no_bypass,skip:api.pokewallet.io:pokewallet_auth_gated_no_bypass,set_map:ambiguous_set_name:-",api.pokewallet.io,"{""pokemonTcgApiId"": null, ""pricechartingId"": null, ""tcgdexCardId"": null, ""tcgplayerProductId"": null}",catalogue_identity_retained,pokewallet_authenticated_acquire_path,run_pokewallet_authenticated_acquire_or_collector_scan,2026-10-09T10:03:49Z
pokemon|jp|24046|014/014|miasma_valley,ja,24046,Giratina vs Dialga Deck Kit (Giratina),014/014,Miasma Valley,auth_only_source_no_alternate,"skip:api.pokewallet.io:pokewallet_auth_gated_no_bypass,skip:api.pokewallet.io:pokewallet_auth_gated_no_bypass,set_map:ambiguous_set_name:-",api.pokewallet.io,"{""pokemonTcgApiId"": null, ""pricechartingId"": null, ""tcgdexCardId"": null, ""tcgplayerProductId"": null}",catalogue_identity_retained,pokewallet_authenticated_acquire_path,run_pokewallet_authenticated_acquire_or_collector_scan,2026-10-09T10:03:49Z
pokemon|jp|24054|001/017|tangela,ja,24054,Arceus LV.X Deck: Grass & Fire,001/017,Tangela,auth_only_source_no_alternate,"skip:api.pokewallet.io:pokewallet_auth_gated_no_bypass,skip:api.pokewallet.io:pokewallet_auth_gated_no_bypass,set_map:ambiguous_set_name:-",api.pokewallet.io,"{""pokemonTcgApiId"": null, ""pricechartingId"": null, ""tcgdexCardId"": null, ""tcgplayerProductId"": null}",catalogue_identity_retained,pokewallet_authenticated_acquire_path,run_pokewallet_authenticated_acquire_or_collector_scan,2026-10-09T10:03:49Z
pokemon|jp|24054|002/017|treecko,ja,24054,Arceus LV.X Deck: Grass & Fire,002/017,Treecko,auth_only_source_no_alternate,"skip:api.pokewallet.io:pokewallet_auth_gated_no_bypass,skip:api.pokewallet.io:pokewallet_auth_gated_no_bypass,set_map:ambiguous_set_name:-",api.pokewallet.io,"{""pokemonTcgApiId"": null, ""pricechartingId"": null, ""tcgdexCardId"": null, ""tcgplayerProductId"": null}",catalogue_identity_retained,pokewallet_authenticated_acquire_path,run_pokewallet_authenticated_acquire_or_collector_scan,2026-10-09T10:03:49Z
pokemon|jp|24054|003/017|grovyle,ja,24054,Arceus LV.X Deck: Grass & Fire,003/017,Grovyle,auth_only_source_no_alternate,"skip:api.pokewallet.io:pokewallet_auth_gated_no_bypass,skip:api.pokewallet.io:pokewallet_auth_gated_no_bypass,set_map:ambiguous_set_name:-",api.pokewallet.io,"{""pokemonTcgApiId"": null, ""pricechartingId"": null, ""tcgdexCardId"": null, ""tcgplayerProductId"": null}",catalogue_identity_retained,pokewallet_authenticated_acquire_path,run_pokewallet_authenticated_acquire_or_collector_scan,2026-10-09T10:03:49Z
pokemon|jp|24054|004/017|sceptile,ja,24054,Arceus LV.X Deck: Grass & Fire,004/017,Sceptile,auth_only_source_no_alternate,"skip:api.pokewallet.io:pokewallet_auth_gated_no_bypass,skip:api.pokewallet.io:pokewallet_auth_gated_no_bypass,set_map:ambiguous_set_name:-",api.pokewallet.io,"{""pokemonTcgApiId"": null, ""pricechartingId"": null, ""tcgdexCardId"": null, ""tcgplayerProductId"": null}",catalogue_identity_retained,pokewallet_authenticated_acquire_path,run_pokewallet_authenticated_acquire_or_collector_scan,2026-10-09T10:03:49Z
pokemon|jp|24054|005/017|arceus_005_017,ja,24054,Arceus LV.X Deck: Grass & Fire,005/017,Arceus 005 017,auth_only_source_no_alternate,"skip:api.pokewallet.io:pokewallet_auth_gated_no_bypass,skip:api.pokewallet.io:pokewallet_auth_gated_no_bypass,set_map:ambiguous_set_name:-",api.pokewallet.io,"{""pokemonTcgApiId"": null, ""pricechartingId"": null, ""tcgdexCardId"": null, ""tcgplayerProductId"": null}",catalogue_identity_retained,pokewallet_authenticated_acquire_path,run_pokewallet_authenticated_acquire_or_collector_scan,2026-10-09T10:03:49Z
pokemon|jp|24054|006/017|ponyta,ja,24054,Arceus LV.X Deck: Grass & Fire,006/017,Ponyta,auth_only_source_no_alternate,"skip:api.pokewallet.io:pokewallet_auth_gated_no_bypass,skip:api.pokewallet.io:pokewallet_auth_gated_no_bypass,set_map:ambiguous_set_name:-",api.pokewallet.io,"{""pokemonTcgApiId"": null, ""pricechartingId"": null, ""tcgdexCardId"": null, ""tcgplayerProductId"": null}",catalogue_identity_retained,pokewallet_authenticated_acquire_path,run_pokewallet_authenticated_acquire_or_collector_scan,2026-10-09T10:03:49Z
pokemon|jp|24054|007/017|rapidash,ja,24054,Arceus LV.X Deck: Grass & Fire,007/017,Rapidash,auth_only_source_no_alternate,"skip:api.pokewallet.io:pokewallet_auth_gated_no_bypass,skip:api.pokewallet.io:pokewallet_auth_gated_no_bypass,set_map:ambiguous_set_name:-",api.pokewallet.io,"{""pokemonTcgApiId"": null, ""pricechartingId"": null, ""tcgdexCardId"": null, ""tcgplayerProductId"": null}",catalogue_identity_retained,pokewallet_authenticated_acquire_path,run_pokewallet_authenticated_acquire_or_collector_scan,2026-10-09T10:03:49Z
pokemon|jp|24054|008/017|arceus_008_017,ja,24054,Arceus LV.X Deck: Grass & Fire,008/017,Arceus 008 017,auth_only_source_no_alternate,"skip:api.pokewallet.io:pokewallet_auth_gated_no_bypass,skip:api.pokewallet.io:pokewallet_auth_gated_no_bypass,set_map:ambiguous_set_name:-",api.pokewallet.io,"{""pokemonTcgApiId"": null, ""pricechartingId"": null, ""tcgdexCardId"": null, ""tcgplayerProductId"": null}",catalogue_identity_retained,pokewallet_authenticated_acquire_path,run_pokewallet_authenticated_acquire_or_collector_scan,2026-10-09T10:03:49Z
pokemon|jp|24054|009/017|wingull,ja,24054,Arceus LV.X Deck: Grass & Fire,009/017,Wingull,auth_only_source_no_alternate,"skip:api.pokewallet.io:pokewallet_auth_gated_no_bypass,skip:api.pokewallet.io:pokewallet_auth_gated_no_bypass,set_map:ambiguous_set_name:-",api.pokewallet.io,"{""pokemonTcgApiId"": null, ""pricechartingId"": null, ""tcgdexCardId"": null, ""tcgplayerProductId"": null}",catalogue_identity_retained,pokewallet_authenticated_acquire_path,run_pokewallet_authenticated_acquire_or_collector_scan,2026-10-09T10:03:49Z
pokemon|jp|24054|010/017|pelipper,ja,24054,Arceus LV.X Deck: Grass & Fire,010/017,Pelipper,auth_only_source_no_alternate,"skip:api.pokewallet.io:pokewallet_auth_gated_no_bypass,skip:api.pokewallet.io:pokewallet_auth_gated_no_bypass,set_map:ambiguous_set_name:-",api.pokewallet.io,"{""pokemonTcgApiId"": null, ""pricechartingId"": null, ""tcgdexCardId"": null, ""tcgplayerProductId"": null}",catalogue_identity_retained,pokewallet_authenticated_acquire_path,run_pokewallet_authenticated_acquire_or_collector_scan,2026-10-09T10:03:49Z
pokemon|jp|24054|011/017|arceus_lvx,ja,24054,Arceus LV.X Deck: Grass & Fire,011/017,Arceus LVX,auth_only_source_no_alternate,"skip:api.pokewallet.io:pokewallet_auth_gated_no_bypass,skip:api.pokewallet.io:pokewallet_auth_gated_no_bypass,set_map:ambiguous_set_name:-",api.pokewallet.io,"{""pokemonTcgApiId"": null, ""pricechartingId"": null, ""tcgdexCardId"": null, ""tcgplayerProductId"": null}",catalogue_identity_retained,pokewallet_authenticated_acquire_path,run_pokewallet_authenticated_acquire_or_collector_scan,2026-10-09T10:03:49Z
pokemon|jp|24054|012/017|potion,ja,24054,Arceus LV.X Deck: Grass & Fire,012/017,Potion,auth_only_source_no_alternate,"skip:api.pokewallet.io:pokewallet_auth_gated_no_bypass,skip:api.pokewallet.io:pokewallet_auth_gated_no_bypass,set_map:ambiguous_set_name:-",api.pokewallet.io,"{""pokemonTcgApiId"": null, ""pricechartingId"": null, ""tcgdexCardId"": null, ""tcgplayerProductId"": null}",catalogue_identity_retained,pokewallet_authenticated_acquire_path,run_pokewallet_authenticated_acquire_or_collector_scan,2026-10-09T10:03:49Z
pokemon|jp|24054|013/017|beginning_door,ja,24054,Arceus LV.X Deck: Grass & Fire,013/017,Beginning Door,auth_only_source_no_alternate,"skip:api.pokewallet.io:pokewallet_auth_gated_no_bypass,skip:api.pokewallet.io:pokewallet_auth_gated_no_bypass,set_map:ambiguous_set_name:-",api.pokewallet.io,"{""pokemonTcgApiId"": null, ""pricechartingId"": null, ""tcgdexCardId"": null, ""tcgplayerProductId"": null}",catalogue_identity_retained,pokewallet_authenticated_acquire_path,run_pokewallet_authenticated_acquire_or_collector_scan,2026-10-09T10:03:49Z
pokemon|jp|24054|014/017|switch,ja,24054,Arceus LV.X Deck: Grass & Fire,014/017,Switch,auth_only_source_no_alternate,"skip:api.pokewallet.io:pokewallet_auth_gated_no_bypass,skip:api.pokewallet.io:pokewallet_auth_gated_no_bypass,set_map:ambiguous_set_name:-",api.pokewallet.io,"{""pokemonTcgApiId"": null, ""pricechartingId"": null, ""tcgdexCardId"": null, ""tcgplayerProductId"": null}",catalogue_identity_retained,pokewallet_authenticated_acquire_path,run_pokewallet_authenticated_acquire_or_collector_scan,2026-10-09T10:03:49Z
pokemon|jp|24054|015/017|poke_ball,ja,24054,Arceus LV.X Deck: Grass & Fire,015/017,Poke Ball,auth_only_source_no_alternate,"skip:api.pokewallet.io:pokewallet_auth_gated_no_bypass,skip:api.pokewallet.io:pokewallet_auth_gated_no_bypass,set_map:ambiguous_set_name:-",api.pokewallet.io,"{""pokemonTcgApiId"": null, ""pricechartingId"": null, ""tcgdexCardId"": null, ""tcgplayerProductId"": null}",catalogue_identity_retained,pokewallet_authenticated_acquire_path,run_pokewallet_authenticated_acquire_or_collector_scan,2026-10-09T10:03:49Z
pokemon|jp|24054|016/017|professor_rowan,ja,24054,Arceus LV.X Deck: Grass & Fire,016/017,Professor Rowan,auth_only_source_no_alternate,"skip:api.pokewallet.io:pokewallet_auth_gated_no_bypass,skip:api.pokewallet.io:pokewallet_auth_gated_no_bypass,set_map:ambiguous_set_name:-",api.pokewallet.io,"{""pokemonTcgApiId"": null, ""pricechartingId"": null, ""tcgdexCardId"": null, ""tcgplayerProductId"": null}",catalogue_identity_retained,pokewallet_authenticated_acquire_path,run_pokewallet_authenticated_acquire_or_collector_scan,2026-10-09T10:03:49Z
pokemon|jp|24054|017/017|moms_kindness,ja,24054,Arceus LV.X Deck: Grass & Fire,017/017,Moms Kindness,auth_only_source_no_alternate,"skip:api.pokewallet.io:pokewallet_auth_gated_no_bypass,skip:api.pokewallet.io:pokewallet_auth_gated_no_bypass,set_map:ambiguous_set_name:-",api.pokewallet.io,"{""pokemonTcgApiId"": null, ""pricechartingId"": null, ""tcgdexCardId"": null, ""tcgplayerProductId"": null}",catalogue_identity_retained,pokewallet_authenticated_acquire_path,run_pokewallet_authenticated_acquire_or_collector_scan,2026-10-09T10:03:49Z
pokemon|jp|24055|001/017|electrike,ja,24055,Arceus LV.X Deck: Lightning & Psychic,001/017,Electrike,auth_only_source_no_alternate,"skip:api.pokewallet.io:pokewallet_auth_gated_no_bypass,skip:api.pokewallet.io:pokewallet_auth_gated_no_bypass,set_map:ambiguous_set_name:-",api.pokewallet.io,"{""pokemonTcgApiId"": null, ""pricechartingId"": null, ""tcgdexCardId"": null, ""tcgplayerProductId"": null}",catalogue_identity_retained,pokewallet_authenticated_acquire_path,run_pokewallet_authenticated_acquire_or_collector_scan,2026-10-09T10:03:49Z
pokemon|jp|24055|002/017|manectric,ja,24055,Arceus LV.X Deck: Lightning & Psychic,002/017,Manectric,auth_only_source_no_alternate,"skip:api.pokewallet.io:pokewallet_auth_gated_no_bypass,skip:api.pokewallet.io:pokewallet_auth_gated_no_bypass,set_map:ambiguous_set_name:-",api.pokewallet.io,"{""pokemonTcgApiId"": null, ""pricechartingId"": null, ""tcgdexCardId"": null, ""tcgplayerProductId"": null}",catalogue_identity_retained,pokewallet_authenticated_acquire_path,run_pokewallet_authenticated_acquire_or_collector_scan,2026-10-09T10:03:49Z
pokemon|jp|24055|003/017|arceus_003_017,ja,24055,Arceus LV.X Deck: Lightning & Psychic,003/017,Arceus 003 017,auth_only_source_no_alternate,"skip:api.pokewallet.io:pokewallet_auth_gated_no_bypass,skip:api.pokewallet.io:pokewallet_auth_gated_no_bypass,set_map:ambiguous_set_name:-",api.pokewallet.io,"{""pokemonTcgApiId"": null, ""pricechartingId"": null, ""tcgdexCardId"": null, ""tcgplayerProductId"": null}",catalogue_identity_retained,pokewallet_authenticated_acquire_path,run_pokewallet_authenticated_acquire_or_collector_scan,2026-10-09T10:03:49Z
pokemon|jp|24055|004/017|gastly,ja,24055,Arceus LV.X Deck: Lightning & Psychic,004/017,Gastly,auth_only_source_no_alternate,"skip:api.pokewallet.io:pokewallet_auth_gated_no_bypass,skip:api.pokewallet.io:pokewallet_auth_gated_no_bypass,set_map:ambiguous_set_name:-",api.pokewallet.io,"{""pokemonTcgApiId"": null, ""pricechartingId"": null, ""tcgdexCardId"": null, ""tcgplayerProductId"": null}",catalogue_identity_retained,pokewallet_authenticated_acquire_path,run_pokewallet_authenticated_acquire_or_collector_scan,2026-10-09T10:03:49Z
pokemon|jp|24055|007/017|gulpin,ja,24055,Arceus LV.X Deck: Lightning & Psychic,007/017,Gulpin,auth_only_source_no_alternate,"skip:api.pokewallet.io:pokewallet_auth_gated_no_bypass,skip:api.pokewallet.io:pokewallet_auth_gated_no_bypass,set_map:ambiguous_set_name:-",api.pokewallet.io,"{""pokemonTcgApiId"": null, ""pricechartingId"": null, ""tcgdexCardId"": null, ""tcgplayerProductId"": null}",catalogue_identity_retained,pokewallet_authenticated_acquire_path,run_pokewallet_authenticated_acquire_or_collector_scan,2026-10-09T10:03:49Z
pokemon|jp|24055|008/017|arceus_008_017,ja,24055,Arceus LV.X Deck: Lightning & Psychic,008/017,Arceus 008 017,auth_only_source_no_alternate,"skip:api.pokewallet.io:pokewallet_auth_gated_no_bypass,skip:api.pokewallet.io:pokewallet_auth_gated_no_bypass,set_map:ambiguous_set_name:-",api.pokewallet.io,"{""pokemonTcgApiId"": null, ""pricechartingId"": null, ""tcgdexCardId"": null, ""tcgplayerProductId"": null}",catalogue_identity_retained,pokewallet_authenticated_acquire_path,run_pokewallet_authenticated_acquire_or_collector_scan,2026-10-09T10:03:49Z
pokemon|jp|24055|009/017|bronzor,ja,24055,Arceus LV.X Deck: Lightning & Psychic,009/017,Bronzor,auth_only_source_no_alternate,"skip:api.pokewallet.io:pokewallet_auth_gated_no_bypass,skip:api.pokewallet.io:pokewallet_auth_gated_no_bypass,set_map:ambiguous_set_name:-",api.pokewallet.io,"{""pokemonTcgApiId"": null, ""pricechartingId"": null, ""tcgdexCardId"": null, ""tcgplayerProductId"": null}",catalogue_identity_retained,pokewallet_authenticated_acquire_path,run_pokewallet_authenticated_acquire_or_collector_scan,2026-10-09T10:03:49Z
pokemon|jp|24055|010/017|bronzong,ja,24055,Arceus LV.X Deck: Lightning & Psychic,010/017,Bronzong,auth_only_source_no_alternate,"skip:api.pokewallet.io:pokewallet_auth_gated_no_bypass,skip:api.pokewallet.io:pokewallet_auth_gated_no_bypass,set_map:ambiguous_set_name:-",api.pokewallet.io,"{""pokemonTcgApiId"": null, ""pricechartingId"": null, ""tcgdexCardId"": null, ""tcgplayerProductId"": null}",catalogue_identity_retained,pokewallet_authenticated_acquire_path,run_pokewallet_authenticated_acquire_or_collector_scan,2026-10-09T10:03:49Z
pokemon|jp|24055|011/017|arceus_lvx,ja,24055,Arceus LV.X Deck: Lightning & Psychic,011/017,Arceus LVX,auth_only_source_no_alternate,"skip:api.pokewallet.io:pokewallet_auth_gated_no_bypass,skip:api.pokewallet.io:pokewallet_auth_gated_no_bypass,set_map:ambiguous_set_name:-",api.pokewallet.io,"{""pokemonTcgApiId"": null, ""pricechartingId"": null, ""tcgdexCardId"": null, ""tcgplayerProductId"": null}",catalogue_identity_retained,pokewallet_authenticated_acquire_path,run_pokewallet_authenticated_acquire_or_collector_scan,2026-10-09T10:03:49Z
pokemon|jp|24055|012/017|potion,ja,24055,Arceus LV.X Deck: Lightning & Psychic,012/017,Potion,auth_only_source_no_alternate,"skip:api.pokewallet.io:pokewallet_auth_gated_no_bypass,skip:api.pokewallet.io:pokewallet_auth_gated_no_bypass,set_map:ambiguous_set_name:-",api.pokewallet.io,"{""pokemonTcgApiId"": null, ""pricechartingId"": null, ""tcgdexCardId"": null, ""tcgplayerProductId"": null}",catalogue_identity_retained,pokewallet_authenticated_acquire_path,run_pokewallet_authenticated_acquire_or_collector_scan,2026-10-09T10:03:49Z
pokemon|jp|24055|014/017|switch,ja,24055,Arceus LV.X Deck: Lightning & Psychic,014/017,Switch,auth_only_source_no_alternate,"skip:api.pokewallet.io:pokewallet_auth_gated_no_bypass,skip:api.pokewallet.io:pokewallet_auth_gated_no_bypass,set_map:ambiguous_set_name:-",api.pokewallet.io,"{""pokemonTcgApiId"": null, ""pricechartingId"": null, ""tcgdexCardId"": null, ""tcgplayerProductId"": null}",catalogue_identity_retained,pokewallet_authenticated_acquire_path,run_pokewallet_authenticated_acquire_or_collector_scan,2026-10-09T10:03:49Z
pokemon|jp|24055|015/017|poke_ball,ja,24055,Arceus LV.X Deck: Lightning & Psychic,015/017,Poke Ball,auth_only_source_no_alternate,"skip:api.pokewallet.io:pokewallet_auth_gated_no_bypass,skip:api.pokewallet.io:pokewallet_auth_gated_no_bypass,set_map:ambiguous_set_name:-",api.pokewallet.io,"{""pokemonTcgApiId"": null, ""pricechartingId"": null, ""tcgdexCardId"": null, ""tcgplayerProductId"": null}",catalogue_identity_retained,pokewallet_authenticated_acquire_path,run_pokewallet_authenticated_acquire_or_collector_scan,2026-10-09T10:03:49Z
pokemon|jp|24055|016/017|professor_roawn,ja,24055,Arceus LV.X Deck: Lightning & Psychic,016/017,Professor Roawn,auth_only_source_no_alternate,"skip:api.pokewallet.io:pokewallet_auth_gated_no_bypass,skip:api.pokewallet.io:pokewallet_auth_gated_no_bypass,set_map:ambiguous_set_name:-",api.pokewallet.io,"{""pokemonTcgApiId"": null, ""pricechartingId"": null, ""tcgdexCardId"": null, ""tcgplayerProductId"": null}",catalogue_identity_retained,pokewallet_authenticated_acquire_path,run_pokewallet_authenticated_acquire_or_collector_scan,2026-10-09T10:03:49Z
pokemon|jp|24055|017/017|moms_kindness,ja,24055,Arceus LV.X Deck: Lightning & Psychic,017/017,Moms Kindness,auth_only_source_no_alternate,"skip:api.pokewallet.io:pokewallet_auth_gated_no_bypass,skip:api.pokewallet.io:pokewallet_auth_gated_no_bypass,set_map:ambiguous_set_name:-",api.pokewallet.io,"{""pokemonTcgApiId"": null, ""pricechartingId"": null, ""tcgdexCardId"": null, ""tcgplayerProductId"": null}",catalogue_identity_retained,pokewallet_authenticated_acquire_path,run_pokewallet_authenticated_acquire_or_collector_scan,2026-10-09T10:03:49Z
pokemon|jp|24056|001/010|squirtle,ja,24056,Battle Starter Deck (Blastoise),001/010,Squirtle,auth_only_source_no_alternate,"skip:api.pokewallet.io:pokewallet_auth_gated_no_bypass,skip:api.pokewallet.io:pokewallet_auth_gated_no_bypass,set_map:no_set_mapping:-",api.pokewallet.io,"{""pokemonTcgApiId"": null, ""pricechartingId"": null, ""tcgdexCardId"": null, ""tcgplayerProductId"": null}",catalogue_identity_retained,pokewallet_authenticated_acquire_path,run_pokewallet_authenticated_acquire_or_collector_scan,2026-10-09T10:03:49Z
pokemon|jp|24056|002/010|wartortle,ja,24056,Battle Starter Deck (Blastoise),002/010,Wartortle,auth_only_source_no_alternate,"skip:api.pokewallet.io:pokewallet_auth_gated_no_bypass,skip:api.pokewallet.io:pokewallet_auth_gated_no_bypass,set_map:no_set_mapping:-",api.pokewallet.io,"{""pokemonTcgApiId"": null, ""pricechartingId"": null, ""tcgdexCardId"": null, ""tcgplayerProductId"": null}",catalogue_identity_retained,pokewallet_authenticated_acquire_path,run_pokewallet_authenticated_acquire_or_collector_scan,2026-10-09T10:03:49Z
pokemon|jp|24056|003/010|blastoise,ja,24056,Battle Starter Deck (Blastoise),003/010,Blastoise,auth_only_source_no_alternate,"skip:api.pokewallet.io:pokewallet_auth_gated_no_bypass,skip:api.pokewallet.io:pokewallet_auth_gated_no_bypass,set_map:no_set_mapping:-",api.pokewallet.io,"{""pokemonTcgApiId"": null, ""pricechartingId"": null, ""tcgdexCardId"": null, ""tcgplayerProductId"": null}",catalogue_identity_retained,pokewallet_authenticated_acquire_path,run_pokewallet_authenticated_acquire_or_collector_scan,2026-10-09T10:03:49Z
pokemon|jp|24056|005/010|floatzel,ja,24056,Battle Starter Deck (Blastoise),005/010,Floatzel,auth_only_source_no_alternate,"skip:api.pokewallet.io:pokewallet_auth_gated_no_bypass,skip:api.pokewallet.io:pokewallet_auth_gated_no_bypass,set_map:no_set_mapping:-",api.pokewallet.io,"{""pokemonTcgApiId"": null, ""pricechartingId"": null, ""tcgdexCardId"": null, ""tcgplayerProductId"": null}",catalogue_identity_retained,pokewallet_authenticated_acquire_path,run_pokewallet_authenticated_acquire_or_collector_scan,2026-10-09T10:03:49Z
pokemon|jp|24056|006/010|manaphy,ja,24056,Battle Starter Deck (Blastoise),006/010,Manaphy,auth_only_source_no_alternate,"skip:api.pokewallet.io:pokewallet_auth_gated_no_bypass,skip:api.pokewallet.io:pokewallet_auth_gated_no_bypass,set_map:no_set_mapping:-",api.pokewallet.io,"{""pokemonTcgApiId"": null, ""pricechartingId"": null, ""tcgdexCardId"": null, ""tcgplayerProductId"": null}",catalogue_identity_retained,pokewallet_authenticated_acquire_path,run_pokewallet_authenticated_acquire_or_collector_scan,2026-10-09T10:03:49Z
pokemon|jp|24056|008/010|poke_ball,ja,24056,Battle Starter Deck (Blastoise),008/010,Poke Ball,auth_only_source_no_alternate,"skip:api.pokewallet.io:pokewallet_auth_gated_no_bypass,skip:api.pokewallet.io:pokewallet_auth_gated_no_bypass,set_map:no_set_mapping:-",api.pokewallet.io,"{""pokemonTcgApiId"": null, ""pricechartingId"": null, ""tcgdexCardId"": null, ""tcgplayerProductId"": null}",catalogue_identity_retained,pokewallet_authenticated_acquire_path,run_pokewallet_authenticated_acquire_or_collector_scan,2026-10-09T10:03:49Z
pokemon|jp|24056|009/010|professor_elms_training_method,ja,24056,Battle Starter Deck (Blastoise),009/010,Professor Elms Training Method,auth_only_source_no_alternate,"skip:api.pokewallet.io:pokewallet_auth_gated_no_bypass,skip:api.pokewallet.io:pokewallet_auth_gated_no_bypass,set_map:no_set_mapping:-",api.pokewallet.io,"{""pokemonTcgApiId"": null, ""pricechartingId"": null, ""tcgdexCardId"": null, ""tcgplayerProductId"": null}",catalogue_identity_retained,pokewallet_authenticated_acquire_path,run_pokewallet_authenticated_acquire_or_collector_scan,2026-10-09T10:03:49Z
pokemon|jp|24056|010/010|emcees_chatter,ja,24056,Battle Starter Deck (Blastoise),010/010,Emcees Chatter,auth_only_source_no_alternate,"skip:api.pokewallet.io:pokewallet_auth_gated_no_bypass,skip:api.pokewallet.io:pokewallet_auth_gated_no_bypass,set_map:no_set_mapping:-",api.pokewallet.io,"{""pokemonTcgApiId"": null, ""pricechartingId"": null, ""tcgdexCardId"": null, ""tcgplayerProductId"": null}",catalogue_identity_retained,pokewallet_authenticated_acquire_path,run_pokewallet_authenticated_acquire_or_collector_scan,2026-10-09T10:03:49Z
pokemon|jp|24057|001/009|vulpix,ja,24057,Battle Starter Deck (Magmortar),001/009,Vulpix,auth_only_source_no_alternate,"skip:api.pokewallet.io:pokewallet_auth_gated_no_bypass,skip:api.pokewallet.io:pokewallet_auth_gated_no_bypass,set_map:no_set_mapping:-",api.pokewallet.io,"{""pokemonTcgApiId"": null, ""pricechartingId"": null, ""tcgdexCardId"": null, ""tcgplayerProductId"": null}",catalogue_identity_retained,pokewallet_authenticated_acquire_path,run_pokewallet_authenticated_acquire_or_collector_scan,2026-10-09T10:03:49Z
pokemon|jp|24057|002/009|ninetales,ja,24057,Battle Starter Deck (Magmortar),002/009,Ninetales,auth_only_source_no_alternate,"skip:api.pokewallet.io:pokewallet_auth_gated_no_bypass,skip:api.pokewallet.io:pokewallet_auth_gated_no_bypass,set_map:no_set_mapping:-",api.pokewallet.io,"{""pokemonTcgApiId"": null, ""pricechartingId"": null, ""tcgdexCardId"": null, ""tcgplayerProductId"": null}",catalogue_identity_retained,pokewallet_authenticated_acquire_path,run_pokewallet_authenticated_acquire_or_collector_scan,2026-10-09T10:03:49Z
pokemon|jp|24057|003/009|magmar,ja,24057,Battle Starter Deck (Magmortar),003/009,Magmar,auth_only_source_no_alternate,"skip:api.pokewallet.io:pokewallet_auth_gated_no_bypass,skip:api.pokewallet.io:pokewallet_auth_gated_no_bypass,set_map:no_set_mapping:-",api.pokewallet.io,"{""pokemonTcgApiId"": null, ""pricechartingId"": null, ""tcgdexCardId"": null, ""tcgplayerProductId"": null}",catalogue_identity_retained,pokewallet_authenticated_acquire_path,run_pokewallet_authenticated_acquire_or_collector_scan,2026-10-09T10:03:49Z
pokemon|jp|24057|004/009|magmortar,ja,24057,Battle Starter Deck (Magmortar),004/009,Magmortar,auth_only_source_no_alternate,"skip:api.pokewallet.io:pokewallet_auth_gated_no_bypass,skip:api.pokewallet.io:pokewallet_auth_gated_no_bypass,set_map:no_set_mapping:-",api.pokewallet.io,"{""pokemonTcgApiId"": null, ""pricechartingId"": null, ""tcgdexCardId"": null, ""tcgplayerProductId"": null}",catalogue_identity_retained,pokewallet_authenticated_acquire_path,run_pokewallet_authenticated_acquire_or_collector_scan,2026-10-09T10:03:49Z
pokemon|jp|24057|005/009|numel,ja,24057,Battle Starter Deck (Magmortar),005/009,Numel,auth_only_source_no_alternate,"skip:api.pokewallet.io:pokewallet_auth_gated_no_bypass,skip:api.pokewallet.io:pokewallet_auth_gated_no_bypass,set_map:no_set_mapping:-",api.pokewallet.io,"{""pokemonTcgApiId"": null, ""pricechartingId"": null, ""tcgdexCardId"": null, ""tcgplayerProductId"": null}",catalogue_identity_retained,pokewallet_authenticated_acquire_path,run_pokewallet_authenticated_acquire_or_collector_scan,2026-10-09T10:03:49Z
pokemon|jp|24057|006/009|energy_returner,ja,24057,Battle Starter Deck (Magmortar),006/009,Energy Returner,auth_only_source_no_alternate,"skip:api.pokewallet.io:pokewallet_auth_gated_no_bypass,skip:api.pokewallet.io:pokewallet_auth_gated_no_bypass,set_map:no_set_mapping:-",api.pokewallet.io,"{""pokemonTcgApiId"": null, ""pricechartingId"": null, ""tcgdexCardId"": null, ""tcgplayerProductId"": null}",catalogue_identity_retained,pokewallet_authenticated_acquire_path,run_pokewallet_authenticated_acquire_or_collector_scan,2026-10-09T10:03:49Z
pokemon|jp|24057|007/009|dual_ball,ja,24057,Battle Starter Deck (Magmortar),007/009,Dual Ball,auth_only_source_no_alternate,"skip:api.pokewallet.io:pokewallet_auth_gated_no_bypass,skip:api.pokewallet.io:pokewallet_auth_gated_no_bypass,set_map:no_set_mapping:-",api.pokewallet.io,"{""pokemonTcgApiId"": null, ""pricechartingId"": null, ""tcgdexCardId"": null, ""tcgplayerProductId"": null}",catalogue_identity_retained,pokewallet_authenticated_acquire_path,run_pokewallet_authenticated_acquire_or_collector_scan,2026-10-09T10:03:49Z
pokemon|jp|24057|008/009|poke_ball,ja,24057,Battle Starter Deck (Magmortar),008/009,Poke Ball,auth_only_source_no_alternate,"skip:api.pokewallet.io:pokewallet_auth_gated_no_bypass,skip:api.pokewallet.io:pokewallet_auth_gated_no_bypass,set_map:no_set_mapping:-",api.pokewallet.io,"{""pokemonTcgApiId"": null, ""pricechartingId"": null, ""tcgdexCardId"": null, ""tcgplayerProductId"": null}",catalogue_identity_retained,pokewallet_authenticated_acquire_path,run_pokewallet_authenticated_acquire_or_collector_scan,2026-10-09T10:03:49Z
pokemon|jp|24058|001/011|pikachu,ja,24058,Battle Starter Deck (Raichu),001/011,Pikachu,auth_only_source_no_alternate,"skip:api.pokewallet.io:pokewallet_auth_gated_no_bypass,skip:api.pokewallet.io:pokewallet_auth_gated_no_bypass,set_map:no_set_mapping:-",api.pokewallet.io,"{""pokemonTcgApiId"": null, ""pricechartingId"": null, ""tcgdexCardId"": null, ""tcgplayerProductId"": null}",catalogue_identity_retained,pokewallet_authenticated_acquire_path,run_pokewallet_authenticated_acquire_or_collector_scan,2026-10-09T10:03:49Z
pokemon|jp|24058|002/011|raichu,ja,24058,Battle Starter Deck (Raichu),002/011,Raichu,auth_only_source_no_alternate,"skip:api.pokewallet.io:pokewallet_auth_gated_no_bypass,skip:api.pokewallet.io:pokewallet_auth_gated_no_bypass,set_map:no_set_mapping:-",api.pokewallet.io,"{""pokemonTcgApiId"": null, ""pricechartingId"": null, ""tcgdexCardId"": null, ""tcgplayerProductId"": null}",catalogue_identity_retained,pokewallet_authenticated_acquire_path,run_pokewallet_authenticated_acquire_or_collector_scan,2026-10-09T10:03:49Z
pokemon|jp|24058|003/011|plusle,ja,24058,Battle Starter Deck (Raichu),003/011,Plusle,auth_only_source_no_alternate,"skip:api.pokewallet.io:pokewallet_auth_gated_no_bypass,skip:api.pokewallet.io:pokewallet_auth_gated_no_bypass,set_map:no_set_mapping:-",api.pokewallet.io,"{""pokemonTcgApiId"": null, ""pricechartingId"": null, ""tcgdexCardId"": null, ""tcgplayerProductId"": null}",catalogue_identity_retained,pokewallet_authenticated_acquire_path,run_pokewallet_authenticated_acquire_or_collector_scan,2026-10-09T10:03:49Z
pokemon|jp|24058|004/011|minun,ja,24058,Battle Starter Deck (Raichu),004/011,Minun,auth_only_source_no_alternate,"skip:api.pokewallet.io:pokewallet_auth_gated_no_bypass,skip:api.pokewallet.io:pokewallet_auth_gated_no_bypass,set_map:no_set_mapping:-",api.pokewallet.io,"{""pokemonTcgApiId"": null, ""pricechartingId"": null, ""tcgdexCardId"": null, ""tcgplayerProductId"": null}",catalogue_identity_retained,pokewallet_authenticated_acquire_path,run_pokewallet_authenticated_acquire_or_collector_scan,2026-10-09T10:03:49Z
pokemon|jp|24058|006/011|lucario,ja,24058,Battle Starter Deck (Raichu),006/011,Lucario,auth_only_source_no_alternate,"skip:api.pokewallet.io:pokewallet_auth_gated_no_bypass,skip:api.pokewallet.io:pokewallet_auth_gated_no_bypass,set_map:no_set_mapping:-",api.pokewallet.io,"{""pokemonTcgApiId"": null, ""pricechartingId"": null, ""tcgdexCardId"": null, ""tcgplayerProductId"": null}",catalogue_identity_retained,pokewallet_authenticated_acquire_path,run_pokewallet_authenticated_acquire_or_collector_scan,2026-10-09T10:03:49Z
pokemon|jp|24058|007/011|pluspower,ja,24058,Battle Starter Deck (Raichu),007/011,PlusPower,auth_only_source_no_alternate,"skip:api.pokewallet.io:pokewallet_auth_gated_no_bypass,skip:api.pokewallet.io:pokewallet_auth_gated_no_bypass,set_map:no_set_mapping:-",api.pokewallet.io,"{""pokemonTcgApiId"": null, ""pricechartingId"": null, ""tcgdexCardId"": null, ""tcgplayerProductId"": null}",catalogue_identity_retained,pokewallet_authenticated_acquire_path,run_pokewallet_authenticated_acquire_or_collector_scan,2026-10-09T10:03:49Z
pokemon|jp|24058|008/011|pokemon_reversal,ja,24058,Battle Starter Deck (Raichu),008/011,Pokemon Reversal,auth_only_source_no_alternate,"skip:api.pokewallet.io:pokewallet_auth_gated_no_bypass,skip:api.pokewallet.io:pokewallet_auth_gated_no_bypass,set_map:no_set_mapping:-",api.pokewallet.io,"{""pokemonTcgApiId"": null, ""pricechartingId"": null, ""tcgdexCardId"": null, ""tcgplayerProductId"": null}",catalogue_identity_retained,pokewallet_authenticated_acquire_path,run_pokewallet_authenticated_acquire_or_collector_scan,2026-10-09T10:03:49Z
pokemon|jp|24058|009/011|poke_ball,ja,24058,Battle Starter Deck (Raichu),009/011,Poke Ball,auth_only_source_no_alternate,"skip:api.pokewallet.io:pokewallet_auth_gated_no_bypass,skip:api.pokewallet.io:pokewallet_auth_gated_no_bypass,set_map:no_set_mapping:-",api.pokewallet.io,"{""pokemonTcgApiId"": null, ""pricechartingId"": null, ""tcgdexCardId"": null, ""tcgplayerProductId"": null}",catalogue_identity_retained,pokewallet_authenticated_acquire_path,run_pokewallet_authenticated_acquire_or_collector_scan,2026-10-09T10:03:49Z
pokemon|jp|24058|010/011|emcees_chatter,ja,24058,Battle Starter Deck (Raichu),010/011,Emcees Chatter,auth_only_source_no_alternate,"skip:api.pokewallet.io:pokewallet_auth_gated_no_bypass,skip:api.pokewallet.io:pokewallet_auth_gated_no_bypass,set_map:no_set_mapping:-",api.pokewallet.io,"{""pokemonTcgApiId"": null, ""pricechartingId"": null, ""tcgdexCardId"": null, ""tcgplayerProductId"": null}",catalogue_identity_retained,pokewallet_authenticated_acquire_path,run_pokewallet_authenticated_acquire_or_collector_scan,2026-10-09T10:03:49Z
pokemon|jp|24058|011/011|judge,ja,24058,Battle Starter Deck (Raichu),011/011,Judge,auth_only_source_no_alternate,"skip:api.pokewallet.io:pokewallet_auth_gated_no_bypass,skip:api.pokewallet.io:pokewallet_auth_gated_no_bypass,set_map:no_set_mapping:-",api.pokewallet.io,"{""pokemonTcgApiId"": null, ""pricechartingId"": null, ""tcgdexCardId"": null, ""tcgplayerProductId"": null}",catalogue_identity_retained,pokewallet_authenticated_acquire_path,run_pokewallet_authenticated_acquire_or_collector_scan,2026-10-09T10:03:49Z
pokemon|jp|24059|001/010|tropius,ja,24059,Battle Starter Deck (Torterra),001/010,Tropius,auth_only_source_no_alternate,"skip:api.pokewallet.io:pokewallet_auth_gated_no_bypass,skip:api.pokewallet.io:pokewallet_auth_gated_no_bypass,set_map:no_set_mapping:-",api.pokewallet.io,"{""pokemonTcgApiId"": null, ""pricechartingId"": null, ""tcgdexCardId"": null, ""tcgplayerProductId"": null}",catalogue_identity_retained,pokewallet_authenticated_acquire_path,run_pokewallet_authenticated_acquire_or_collector_scan,2026-10-09T10:03:49Z
pokemon|jp|24059|002/010|turtwig,ja,24059,Battle Starter Deck (Torterra),002/010,Turtwig,auth_only_source_no_alternate,"skip:api.pokewallet.io:pokewallet_auth_gated_no_bypass,skip:api.pokewallet.io:pokewallet_auth_gated_no_bypass,set_map:no_set_mapping:-",api.pokewallet.io,"{""pokemonTcgApiId"": null, ""pricechartingId"": null, ""tcgdexCardId"": null, ""tcgplayerProductId"": null}",catalogue_identity_retained,pokewallet_authenticated_acquire_path,run_pokewallet_authenticated_acquire_or_collector_scan,2026-10-09T10:03:49Z
pokemon|jp|24059|003/010|grotle,ja,24059,Battle Starter Deck (Torterra),003/010,Grotle,auth_only_source_no_alternate,"skip:api.pokewallet.io:pokewallet_auth_gated_no_bypass,skip:api.pokewallet.io:pokewallet_auth_gated_no_bypass,set_map:no_set_mapping:-",api.pokewallet.io,"{""pokemonTcgApiId"": null, ""pricechartingId"": null, ""tcgdexCardId"": null, ""tcgplayerProductId"": null}",catalogue_identity_retained,pokewallet_authenticated_acquire_path,run_pokewallet_authenticated_acquire_or_collector_scan,2026-10-09T10:03:49Z
pokemon|jp|24059|004/010|torterra,ja,24059,Battle Starter Deck (Torterra),004/010,Torterra,auth_only_source_no_alternate,"skip:api.pokewallet.io:pokewallet_auth_gated_no_bypass,skip:api.pokewallet.io:pokewallet_auth_gated_no_bypass,set_map:no_set_mapping:-",api.pokewallet.io,"{""pokemonTcgApiId"": null, ""pricechartingId"": null, ""tcgdexCardId"": null, ""tcgplayerProductId"": null}",catalogue_identity_retained,pokewallet_authenticated_acquire_path,run_pokewallet_authenticated_acquire_or_collector_scan,2026-10-09T10:03:49Z
pokemon|jp|24059|005/010|cherubi,ja,24059,Battle Starter Deck (Torterra),005/010,Cherubi,auth_only_source_no_alternate,"skip:api.pokewallet.io:pokewallet_auth_gated_no_bypass,skip:api.pokewallet.io:pokewallet_auth_gated_no_bypass,set_map:no_set_mapping:-",api.pokewallet.io,"{""pokemonTcgApiId"": null, ""pricechartingId"": null, ""tcgdexCardId"": null, ""tcgplayerProductId"": null}",catalogue_identity_retained,pokewallet_authenticated_acquire_path,run_pokewallet_authenticated_acquire_or_collector_scan,2026-10-09T10:03:49Z
pokemon|jp|24082|001/016|bulbasaur,ja,24082,Earth's Groudon ex Constructed Starter Deck,001/016,Bulbasaur,auth_only_source_no_alternate,"skip:api.pokewallet.io:pokewallet_auth_gated_no_bypass,skip:api.pokewallet.io:pokewallet_auth_gated_no_bypass,set_map:ambiguous_set_name:-",api.pokewallet.io,"{""pokemonTcgApiId"": null, ""pricechartingId"": null, ""tcgdexCardId"": null, ""tcgplayerProductId"": null}",catalogue_identity_retained,pokewallet_authenticated_acquire_path,run_pokewallet_authenticated_acquire_or_collector_scan,2026-10-09T10:03:49Z
pokemon|jp|24082|002/016|ivysaur,ja,24082,Earth's Groudon ex Constructed Starter Deck,002/016,Ivysaur,auth_only_source_no_alternate,"skip:api.pokewallet.io:pokewallet_auth_gated_no_bypass,skip:api.pokewallet.io:pokewallet_auth_gated_no_bypass,set_map:ambiguous_set_name:-",api.pokewallet.io,"{""pokemonTcgApiId"": null, ""pricechartingId"": null, ""tcgdexCardId"": null, ""tcgplayerProductId"": null}",catalogue_identity_retained,pokewallet_authenticated_acquire_path,run_pokewallet_authenticated_acquire_or_collector_scan,2026-10-09T10:03:49Z
pokemon|jp|24082|003/016|mudkip,ja,24082,Earth's Groudon ex Constructed Starter Deck,003/016,Mudkip,auth_only_source_no_alternate,"skip:api.pokewallet.io:pokewallet_auth_gated_no_bypass,skip:api.pokewallet.io:pokewallet_auth_gated_no_bypass,set_map:ambiguous_set_name:-",api.pokewallet.io,"{""pokemonTcgApiId"": null, ""pricechartingId"": null, ""tcgdexCardId"": null, ""tcgplayerProductId"": null}",catalogue_identity_retained,pokewallet_authenticated_acquire_path,run_pokewallet_authenticated_acquire_or_collector_scan,2026-10-09T10:03:49Z
pokemon|jp|24082|004/016|charmander_delta_species,ja,24082,Earth's Groudon ex Constructed Starter Deck,004/016,Charmander Delta Species,auth_only_source_no_alternate,"skip:api.pokewallet.io:pokewallet_auth_gated_no_bypass,skip:api.pokewallet.io:pokewallet_auth_gated_no_bypass,set_map:ambiguous_set_name:-",api.pokewallet.io,"{""pokemonTcgApiId"": null, ""pricechartingId"": null, ""tcgdexCardId"": null, ""tcgplayerProductId"": null}",catalogue_identity_retained,pokewallet_authenticated_acquire_path,run_pokewallet_authenticated_acquire_or_collector_scan,2026-10-09T10:03:49Z
pokemon|jp|24082|005/016|charmeleon_delta_species,ja,24082,Earth's Groudon ex Constructed Starter Deck,005/016,Charmeleon Delta Species,auth_only_source_no_alternate,"skip:api.pokewallet.io:pokewallet_auth_gated_no_bypass,skip:api.pokewallet.io:pokewallet_auth_gated_no_bypass,set_map:ambiguous_set_name:-",api.pokewallet.io,"{""pokemonTcgApiId"": null, ""pricechartingId"": null, ""tcgdexCardId"": null, ""tcgplayerProductId"": null}",catalogue_identity_retained,pokewallet_authenticated_acquire_path,run_pokewallet_authenticated_acquire_or_collector_scan,2026-10-09T10:03:49Z
pokemon|jp|24082|006/016|marshtomp,ja,24082,Earth's Groudon ex Constructed Starter Deck,006/016,Marshtomp,auth_only_source_no_alternate,"skip:api.pokewallet.io:pokewallet_auth_gated_no_bypass,skip:api.pokewallet.io:pokewallet_auth_gated_no_bypass,set_map:ambiguous_set_name:-",api.pokewallet.io,"{""pokemonTcgApiId"": null, ""pricechartingId"": null, ""tcgdexCardId"": null, ""tcgplayerProductId"": null}",catalogue_identity_retained,pokewallet_authenticated_acquire_path,run_pokewallet_authenticated_acquire_or_collector_scan,2026-10-09T10:03:49Z
pokemon|jp|24082|007/016|swampert,ja,24082,Earth's Groudon ex Constructed Starter Deck,007/016,Swampert,auth_only_source_no_alternate,"skip:api.pokewallet.io:pokewallet_auth_gated_no_bypass,skip:api.pokewallet.io:pokewallet_auth_gated_no_bypass,set_map:ambiguous_set_name:-",api.pokewallet.io,"{""pokemonTcgApiId"": null, ""pricechartingId"": null, ""tcgdexCardId"": null, ""tcgplayerProductId"": null}",catalogue_identity_retained,pokewallet_authenticated_acquire_path,run_pokewallet_authenticated_acquire_or_collector_scan,2026-10-09T10:03:49Z
pokemon|jp|24082|009/016|energy_search,ja,24082,Earth's Groudon ex Constructed Starter Deck,009/016,Energy Search,auth_only_source_no_alternate,"skip:api.pokewallet.io:pokewallet_auth_gated_no_bypass,skip:api.pokewallet.io:pokewallet_auth_gated_no_bypass,set_map:ambiguous_set_name:-",api.pokewallet.io,"{""pokemonTcgApiId"": null, ""pricechartingId"": null, ""tcgdexCardId"": null, ""tcgplayerProductId"": null}",catalogue_identity_retained,pokewallet_authenticated_acquire_path,run_pokewallet_authenticated_acquire_or_collector_scan,2026-10-09T10:03:49Z
pokemon|jp|24082|010/016|potion,ja,24082,Earth's Groudon ex Constructed Starter Deck,010/016,Potion,auth_only_source_no_alternate,"skip:api.pokewallet.io:pokewallet_auth_gated_no_bypass,skip:api.pokewallet.io:pokewallet_auth_gated_no_bypass,set_map:ambiguous_set_name:-",api.pokewallet.io,"{""pokemonTcgApiId"": null, ""pricechartingId"": null, ""tcgdexCardId"": null, ""tcgplayerProductId"": null}",catalogue_identity_retained,pokewallet_authenticated_acquire_path,run_pokewallet_authenticated_acquire_or_collector_scan,2026-10-09T10:03:49Z
pokemon|jp|24082|011/016|dual_ball,ja,24082,Earth's Groudon ex Constructed Starter Deck,011/016,Dual Ball,auth_only_source_no_alternate,"skip:api.pokewallet.io:pokewallet_auth_gated_no_bypass,skip:api.pokewallet.io:pokewallet_auth_gated_no_bypass,set_map:ambiguous_set_name:-",api.pokewallet.io,"{""pokemonTcgApiId"": null, ""pricechartingId"": null, ""tcgdexCardId"": null, ""tcgplayerProductId"": null}",catalogue_identity_retained,pokewallet_authenticated_acquire_path,run_pokewallet_authenticated_acquire_or_collector_scan,2026-10-09T10:03:49Z
pokemon|jp|24082|012/016|double_full_heal,ja,24082,Earth's Groudon ex Constructed Starter Deck,012/016,Double Full Heal,auth_only_source_no_alternate,"skip:api.pokewallet.io:pokewallet_auth_gated_no_bypass,skip:api.pokewallet.io:pokewallet_auth_gated_no_bypass,set_map:ambiguous_set_name:-",api.pokewallet.io,"{""pokemonTcgApiId"": null, ""pricechartingId"": null, ""tcgdexCardId"": null, ""tcgplayerProductId"": null}",catalogue_identity_retained,pokewallet_authenticated_acquire_path,run_pokewallet_authenticated_acquire_or_collector_scan,2026-10-09T10:03:49Z
pokemon|jp|24082|013/016|pokenav,ja,24082,Earth's Groudon ex Constructed Starter Deck,013/016,PokeNav,auth_only_source_no_alternate,"skip:api.pokewallet.io:pokewallet_auth_gated_no_bypass,skip:api.pokewallet.io:pokewallet_auth_gated_no_bypass,set_map:ambiguous_set_name:-",api.pokewallet.io,"{""pokemonTcgApiId"": null, ""pricechartingId"": null, ""tcgdexCardId"": null, ""tcgplayerProductId"": null}",catalogue_identity_retained,pokewallet_authenticated_acquire_path,run_pokewallet_authenticated_acquire_or_collector_scan,2026-10-09T10:03:49Z
pokemon|jp|24082|014/016|celios_network,ja,24082,Earth's Groudon ex Constructed Starter Deck,014/016,Celios Network,auth_only_source_no_alternate,"skip:api.pokewallet.io:pokewallet_auth_gated_no_bypass,skip:api.pokewallet.io:pokewallet_auth_gated_no_bypass,set_map:ambiguous_set_name:-",api.pokewallet.io,"{""pokemonTcgApiId"": null, ""pricechartingId"": null, ""tcgdexCardId"": null, ""tcgplayerProductId"": null}",catalogue_identity_retained,pokewallet_authenticated_acquire_path,run_pokewallet_authenticated_acquire_or_collector_scan,2026-10-09T10:03:49Z
pokemon|jp|24083|001/016|torchic,ja,24083,Ocean's Kyogre ex Constructed Starter Deck,001/016,Torchic,auth_only_source_no_alternate,"skip:api.pokewallet.io:pokewallet_auth_gated_no_bypass,skip:api.pokewallet.io:pokewallet_auth_gated_no_bypass,set_map:ambiguous_set_name:-",api.pokewallet.io,"{""pokemonTcgApiId"": null, ""pricechartingId"": null, ""tcgdexCardId"": null, ""tcgplayerProductId"": null}",catalogue_identity_retained,pokewallet_authenticated_acquire_path,run_pokewallet_authenticated_acquire_or_collector_scan,2026-10-09T10:03:49Z
pokemon|jp|24083|003/016|squirtle,ja,24083,Ocean's Kyogre ex Constructed Starter Deck,003/016,Squirtle,auth_only_source_no_alternate,"skip:api.pokewallet.io:pokewallet_auth_gated_no_bypass,skip:api.pokewallet.io:pokewallet_auth_gated_no_bypass,set_map:ambiguous_set_name:-",api.pokewallet.io,"{""pokemonTcgApiId"": null, ""pricechartingId"": null, ""tcgdexCardId"": null, ""tcgplayerProductId"": null}",catalogue_identity_retained,pokewallet_authenticated_acquire_path,run_pokewallet_authenticated_acquire_or_collector_scan,2026-10-09T10:03:49Z
pokemon|jp|24083|006/016|kyogre_ex,ja,24083,Ocean's Kyogre ex Constructed Starter Deck,006/016,Kyogre ex,auth_only_source_no_alternate,"skip:api.pokewallet.io:pokewallet_auth_gated_no_bypass,skip:api.pokewallet.io:pokewallet_auth_gated_no_bypass,set_map:ambiguous_set_name:-",api.pokewallet.io,"{""pokemonTcgApiId"": null, ""pricechartingId"": null, ""tcgdexCardId"": null, ""tcgplayerProductId"": null}",catalogue_identity_retained,pokewallet_authenticated_acquire_path,run_pokewallet_authenticated_acquire_or_collector_scan,2026-10-09T10:03:49Z
pokemon|jp|24083|007/016|treecko_delta_species,ja,24083,Ocean's Kyogre ex Constructed Starter Deck,007/016,Treecko Delta Species,auth_only_source_no_alternate,"skip:api.pokewallet.io:pokewallet_auth_gated_no_bypass,skip:api.pokewallet.io:pokewallet_auth_gated_no_bypass,set_map:ambiguous_set_name:-",api.pokewallet.io,"{""pokemonTcgApiId"": null, ""pricechartingId"": null, ""tcgdexCardId"": null, ""tcgplayerProductId"": null}",catalogue_identity_retained,pokewallet_authenticated_acquire_path,run_pokewallet_authenticated_acquire_or_collector_scan,2026-10-09T10:03:49Z
pokemon|jp|24083|008/016|grovyle_delta_species,ja,24083,Ocean's Kyogre ex Constructed Starter Deck,008/016,Grovyle Delta Species,auth_only_source_no_alternate,"skip:api.pokewallet.io:pokewallet_auth_gated_no_bypass,skip:api.pokewallet.io:pokewallet_auth_gated_no_bypass,set_map:ambiguous_set_name:-",api.pokewallet.io,"{""pokemonTcgApiId"": null, ""pricechartingId"": null, ""tcgdexCardId"": null, ""tcgplayerProductId"": null}",catalogue_identity_retained,pokewallet_authenticated_acquire_path,run_pokewallet_authenticated_acquire_or_collector_scan,2026-10-09T10:03:49Z
pokemon|jp|24083|011/016|pokenav,ja,24083,Ocean's Kyogre ex Constructed Starter Deck,011/016,PokeNav,auth_only_source_no_alternate,"skip:api.pokewallet.io:pokewallet_auth_gated_no_bypass,skip:api.pokewallet.io:pokewallet_auth_gated_no_bypass,set_map:ambiguous_set_name:-",api.pokewallet.io,"{""pokemonTcgApiId"": null, ""pricechartingId"": null, ""tcgdexCardId"": null, ""tcgplayerProductId"": null}",catalogue_identity_retained,pokewallet_authenticated_acquire_path,run_pokewallet_authenticated_acquire_or_collector_scan,2026-10-09T10:03:49Z
pokemon|jp|24083|012/016|poke_ball,ja,24083,Ocean's Kyogre ex Constructed Starter Deck,012/016,Poke Ball,auth_only_source_no_alternate,"skip:api.pokewallet.io:pokewallet_auth_gated_no_bypass,skip:api.pokewallet.io:pokewallet_auth_gated_no_bypass,set_map:ambiguous_set_name:-",api.pokewallet.io,"{""pokemonTcgApiId"": null, ""pricechartingId"": null, ""tcgdexCardId"": null, ""tcgplayerProductId"": null}",catalogue_identity_retained,pokewallet_authenticated_acquire_path,run_pokewallet_authenticated_acquire_or_collector_scan,2026-10-09T10:03:49Z
pokemon|jp|24083|014/016|celios_network,ja,24083,Ocean's Kyogre ex Constructed Starter Deck,014/016,Celios Network,auth_only_source_no_alternate,"skip:api.pokewallet.io:pokewallet_auth_gated_no_bypass,skip:api.pokewallet.io:pokewallet_auth_gated_no_bypass,set_map:ambiguous_set_name:-",api.pokewallet.io,"{""pokemonTcgApiId"": null, ""pricechartingId"": null, ""tcgdexCardId"": null, ""tcgplayerProductId"": null}",catalogue_identity_retained,pokewallet_authenticated_acquire_path,run_pokewallet_authenticated_acquire_or_collector_scan,2026-10-09T10:03:49Z
pokemon|jp|24083|015/016|bills_maintenance,ja,24083,Ocean's Kyogre ex Constructed Starter Deck,015/016,Bills Maintenance,auth_only_source_no_alternate,"skip:api.pokewallet.io:pokewallet_auth_gated_no_bypass,skip:api.pokewallet.io:pokewallet_auth_gated_no_bypass,set_map:ambiguous_set_name:-",api.pokewallet.io,"{""pokemonTcgApiId"": null, ""pricechartingId"": null, ""tcgdexCardId"": null, ""tcgplayerProductId"": null}",catalogue_identity_retained,pokewallet_authenticated_acquire_path,run_pokewallet_authenticated_acquire_or_collector_scan,2026-10-09T10:03:49Z
pokemon|jp|24083|016/016|multi_energy,ja,24083,Ocean's Kyogre ex Constructed Starter Deck,016/016,Multi Energy,auth_only_source_no_alternate,"skip:api.pokewallet.io:pokewallet_auth_gated_no_bypass,skip:api.pokewallet.io:pokewallet_auth_gated_no_bypass,set_map:ambiguous_set_name:-",api.pokewallet.io,"{""pokemonTcgApiId"": null, ""pricechartingId"": null, ""tcgdexCardId"": null, ""tcgplayerProductId"": null}",catalogue_identity_retained,pokewallet_authenticated_acquire_path,run_pokewallet_authenticated_acquire_or_collector_scan,2026-10-09T10:03:49Z
pokemon|jp|24086|001/015|ponyta,ja,24086,Holon Research Tower Fire Quarter Deck,001/015,Ponyta,auth_only_source_no_alternate,"skip:api.pokewallet.io:pokewallet_auth_gated_no_bypass,skip:api.pokewallet.io:pokewallet_auth_gated_no_bypass,set_map:no_set_mapping:-",api.pokewallet.io,"{""pokemonTcgApiId"": null, ""pricechartingId"": null, ""tcgdexCardId"": null, ""tcgplayerProductId"": null}",catalogue_identity_retained,pokewallet_authenticated_acquire_path,run_pokewallet_authenticated_acquire_or_collector_scan,2026-10-09T10:03:49Z
pokemon|jp|24086|002/015|rapidash,ja,24086,Holon Research Tower Fire Quarter Deck,002/015,Rapidash,auth_only_source_no_alternate,"skip:api.pokewallet.io:pokewallet_auth_gated_no_bypass,skip:api.pokewallet.io:pokewallet_auth_gated_no_bypass,set_map:no_set_mapping:-",api.pokewallet.io,"{""pokemonTcgApiId"": null, ""pricechartingId"": null, ""tcgdexCardId"": null, ""tcgplayerProductId"": null}",catalogue_identity_retained,pokewallet_authenticated_acquire_path,run_pokewallet_authenticated_acquire_or_collector_scan,2026-10-09T10:03:49Z
pokemon|jp|24086|003/015|ditto,ja,24086,Holon Research Tower Fire Quarter Deck,003/015,Ditto,auth_only_source_no_alternate,"skip:api.pokewallet.io:pokewallet_auth_gated_no_bypass,skip:api.pokewallet.io:pokewallet_auth_gated_no_bypass,set_map:no_set_mapping:-",api.pokewallet.io,"{""pokemonTcgApiId"": null, ""pricechartingId"": null, ""tcgdexCardId"": null, ""tcgplayerProductId"": null}",catalogue_identity_retained,pokewallet_authenticated_acquire_path,run_pokewallet_authenticated_acquire_or_collector_scan,2026-10-09T10:03:49Z
pokemon|jp|24086|004/015|flareon_ex,ja,24086,Holon Research Tower Fire Quarter Deck,004/015,Flareon ex,auth_only_source_no_alternate,"skip:api.pokewallet.io:pokewallet_auth_gated_no_bypass,skip:api.pokewallet.io:pokewallet_auth_gated_no_bypass,set_map:no_set_mapping:-",api.pokewallet.io,"{""pokemonTcgApiId"": null, ""pricechartingId"": null, ""tcgdexCardId"": null, ""tcgplayerProductId"": null}",catalogue_identity_retained,pokewallet_authenticated_acquire_path,run_pokewallet_authenticated_acquire_or_collector_scan,2026-10-09T10:03:49Z
pokemon|jp|24086|005/015|bagon_delta_species,ja,24086,Holon Research Tower Fire Quarter Deck,005/015,Bagon Delta Species,auth_only_source_no_alternate,"skip:api.pokewallet.io:pokewallet_auth_gated_no_bypass,skip:api.pokewallet.io:pokewallet_auth_gated_no_bypass,set_map:no_set_mapping:-",api.pokewallet.io,"{""pokemonTcgApiId"": null, ""pricechartingId"": null, ""tcgdexCardId"": null, ""tcgplayerProductId"": null}",catalogue_identity_retained,pokewallet_authenticated_acquire_path,run_pokewallet_authenticated_acquire_or_collector_scan,2026-10-09T10:03:49Z
pokemon|jp|24086|006/015|shelgon_delta_species,ja,24086,Holon Research Tower Fire Quarter Deck,006/015,Shelgon Delta Species,auth_only_source_no_alternate,"skip:api.pokewallet.io:pokewallet_auth_gated_no_bypass,skip:api.pokewallet.io:pokewallet_auth_gated_no_bypass,set_map:no_set_mapping:-",api.pokewallet.io,"{""pokemonTcgApiId"": null, ""pricechartingId"": null, ""tcgdexCardId"": null, ""tcgplayerProductId"": null}",catalogue_identity_retained,pokewallet_authenticated_acquire_path,run_pokewallet_authenticated_acquire_or_collector_scan,2026-10-09T10:03:49Z
pokemon|jp|24086|008/015|dual_ball,ja,24086,Holon Research Tower Fire Quarter Deck,008/015,Dual Ball,auth_only_source_no_alternate,"skip:api.pokewallet.io:pokewallet_auth_gated_no_bypass,skip:api.pokewallet.io:pokewallet_auth_gated_no_bypass,set_map:no_set_mapping:-",api.pokewallet.io,"{""pokemonTcgApiId"": null, ""pricechartingId"": null, ""tcgdexCardId"": null, ""tcgplayerProductId"": null}",catalogue_identity_retained,pokewallet_authenticated_acquire_path,run_pokewallet_authenticated_acquire_or_collector_scan,2026-10-09T10:03:49Z
pokemon|jp|24086|009/015|switch,ja,24086,Holon Research Tower Fire Quarter Deck,009/015,Switch,auth_only_source_no_alternate,"skip:api.pokewallet.io:pokewallet_auth_gated_no_bypass,skip:api.pokewallet.io:pokewallet_auth_gated_no_bypass,set_map:no_set_mapping:-",api.pokewallet.io,"{""pokemonTcgApiId"": null, ""pricechartingId"": null, ""tcgdexCardId"": null, ""tcgplayerProductId"": null}",catalogue_identity_retained,pokewallet_authenticated_acquire_path,run_pokewallet_authenticated_acquire_or_collector_scan,2026-10-09T10:03:49Z
pokemon|jp|24086|013/015|basic_fire_energy_013_015,ja,24086,Holon Research Tower Fire Quarter Deck,013/015,Basic Fire Energy 013 015,auth_only_source_no_alternate,"skip:api.pokewallet.io:pokewallet_auth_gated_no_bypass,skip:api.pokewallet.io:pokewallet_auth_gated_no_bypass,set_map:no_set_mapping:-",api.pokewallet.io,"{""pokemonTcgApiId"": null, ""pricechartingId"": null, ""tcgdexCardId"": null, ""tcgplayerProductId"": null}",catalogue_identity_retained,pokewallet_authenticated_acquire_path,run_pokewallet_authenticated_acquire_or_collector_scan,2026-10-09T10:03:49Z
pokemon|jp|24087|001/015|magnemite,ja,24087,Holon Research Tower Lightning Quarter Deck,001/015,Magnemite,auth_only_source_no_alternate,"skip:api.pokewallet.io:pokewallet_auth_gated_no_bypass,skip:api.pokewallet.io:pokewallet_auth_gated_no_bypass,set_map:no_set_mapping:-",api.pokewallet.io,"{""pokemonTcgApiId"": null, ""pricechartingId"": null, ""tcgdexCardId"": null, ""tcgplayerProductId"": null}",catalogue_identity_retained,pokewallet_authenticated_acquire_path,run_pokewallet_authenticated_acquire_or_collector_scan,2026-10-09T10:03:49Z
pokemon|jp|24087|003/015|ditto,ja,24087,Holon Research Tower Lightning Quarter Deck,003/015,Ditto,auth_only_source_no_alternate,"skip:api.pokewallet.io:pokewallet_auth_gated_no_bypass,skip:api.pokewallet.io:pokewallet_auth_gated_no_bypass,set_map:no_set_mapping:-",api.pokewallet.io,"{""pokemonTcgApiId"": null, ""pricechartingId"": null, ""tcgdexCardId"": null, ""tcgplayerProductId"": null}",catalogue_identity_retained,pokewallet_authenticated_acquire_path,run_pokewallet_authenticated_acquire_or_collector_scan,2026-10-09T10:03:49Z
pokemon|jp|24087|004/015|jolteon_ex,ja,24087,Holon Research Tower Lightning Quarter Deck,004/015,Jolteon ex,auth_only_source_no_alternate,"skip:api.pokewallet.io:pokewallet_auth_gated_no_bypass,skip:api.pokewallet.io:pokewallet_auth_gated_no_bypass,set_map:no_set_mapping:-",api.pokewallet.io,"{""pokemonTcgApiId"": null, ""pricechartingId"": null, ""tcgdexCardId"": null, ""tcgplayerProductId"": null}",catalogue_identity_retained,pokewallet_authenticated_acquire_path,run_pokewallet_authenticated_acquire_or_collector_scan,2026-10-09T10:03:49Z
pokemon|jp|24087|005/015|dratini_delta_species,ja,24087,Holon Research Tower Lightning Quarter Deck,005/015,Dratini Delta Species,auth_only_source_no_alternate,"skip:api.pokewallet.io:pokewallet_auth_gated_no_bypass,skip:api.pokewallet.io:pokewallet_auth_gated_no_bypass,set_map:no_set_mapping:-",api.pokewallet.io,"{""pokemonTcgApiId"": null, ""pricechartingId"": null, ""tcgdexCardId"": null, ""tcgplayerProductId"": null}",catalogue_identity_retained,pokewallet_authenticated_acquire_path,run_pokewallet_authenticated_acquire_or_collector_scan,2026-10-09T10:03:49Z
pokemon|jp|24087|006/015|dragonair_delta_species,ja,24087,Holon Research Tower Lightning Quarter Deck,006/015,Dragonair Delta Species,auth_only_source_no_alternate,"skip:api.pokewallet.io:pokewallet_auth_gated_no_bypass,skip:api.pokewallet.io:pokewallet_auth_gated_no_bypass,set_map:no_set_mapping:-",api.pokewallet.io,"{""pokemonTcgApiId"": null, ""pricechartingId"": null, ""tcgdexCardId"": null, ""tcgplayerProductId"": null}",catalogue_identity_retained,pokewallet_authenticated_acquire_path,run_pokewallet_authenticated_acquire_or_collector_scan,2026-10-09T10:03:49Z
pokemon|jp|24087|007/015|eevee,ja,24087,Holon Research Tower Lightning Quarter Deck,007/015,Eevee,auth_only_source_no_alternate,"skip:api.pokewallet.io:pokewallet_auth_gated_no_bypass,skip:api.pokewallet.io:pokewallet_auth_gated_no_bypass,set_map:no_set_mapping:-",api.pokewallet.io,"{""pokemonTcgApiId"": null, ""pricechartingId"": null, ""tcgdexCardId"": null, ""tcgplayerProductId"": null}",catalogue_identity_retained,pokewallet_authenticated_acquire_path,run_pokewallet_authenticated_acquire_or_collector_scan,2026-10-09T10:03:49Z
pokemon|jp|24087|009/015|super_scoop_up,ja,24087,Holon Research Tower Lightning Quarter Deck,009/015,Super Scoop Up,auth_only_source_no_alternate,"skip:api.pokewallet.io:pokewallet_auth_gated_no_bypass,skip:api.pokewallet.io:pokewallet_auth_gated_no_bypass,set_map:no_set_mapping:-",api.pokewallet.io,"{""pokemonTcgApiId"": null, ""pricechartingId"": null, ""tcgdexCardId"": null, ""tcgplayerProductId"": null}",catalogue_identity_retained,pokewallet_authenticated_acquire_path,run_pokewallet_authenticated_acquire_or_collector_scan,2026-10-09T10:03:49Z
pokemon|jp|24087|010/015|holon_scientist,ja,24087,Holon Research Tower Lightning Quarter Deck,010/015,Holon Scientist,auth_only_source_no_alternate,"skip:api.pokewallet.io:pokewallet_auth_gated_no_bypass,skip:api.pokewallet.io:pokewallet_auth_gated_no_bypass,set_map:no_set_mapping:-",api.pokewallet.io,"{""pokemonTcgApiId"": null, ""pricechartingId"": null, ""tcgdexCardId"": null, ""tcgplayerProductId"": null}",catalogue_identity_retained,pokewallet_authenticated_acquire_path,run_pokewallet_authenticated_acquire_or_collector_scan,2026-10-09T10:03:49Z
pokemon|jp|24087|012/015|basic_lightning_energy_012_015,ja,24087,Holon Research Tower Lightning Quarter Deck,012/015,Basic Lightning Energy 012 015,auth_only_source_no_alternate,"skip:api.pokewallet.io:pokewallet_auth_gated_no_bypass,skip:api.pokewallet.io:pokewallet_auth_gated_no_bypass,set_map:no_set_mapping:-",api.pokewallet.io,"{""pokemonTcgApiId"": null, ""pricechartingId"": null, ""tcgdexCardId"": null, ""tcgplayerProductId"": null}",catalogue_identity_retained,pokewallet_authenticated_acquire_path,run_pokewallet_authenticated_acquire_or_collector_scan,2026-10-09T10:03:49Z
pokemon|jp|24087|013/015|basic_lightning_energy_013_015,ja,24087,Holon Research Tower Lightning Quarter Deck,013/015,Basic Lightning Energy 013 015,auth_only_source_no_alternate,"skip:api.pokewallet.io:pokewallet_auth_gated_no_bypass,skip:api.pokewallet.io:pokewallet_auth_gated_no_bypass,set_map:no_set_mapping:-",api.pokewallet.io,"{""pokemonTcgApiId"": null, ""pricechartingId"": null, ""tcgdexCardId"": null, ""tcgplayerProductId"": null}",catalogue_identity_retained,pokewallet_authenticated_acquire_path,run_pokewallet_authenticated_acquire_or_collector_scan,2026-10-09T10:03:49Z
pokemon|jp|24088|001/015|staryu,ja,24088,Holon Research Tower Water Quarter Deck,001/015,Staryu,auth_only_source_no_alternate,"skip:api.pokewallet.io:pokewallet_auth_gated_no_bypass,skip:api.pokewallet.io:pokewallet_auth_gated_no_bypass,set_map:no_set_mapping:-",api.pokewallet.io,"{""pokemonTcgApiId"": null, ""pricechartingId"": null, ""tcgdexCardId"": null, ""tcgplayerProductId"": null}",catalogue_identity_retained,pokewallet_authenticated_acquire_path,run_pokewallet_authenticated_acquire_or_collector_scan,2026-10-09T10:03:49Z
pokemon|jp|24088|002/015|ditto,ja,24088,Holon Research Tower Water Quarter Deck,002/015,Ditto,auth_only_source_no_alternate,"skip:api.pokewallet.io:pokewallet_auth_gated_no_bypass,skip:api.pokewallet.io:pokewallet_auth_gated_no_bypass,set_map:no_set_mapping:-",api.pokewallet.io,"{""pokemonTcgApiId"": null, ""pricechartingId"": null, ""tcgdexCardId"": null, ""tcgplayerProductId"": null}",catalogue_identity_retained,pokewallet_authenticated_acquire_path,run_pokewallet_authenticated_acquire_or_collector_scan,2026-10-09T10:03:49Z
pokemon|jp|24088|003/015|vaporeon_ex,ja,24088,Holon Research Tower Water Quarter Deck,003/015,Vaporeon ex,auth_only_source_no_alternate,"skip:api.pokewallet.io:pokewallet_auth_gated_no_bypass,skip:api.pokewallet.io:pokewallet_auth_gated_no_bypass,set_map:no_set_mapping:-",api.pokewallet.io,"{""pokemonTcgApiId"": null, ""pricechartingId"": null, ""tcgdexCardId"": null, ""tcgplayerProductId"": null}",catalogue_identity_retained,pokewallet_authenticated_acquire_path,run_pokewallet_authenticated_acquire_or_collector_scan,2026-10-09T10:03:49Z
pokemon|jp|24088|005/015|starmie_delta_species,ja,24088,Holon Research Tower Water Quarter Deck,005/015,Starmie Delta Species,auth_only_source_no_alternate,"skip:api.pokewallet.io:pokewallet_auth_gated_no_bypass,skip:api.pokewallet.io:pokewallet_auth_gated_no_bypass,set_map:no_set_mapping:-",api.pokewallet.io,"{""pokemonTcgApiId"": null, ""pricechartingId"": null, ""tcgdexCardId"": null, ""tcgplayerProductId"": null}",catalogue_identity_retained,pokewallet_authenticated_acquire_path,run_pokewallet_authenticated_acquire_or_collector_scan,2026-10-09T10:03:49Z
pokemon|jp|24088|006/015|azumarill_delta_species,ja,24088,Holon Research Tower Water Quarter Deck,006/015,Azumarill Delta Species,auth_only_source_no_alternate,"skip:api.pokewallet.io:pokewallet_auth_gated_no_bypass,skip:api.pokewallet.io:pokewallet_auth_gated_no_bypass,set_map:no_set_mapping:-",api.pokewallet.io,"{""pokemonTcgApiId"": null, ""pricechartingId"": null, ""tcgdexCardId"": null, ""tcgplayerProductId"": null}",catalogue_identity_retained,pokewallet_authenticated_acquire_path,run_pokewallet_authenticated_acquire_or_collector_scan,2026-10-09T10:03:49Z
pokemon|jp|24088|008/015|potion,ja,24088,Holon Research Tower Water Quarter Deck,008/015,Potion,auth_only_source_no_alternate,"skip:api.pokewallet.io:pokewallet_auth_gated_no_bypass,skip:api.pokewallet.io:pokewallet_auth_gated_no_bypass,set_map:no_set_mapping:-",api.pokewallet.io,"{""pokemonTcgApiId"": null, ""pricechartingId"": null, ""tcgdexCardId"": null, ""tcgplayerProductId"": null}",catalogue_identity_retained,pokewallet_authenticated_acquire_path,run_pokewallet_authenticated_acquire_or_collector_scan,2026-10-09T10:03:49Z
pokemon|jp|24088|010/015|holon_scientist,ja,24088,Holon Research Tower Water Quarter Deck,010/015,Holon Scientist,auth_only_source_no_alternate,"skip:api.pokewallet.io:pokewallet_auth_gated_no_bypass,skip:api.pokewallet.io:pokewallet_auth_gated_no_bypass,set_map:no_set_mapping:-",api.pokewallet.io,"{""pokemonTcgApiId"": null, ""pricechartingId"": null, ""tcgdexCardId"": null, ""tcgplayerProductId"": null}",catalogue_identity_retained,pokewallet_authenticated_acquire_path,run_pokewallet_authenticated_acquire_or_collector_scan,2026-10-09T10:03:49Z
pokemon|jp|24088|012/015|basic_water_energy_012_015,ja,24088,Holon Research Tower Water Quarter Deck,012/015,Basic Water Energy 012 015,auth_only_source_no_alternate,"skip:api.pokewallet.io:pokewallet_auth_gated_no_bypass,skip:api.pokewallet.io:pokewallet_auth_gated_no_bypass,set_map:no_set_mapping:-",api.pokewallet.io,"{""pokemonTcgApiId"": null, ""pricechartingId"": null, ""tcgdexCardId"": null, ""tcgplayerProductId"": null}",catalogue_identity_retained,pokewallet_authenticated_acquire_path,run_pokewallet_authenticated_acquire_or_collector_scan,2026-10-09T10:03:49Z
pokemon|jp|24088|015/015|holon_energy_wp,ja,24088,Holon Research Tower Water Quarter Deck,015/015,Holon Energy WP,auth_only_source_no_alternate,"skip:api.pokewallet.io:pokewallet_auth_gated_no_bypass,skip:api.pokewallet.io:pokewallet_auth_gated_no_bypass,set_map:no_set_mapping:-",api.pokewallet.io,"{""pokemonTcgApiId"": null, ""pricechartingId"": null, ""tcgdexCardId"": null, ""tcgplayerProductId"": null}",catalogue_identity_retained,pokewallet_authenticated_acquire_path,run_pokewallet_authenticated_acquire_or_collector_scan,2026-10-09T10:03:49Z
pokemon|jp|24091|001/024|jynx_delta_species,ja,24091,"Imprison, Gardevoir ex Constructed Standard Deck",001/024,Jynx Delta Species,auth_only_source_no_alternate,"skip:api.pokewallet.io:pokewallet_auth_gated_no_bypass,skip:api.pokewallet.io:pokewallet_auth_gated_no_bypass,set_map:ambiguous_set_name:-",api.pokewallet.io,"{""pokemonTcgApiId"": null, ""pricechartingId"": null, ""tcgdexCardId"": null, ""tcgplayerProductId"": null}",catalogue_identity_retained,pokewallet_authenticated_acquire_path,run_pokewallet_authenticated_acquire_or_collector_scan,2026-10-09T10:03:49Z
pokemon|jp|24091|002/024|smoochum_delta_species,ja,24091,"Imprison, Gardevoir ex Constructed Standard Deck",002/024,Smoochum Delta Species,auth_only_source_no_alternate,"skip:api.pokewallet.io:pokewallet_auth_gated_no_bypass,skip:api.pokewallet.io:pokewallet_auth_gated_no_bypass,set_map:ambiguous_set_name:-",api.pokewallet.io,"{""pokemonTcgApiId"": null, ""pricechartingId"": null, ""tcgdexCardId"": null, ""tcgplayerProductId"": null}",catalogue_identity_retained,pokewallet_authenticated_acquire_path,run_pokewallet_authenticated_acquire_or_collector_scan,2026-10-09T10:03:49Z
pokemon|jp|24091|003/024|ralts_delta_species,ja,24091,"Imprison, Gardevoir ex Constructed Standard Deck",003/024,Ralts Delta Species,auth_only_source_no_alternate,"skip:api.pokewallet.io:pokewallet_auth_gated_no_bypass,skip:api.pokewallet.io:pokewallet_auth_gated_no_bypass,set_map:ambiguous_set_name:-",api.pokewallet.io,"{""pokemonTcgApiId"": null, ""pricechartingId"": null, ""tcgdexCardId"": null, ""tcgplayerProductId"": null}",catalogue_identity_retained,pokewallet_authenticated_acquire_path,run_pokewallet_authenticated_acquire_or_collector_scan,2026-10-09T10:03:49Z
pokemon|jp|24091|004/024|kirlia_delta_species,ja,24091,"Imprison, Gardevoir ex Constructed Standard Deck",004/024,Kirlia Delta Species,auth_only_source_no_alternate,"skip:api.pokewallet.io:pokewallet_auth_gated_no_bypass,skip:api.pokewallet.io:pokewallet_auth_gated_no_bypass,set_map:ambiguous_set_name:-",api.pokewallet.io,"{""pokemonTcgApiId"": null, ""pricechartingId"": null, ""tcgdexCardId"": null, ""tcgplayerProductId"": null}",catalogue_identity_retained,pokewallet_authenticated_acquire_path,run_pokewallet_authenticated_acquire_or_collector_scan,2026-10-09T10:03:49Z
pokemon|jp|24091|005/024|gardevoir_ex_delta_species,ja,24091,"Imprison, Gardevoir ex Constructed Standard Deck",005/024,Gardevoir ex Delta Species,auth_only_source_no_alternate,"skip:api.pokewallet.io:pokewallet_auth_gated_no_bypass,skip:api.pokewallet.io:pokewallet_auth_gated_no_bypass,set_map:ambiguous_set_name:-",api.pokewallet.io,"{""pokemonTcgApiId"": null, ""pricechartingId"": null, ""tcgdexCardId"": null, ""tcgplayerProductId"": null}",catalogue_identity_retained,pokewallet_authenticated_acquire_path,run_pokewallet_authenticated_acquire_or_collector_scan,2026-10-09T10:03:49Z
pokemon|jp|24091|006/024|smeargle_delta_species,ja,24091,"Imprison, Gardevoir ex Constructed Standard Deck",006/024,Smeargle Delta Species,auth_only_source_no_alternate,"skip:api.pokewallet.io:pokewallet_auth_gated_no_bypass,skip:api.pokewallet.io:pokewallet_auth_gated_no_bypass,set_map:ambiguous_set_name:-",api.pokewallet.io,"{""pokemonTcgApiId"": null, ""pricechartingId"": null, ""tcgdexCardId"": null, ""tcgplayerProductId"": null}",catalogue_identity_retained,pokewallet_authenticated_acquire_path,run_pokewallet_authenticated_acquire_or_collector_scan,2026-10-09T10:03:49Z
pokemon|jp|24091|007/024|ralts,ja,24091,"Imprison, Gardevoir ex Constructed Standard Deck",007/024,Ralts,auth_only_source_no_alternate,"skip:api.pokewallet.io:pokewallet_auth_gated_no_bypass,skip:api.pokewallet.io:pokewallet_auth_gated_no_bypass,set_map:ambiguous_set_name:-",api.pokewallet.io,"{""pokemonTcgApiId"": null, ""pricechartingId"": null, ""tcgdexCardId"": null, ""tcgplayerProductId"": null}",catalogue_identity_retained,pokewallet_authenticated_acquire_path,run_pokewallet_authenticated_acquire_or_collector_scan,2026-10-09T10:03:49Z
pokemon|jp|24091|009/024|trapinch_delta_species,ja,24091,"Imprison, Gardevoir ex Constructed Standard Deck",009/024,Trapinch Delta Species,auth_only_source_no_alternate,"skip:api.pokewallet.io:pokewallet_auth_gated_no_bypass,skip:api.pokewallet.io:pokewallet_auth_gated_no_bypass,set_map:ambiguous_set_name:-",api.pokewallet.io,"{""pokemonTcgApiId"": null, ""pricechartingId"": null, ""tcgdexCardId"": null, ""tcgplayerProductId"": null}",catalogue_identity_retained,pokewallet_authenticated_acquire_path,run_pokewallet_authenticated_acquire_or_collector_scan,2026-10-09T10:03:49Z
pokemon|jp|24091|010/024|vibrava_delta_species,ja,24091,"Imprison, Gardevoir ex Constructed Standard Deck",010/024,Vibrava Delta Species,auth_only_source_no_alternate,"skip:api.pokewallet.io:pokewallet_auth_gated_no_bypass,skip:api.pokewallet.io:pokewallet_auth_gated_no_bypass,set_map:ambiguous_set_name:-",api.pokewallet.io,"{""pokemonTcgApiId"": null, ""pricechartingId"": null, ""tcgdexCardId"": null, ""tcgplayerProductId"": null}",catalogue_identity_retained,pokewallet_authenticated_acquire_path,run_pokewallet_authenticated_acquire_or_collector_scan,2026-10-09T10:03:49Z
pokemon|jp|24091|012/024|dual_ball,ja,24091,"Imprison, Gardevoir ex Constructed Standard Deck",012/024,Dual Ball,auth_only_source_no_alternate,"skip:api.pokewallet.io:pokewallet_auth_gated_no_bypass,skip:api.pokewallet.io:pokewallet_auth_gated_no_bypass,set_map:ambiguous_set_name:-",api.pokewallet.io,"{""pokemonTcgApiId"": null, ""pricechartingId"": null, ""tcgdexCardId"": null, ""tcgplayerProductId"": null}",catalogue_identity_retained,pokewallet_authenticated_acquire_path,run_pokewallet_authenticated_acquire_or_collector_scan,2026-10-09T10:03:49Z
pokemon|jp|24091|013/024|old_rod,ja,24091,"Imprison, Gardevoir ex Constructed Standard Deck",013/024,Old Rod,auth_only_source_no_alternate,"skip:api.pokewallet.io:pokewallet_auth_gated_no_bypass,skip:api.pokewallet.io:pokewallet_auth_gated_no_bypass,set_map:ambiguous_set_name:-",api.pokewallet.io,"{""pokemonTcgApiId"": null, ""pricechartingId"": null, ""tcgdexCardId"": null, ""tcgplayerProductId"": null}",catalogue_identity_retained,pokewallet_authenticated_acquire_path,run_pokewallet_authenticated_acquire_or_collector_scan,2026-10-09T10:03:49Z
pokemon|jp|24091|018/024|island_hermit,ja,24091,"Imprison, Gardevoir ex Constructed Standard Deck",018/024,Island Hermit,auth_only_source_no_alternate,"skip:api.pokewallet.io:pokewallet_auth_gated_no_bypass,skip:api.pokewallet.io:pokewallet_auth_gated_no_bypass,set_map:ambiguous_set_name:-",api.pokewallet.io,"{""pokemonTcgApiId"": null, ""pricechartingId"": null, ""tcgdexCardId"": null, ""tcgplayerProductId"": null}",catalogue_identity_retained,pokewallet_authenticated_acquire_path,run_pokewallet_authenticated_acquire_or_collector_scan,2026-10-09T10:03:49Z
pokemon|jp|24091|020/024|celios_network,ja,24091,"Imprison, Gardevoir ex Constructed Standard Deck",020/024,Celios Network,auth_only_source_no_alternate,"skip:api.pokewallet.io:pokewallet_auth_gated_no_bypass,skip:api.pokewallet.io:pokewallet_auth_gated_no_bypass,set_map:ambiguous_set_name:-",api.pokewallet.io,"{""pokemonTcgApiId"": null, ""pricechartingId"": null, ""tcgdexCardId"": null, ""tcgplayerProductId"": null}",catalogue_identity_retained,pokewallet_authenticated_acquire_path,run_pokewallet_authenticated_acquire_or_collector_scan,2026-10-09T10:03:49Z
pokemon|jp|24091|023/024|buffer_piece,ja,24091,"Imprison, Gardevoir ex Constructed Standard Deck",023/024,Buffer Piece,auth_only_source_no_alternate,"skip:api.pokewallet.io:pokewallet_auth_gated_no_bypass,skip:api.pokewallet.io:pokewallet_auth_gated_no_bypass,set_map:ambiguous_set_name:-",api.pokewallet.io,"{""pokemonTcgApiId"": null, ""pricechartingId"": null, ""tcgdexCardId"": null, ""tcgplayerProductId"": null}",catalogue_identity_retained,pokewallet_authenticated_acquire_path,run_pokewallet_authenticated_acquire_or_collector_scan,2026-10-09T10:03:49Z
pokemon|jp|24092|001/024|gligar_delta_species,ja,24092,"Shockwave, Tyranitar ex Constructed Standard Deck",001/024,Gligar Delta Species,auth_only_source_no_alternate,"skip:api.pokewallet.io:pokewallet_auth_gated_no_bypass,skip:api.pokewallet.io:pokewallet_auth_gated_no_bypass,set_map:ambiguous_set_name:-",api.pokewallet.io,"{""pokemonTcgApiId"": null, ""pricechartingId"": null, ""tcgdexCardId"": null, ""tcgplayerProductId"": null}",catalogue_identity_retained,pokewallet_authenticated_acquire_path,run_pokewallet_authenticated_acquire_or_collector_scan,2026-10-09T10:03:49Z
pokemon|jp|24092|002/024|larvitar_delta_species,ja,24092,"Shockwave, Tyranitar ex Constructed Standard Deck",002/024,Larvitar Delta Species,auth_only_source_no_alternate,"skip:api.pokewallet.io:pokewallet_auth_gated_no_bypass,skip:api.pokewallet.io:pokewallet_auth_gated_no_bypass,set_map:ambiguous_set_name:-",api.pokewallet.io,"{""pokemonTcgApiId"": null, ""pricechartingId"": null, ""tcgdexCardId"": null, ""tcgplayerProductId"": null}",catalogue_identity_retained,pokewallet_authenticated_acquire_path,run_pokewallet_authenticated_acquire_or_collector_scan,2026-10-09T10:03:49Z
pokemon|jp|24092|003/024|pupitar_delta_species,ja,24092,"Shockwave, Tyranitar ex Constructed Standard Deck",003/024,Pupitar Delta Species,auth_only_source_no_alternate,"skip:api.pokewallet.io:pokewallet_auth_gated_no_bypass,skip:api.pokewallet.io:pokewallet_auth_gated_no_bypass,set_map:ambiguous_set_name:-",api.pokewallet.io,"{""pokemonTcgApiId"": null, ""pricechartingId"": null, ""tcgdexCardId"": null, ""tcgplayerProductId"": null}",catalogue_identity_retained,pokewallet_authenticated_acquire_path,run_pokewallet_authenticated_acquire_or_collector_scan,2026-10-09T10:03:49Z
pokemon|jp|24092|004/024|tyranitar_ex_delta_species,ja,24092,"Shockwave, Tyranitar ex Constructed Standard Deck",004/024,Tyranitar ex Delta Species,auth_only_source_no_alternate,"skip:api.pokewallet.io:pokewallet_auth_gated_no_bypass,skip:api.pokewallet.io:pokewallet_auth_gated_no_bypass,set_map:ambiguous_set_name:-",api.pokewallet.io,"{""pokemonTcgApiId"": null, ""pricechartingId"": null, ""tcgdexCardId"": null, ""tcgplayerProductId"": null}",catalogue_identity_retained,pokewallet_authenticated_acquire_path,run_pokewallet_authenticated_acquire_or_collector_scan,2026-10-09T10:03:49Z
pokemon|jp|24092|005/024|horsea_delta_species,ja,24092,"Shockwave, Tyranitar ex Constructed Standard Deck",005/024,Horsea Delta Species,auth_only_source_no_alternate,"skip:api.pokewallet.io:pokewallet_auth_gated_no_bypass,skip:api.pokewallet.io:pokewallet_auth_gated_no_bypass,set_map:ambiguous_set_name:-",api.pokewallet.io,"{""pokemonTcgApiId"": null, ""pricechartingId"": null, ""tcgdexCardId"": null, ""tcgplayerProductId"": null}",catalogue_identity_retained,pokewallet_authenticated_acquire_path,run_pokewallet_authenticated_acquire_or_collector_scan,2026-10-09T10:03:49Z
pokemon|jp|24092|006/024|seadra_delta_species,ja,24092,"Shockwave, Tyranitar ex Constructed Standard Deck",006/024,Seadra Delta Species,auth_only_source_no_alternate,"skip:api.pokewallet.io:pokewallet_auth_gated_no_bypass,skip:api.pokewallet.io:pokewallet_auth_gated_no_bypass,set_map:ambiguous_set_name:-",api.pokewallet.io,"{""pokemonTcgApiId"": null, ""pricechartingId"": null, ""tcgdexCardId"": null, ""tcgplayerProductId"": null}",catalogue_identity_retained,pokewallet_authenticated_acquire_path,run_pokewallet_authenticated_acquire_or_collector_scan,2026-10-09T10:03:49Z
pokemon|jp|24092|007/024|electabuzz_delta_species,ja,24092,"Shockwave, Tyranitar ex Constructed Standard Deck",007/024,Electabuzz Delta Species,auth_only_source_no_alternate,"skip:api.pokewallet.io:pokewallet_auth_gated_no_bypass,skip:api.pokewallet.io:pokewallet_auth_gated_no_bypass,set_map:ambiguous_set_name:-",api.pokewallet.io,"{""pokemonTcgApiId"": null, ""pricechartingId"": null, ""tcgdexCardId"": null, ""tcgplayerProductId"": null}",catalogue_identity_retained,pokewallet_authenticated_acquire_path,run_pokewallet_authenticated_acquire_or_collector_scan,2026-10-09T10:03:49Z
pokemon|jp|24092|008/024|elekid_delta_species,ja,24092,"Shockwave, Tyranitar ex Constructed Standard Deck",008/024,Elekid Delta Species,auth_only_source_no_alternate,"skip:api.pokewallet.io:pokewallet_auth_gated_no_bypass,skip:api.pokewallet.io:pokewallet_auth_gated_no_bypass,set_map:ambiguous_set_name:-",api.pokewallet.io,"{""pokemonTcgApiId"": null, ""pricechartingId"": null, ""tcgdexCardId"": null, ""tcgplayerProductId"": null}",catalogue_identity_retained,pokewallet_authenticated_acquire_path,run_pokewallet_authenticated_acquire_or_collector_scan,2026-10-09T10:03:49Z
pokemon|jp|24092|009/024|larvitar,ja,24092,"Shockwave, Tyranitar ex Constructed Standard Deck",009/024,Larvitar,auth_only_source_no_alternate,"skip:api.pokewallet.io:pokewallet_auth_gated_no_bypass,skip:api.pokewallet.io:pokewallet_auth_gated_no_bypass,set_map:ambiguous_set_name:-",api.pokewallet.io,"{""pokemonTcgApiId"": null, ""pricechartingId"": null, ""tcgdexCardId"": null, ""tcgplayerProductId"": null}",catalogue_identity_retained,pokewallet_authenticated_acquire_path,run_pokewallet_authenticated_acquire_or_collector_scan,2026-10-09T10:03:49Z
pokemon|jp|24092|015/024|scott,ja,24092,"Shockwave, Tyranitar ex Constructed Standard Deck",015/024,Scott,auth_only_source_no_alternate,"skip:api.pokewallet.io:pokewallet_auth_gated_no_bypass,skip:api.pokewallet.io:pokewallet_auth_gated_no_bypass,set_map:ambiguous_set_name:-",api.pokewallet.io,"{""pokemonTcgApiId"": null, ""pricechartingId"": null, ""tcgdexCardId"": null, ""tcgplayerProductId"": null}",catalogue_identity_retained,pokewallet_authenticated_acquire_path,run_pokewallet_authenticated_acquire_or_collector_scan,2026-10-09T10:03:49Z
pokemon|jp|24092|017/024|professor_cozmos_discovery,ja,24092,"Shockwave, Tyranitar ex Constructed Standard Deck",017/024,Professor Cozmos Discovery,auth_only_source_no_alternate,"skip:api.pokewallet.io:pokewallet_auth_gated_no_bypass,skip:api.pokewallet.io:pokewallet_auth_gated_no_bypass,set_map:ambiguous_set_name:-",api.pokewallet.io,"{""pokemonTcgApiId"": null, ""pricechartingId"": null, ""tcgdexCardId"": null, ""tcgplayerProductId"": null}",catalogue_identity_retained,pokewallet_authenticated_acquire_path,run_pokewallet_authenticated_acquire_or_collector_scan,2026-10-09T10:03:49Z
pokemon|jp|24092|023/024|buffer_piece,ja,24092,"Shockwave, Tyranitar ex Constructed Standard Deck",023/024,Buffer Piece,auth_only_source_no_alternate,"skip:api.pokewallet.io:pokewallet_auth_gated_no_bypass,skip:api.pokewallet.io:pokewallet_auth_gated_no_bypass,set_map:ambiguous_set_name:-",api.pokewallet.io,"{""pokemonTcgApiId"": null, ""pricechartingId"": null, ""tcgdexCardId"": null, ""tcgplayerProductId"": null}",catalogue_identity_retained,pokewallet_authenticated_acquire_path,run_pokewallet_authenticated_acquire_or_collector_scan,2026-10-09T10:03:49Z
pokemon|jp|24093|003/015|mew_ex,ja,24093,Gift Box Mew - Lucario (Mew Quarter Deck),003/015,Mew ex,auth_only_source_no_alternate,"skip:api.pokewallet.io:pokewallet_auth_gated_no_bypass,skip:api.pokewallet.io:pokewallet_auth_gated_no_bypass,set_map:ambiguous_set_name:-",api.pokewallet.io,"{""pokemonTcgApiId"": null, ""pricechartingId"": null, ""tcgdexCardId"": null, ""tcgplayerProductId"": null}",catalogue_identity_retained,pokewallet_authenticated_acquire_path,run_pokewallet_authenticated_acquire_or_collector_scan,2026-10-09T10:03:49Z
pokemon|jp|24093|004/015|baltoy,ja,24093,Gift Box Mew - Lucario (Mew Quarter Deck),004/015,Baltoy,auth_only_source_no_alternate,"skip:api.pokewallet.io:pokewallet_auth_gated_no_bypass,skip:api.pokewallet.io:pokewallet_auth_gated_no_bypass,set_map:ambiguous_set_name:-",api.pokewallet.io,"{""pokemonTcgApiId"": null, ""pricechartingId"": null, ""tcgdexCardId"": null, ""tcgplayerProductId"": null}",catalogue_identity_retained,pokewallet_authenticated_acquire_path,run_pokewallet_authenticated_acquire_or_collector_scan,2026-10-09T10:03:49Z
pokemon|jp|24093|010/015|basic_lightning_energy_010_015,ja,24093,Gift Box Mew - Lucario (Mew Quarter Deck),010/015,Basic Lightning Energy 010 015,auth_only_source_no_alternate,"skip:api.pokewallet.io:pokewallet_auth_gated_no_bypass,skip:api.pokewallet.io:pokewallet_auth_gated_no_bypass,set_map:ambiguous_set_name:-",api.pokewallet.io,"{""pokemonTcgApiId"": null, ""pricechartingId"": null, ""tcgdexCardId"": null, ""tcgplayerProductId"": null}",catalogue_identity_retained,pokewallet_authenticated_acquire_path,run_pokewallet_authenticated_acquire_or_collector_scan,2026-10-09T10:03:49Z
pokemon|jp|24094|004/015|aron,ja,24094,Gift Box Mew - Lucario (Lucario Quarter Deck),004/015,Aron,auth_only_source_no_alternate,"skip:api.pokewallet.io:pokewallet_auth_gated_no_bypass,skip:api.pokewallet.io:pokewallet_auth_gated_no_bypass,set_map:ambiguous_set_name:-",api.pokewallet.io,"{""pokemonTcgApiId"": null, ""pricechartingId"": null, ""tcgdexCardId"": null, ""tcgplayerProductId"": null}",catalogue_identity_retained,pokewallet_authenticated_acquire_path,run_pokewallet_authenticated_acquire_or_collector_scan,2026-10-09T10:03:49Z
pokemon|jp|24094|005/015|lairon,ja,24094,Gift Box Mew - Lucario (Lucario Quarter Deck),005/015,Lairon,auth_only_source_no_alternate,"skip:api.pokewallet.io:pokewallet_auth_gated_no_bypass,skip:api.pokewallet.io:pokewallet_auth_gated_no_bypass,set_map:ambiguous_set_name:-",api.pokewallet.io,"{""pokemonTcgApiId"": null, ""pricechartingId"": null, ""tcgdexCardId"": null, ""tcgplayerProductId"": null}",catalogue_identity_retained,pokewallet_authenticated_acquire_path,run_pokewallet_authenticated_acquire_or_collector_scan,2026-10-09T10:03:49Z
pokemon|jp|24094|012/015|basic_fighting_energy_012_015,ja,24094,Gift Box Mew - Lucario (Lucario Quarter Deck),012/015,Basic Fighting Energy 012 015,auth_only_source_no_alternate,"skip:api.pokewallet.io:pokewallet_auth_gated_no_bypass,skip:api.pokewallet.io:pokewallet_auth_gated_no_bypass,set_map:ambiguous_set_name:-",api.pokewallet.io,"{""pokemonTcgApiId"": null, ""pricechartingId"": null, ""tcgdexCardId"": null, ""tcgplayerProductId"": null}",catalogue_identity_retained,pokewallet_authenticated_acquire_path,run_pokewallet_authenticated_acquire_or_collector_scan,2026-10-09T10:03:49Z
pokemon|jp|24094|013/015|basic_fighting_energy_013_015,ja,24094,Gift Box Mew - Lucario (Lucario Quarter Deck),013/015,Basic Fighting Energy 013 015,auth_only_source_no_alternate,"skip:api.pokewallet.io:pokewallet_auth_gated_no_bypass,skip:api.pokewallet.io:pokewallet_auth_gated_no_bypass,set_map:ambiguous_set_name:-",api.pokewallet.io,"{""pokemonTcgApiId"": null, ""pricechartingId"": null, ""tcgdexCardId"": null, ""tcgplayerProductId"": null}",catalogue_identity_retained,pokewallet_authenticated_acquire_path,run_pokewallet_authenticated_acquire_or_collector_scan,2026-10-09T10:03:49Z
pokemon|jp|24095|005/015|crawdaunt_ex,ja,24095,Gift Box Mew - Lucario (Crawdaunt Quarter Deck),005/015,Crawdaunt ex,auth_only_source_no_alternate,"skip:api.pokewallet.io:pokewallet_auth_gated_no_bypass,skip:api.pokewallet.io:pokewallet_auth_gated_no_bypass,set_map:ambiguous_set_name:-",api.pokewallet.io,"{""pokemonTcgApiId"": null, ""pricechartingId"": null, ""tcgdexCardId"": null, ""tcgplayerProductId"": null}",catalogue_identity_retained,pokewallet_authenticated_acquire_path,run_pokewallet_authenticated_acquire_or_collector_scan,2026-10-09T10:03:49Z
pokemon|jp|24095|008/015|mr_stones_project,ja,24095,Gift Box Mew - Lucario (Crawdaunt Quarter Deck),008/015,Mr Stones Project,auth_only_source_no_alternate,"skip:api.pokewallet.io:pokewallet_auth_gated_no_bypass,skip:api.pokewallet.io:pokewallet_auth_gated_no_bypass,set_map:ambiguous_set_name:-",api.pokewallet.io,"{""pokemonTcgApiId"": null, ""pricechartingId"": null, ""tcgdexCardId"": null, ""tcgplayerProductId"": null}",catalogue_identity_retained,pokewallet_authenticated_acquire_path,run_pokewallet_authenticated_acquire_or_collector_scan,2026-10-09T10:03:49Z
pokemon|jp|24096|005/015|mightyena_ex,ja,24096,Gift Box Mew - Lucario (Mightyena Quarter Deck),005/015,Mightyena ex,auth_only_source_no_alternate,"skip:api.pokewallet.io:pokewallet_auth_gated_no_bypass,skip:api.pokewallet.io:pokewallet_auth_gated_no_bypass,set_map:ambiguous_set_name:-",api.pokewallet.io,"{""pokemonTcgApiId"": null, ""pricechartingId"": null, ""tcgdexCardId"": null, ""tcgplayerProductId"": null}",catalogue_identity_retained,pokewallet_authenticated_acquire_path,run_pokewallet_authenticated_acquire_or_collector_scan,2026-10-09T10:03:49Z
pokemon|jp|24096|009/015|professor_cozmos_discovery,ja,24096,Gift Box Mew - Lucario (Mightyena Quarter Deck),009/015,Professor Cozmos Discovery,auth_only_source_no_alternate,"skip:api.pokewallet.io:pokewallet_auth_gated_no_bypass,skip:api.pokewallet.io:pokewallet_auth_gated_no_bypass,set_map:ambiguous_set_name:-",api.pokewallet.io,"{""pokemonTcgApiId"": null, ""pricechartingId"": null, ""tcgdexCardId"": null, ""tcgplayerProductId"": null}",catalogue_identity_retained,pokewallet_authenticated_acquire_path,run_pokewallet_authenticated_acquire_or_collector_scan,2026-10-09T10:03:49Z
pokemon|jp|24098|001/002|pikachu_star,ja,24098,Gift Box Mew - Lucario (Pokemon Star),001/002,Pikachu Star,auth_only_source_no_alternate,"skip:api.pokewallet.io:pokewallet_auth_gated_no_bypass,skip:api.pokewallet.io:pokewallet_auth_gated_no_bypass,set_map:ambiguous_set_name:-",api.pokewallet.io,"{""pokemonTcgApiId"": null, ""pricechartingId"": null, ""tcgdexCardId"": null, ""tcgplayerProductId"": null}",catalogue_identity_retained,pokewallet_authenticated_acquire_path,run_pokewallet_authenticated_acquire_or_collector_scan,2026-10-09T10:03:49Z
pokemon|jp|24098|002/002|mewtwo_star,ja,24098,Gift Box Mew - Lucario (Pokemon Star),002/002,Mewtwo Star,auth_only_source_no_alternate,"skip:api.pokewallet.io:pokewallet_auth_gated_no_bypass,skip:api.pokewallet.io:pokewallet_auth_gated_no_bypass,set_map:ambiguous_set_name:-",api.pokewallet.io,"{""pokemonTcgApiId"": null, ""pricechartingId"": null, ""tcgdexCardId"": null, ""tcgplayerProductId"": null}",catalogue_identity_retained,pokewallet_authenticated_acquire_path,run_pokewallet_authenticated_acquire_or_collector_scan,2026-10-09T10:03:49Z
pokemon|jp|24100|003/015|luvdisc,ja,24100,Master Kit (Bulbasaur),003/015,Luvdisc,auth_only_source_no_alternate,"skip:api.pokewallet.io:pokewallet_auth_gated_no_bypass,skip:api.pokewallet.io:pokewallet_auth_gated_no_bypass,set_map:no_set_mapping:-",api.pokewallet.io,"{""pokemonTcgApiId"": null, ""pricechartingId"": null, ""tcgdexCardId"": null, ""tcgplayerProductId"": null}",catalogue_identity_retained,pokewallet_authenticated_acquire_path,run_pokewallet_authenticated_acquire_or_collector_scan,2026-10-09T10:03:49Z
pokemon|jp|24100|005/015|raichu,ja,24100,Master Kit (Bulbasaur),005/015,Raichu,auth_only_source_no_alternate,"skip:api.pokewallet.io:pokewallet_auth_gated_no_bypass,skip:api.pokewallet.io:pokewallet_auth_gated_no_bypass,set_map:no_set_mapping:-",api.pokewallet.io,"{""pokemonTcgApiId"": null, ""pricechartingId"": null, ""tcgdexCardId"": null, ""tcgplayerProductId"": null}",catalogue_identity_retained,pokewallet_authenticated_acquire_path,run_pokewallet_authenticated_acquire_or_collector_scan,2026-10-09T10:03:49Z
pokemon|jp|24100|007/015|dodrio,ja,24100,Master Kit (Bulbasaur),007/015,Dodrio,auth_only_source_no_alternate,"skip:api.pokewallet.io:pokewallet_auth_gated_no_bypass,skip:api.pokewallet.io:pokewallet_auth_gated_no_bypass,set_map:no_set_mapping:-",api.pokewallet.io,"{""pokemonTcgApiId"": null, ""pricechartingId"": null, ""tcgdexCardId"": null, ""tcgplayerProductId"": null}",catalogue_identity_retained,pokewallet_authenticated_acquire_path,run_pokewallet_authenticated_acquire_or_collector_scan,2026-10-09T10:03:49Z
pokemon|jp|24100|009/015|potion_009_015,ja,24100,Master Kit (Bulbasaur),009/015,Potion 009 015,auth_only_source_no_alternate,"skip:api.pokewallet.io:pokewallet_auth_gated_no_bypass,skip:api.pokewallet.io:pokewallet_auth_gated_no_bypass,set_map:no_set_mapping:-",api.pokewallet.io,"{""pokemonTcgApiId"": null, ""pricechartingId"": null, ""tcgdexCardId"": null, ""tcgplayerProductId"": null}",catalogue_identity_retained,pokewallet_authenticated_acquire_path,run_pokewallet_authenticated_acquire_or_collector_scan,2026-10-09T10:03:49Z
pokemon|jp|24102|001/016|voltorb,ja,24102,Mirage's Mew Constructed Starter Deck,001/016,Voltorb,auth_only_source_no_alternate,"skip:api.pokewallet.io:pokewallet_auth_gated_no_bypass,skip:api.pokewallet.io:pokewallet_auth_gated_no_bypass,set_map:no_set_mapping:-",api.pokewallet.io,"{""pokemonTcgApiId"": null, ""pricechartingId"": null, ""tcgdexCardId"": null, ""tcgplayerProductId"": null}",catalogue_identity_retained,pokewallet_authenticated_acquire_path,run_pokewallet_authenticated_acquire_or_collector_scan,2026-10-09T10:03:49Z
pokemon|jp|24102|002/016|electrode,ja,24102,Mirage's Mew Constructed Starter Deck,002/016,Electrode,auth_only_source_no_alternate,"skip:api.pokewallet.io:pokewallet_auth_gated_no_bypass,skip:api.pokewallet.io:pokewallet_auth_gated_no_bypass,set_map:no_set_mapping:-",api.pokewallet.io,"{""pokemonTcgApiId"": null, ""pricechartingId"": null, ""tcgdexCardId"": null, ""tcgplayerProductId"": null}",catalogue_identity_retained,pokewallet_authenticated_acquire_path,run_pokewallet_authenticated_acquire_or_collector_scan,2026-10-09T10:03:49Z
pokemon|jp|24102|004/016|minun,ja,24102,Mirage's Mew Constructed Starter Deck,004/016,Minun,auth_only_source_no_alternate,"skip:api.pokewallet.io:pokewallet_auth_gated_no_bypass,skip:api.pokewallet.io:pokewallet_auth_gated_no_bypass,set_map:no_set_mapping:-",api.pokewallet.io,"{""pokemonTcgApiId"": null, ""pricechartingId"": null, ""tcgdexCardId"": null, ""tcgplayerProductId"": null}",catalogue_identity_retained,pokewallet_authenticated_acquire_path,run_pokewallet_authenticated_acquire_or_collector_scan,2026-10-09T10:03:49Z
pokemon|jp|24102|005/016|mew,ja,24102,Mirage's Mew Constructed Starter Deck,005/016,Mew,auth_only_source_no_alternate,"skip:api.pokewallet.io:pokewallet_auth_gated_no_bypass,skip:api.pokewallet.io:pokewallet_auth_gated_no_bypass,set_map:no_set_mapping:-",api.pokewallet.io,"{""pokemonTcgApiId"": null, ""pricechartingId"": null, ""tcgdexCardId"": null, ""tcgplayerProductId"": null}",catalogue_identity_retained,pokewallet_authenticated_acquire_path,run_pokewallet_authenticated_acquire_or_collector_scan,2026-10-09T10:03:49Z
pokemon|jp|24102|006/016|shuppet,ja,24102,Mirage's Mew Constructed Starter Deck,006/016,Shuppet,auth_only_source_no_alternate,"skip:api.pokewallet.io:pokewallet_auth_gated_no_bypass,skip:api.pokewallet.io:pokewallet_auth_gated_no_bypass,set_map:no_set_mapping:-",api.pokewallet.io,"{""pokemonTcgApiId"": null, ""pricechartingId"": null, ""tcgdexCardId"": null, ""tcgplayerProductId"": null}",catalogue_identity_retained,pokewallet_authenticated_acquire_path,run_pokewallet_authenticated_acquire_or_collector_scan,2026-10-09T10:03:49Z
pokemon|jp|24102|007/016|banette_ex,ja,24102,Mirage's Mew Constructed Starter Deck,007/016,Banette ex,auth_only_source_no_alternate,"skip:api.pokewallet.io:pokewallet_auth_gated_no_bypass,skip:api.pokewallet.io:pokewallet_auth_gated_no_bypass,set_map:no_set_mapping:-",api.pokewallet.io,"{""pokemonTcgApiId"": null, ""pricechartingId"": null, ""tcgdexCardId"": null, ""tcgplayerProductId"": null}",catalogue_identity_retained,pokewallet_authenticated_acquire_path,run_pokewallet_authenticated_acquire_or_collector_scan,2026-10-09T10:03:49Z
pokemon|jp|24102|008/016|sentret,ja,24102,Mirage's Mew Constructed Starter Deck,008/016,Sentret,auth_only_source_no_alternate,"skip:api.pokewallet.io:pokewallet_auth_gated_no_bypass,skip:api.pokewallet.io:pokewallet_auth_gated_no_bypass,set_map:no_set_mapping:-",api.pokewallet.io,"{""pokemonTcgApiId"": null, ""pricechartingId"": null, ""tcgdexCardId"": null, ""tcgplayerProductId"": null}",catalogue_identity_retained,pokewallet_authenticated_acquire_path,run_pokewallet_authenticated_acquire_or_collector_scan,2026-10-09T10:03:49Z
pokemon|jp|24102|010/016|energy_removal,ja,24102,Mirage's Mew Constructed Starter Deck,010/016,Energy Removal,auth_only_source_no_alternate,"skip:api.pokewallet.io:pokewallet_auth_gated_no_bypass,skip:api.pokewallet.io:pokewallet_auth_gated_no_bypass,set_map:no_set_mapping:-",api.pokewallet.io,"{""pokemonTcgApiId"": null, ""pricechartingId"": null, ""tcgdexCardId"": null, ""tcgplayerProductId"": null}",catalogue_identity_retained,pokewallet_authenticated_acquire_path,run_pokewallet_authenticated_acquire_or_collector_scan,2026-10-09T10:03:49Z
pokemon|jp|24102|011/016|potion,ja,24102,Mirage's Mew Constructed Starter Deck,011/016,Potion,auth_only_source_no_alternate,"skip:api.pokewallet.io:pokewallet_auth_gated_no_bypass,skip:api.pokewallet.io:pokewallet_auth_gated_no_bypass,set_map:no_set_mapping:-",api.pokewallet.io,"{""pokemonTcgApiId"": null, ""pricechartingId"": null, ""tcgdexCardId"": null, ""tcgplayerProductId"": null}",catalogue_identity_retained,pokewallet_authenticated_acquire_path,run_pokewallet_authenticated_acquire_or_collector_scan,2026-10-09T10:03:49Z
pokemon|jp|24102|012/016|switch,ja,24102,Mirage's Mew Constructed Starter Deck,012/016,Switch,auth_only_source_no_alternate,"skip:api.pokewallet.io:pokewallet_auth_gated_no_bypass,skip:api.pokewallet.io:pokewallet_auth_gated_no_bypass,set_map:no_set_mapping:-",api.pokewallet.io,"{""pokemonTcgApiId"": null, ""pricechartingId"": null, ""tcgdexCardId"": null, ""tcgplayerProductId"": null}",catalogue_identity_retained,pokewallet_authenticated_acquire_path,run_pokewallet_authenticated_acquire_or_collector_scan,2026-10-09T10:03:49Z
pokemon|jp|24102|013/016|master_ball,ja,24102,Mirage's Mew Constructed Starter Deck,013/016,Master Ball,auth_only_source_no_alternate,"skip:api.pokewallet.io:pokewallet_auth_gated_no_bypass,skip:api.pokewallet.io:pokewallet_auth_gated_no_bypass,set_map:no_set_mapping:-",api.pokewallet.io,"{""pokemonTcgApiId"": null, ""pricechartingId"": null, ""tcgdexCardId"": null, ""tcgplayerProductId"": null}",catalogue_identity_retained,pokewallet_authenticated_acquire_path,run_pokewallet_authenticated_acquire_or_collector_scan,2026-10-09T10:03:49Z
pokemon|jp|24102|014/016|scott,ja,24102,Mirage's Mew Constructed Starter Deck,014/016,Scott,auth_only_source_no_alternate,"skip:api.pokewallet.io:pokewallet_auth_gated_no_bypass,skip:api.pokewallet.io:pokewallet_auth_gated_no_bypass,set_map:no_set_mapping:-",api.pokewallet.io,"{""pokemonTcgApiId"": null, ""pricechartingId"": null, ""tcgdexCardId"": null, ""tcgplayerProductId"": null}",catalogue_identity_retained,pokewallet_authenticated_acquire_path,run_pokewallet_authenticated_acquire_or_collector_scan,2026-10-09T10:03:49Z
pokemon|jp|24102|015/017|fieldworker,ja,24102,Mirage's Mew Constructed Starter Deck,015/017,Fieldworker,auth_only_source_no_alternate,"skip:api.pokewallet.io:pokewallet_auth_gated_no_bypass,skip:api.pokewallet.io:pokewallet_auth_gated_no_bypass,set_map:no_set_mapping:-",api.pokewallet.io,"{""pokemonTcgApiId"": null, ""pricechartingId"": null, ""tcgdexCardId"": null, ""tcgplayerProductId"": null}",catalogue_identity_retained,pokewallet_authenticated_acquire_path,run_pokewallet_authenticated_acquire_or_collector_scan,2026-10-09T10:03:49Z
pokemon|jp|24102|016/016|battle_frontier,ja,24102,Mirage's Mew Constructed Starter Deck,016/016,Battle Frontier,auth_only_source_no_alternate,"skip:api.pokewallet.io:pokewallet_auth_gated_no_bypass,skip:api.pokewallet.io:pokewallet_auth_gated_no_bypass,set_map:no_set_mapping:-",api.pokewallet.io,"{""pokemonTcgApiId"": null, ""pricechartingId"": null, ""tcgdexCardId"": null, ""tcgplayerProductId"": null}",catalogue_identity_retained,pokewallet_authenticated_acquire_path,run_pokewallet_authenticated_acquire_or_collector_scan,2026-10-09T10:03:49Z
pokemon|jp|24104|001/016|totodile,ja,24104,Feraligatr Constructed Starter Deck,001/016,Totodile,auth_only_source_no_alternate,"skip:api.pokewallet.io:pokewallet_auth_gated_no_bypass,skip:api.pokewallet.io:pokewallet_auth_gated_no_bypass,set_map:no_set_mapping:-",api.pokewallet.io,"{""pokemonTcgApiId"": null, ""pricechartingId"": null, ""tcgdexCardId"": null, ""tcgplayerProductId"": null}",catalogue_identity_retained,pokewallet_authenticated_acquire_path,run_pokewallet_authenticated_acquire_or_collector_scan,2026-10-09T10:03:49Z
pokemon|jp|24104|003/016|feraligatr_ex,ja,24104,Feraligatr Constructed Starter Deck,003/016,Feraligatr ex,auth_only_source_no_alternate,"skip:api.pokewallet.io:pokewallet_auth_gated_no_bypass,skip:api.pokewallet.io:pokewallet_auth_gated_no_bypass,set_map:no_set_mapping:-",api.pokewallet.io,"{""pokemonTcgApiId"": null, ""pricechartingId"": null, ""tcgdexCardId"": null, ""tcgplayerProductId"": null}",catalogue_identity_retained,pokewallet_authenticated_acquire_path,run_pokewallet_authenticated_acquire_or_collector_scan,2026-10-09T10:03:49Z
pokemon|jp|24104|004/016|chinchou,ja,24104,Feraligatr Constructed Starter Deck,004/016,Chinchou,auth_only_source_no_alternate,"skip:api.pokewallet.io:pokewallet_auth_gated_no_bypass,skip:api.pokewallet.io:pokewallet_auth_gated_no_bypass,set_map:no_set_mapping:-",api.pokewallet.io,"{""pokemonTcgApiId"": null, ""pricechartingId"": null, ""tcgdexCardId"": null, ""tcgplayerProductId"": null}",catalogue_identity_retained,pokewallet_authenticated_acquire_path,run_pokewallet_authenticated_acquire_or_collector_scan,2026-10-09T10:03:49Z
pokemon|jp|24104|007/016|snubbull,ja,24104,Feraligatr Constructed Starter Deck,007/016,Snubbull,auth_only_source_no_alternate,"skip:api.pokewallet.io:pokewallet_auth_gated_no_bypass,skip:api.pokewallet.io:pokewallet_auth_gated_no_bypass,set_map:no_set_mapping:-",api.pokewallet.io,"{""pokemonTcgApiId"": null, ""pricechartingId"": null, ""tcgdexCardId"": null, ""tcgplayerProductId"": null}",catalogue_identity_retained,pokewallet_authenticated_acquire_path,run_pokewallet_authenticated_acquire_or_collector_scan,2026-10-09T10:03:49Z
pokemon|jp|24104|008/016|granbull,ja,24104,Feraligatr Constructed Starter Deck,008/016,Granbull,auth_only_source_no_alternate,"skip:api.pokewallet.io:pokewallet_auth_gated_no_bypass,skip:api.pokewallet.io:pokewallet_auth_gated_no_bypass,set_map:no_set_mapping:-",api.pokewallet.io,"{""pokemonTcgApiId"": null, ""pricechartingId"": null, ""tcgdexCardId"": null, ""tcgplayerProductId"": null}",catalogue_identity_retained,pokewallet_authenticated_acquire_path,run_pokewallet_authenticated_acquire_or_collector_scan,2026-10-09T10:03:49Z
pokemon|jp|24104|009/016|energy_search,ja,24104,Feraligatr Constructed Starter Deck,009/016,Energy Search,auth_only_source_no_alternate,"skip:api.pokewallet.io:pokewallet_auth_gated_no_bypass,skip:api.pokewallet.io:pokewallet_auth_gated_no_bypass,set_map:no_set_mapping:-",api.pokewallet.io,"{""pokemonTcgApiId"": null, ""pricechartingId"": null, ""tcgdexCardId"": null, ""tcgplayerProductId"": null}",catalogue_identity_retained,pokewallet_authenticated_acquire_path,run_pokewallet_authenticated_acquire_or_collector_scan,2026-10-09T10:03:49Z
pokemon|jp|24104|011/016|poke_ball,ja,24104,Feraligatr Constructed Starter Deck,011/016,Poke Ball,auth_only_source_no_alternate,"skip:api.pokewallet.io:pokewallet_auth_gated_no_bypass,skip:api.pokewallet.io:pokewallet_auth_gated_no_bypass,set_map:no_set_mapping:-",api.pokewallet.io,"{""pokemonTcgApiId"": null, ""pricechartingId"": null, ""tcgdexCardId"": null, ""tcgplayerProductId"": null}",catalogue_identity_retained,pokewallet_authenticated_acquire_path,run_pokewallet_authenticated_acquire_or_collector_scan,2026-10-09T10:03:49Z
pokemon|jp|24104|013/016|professor_elms_training_method,ja,24104,Feraligatr Constructed Starter Deck,013/016,Professor Elms Training Method,auth_only_source_no_alternate,"skip:api.pokewallet.io:pokewallet_auth_gated_no_bypass,skip:api.pokewallet.io:pokewallet_auth_gated_no_bypass,set_map:no_set_mapping:-",api.pokewallet.io,"{""pokemonTcgApiId"": null, ""pricechartingId"": null, ""tcgdexCardId"": null, ""tcgplayerProductId"": null}",catalogue_identity_retained,pokewallet_authenticated_acquire_path,run_pokewallet_authenticated_acquire_or_collector_scan,2026-10-09T10:03:49Z
pokemon|jp|24104|015/016|fluffy_berry,ja,24104,Feraligatr Constructed Starter Deck,015/016,Fluffy Berry,auth_only_source_no_alternate,"skip:api.pokewallet.io:pokewallet_auth_gated_no_bypass,skip:api.pokewallet.io:pokewallet_auth_gated_no_bypass,set_map:no_set_mapping:-",api.pokewallet.io,"{""pokemonTcgApiId"": null, ""pricechartingId"": null, ""tcgdexCardId"": null, ""tcgplayerProductId"": null}",catalogue_identity_retained,pokewallet_authenticated_acquire_path,run_pokewallet_authenticated_acquire_or_collector_scan,2026-10-09T10:03:49Z
pokemon|jp|24105|001/016|chikorita,ja,24105,Meganium Constructed Starter Deck,001/016,Chikorita,auth_only_source_no_alternate,"skip:api.pokewallet.io:pokewallet_auth_gated_no_bypass,skip:api.pokewallet.io:pokewallet_auth_gated_no_bypass,set_map:no_set_mapping:-",api.pokewallet.io,"{""pokemonTcgApiId"": null, ""pricechartingId"": null, ""tcgdexCardId"": null, ""tcgplayerProductId"": null}",catalogue_identity_retained,pokewallet_authenticated_acquire_path,run_pokewallet_authenticated_acquire_or_collector_scan,2026-10-09T10:03:49Z
pokemon|jp|24105|002/016|bayleef,ja,24105,Meganium Constructed Starter Deck,002/016,Bayleef,auth_only_source_no_alternate,"skip:api.pokewallet.io:pokewallet_auth_gated_no_bypass,skip:api.pokewallet.io:pokewallet_auth_gated_no_bypass,set_map:no_set_mapping:-",api.pokewallet.io,"{""pokemonTcgApiId"": null, ""pricechartingId"": null, ""tcgdexCardId"": null, ""tcgplayerProductId"": null}",catalogue_identity_retained,pokewallet_authenticated_acquire_path,run_pokewallet_authenticated_acquire_or_collector_scan,2026-10-09T10:03:49Z
pokemon|jp|24105|003/016|meganium_ex,ja,24105,Meganium Constructed Starter Deck,003/016,Meganium ex,auth_only_source_no_alternate,"skip:api.pokewallet.io:pokewallet_auth_gated_no_bypass,skip:api.pokewallet.io:pokewallet_auth_gated_no_bypass,set_map:no_set_mapping:-",api.pokewallet.io,"{""pokemonTcgApiId"": null, ""pricechartingId"": null, ""tcgdexCardId"": null, ""tcgplayerProductId"": null}",catalogue_identity_retained,pokewallet_authenticated_acquire_path,run_pokewallet_authenticated_acquire_or_collector_scan,2026-10-09T10:03:49Z
pokemon|jp|24105|008/016|noctowl,ja,24105,Meganium Constructed Starter Deck,008/016,Noctowl,auth_only_source_no_alternate,"skip:api.pokewallet.io:pokewallet_auth_gated_no_bypass,skip:api.pokewallet.io:pokewallet_auth_gated_no_bypass,set_map:no_set_mapping:-",api.pokewallet.io,"{""pokemonTcgApiId"": null, ""pricechartingId"": null, ""tcgdexCardId"": null, ""tcgplayerProductId"": null}",catalogue_identity_retained,pokewallet_authenticated_acquire_path,run_pokewallet_authenticated_acquire_or_collector_scan,2026-10-09T10:03:49Z
pokemon|jp|24105|012/016|poke_ball,ja,24105,Meganium Constructed Starter Deck,012/016,Poke Ball,auth_only_source_no_alternate,"skip:api.pokewallet.io:pokewallet_auth_gated_no_bypass,skip:api.pokewallet.io:pokewallet_auth_gated_no_bypass,set_map:no_set_mapping:-",api.pokewallet.io,"{""pokemonTcgApiId"": null, ""pricechartingId"": null, ""tcgdexCardId"": null, ""tcgplayerProductId"": null}",catalogue_identity_retained,pokewallet_authenticated_acquire_path,run_pokewallet_authenticated_acquire_or_collector_scan,2026-10-09T10:03:49Z
pokemon|jp|24105|015/016|fluffy_berry,ja,24105,Meganium Constructed Starter Deck,015/016,Fluffy Berry,auth_only_source_no_alternate,"skip:api.pokewallet.io:pokewallet_auth_gated_no_bypass,skip:api.pokewallet.io:pokewallet_auth_gated_no_bypass,set_map:no_set_mapping:-",api.pokewallet.io,"{""pokemonTcgApiId"": null, ""pricechartingId"": null, ""tcgdexCardId"": null, ""tcgplayerProductId"": null}",catalogue_identity_retained,pokewallet_authenticated_acquire_path,run_pokewallet_authenticated_acquire_or_collector_scan,2026-10-09T10:03:49Z
pokemon|jp|24105|016/016|warp_energy,ja,24105,Meganium Constructed Starter Deck,016/016,Warp Energy,auth_only_source_no_alternate,"skip:api.pokewallet.io:pokewallet_auth_gated_no_bypass,skip:api.pokewallet.io:pokewallet_auth_gated_no_bypass,set_map:no_set_mapping:-",api.pokewallet.io,"{""pokemonTcgApiId"": null, ""pricechartingId"": null, ""tcgdexCardId"": null, ""tcgplayerProductId"": null}",catalogue_identity_retained,pokewallet_authenticated_acquire_path,run_pokewallet_authenticated_acquire_or_collector_scan,2026-10-09T10:03:49Z
pokemon|jp|24107|001/015|rhyhorn,ja,24107,Fighting Quick Construction Pack,001/015,Rhyhorn,auth_only_source_no_alternate,"skip:api.pokewallet.io:pokewallet_auth_gated_no_bypass,skip:api.pokewallet.io:pokewallet_auth_gated_no_bypass,set_map:no_set_mapping:-",api.pokewallet.io,"{""pokemonTcgApiId"": null, ""pricechartingId"": null, ""tcgdexCardId"": null, ""tcgplayerProductId"": null}",catalogue_identity_retained,pokewallet_authenticated_acquire_path,run_pokewallet_authenticated_acquire_or_collector_scan,2026-10-09T10:03:49Z
pokemon|jp|24107|002/015|rhydon,ja,24107,Fighting Quick Construction Pack,002/015,Rhydon,auth_only_source_no_alternate,"skip:api.pokewallet.io:pokewallet_auth_gated_no_bypass,skip:api.pokewallet.io:pokewallet_auth_gated_no_bypass,set_map:no_set_mapping:-",api.pokewallet.io,"{""pokemonTcgApiId"": null, ""pricechartingId"": null, ""tcgdexCardId"": null, ""tcgplayerProductId"": null}",catalogue_identity_retained,pokewallet_authenticated_acquire_path,run_pokewallet_authenticated_acquire_or_collector_scan,2026-10-09T10:03:49Z
pokemon|jp|24107|003/015|makuhita,ja,24107,Fighting Quick Construction Pack,003/015,Makuhita,auth_only_source_no_alternate,"skip:api.pokewallet.io:pokewallet_auth_gated_no_bypass,skip:api.pokewallet.io:pokewallet_auth_gated_no_bypass,set_map:no_set_mapping:-",api.pokewallet.io,"{""pokemonTcgApiId"": null, ""pricechartingId"": null, ""tcgdexCardId"": null, ""tcgplayerProductId"": null}",catalogue_identity_retained,pokewallet_authenticated_acquire_path,run_pokewallet_authenticated_acquire_or_collector_scan,2026-10-09T10:03:49Z
pokemon|jp|24107|004/015|hariyama,ja,24107,Fighting Quick Construction Pack,004/015,Hariyama,auth_only_source_no_alternate,"skip:api.pokewallet.io:pokewallet_auth_gated_no_bypass,skip:api.pokewallet.io:pokewallet_auth_gated_no_bypass,set_map:no_set_mapping:-",api.pokewallet.io,"{""pokemonTcgApiId"": null, ""pricechartingId"": null, ""tcgdexCardId"": null, ""tcgplayerProductId"": null}",catalogue_identity_retained,pokewallet_authenticated_acquire_path,run_pokewallet_authenticated_acquire_or_collector_scan,2026-10-09T10:03:49Z
pokemon|jp|24107|007/015|medicham_ex,ja,24107,Fighting Quick Construction Pack,007/015,Medicham ex,auth_only_source_no_alternate,"skip:api.pokewallet.io:pokewallet_auth_gated_no_bypass,skip:api.pokewallet.io:pokewallet_auth_gated_no_bypass,set_map:no_set_mapping:-",api.pokewallet.io,"{""pokemonTcgApiId"": null, ""pricechartingId"": null, ""tcgdexCardId"": null, ""tcgplayerProductId"": null}",catalogue_identity_retained,pokewallet_authenticated_acquire_path,run_pokewallet_authenticated_acquire_or_collector_scan,2026-10-09T10:03:49Z
pokemon|jp|24107|009/015|professor_cozmos_discovery,ja,24107,Fighting Quick Construction Pack,009/015,Professor Cozmos Discovery,auth_only_source_no_alternate,"skip:api.pokewallet.io:pokewallet_auth_gated_no_bypass,skip:api.pokewallet.io:pokewallet_auth_gated_no_bypass,set_map:no_set_mapping:-",api.pokewallet.io,"{""pokemonTcgApiId"": null, ""pricechartingId"": null, ""tcgdexCardId"": null, ""tcgplayerProductId"": null}",catalogue_identity_retained,pokewallet_authenticated_acquire_path,run_pokewallet_authenticated_acquire_or_collector_scan,2026-10-09T10:03:49Z
pokemon|jp|24107|010/015|mr_stones_project,ja,24107,Fighting Quick Construction Pack,010/015,Mr Stones Project,auth_only_source_no_alternate,"skip:api.pokewallet.io:pokewallet_auth_gated_no_bypass,skip:api.pokewallet.io:pokewallet_auth_gated_no_bypass,set_map:no_set_mapping:-",api.pokewallet.io,"{""pokemonTcgApiId"": null, ""pricechartingId"": null, ""tcgdexCardId"": null, ""tcgplayerProductId"": null}",catalogue_identity_retained,pokewallet_authenticated_acquire_path,run_pokewallet_authenticated_acquire_or_collector_scan,2026-10-09T10:03:49Z
pokemon|jp|24107|011/015|basic_fighting_energy_011_015,ja,24107,Fighting Quick Construction Pack,011/015,Basic Fighting Energy 011 015,auth_only_source_no_alternate,"skip:api.pokewallet.io:pokewallet_auth_gated_no_bypass,skip:api.pokewallet.io:pokewallet_auth_gated_no_bypass,set_map:no_set_mapping:-",api.pokewallet.io,"{""pokemonTcgApiId"": null, ""pricechartingId"": null, ""tcgdexCardId"": null, ""tcgplayerProductId"": null}",catalogue_identity_retained,pokewallet_authenticated_acquire_path,run_pokewallet_authenticated_acquire_or_collector_scan,2026-10-09T10:03:49Z
pokemon|jp|24107|013/015|basic_fighting_energy_013_015,ja,24107,Fighting Quick Construction Pack,013/015,Basic Fighting Energy 013 015,auth_only_source_no_alternate,"skip:api.pokewallet.io:pokewallet_auth_gated_no_bypass,skip:api.pokewallet.io:pokewallet_auth_gated_no_bypass,set_map:no_set_mapping:-",api.pokewallet.io,"{""pokemonTcgApiId"": null, ""pricechartingId"": null, ""tcgdexCardId"": null, ""tcgplayerProductId"": null}",catalogue_identity_retained,pokewallet_authenticated_acquire_path,run_pokewallet_authenticated_acquire_or_collector_scan,2026-10-09T10:03:49Z
pokemon|jp|24108|003/015|torchic,ja,24108,Fire Quick Construction Pack,003/015,Torchic,auth_only_source_no_alternate,"skip:api.pokewallet.io:pokewallet_auth_gated_no_bypass,skip:api.pokewallet.io:pokewallet_auth_gated_no_bypass,set_map:no_set_mapping:-",api.pokewallet.io,"{""pokemonTcgApiId"": null, ""pricechartingId"": null, ""tcgdexCardId"": null, ""tcgplayerProductId"": null}",catalogue_identity_retained,pokewallet_authenticated_acquire_path,run_pokewallet_authenticated_acquire_or_collector_scan,2026-10-09T10:03:49Z
pokemon|jp|24108|004/015|combusken,ja,24108,Fire Quick Construction Pack,004/015,Combusken,auth_only_source_no_alternate,"skip:api.pokewallet.io:pokewallet_auth_gated_no_bypass,skip:api.pokewallet.io:pokewallet_auth_gated_no_bypass,set_map:no_set_mapping:-",api.pokewallet.io,"{""pokemonTcgApiId"": null, ""pricechartingId"": null, ""tcgdexCardId"": null, ""tcgplayerProductId"": null}",catalogue_identity_retained,pokewallet_authenticated_acquire_path,run_pokewallet_authenticated_acquire_or_collector_scan,2026-10-09T10:03:49Z
pokemon|jp|24108|006/015|camerupt_ex,ja,24108,Fire Quick Construction Pack,006/015,Camerupt ex,auth_only_source_no_alternate,"skip:api.pokewallet.io:pokewallet_auth_gated_no_bypass,skip:api.pokewallet.io:pokewallet_auth_gated_no_bypass,set_map:no_set_mapping:-",api.pokewallet.io,"{""pokemonTcgApiId"": null, ""pricechartingId"": null, ""tcgdexCardId"": null, ""tcgplayerProductId"": null}",catalogue_identity_retained,pokewallet_authenticated_acquire_path,run_pokewallet_authenticated_acquire_or_collector_scan,2026-10-09T10:03:49Z
pokemon|jp|24108|008/015|switch,ja,24108,Fire Quick Construction Pack,008/015,Switch,auth_only_source_no_alternate,"skip:api.pokewallet.io:pokewallet_auth_gated_no_bypass,skip:api.pokewallet.io:pokewallet_auth_gated_no_bypass,set_map:no_set_mapping:-",api.pokewallet.io,"{""pokemonTcgApiId"": null, ""pricechartingId"": null, ""tcgdexCardId"": null, ""tcgplayerProductId"": null}",catalogue_identity_retained,pokewallet_authenticated_acquire_path,run_pokewallet_authenticated_acquire_or_collector_scan,2026-10-09T10:03:49Z
pokemon|jp|24108|009/015|mr_stones_project,ja,24108,Fire Quick Construction Pack,009/015,Mr Stones Project,auth_only_source_no_alternate,"skip:api.pokewallet.io:pokewallet_auth_gated_no_bypass,skip:api.pokewallet.io:pokewallet_auth_gated_no_bypass,set_map:no_set_mapping:-",api.pokewallet.io,"{""pokemonTcgApiId"": null, ""pricechartingId"": null, ""tcgdexCardId"": null, ""tcgplayerProductId"": null}",catalogue_identity_retained,pokewallet_authenticated_acquire_path,run_pokewallet_authenticated_acquire_or_collector_scan,2026-10-09T10:03:49Z
pokemon|jp|24108|010/015|tv_reporter,ja,24108,Fire Quick Construction Pack,010/015,TV Reporter,auth_only_source_no_alternate,"skip:api.pokewallet.io:pokewallet_auth_gated_no_bypass,skip:api.pokewallet.io:pokewallet_auth_gated_no_bypass,set_map:no_set_mapping:-",api.pokewallet.io,"{""pokemonTcgApiId"": null, ""pricechartingId"": null, ""tcgdexCardId"": null, ""tcgplayerProductId"": null}",catalogue_identity_retained,pokewallet_authenticated_acquire_path,run_pokewallet_authenticated_acquire_or_collector_scan,2026-10-09T10:03:49Z
pokemon|jp|24109|002/015|grovyle,ja,24109,Grass Quick Construction Pack,002/015,Grovyle,auth_only_source_no_alternate,"skip:api.pokewallet.io:pokewallet_auth_gated_no_bypass,skip:api.pokewallet.io:pokewallet_auth_gated_no_bypass,set_map:no_set_mapping:-",api.pokewallet.io,"{""pokemonTcgApiId"": null, ""pricechartingId"": null, ""tcgdexCardId"": null, ""tcgplayerProductId"": null}",catalogue_identity_retained,pokewallet_authenticated_acquire_path,run_pokewallet_authenticated_acquire_or_collector_scan,2026-10-09T10:03:49Z
pokemon|jp|24109|006/015|cacturne_ex,ja,24109,Grass Quick Construction Pack,006/015,Cacturne ex,auth_only_source_no_alternate,"skip:api.pokewallet.io:pokewallet_auth_gated_no_bypass,skip:api.pokewallet.io:pokewallet_auth_gated_no_bypass,set_map:no_set_mapping:-",api.pokewallet.io,"{""pokemonTcgApiId"": null, ""pricechartingId"": null, ""tcgdexCardId"": null, ""tcgplayerProductId"": null}",catalogue_identity_retained,pokewallet_authenticated_acquire_path,run_pokewallet_authenticated_acquire_or_collector_scan,2026-10-09T10:03:49Z
pokemon|jp|24109|007/015|seviper,ja,24109,Grass Quick Construction Pack,007/015,Seviper,auth_only_source_no_alternate,"skip:api.pokewallet.io:pokewallet_auth_gated_no_bypass,skip:api.pokewallet.io:pokewallet_auth_gated_no_bypass,set_map:no_set_mapping:-",api.pokewallet.io,"{""pokemonTcgApiId"": null, ""pricechartingId"": null, ""tcgdexCardId"": null, ""tcgplayerProductId"": null}",catalogue_identity_retained,pokewallet_authenticated_acquire_path,run_pokewallet_authenticated_acquire_or_collector_scan,2026-10-09T10:03:49Z
pokemon|jp|24110|001/015|pikachu,ja,24110,Lightning Quick Construction Pack,001/015,Pikachu,auth_only_source_no_alternate,"skip:api.pokewallet.io:pokewallet_auth_gated_no_bypass,skip:api.pokewallet.io:pokewallet_auth_gated_no_bypass,set_map:no_set_mapping:-",api.pokewallet.io,"{""pokemonTcgApiId"": null, ""pricechartingId"": null, ""tcgdexCardId"": null, ""tcgplayerProductId"": null}",catalogue_identity_retained,pokewallet_authenticated_acquire_path,run_pokewallet_authenticated_acquire_or_collector_scan,2026-10-09T10:03:49Z
pokemon|jp|24110|002/015|raichu_ex,ja,24110,Lightning Quick Construction Pack,002/015,Raichu ex,auth_only_source_no_alternate,"skip:api.pokewallet.io:pokewallet_auth_gated_no_bypass,skip:api.pokewallet.io:pokewallet_auth_gated_no_bypass,set_map:no_set_mapping:-",api.pokewallet.io,"{""pokemonTcgApiId"": null, ""pricechartingId"": null, ""tcgdexCardId"": null, ""tcgplayerProductId"": null}",catalogue_identity_retained,pokewallet_authenticated_acquire_path,run_pokewallet_authenticated_acquire_or_collector_scan,2026-10-09T10:03:49Z
pokemon|jp|24110|003/015|voltorb,ja,24110,Lightning Quick Construction Pack,003/015,Voltorb,auth_only_source_no_alternate,"skip:api.pokewallet.io:pokewallet_auth_gated_no_bypass,skip:api.pokewallet.io:pokewallet_auth_gated_no_bypass,set_map:no_set_mapping:-",api.pokewallet.io,"{""pokemonTcgApiId"": null, ""pricechartingId"": null, ""tcgdexCardId"": null, ""tcgplayerProductId"": null}",catalogue_identity_retained,pokewallet_authenticated_acquire_path,run_pokewallet_authenticated_acquire_or_collector_scan,2026-10-09T10:03:49Z
pokemon|jp|24110|004/015|electrode,ja,24110,Lightning Quick Construction Pack,004/015,Electrode,auth_only_source_no_alternate,"skip:api.pokewallet.io:pokewallet_auth_gated_no_bypass,skip:api.pokewallet.io:pokewallet_auth_gated_no_bypass,set_map:no_set_mapping:-",api.pokewallet.io,"{""pokemonTcgApiId"": null, ""pricechartingId"": null, ""tcgdexCardId"": null, ""tcgplayerProductId"": null}",catalogue_identity_retained,pokewallet_authenticated_acquire_path,run_pokewallet_authenticated_acquire_or_collector_scan,2026-10-09T10:03:49Z
pokemon|jp|24110|005/015|electrike,ja,24110,Lightning Quick Construction Pack,005/015,Electrike,auth_only_source_no_alternate,"skip:api.pokewallet.io:pokewallet_auth_gated_no_bypass,skip:api.pokewallet.io:pokewallet_auth_gated_no_bypass,set_map:no_set_mapping:-",api.pokewallet.io,"{""pokemonTcgApiId"": null, ""pricechartingId"": null, ""tcgdexCardId"": null, ""tcgplayerProductId"": null}",catalogue_identity_retained,pokewallet_authenticated_acquire_path,run_pokewallet_authenticated_acquire_or_collector_scan,2026-10-09T10:03:49Z
pokemon|jp|24110|006/015|manectric,ja,24110,Lightning Quick Construction Pack,006/015,Manectric,auth_only_source_no_alternate,"skip:api.pokewallet.io:pokewallet_auth_gated_no_bypass,skip:api.pokewallet.io:pokewallet_auth_gated_no_bypass,set_map:no_set_mapping:-",api.pokewallet.io,"{""pokemonTcgApiId"": null, ""pricechartingId"": null, ""tcgdexCardId"": null, ""tcgplayerProductId"": null}",catalogue_identity_retained,pokewallet_authenticated_acquire_path,run_pokewallet_authenticated_acquire_or_collector_scan,2026-10-09T10:03:49Z
pokemon|jp|24110|007/015|farfetchd,ja,24110,Lightning Quick Construction Pack,007/015,Farfetchd,auth_only_source_no_alternate,"skip:api.pokewallet.io:pokewallet_auth_gated_no_bypass,skip:api.pokewallet.io:pokewallet_auth_gated_no_bypass,set_map:no_set_mapping:-",api.pokewallet.io,"{""pokemonTcgApiId"": null, ""pricechartingId"": null, ""tcgdexCardId"": null, ""tcgplayerProductId"": null}",catalogue_identity_retained,pokewallet_authenticated_acquire_path,run_pokewallet_authenticated_acquire_or_collector_scan,2026-10-09T10:03:49Z
pokemon|jp|24110|008/015|potion,ja,24110,Lightning Quick Construction Pack,008/015,Potion,auth_only_source_no_alternate,"skip:api.pokewallet.io:pokewallet_auth_gated_no_bypass,skip:api.pokewallet.io:pokewallet_auth_gated_no_bypass,set_map:no_set_mapping:-",api.pokewallet.io,"{""pokemonTcgApiId"": null, ""pricechartingId"": null, ""tcgdexCardId"": null, ""tcgplayerProductId"": null}",catalogue_identity_retained,pokewallet_authenticated_acquire_path,run_pokewallet_authenticated_acquire_or_collector_scan,2026-10-09T10:03:49Z
pokemon|jp|24110|009/015|professor_cozmos_discovery,ja,24110,Lightning Quick Construction Pack,009/015,Professor Cozmos Discovery,auth_only_source_no_alternate,"skip:api.pokewallet.io:pokewallet_auth_gated_no_bypass,skip:api.pokewallet.io:pokewallet_auth_gated_no_bypass,set_map:no_set_mapping:-",api.pokewallet.io,"{""pokemonTcgApiId"": null, ""pricechartingId"": null, ""tcgdexCardId"": null, ""tcgplayerProductId"": null}",catalogue_identity_retained,pokewallet_authenticated_acquire_path,run_pokewallet_authenticated_acquire_or_collector_scan,2026-10-09T10:03:49Z
pokemon|jp|24110|014/015|basic_lightning_energy_014_015,ja,24110,Lightning Quick Construction Pack,014/015,Basic Lightning Energy 014 015,auth_only_source_no_alternate,"skip:api.pokewallet.io:pokewallet_auth_gated_no_bypass,skip:api.pokewallet.io:pokewallet_auth_gated_no_bypass,set_map:no_set_mapping:-",api.pokewallet.io,"{""pokemonTcgApiId"": null, ""pricechartingId"": null, ""tcgdexCardId"": null, ""tcgplayerProductId"": null}",catalogue_identity_retained,pokewallet_authenticated_acquire_path,run_pokewallet_authenticated_acquire_or_collector_scan,2026-10-09T10:03:49Z
pokemon|jp|24112|002/015|marshtomp,ja,24112,Water Quick Construction Pack,002/015,Marshtomp,auth_only_source_no_alternate,"skip:api.pokewallet.io:pokewallet_auth_gated_no_bypass,skip:api.pokewallet.io:pokewallet_auth_gated_no_bypass,set_map:no_set_mapping:-",api.pokewallet.io,"{""pokemonTcgApiId"": null, ""pricechartingId"": null, ""tcgdexCardId"": null, ""tcgplayerProductId"": null}",catalogue_identity_retained,pokewallet_authenticated_acquire_path,run_pokewallet_authenticated_acquire_or_collector_scan,2026-10-09T10:03:49Z
pokemon|jp|24112|004/015|milotic_ex,ja,24112,Water Quick Construction Pack,004/015,Milotic ex,auth_only_source_no_alternate,"skip:api.pokewallet.io:pokewallet_auth_gated_no_bypass,skip:api.pokewallet.io:pokewallet_auth_gated_no_bypass,set_map:no_set_mapping:-",api.pokewallet.io,"{""pokemonTcgApiId"": null, ""pricechartingId"": null, ""tcgdexCardId"": null, ""tcgplayerProductId"": null}",catalogue_identity_retained,pokewallet_authenticated_acquire_path,run_pokewallet_authenticated_acquire_or_collector_scan,2026-10-09T10:03:49Z
pokemon|jp|24112|005/015|snorunt,ja,24112,Water Quick Construction Pack,005/015,Snorunt,auth_only_source_no_alternate,"skip:api.pokewallet.io:pokewallet_auth_gated_no_bypass,skip:api.pokewallet.io:pokewallet_auth_gated_no_bypass,set_map:no_set_mapping:-",api.pokewallet.io,"{""pokemonTcgApiId"": null, ""pricechartingId"": null, ""tcgdexCardId"": null, ""tcgplayerProductId"": null}",catalogue_identity_retained,pokewallet_authenticated_acquire_path,run_pokewallet_authenticated_acquire_or_collector_scan,2026-10-09T10:03:49Z
pokemon|jp|24112|006/015|glalie,ja,24112,Water Quick Construction Pack,006/015,Glalie,auth_only_source_no_alternate,"skip:api.pokewallet.io:pokewallet_auth_gated_no_bypass,skip:api.pokewallet.io:pokewallet_auth_gated_no_bypass,set_map:no_set_mapping:-",api.pokewallet.io,"{""pokemonTcgApiId"": null, ""pricechartingId"": null, ""tcgdexCardId"": null, ""tcgplayerProductId"": null}",catalogue_identity_retained,pokewallet_authenticated_acquire_path,run_pokewallet_authenticated_acquire_or_collector_scan,2026-10-09T10:03:49Z
pokemon|jp|24112|007/015|relicanth,ja,24112,Water Quick Construction Pack,007/015,Relicanth,auth_only_source_no_alternate,"skip:api.pokewallet.io:pokewallet_auth_gated_no_bypass,skip:api.pokewallet.io:pokewallet_auth_gated_no_bypass,set_map:no_set_mapping:-",api.pokewallet.io,"{""pokemonTcgApiId"": null, ""pricechartingId"": null, ""tcgdexCardId"": null, ""tcgplayerProductId"": null}",catalogue_identity_retained,pokewallet_authenticated_acquire_path,run_pokewallet_authenticated_acquire_or_collector_scan,2026-10-09T10:03:49Z
pokemon|jp|24112|009/015|mr_stones_project,ja,24112,Water Quick Construction Pack,009/015,Mr Stones Project,auth_only_source_no_alternate,"skip:api.pokewallet.io:pokewallet_auth_gated_no_bypass,skip:api.pokewallet.io:pokewallet_auth_gated_no_bypass,set_map:no_set_mapping:-",api.pokewallet.io,"{""pokemonTcgApiId"": null, ""pricechartingId"": null, ""tcgdexCardId"": null, ""tcgplayerProductId"": null}",catalogue_identity_retained,pokewallet_authenticated_acquire_path,run_pokewallet_authenticated_acquire_or_collector_scan,2026-10-09T10:03:49Z
pokemon|jp|24112|013/015|basic_water_energy_013_015,ja,24112,Water Quick Construction Pack,013/015,Basic Water Energy 013 015,auth_only_source_no_alternate,"skip:api.pokewallet.io:pokewallet_auth_gated_no_bypass,skip:api.pokewallet.io:pokewallet_auth_gated_no_bypass,set_map:no_set_mapping:-",api.pokewallet.io,"{""pokemonTcgApiId"": null, ""pricechartingId"": null, ""tcgdexCardId"": null, ""tcgplayerProductId"": null}",catalogue_identity_retained,pokewallet_authenticated_acquire_path,run_pokewallet_authenticated_acquire_or_collector_scan,2026-10-09T10:03:49Z
pokemon|jp|24115|001/015|seedot,ja,24115,Deoxys Constructed Starter Deck,001/015,Seedot,auth_only_source_no_alternate,"skip:api.pokewallet.io:pokewallet_auth_gated_no_bypass,skip:api.pokewallet.io:pokewallet_auth_gated_no_bypass,set_map:ambiguous_set_name:-",api.pokewallet.io,"{""pokemonTcgApiId"": null, ""pricechartingId"": null, ""tcgdexCardId"": null, ""tcgplayerProductId"": null}",catalogue_identity_retained,pokewallet_authenticated_acquire_path,run_pokewallet_authenticated_acquire_or_collector_scan,2026-10-09T10:03:49Z
pokemon|jp|24115|002/015|nuzleaf,ja,24115,Deoxys Constructed Starter Deck,002/015,Nuzleaf,auth_only_source_no_alternate,"skip:api.pokewallet.io:pokewallet_auth_gated_no_bypass,skip:api.pokewallet.io:pokewallet_auth_gated_no_bypass,set_map:ambiguous_set_name:-",api.pokewallet.io,"{""pokemonTcgApiId"": null, ""pricechartingId"": null, ""tcgdexCardId"": null, ""tcgplayerProductId"": null}",catalogue_identity_retained,pokewallet_authenticated_acquire_path,run_pokewallet_authenticated_acquire_or_collector_scan,2026-10-09T10:03:49Z
pokemon|jp|24115|003/015|shiftry,ja,24115,Deoxys Constructed Starter Deck,003/015,Shiftry,auth_only_source_no_alternate,"skip:api.pokewallet.io:pokewallet_auth_gated_no_bypass,skip:api.pokewallet.io:pokewallet_auth_gated_no_bypass,set_map:ambiguous_set_name:-",api.pokewallet.io,"{""pokemonTcgApiId"": null, ""pricechartingId"": null, ""tcgdexCardId"": null, ""tcgplayerProductId"": null}",catalogue_identity_retained,pokewallet_authenticated_acquire_path,run_pokewallet_authenticated_acquire_or_collector_scan,2026-10-09T10:03:49Z
pokemon|jp|24115|004/015|spoink,ja,24115,Deoxys Constructed Starter Deck,004/015,Spoink,auth_only_source_no_alternate,"skip:api.pokewallet.io:pokewallet_auth_gated_no_bypass,skip:api.pokewallet.io:pokewallet_auth_gated_no_bypass,set_map:ambiguous_set_name:-",api.pokewallet.io,"{""pokemonTcgApiId"": null, ""pricechartingId"": null, ""tcgdexCardId"": null, ""tcgplayerProductId"": null}",catalogue_identity_retained,pokewallet_authenticated_acquire_path,run_pokewallet_authenticated_acquire_or_collector_scan,2026-10-09T10:03:49Z
pokemon|jp|24115|005/015|grumpig,ja,24115,Deoxys Constructed Starter Deck,005/015,Grumpig,auth_only_source_no_alternate,"skip:api.pokewallet.io:pokewallet_auth_gated_no_bypass,skip:api.pokewallet.io:pokewallet_auth_gated_no_bypass,set_map:ambiguous_set_name:-",api.pokewallet.io,"{""pokemonTcgApiId"": null, ""pricechartingId"": null, ""tcgdexCardId"": null, ""tcgplayerProductId"": null}",catalogue_identity_retained,pokewallet_authenticated_acquire_path,run_pokewallet_authenticated_acquire_or_collector_scan,2026-10-09T10:03:49Z
pokemon|jp|24115|006/015|deoxys_ex,ja,24115,Deoxys Constructed Starter Deck,006/015,Deoxys ex,auth_only_source_no_alternate,"skip:api.pokewallet.io:pokewallet_auth_gated_no_bypass,skip:api.pokewallet.io:pokewallet_auth_gated_no_bypass,set_map:ambiguous_set_name:-",api.pokewallet.io,"{""pokemonTcgApiId"": null, ""pricechartingId"": null, ""tcgdexCardId"": null, ""tcgplayerProductId"": null}",catalogue_identity_retained,pokewallet_authenticated_acquire_path,run_pokewallet_authenticated_acquire_or_collector_scan,2026-10-09T10:03:49Z
pokemon|jp|24115|007/015|phanpy,ja,24115,Deoxys Constructed Starter Deck,007/015,Phanpy,auth_only_source_no_alternate,"skip:api.pokewallet.io:pokewallet_auth_gated_no_bypass,skip:api.pokewallet.io:pokewallet_auth_gated_no_bypass,set_map:ambiguous_set_name:-",api.pokewallet.io,"{""pokemonTcgApiId"": null, ""pricechartingId"": null, ""tcgdexCardId"": null, ""tcgplayerProductId"": null}",catalogue_identity_retained,pokewallet_authenticated_acquire_path,run_pokewallet_authenticated_acquire_or_collector_scan,2026-10-09T10:03:49Z
pokemon|jp|24115|009/015|energy_charge,ja,24115,Deoxys Constructed Starter Deck,009/015,Energy Charge,auth_only_source_no_alternate,"skip:api.pokewallet.io:pokewallet_auth_gated_no_bypass,skip:api.pokewallet.io:pokewallet_auth_gated_no_bypass,set_map:ambiguous_set_name:-",api.pokewallet.io,"{""pokemonTcgApiId"": null, ""pricechartingId"": null, ""tcgdexCardId"": null, ""tcgplayerProductId"": null}",catalogue_identity_retained,pokewallet_authenticated_acquire_path,run_pokewallet_authenticated_acquire_or_collector_scan,2026-10-09T10:03:49Z
pokemon|jp|24115|010/015|potion,ja,24115,Deoxys Constructed Starter Deck,010/015,Potion,auth_only_source_no_alternate,"skip:api.pokewallet.io:pokewallet_auth_gated_no_bypass,skip:api.pokewallet.io:pokewallet_auth_gated_no_bypass,set_map:ambiguous_set_name:-",api.pokewallet.io,"{""pokemonTcgApiId"": null, ""pricechartingId"": null, ""tcgdexCardId"": null, ""tcgplayerProductId"": null}",catalogue_identity_retained,pokewallet_authenticated_acquire_path,run_pokewallet_authenticated_acquire_or_collector_scan,2026-10-09T10:03:49Z
pokemon|jp|24115|011/015|switch,ja,24115,Deoxys Constructed Starter Deck,011/015,Switch,auth_only_source_no_alternate,"skip:api.pokewallet.io:pokewallet_auth_gated_no_bypass,skip:api.pokewallet.io:pokewallet_auth_gated_no_bypass,set_map:ambiguous_set_name:-",api.pokewallet.io,"{""pokemonTcgApiId"": null, ""pricechartingId"": null, ""tcgdexCardId"": null, ""tcgplayerProductId"": null}",catalogue_identity_retained,pokewallet_authenticated_acquire_path,run_pokewallet_authenticated_acquire_or_collector_scan,2026-10-09T10:03:49Z
pokemon|jp|24115|012/015|master_ball,ja,24115,Deoxys Constructed Starter Deck,012/015,Master Ball,auth_only_source_no_alternate,"skip:api.pokewallet.io:pokewallet_auth_gated_no_bypass,skip:api.pokewallet.io:pokewallet_auth_gated_no_bypass,set_map:ambiguous_set_name:-",api.pokewallet.io,"{""pokemonTcgApiId"": null, ""pricechartingId"": null, ""tcgdexCardId"": null, ""tcgplayerProductId"": null}",catalogue_identity_retained,pokewallet_authenticated_acquire_path,run_pokewallet_authenticated_acquire_or_collector_scan,2026-10-09T10:03:49Z
pokemon|jp|24115|014/015|professor_cozmos_discovery,ja,24115,Deoxys Constructed Starter Deck,014/015,Professor Cozmos Discovery,auth_only_source_no_alternate,"skip:api.pokewallet.io:pokewallet_auth_gated_no_bypass,skip:api.pokewallet.io:pokewallet_auth_gated_no_bypass,set_map:ambiguous_set_name:-",api.pokewallet.io,"{""pokemonTcgApiId"": null, ""pricechartingId"": null, ""tcgdexCardId"": null, ""tcgplayerProductId"": null}",catalogue_identity_retained,pokewallet_authenticated_acquire_path,run_pokewallet_authenticated_acquire_or_collector_scan,2026-10-09T10:03:49Z
pokemon|jp|24115|015/015|strength_charm,ja,24115,Deoxys Constructed Starter Deck,015/015,Strength Charm,auth_only_source_no_alternate,"skip:api.pokewallet.io:pokewallet_auth_gated_no_bypass,skip:api.pokewallet.io:pokewallet_auth_gated_no_bypass,set_map:ambiguous_set_name:-",api.pokewallet.io,"{""pokemonTcgApiId"": null, ""pricechartingId"": null, ""tcgdexCardId"": null, ""tcgplayerProductId"": null}",catalogue_identity_retained,pokewallet_authenticated_acquire_path,run_pokewallet_authenticated_acquire_or_collector_scan,2026-10-09T10:03:49Z
pokemon|jp|24118|001/019|meditite_001_019,ja,24118,Metagross Constructed Starter Deck,001/019,Meditite 001 019,auth_only_source_no_alternate,"skip:api.pokewallet.io:pokewallet_auth_gated_no_bypass,skip:api.pokewallet.io:pokewallet_auth_gated_no_bypass,set_map:no_set_mapping:-",api.pokewallet.io,"{""pokemonTcgApiId"": null, ""pricechartingId"": null, ""tcgdexCardId"": null, ""tcgplayerProductId"": null}",catalogue_identity_retained,pokewallet_authenticated_acquire_path,run_pokewallet_authenticated_acquire_or_collector_scan,2026-10-09T10:03:49Z
pokemon|jp|24118|002/019|baltoy_002_019,ja,24118,Metagross Constructed Starter Deck,002/019,Baltoy 002 019,auth_only_source_no_alternate,"skip:api.pokewallet.io:pokewallet_auth_gated_no_bypass,skip:api.pokewallet.io:pokewallet_auth_gated_no_bypass,set_map:no_set_mapping:-",api.pokewallet.io,"{""pokemonTcgApiId"": null, ""pricechartingId"": null, ""tcgdexCardId"": null, ""tcgplayerProductId"": null}",catalogue_identity_retained,pokewallet_authenticated_acquire_path,run_pokewallet_authenticated_acquire_or_collector_scan,2026-10-09T10:03:49Z
pokemon|jp|24118|003/019|beldum_003_019,ja,24118,Metagross Constructed Starter Deck,003/019,Beldum 003 019,auth_only_source_no_alternate,"skip:api.pokewallet.io:pokewallet_auth_gated_no_bypass,skip:api.pokewallet.io:pokewallet_auth_gated_no_bypass,set_map:no_set_mapping:-",api.pokewallet.io,"{""pokemonTcgApiId"": null, ""pricechartingId"": null, ""tcgdexCardId"": null, ""tcgplayerProductId"": null}",catalogue_identity_retained,pokewallet_authenticated_acquire_path,run_pokewallet_authenticated_acquire_or_collector_scan,2026-10-09T10:03:49Z
pokemon|jp|24118|004/019|metang_004_019,ja,24118,Metagross Constructed Starter Deck,004/019,Metang 004 019,auth_only_source_no_alternate,"skip:api.pokewallet.io:pokewallet_auth_gated_no_bypass,skip:api.pokewallet.io:pokewallet_auth_gated_no_bypass,set_map:no_set_mapping:-",api.pokewallet.io,"{""pokemonTcgApiId"": null, ""pricechartingId"": null, ""tcgdexCardId"": null, ""tcgplayerProductId"": null}",catalogue_identity_retained,pokewallet_authenticated_acquire_path,run_pokewallet_authenticated_acquire_or_collector_scan,2026-10-09T10:03:49Z
pokemon|jp|24118|005/019|metagross,ja,24118,Metagross Constructed Starter Deck,005/019,Metagross,auth_only_source_no_alternate,"skip:api.pokewallet.io:pokewallet_auth_gated_no_bypass,skip:api.pokewallet.io:pokewallet_auth_gated_no_bypass,set_map:no_set_mapping:-",api.pokewallet.io,"{""pokemonTcgApiId"": null, ""pricechartingId"": null, ""tcgdexCardId"": null, ""tcgplayerProductId"": null}",catalogue_identity_retained,pokewallet_authenticated_acquire_path,run_pokewallet_authenticated_acquire_or_collector_scan,2026-10-09T10:03:49Z
pokemon|jp|24118|006/019|jirachi,ja,24118,Metagross Constructed Starter Deck,006/019,Jirachi,auth_only_source_no_alternate,"skip:api.pokewallet.io:pokewallet_auth_gated_no_bypass,skip:api.pokewallet.io:pokewallet_auth_gated_no_bypass,set_map:no_set_mapping:-",api.pokewallet.io,"{""pokemonTcgApiId"": null, ""pricechartingId"": null, ""tcgdexCardId"": null, ""tcgplayerProductId"": null}",catalogue_identity_retained,pokewallet_authenticated_acquire_path,run_pokewallet_authenticated_acquire_or_collector_scan,2026-10-09T10:03:49Z
pokemon|jp|24118|007/019|meditite_007_019,ja,24118,Metagross Constructed Starter Deck,007/019,Meditite 007 019,auth_only_source_no_alternate,"skip:api.pokewallet.io:pokewallet_auth_gated_no_bypass,skip:api.pokewallet.io:pokewallet_auth_gated_no_bypass,set_map:no_set_mapping:-",api.pokewallet.io,"{""pokemonTcgApiId"": null, ""pricechartingId"": null, ""tcgdexCardId"": null, ""tcgplayerProductId"": null}",catalogue_identity_retained,pokewallet_authenticated_acquire_path,run_pokewallet_authenticated_acquire_or_collector_scan,2026-10-09T10:03:49Z
pokemon|jp|24118|008/019|medicham,ja,24118,Metagross Constructed Starter Deck,008/019,Medicham,auth_only_source_no_alternate,"skip:api.pokewallet.io:pokewallet_auth_gated_no_bypass,skip:api.pokewallet.io:pokewallet_auth_gated_no_bypass,set_map:no_set_mapping:-",api.pokewallet.io,"{""pokemonTcgApiId"": null, ""pricechartingId"": null, ""tcgdexCardId"": null, ""tcgplayerProductId"": null}",catalogue_identity_retained,pokewallet_authenticated_acquire_path,run_pokewallet_authenticated_acquire_or_collector_scan,2026-10-09T10:03:49Z
pokemon|jp|24118|009/019|baltoy_009_019,ja,24118,Metagross Constructed Starter Deck,009/019,Baltoy 009 019,auth_only_source_no_alternate,"skip:api.pokewallet.io:pokewallet_auth_gated_no_bypass,skip:api.pokewallet.io:pokewallet_auth_gated_no_bypass,set_map:no_set_mapping:-",api.pokewallet.io,"{""pokemonTcgApiId"": null, ""pricechartingId"": null, ""tcgdexCardId"": null, ""tcgplayerProductId"": null}",catalogue_identity_retained,pokewallet_authenticated_acquire_path,run_pokewallet_authenticated_acquire_or_collector_scan,2026-10-09T10:03:49Z
pokemon|jp|24118|010/019|claydol,ja,24118,Metagross Constructed Starter Deck,010/019,Claydol,auth_only_source_no_alternate,"skip:api.pokewallet.io:pokewallet_auth_gated_no_bypass,skip:api.pokewallet.io:pokewallet_auth_gated_no_bypass,set_map:no_set_mapping:-",api.pokewallet.io,"{""pokemonTcgApiId"": null, ""pricechartingId"": null, ""tcgdexCardId"": null, ""tcgplayerProductId"": null}",catalogue_identity_retained,pokewallet_authenticated_acquire_path,run_pokewallet_authenticated_acquire_or_collector_scan,2026-10-09T10:03:49Z
pokemon|jp|24118|011/019|beldum_011_019,ja,24118,Metagross Constructed Starter Deck,011/019,Beldum 011 019,auth_only_source_no_alternate,"skip:api.pokewallet.io:pokewallet_auth_gated_no_bypass,skip:api.pokewallet.io:pokewallet_auth_gated_no_bypass,set_map:no_set_mapping:-",api.pokewallet.io,"{""pokemonTcgApiId"": null, ""pricechartingId"": null, ""tcgdexCardId"": null, ""tcgplayerProductId"": null}",catalogue_identity_retained,pokewallet_authenticated_acquire_path,run_pokewallet_authenticated_acquire_or_collector_scan,2026-10-09T10:03:49Z
pokemon|jp|24118|012/019|metang_012_019,ja,24118,Metagross Constructed Starter Deck,012/019,Metang 012 019,auth_only_source_no_alternate,"skip:api.pokewallet.io:pokewallet_auth_gated_no_bypass,skip:api.pokewallet.io:pokewallet_auth_gated_no_bypass,set_map:no_set_mapping:-",api.pokewallet.io,"{""pokemonTcgApiId"": null, ""pricechartingId"": null, ""tcgdexCardId"": null, ""tcgplayerProductId"": null}",catalogue_identity_retained,pokewallet_authenticated_acquire_path,run_pokewallet_authenticated_acquire_or_collector_scan,2026-10-09T10:03:49Z
pokemon|jp|24118|013/019|potion,ja,24118,Metagross Constructed Starter Deck,013/019,Potion,auth_only_source_no_alternate,"skip:api.pokewallet.io:pokewallet_auth_gated_no_bypass,skip:api.pokewallet.io:pokewallet_auth_gated_no_bypass,set_map:no_set_mapping:-",api.pokewallet.io,"{""pokemonTcgApiId"": null, ""pricechartingId"": null, ""tcgdexCardId"": null, ""tcgplayerProductId"": null}",catalogue_identity_retained,pokewallet_authenticated_acquire_path,run_pokewallet_authenticated_acquire_or_collector_scan,2026-10-09T10:03:49Z
pokemon|jp|24118|014/019|life_herb,ja,24118,Metagross Constructed Starter Deck,014/019,Life Herb,auth_only_source_no_alternate,"skip:api.pokewallet.io:pokewallet_auth_gated_no_bypass,skip:api.pokewallet.io:pokewallet_auth_gated_no_bypass,set_map:no_set_mapping:-",api.pokewallet.io,"{""pokemonTcgApiId"": null, ""pricechartingId"": null, ""tcgdexCardId"": null, ""tcgplayerProductId"": null}",catalogue_identity_retained,pokewallet_authenticated_acquire_path,run_pokewallet_authenticated_acquire_or_collector_scan,2026-10-09T10:03:49Z
pokemon|jp|24118|016/019|switch,ja,24118,Metagross Constructed Starter Deck,016/019,Switch,auth_only_source_no_alternate,"skip:api.pokewallet.io:pokewallet_auth_gated_no_bypass,skip:api.pokewallet.io:pokewallet_auth_gated_no_bypass,set_map:no_set_mapping:-",api.pokewallet.io,"{""pokemonTcgApiId"": null, ""pricechartingId"": null, ""tcgdexCardId"": null, ""tcgplayerProductId"": null}",catalogue_identity_retained,pokewallet_authenticated_acquire_path,run_pokewallet_authenticated_acquire_or_collector_scan,2026-10-09T10:03:49Z
pokemon|jp|24118|017/019|poke_ball,ja,24118,Metagross Constructed Starter Deck,017/019,Poke Ball,auth_only_source_no_alternate,"skip:api.pokewallet.io:pokewallet_auth_gated_no_bypass,skip:api.pokewallet.io:pokewallet_auth_gated_no_bypass,set_map:no_set_mapping:-",api.pokewallet.io,"{""pokemonTcgApiId"": null, ""pricechartingId"": null, ""tcgdexCardId"": null, ""tcgplayerProductId"": null}",catalogue_identity_retained,pokewallet_authenticated_acquire_path,run_pokewallet_authenticated_acquire_or_collector_scan,2026-10-09T10:03:49Z
pokemon|jp|24118|018/019|stevens_advice,ja,24118,Metagross Constructed Starter Deck,018/019,Stevens Advice,auth_only_source_no_alternate,"skip:api.pokewallet.io:pokewallet_auth_gated_no_bypass,skip:api.pokewallet.io:pokewallet_auth_gated_no_bypass,set_map:no_set_mapping:-",api.pokewallet.io,"{""pokemonTcgApiId"": null, ""pricechartingId"": null, ""tcgdexCardId"": null, ""tcgplayerProductId"": null}",catalogue_identity_retained,pokewallet_authenticated_acquire_path,run_pokewallet_authenticated_acquire_or_collector_scan,2026-10-09T10:03:49Z
pokemon|jp|24118|019/019|magnetic_storm,ja,24118,Metagross Constructed Starter Deck,019/019,Magnetic Storm,auth_only_source_no_alternate,"skip:api.pokewallet.io:pokewallet_auth_gated_no_bypass,skip:api.pokewallet.io:pokewallet_auth_gated_no_bypass,set_map:no_set_mapping:-",api.pokewallet.io,"{""pokemonTcgApiId"": null, ""pricechartingId"": null, ""tcgdexCardId"": null, ""tcgplayerProductId"": null}",catalogue_identity_retained,pokewallet_authenticated_acquire_path,run_pokewallet_authenticated_acquire_or_collector_scan,2026-10-09T10:03:49Z
pokemon|jp|24120|011/018|latias_ex,ja,24120,Gift Box (Latias),011/018,Latias ex,auth_only_source_no_alternate,"skip:api.pokewallet.io:pokewallet_auth_gated_no_bypass,skip:api.pokewallet.io:pokewallet_auth_gated_no_bypass,set_map:ambiguous_set_name:-",api.pokewallet.io,"{""pokemonTcgApiId"": null, ""pricechartingId"": null, ""tcgdexCardId"": null, ""tcgplayerProductId"": null}",catalogue_identity_retained,pokewallet_authenticated_acquire_path,run_pokewallet_authenticated_acquire_or_collector_scan,2026-10-09T10:03:49Z
pokemon|jp|24121|010/018|fearow,ja,24121,Gift Box (Latios),010/018,Fearow,auth_only_source_no_alternate,"skip:api.pokewallet.io:pokewallet_auth_gated_no_bypass,skip:api.pokewallet.io:pokewallet_auth_gated_no_bypass,set_map:ambiguous_set_name:-",api.pokewallet.io,"{""pokemonTcgApiId"": null, ""pricechartingId"": null, ""tcgdexCardId"": null, ""tcgplayerProductId"": null}",catalogue_identity_retained,pokewallet_authenticated_acquire_path,run_pokewallet_authenticated_acquire_or_collector_scan,2026-10-09T10:03:49Z
pokemon|jp|24122|001/033|team_aquas_carvanha_001_033,ja,24122,Aqua Deck Kit,001/033,Team Aquas Carvanha 001 033,auth_only_source_no_alternate,"skip:api.pokewallet.io:pokewallet_auth_gated_no_bypass,skip:api.pokewallet.io:pokewallet_auth_gated_no_bypass,set_map:no_set_mapping:-",api.pokewallet.io,"{""pokemonTcgApiId"": null, ""pricechartingId"": null, ""tcgdexCardId"": null, ""tcgplayerProductId"": null}",catalogue_identity_retained,pokewallet_authenticated_acquire_path,run_pokewallet_authenticated_acquire_or_collector_scan,2026-10-09T10:03:49Z
pokemon|jp|24122|002/033|team_aquas_carvanha_002_033,ja,24122,Aqua Deck Kit,002/033,Team Aquas Carvanha 002 033,auth_only_source_no_alternate,"skip:api.pokewallet.io:pokewallet_auth_gated_no_bypass,skip:api.pokewallet.io:pokewallet_auth_gated_no_bypass,set_map:no_set_mapping:-",api.pokewallet.io,"{""pokemonTcgApiId"": null, ""pricechartingId"": null, ""tcgdexCardId"": null, ""tcgplayerProductId"": null}",catalogue_identity_retained,pokewallet_authenticated_acquire_path,run_pokewallet_authenticated_acquire_or_collector_scan,2026-10-09T10:03:49Z
pokemon|jp|24122|003/033|team_aquas_sharpedo,ja,24122,Aqua Deck Kit,003/033,Team Aquas Sharpedo,auth_only_source_no_alternate,"skip:api.pokewallet.io:pokewallet_auth_gated_no_bypass,skip:api.pokewallet.io:pokewallet_auth_gated_no_bypass,set_map:no_set_mapping:-",api.pokewallet.io,"{""pokemonTcgApiId"": null, ""pricechartingId"": null, ""tcgdexCardId"": null, ""tcgplayerProductId"": null}",catalogue_identity_retained,pokewallet_authenticated_acquire_path,run_pokewallet_authenticated_acquire_or_collector_scan,2026-10-09T10:03:49Z
pokemon|jp|24122|004/033|team_aquas_corphish_004_033,ja,24122,Aqua Deck Kit,004/033,Team Aquas Corphish 004 033,auth_only_source_no_alternate,"skip:api.pokewallet.io:pokewallet_auth_gated_no_bypass,skip:api.pokewallet.io:pokewallet_auth_gated_no_bypass,set_map:no_set_mapping:-",api.pokewallet.io,"{""pokemonTcgApiId"": null, ""pricechartingId"": null, ""tcgdexCardId"": null, ""tcgplayerProductId"": null}",catalogue_identity_retained,pokewallet_authenticated_acquire_path,run_pokewallet_authenticated_acquire_or_collector_scan,2026-10-09T10:03:49Z
pokemon|jp|24122|005/033|team_aquas_corphish_005_033,ja,24122,Aqua Deck Kit,005/033,Team Aquas Corphish 005 033,auth_only_source_no_alternate,"skip:api.pokewallet.io:pokewallet_auth_gated_no_bypass,skip:api.pokewallet.io:pokewallet_auth_gated_no_bypass,set_map:no_set_mapping:-",api.pokewallet.io,"{""pokemonTcgApiId"": null, ""pricechartingId"": null, ""tcgdexCardId"": null, ""tcgplayerProductId"": null}",catalogue_identity_retained,pokewallet_authenticated_acquire_path,run_pokewallet_authenticated_acquire_or_collector_scan,2026-10-09T10:03:49Z
pokemon|jp|24122|006/033|team_aquas_crawdaunt,ja,24122,Aqua Deck Kit,006/033,Team Aquas Crawdaunt,auth_only_source_no_alternate,"skip:api.pokewallet.io:pokewallet_auth_gated_no_bypass,skip:api.pokewallet.io:pokewallet_auth_gated_no_bypass,set_map:no_set_mapping:-",api.pokewallet.io,"{""pokemonTcgApiId"": null, ""pricechartingId"": null, ""tcgdexCardId"": null, ""tcgplayerProductId"": null}",catalogue_identity_retained,pokewallet_authenticated_acquire_path,run_pokewallet_authenticated_acquire_or_collector_scan,2026-10-09T10:03:49Z
pokemon|jp|24122|007/033|team_aquas_spheal_007_033,ja,24122,Aqua Deck Kit,007/033,Team Aquas Spheal 007 033,auth_only_source_no_alternate,"skip:api.pokewallet.io:pokewallet_auth_gated_no_bypass,skip:api.pokewallet.io:pokewallet_auth_gated_no_bypass,set_map:no_set_mapping:-",api.pokewallet.io,"{""pokemonTcgApiId"": null, ""pricechartingId"": null, ""tcgdexCardId"": null, ""tcgplayerProductId"": null}",catalogue_identity_retained,pokewallet_authenticated_acquire_path,run_pokewallet_authenticated_acquire_or_collector_scan,2026-10-09T10:03:49Z
pokemon|jp|24122|008/033|team_aquas_spheal_008_033,ja,24122,Aqua Deck Kit,008/033,Team Aquas Spheal 008 033,auth_only_source_no_alternate,"skip:api.pokewallet.io:pokewallet_auth_gated_no_bypass,skip:api.pokewallet.io:pokewallet_auth_gated_no_bypass,set_map:no_set_mapping:-",api.pokewallet.io,"{""pokemonTcgApiId"": null, ""pricechartingId"": null, ""tcgdexCardId"": null, ""tcgplayerProductId"": null}",catalogue_identity_retained,pokewallet_authenticated_acquire_path,run_pokewallet_authenticated_acquire_or_collector_scan,2026-10-09T10:03:49Z
pokemon|jp|24122|009/033|team_aquas_sealeo_009_033,ja,24122,Aqua Deck Kit,009/033,Team Aquas Sealeo 009 033,auth_only_source_no_alternate,"skip:api.pokewallet.io:pokewallet_auth_gated_no_bypass,skip:api.pokewallet.io:pokewallet_auth_gated_no_bypass,set_map:no_set_mapping:-",api.pokewallet.io,"{""pokemonTcgApiId"": null, ""pricechartingId"": null, ""tcgdexCardId"": null, ""tcgplayerProductId"": null}",catalogue_identity_retained,pokewallet_authenticated_acquire_path,run_pokewallet_authenticated_acquire_or_collector_scan,2026-10-09T10:03:49Z
pokemon|jp|24122|010/033|team_aquas_sealeo_010_033,ja,24122,Aqua Deck Kit,010/033,Team Aquas Sealeo 010 033,auth_only_source_no_alternate,"skip:api.pokewallet.io:pokewallet_auth_gated_no_bypass,skip:api.pokewallet.io:pokewallet_auth_gated_no_bypass,set_map:no_set_mapping:-",api.pokewallet.io,"{""pokemonTcgApiId"": null, ""pricechartingId"": null, ""tcgdexCardId"": null, ""tcgplayerProductId"": null}",catalogue_identity_retained,pokewallet_authenticated_acquire_path,run_pokewallet_authenticated_acquire_or_collector_scan,2026-10-09T10:03:49Z
pokemon|jp|24122|011/033|team_aquas_walrein_011_033,ja,24122,Aqua Deck Kit,011/033,Team Aquas Walrein 011 033,auth_only_source_no_alternate,"skip:api.pokewallet.io:pokewallet_auth_gated_no_bypass,skip:api.pokewallet.io:pokewallet_auth_gated_no_bypass,set_map:no_set_mapping:-",api.pokewallet.io,"{""pokemonTcgApiId"": null, ""pricechartingId"": null, ""tcgdexCardId"": null, ""tcgplayerProductId"": null}",catalogue_identity_retained,pokewallet_authenticated_acquire_path,run_pokewallet_authenticated_acquire_or_collector_scan,2026-10-09T10:03:49Z
pokemon|jp|24122|012/033|team_aquas_walrein_012_033,ja,24122,Aqua Deck Kit,012/033,Team Aquas Walrein 012 033,auth_only_source_no_alternate,"skip:api.pokewallet.io:pokewallet_auth_gated_no_bypass,skip:api.pokewallet.io:pokewallet_auth_gated_no_bypass,set_map:no_set_mapping:-",api.pokewallet.io,"{""pokemonTcgApiId"": null, ""pricechartingId"": null, ""tcgdexCardId"": null, ""tcgplayerProductId"": null}",catalogue_identity_retained,pokewallet_authenticated_acquire_path,run_pokewallet_authenticated_acquire_or_collector_scan,2026-10-09T10:03:49Z
pokemon|jp|24122|013/033|team_aquas_kyogre,ja,24122,Aqua Deck Kit,013/033,Team Aquas Kyogre,auth_only_source_no_alternate,"skip:api.pokewallet.io:pokewallet_auth_gated_no_bypass,skip:api.pokewallet.io:pokewallet_auth_gated_no_bypass,set_map:no_set_mapping:-",api.pokewallet.io,"{""pokemonTcgApiId"": null, ""pricechartingId"": null, ""tcgdexCardId"": null, ""tcgplayerProductId"": null}",catalogue_identity_retained,pokewallet_authenticated_acquire_path,run_pokewallet_authenticated_acquire_or_collector_scan,2026-10-09T10:03:49Z
pokemon|jp|24122|014/033|raikou_ex,ja,24122,Aqua Deck Kit,014/033,Raikou ex,auth_only_source_no_alternate,"skip:api.pokewallet.io:pokewallet_auth_gated_no_bypass,skip:api.pokewallet.io:pokewallet_auth_gated_no_bypass,set_map:no_set_mapping:-",api.pokewallet.io,"{""pokemonTcgApiId"": null, ""pricechartingId"": null, ""tcgdexCardId"": null, ""tcgplayerProductId"": null}",catalogue_identity_retained,pokewallet_authenticated_acquire_path,run_pokewallet_authenticated_acquire_or_collector_scan,2026-10-09T10:03:49Z
pokemon|jp|24122|015/033|team_aquas_chinchou,ja,24122,Aqua Deck Kit,015/033,Team Aquas Chinchou,auth_only_source_no_alternate,"skip:api.pokewallet.io:pokewallet_auth_gated_no_bypass,skip:api.pokewallet.io:pokewallet_auth_gated_no_bypass,set_map:no_set_mapping:-",api.pokewallet.io,"{""pokemonTcgApiId"": null, ""pricechartingId"": null, ""tcgdexCardId"": null, ""tcgplayerProductId"": null}",catalogue_identity_retained,pokewallet_authenticated_acquire_path,run_pokewallet_authenticated_acquire_or_collector_scan,2026-10-09T10:03:49Z
pokemon|jp|24122|016/033|team_aquas_lanturn,ja,24122,Aqua Deck Kit,016/033,Team Aquas Lanturn,auth_only_source_no_alternate,"skip:api.pokewallet.io:pokewallet_auth_gated_no_bypass,skip:api.pokewallet.io:pokewallet_auth_gated_no_bypass,set_map:no_set_mapping:-",api.pokewallet.io,"{""pokemonTcgApiId"": null, ""pricechartingId"": null, ""tcgdexCardId"": null, ""tcgplayerProductId"": null}",catalogue_identity_retained,pokewallet_authenticated_acquire_path,run_pokewallet_authenticated_acquire_or_collector_scan,2026-10-09T10:03:49Z
pokemon|jp|24122|018/033|team_aquas_electrike_018_033,ja,24122,Aqua Deck Kit,018/033,Team Aquas Electrike 018 033,auth_only_source_no_alternate,"skip:api.pokewallet.io:pokewallet_auth_gated_no_bypass,skip:api.pokewallet.io:pokewallet_auth_gated_no_bypass,set_map:no_set_mapping:-",api.pokewallet.io,"{""pokemonTcgApiId"": null, ""pricechartingId"": null, ""tcgdexCardId"": null, ""tcgplayerProductId"": null}",catalogue_identity_retained,pokewallet_authenticated_acquire_path,run_pokewallet_authenticated_acquire_or_collector_scan,2026-10-09T10:03:49Z
pokemon|jp|24122|019/033|team_aquas_manectric,ja,24122,Aqua Deck Kit,019/033,Team Aquas Manectric,auth_only_source_no_alternate,"skip:api.pokewallet.io:pokewallet_auth_gated_no_bypass,skip:api.pokewallet.io:pokewallet_auth_gated_no_bypass,set_map:no_set_mapping:-",api.pokewallet.io,"{""pokemonTcgApiId"": null, ""pricechartingId"": null, ""tcgdexCardId"": null, ""tcgplayerProductId"": null}",catalogue_identity_retained,pokewallet_authenticated_acquire_path,run_pokewallet_authenticated_acquire_or_collector_scan,2026-10-09T10:03:49Z
pokemon|jp|24122|020/033|team_aquas_poochyena_020_033,ja,24122,Aqua Deck Kit,020/033,Team Aquas Poochyena 020 033,auth_only_source_no_alternate,"skip:api.pokewallet.io:pokewallet_auth_gated_no_bypass,skip:api.pokewallet.io:pokewallet_auth_gated_no_bypass,set_map:no_set_mapping:-",api.pokewallet.io,"{""pokemonTcgApiId"": null, ""pricechartingId"": null, ""tcgdexCardId"": null, ""tcgplayerProductId"": null}",catalogue_identity_retained,pokewallet_authenticated_acquire_path,run_pokewallet_authenticated_acquire_or_collector_scan,2026-10-09T10:03:49Z
pokemon|jp|24122|021/033|team_aquas_poochyena_021_033,ja,24122,Aqua Deck Kit,021/033,Team Aquas Poochyena 021 033,auth_only_source_no_alternate,"skip:api.pokewallet.io:pokewallet_auth_gated_no_bypass,skip:api.pokewallet.io:pokewallet_auth_gated_no_bypass,set_map:no_set_mapping:-",api.pokewallet.io,"{""pokemonTcgApiId"": null, ""pricechartingId"": null, ""tcgdexCardId"": null, ""tcgplayerProductId"": null}",catalogue_identity_retained,pokewallet_authenticated_acquire_path,run_pokewallet_authenticated_acquire_or_collector_scan,2026-10-09T10:03:49Z
pokemon|jp|24122|023/033|team_aquas_mightyena_023_033,ja,24122,Aqua Deck Kit,023/033,Team Aquas Mightyena 023 033,auth_only_source_no_alternate,"skip:api.pokewallet.io:pokewallet_auth_gated_no_bypass,skip:api.pokewallet.io:pokewallet_auth_gated_no_bypass,set_map:no_set_mapping:-",api.pokewallet.io,"{""pokemonTcgApiId"": null, ""pricechartingId"": null, ""tcgdexCardId"": null, ""tcgplayerProductId"": null}",catalogue_identity_retained,pokewallet_authenticated_acquire_path,run_pokewallet_authenticated_acquire_or_collector_scan,2026-10-09T10:03:49Z
pokemon|jp|24122|024/033|potion,ja,24122,Aqua Deck Kit,024/033,Potion,auth_only_source_no_alternate,"skip:api.pokewallet.io:pokewallet_auth_gated_no_bypass,skip:api.pokewallet.io:pokewallet_auth_gated_no_bypass,set_map:no_set_mapping:-",api.pokewallet.io,"{""pokemonTcgApiId"": null, ""pricechartingId"": null, ""tcgdexCardId"": null, ""tcgplayerProductId"": null}",catalogue_identity_retained,pokewallet_authenticated_acquire_path,run_pokewallet_authenticated_acquire_or_collector_scan,2026-10-09T10:03:49Z
pokemon|jp|24122|025/033|double_full_heal,ja,24122,Aqua Deck Kit,025/033,Double Full Heal,auth_only_source_no_alternate,"skip:api.pokewallet.io:pokewallet_auth_gated_no_bypass,skip:api.pokewallet.io:pokewallet_auth_gated_no_bypass,set_map:no_set_mapping:-",api.pokewallet.io,"{""pokemonTcgApiId"": null, ""pricechartingId"": null, ""tcgdexCardId"": null, ""tcgplayerProductId"": null}",catalogue_identity_retained,pokewallet_authenticated_acquire_path,run_pokewallet_authenticated_acquire_or_collector_scan,2026-10-09T10:03:49Z
pokemon|jp|24122|026/033|team_aqua_ball,ja,24122,Aqua Deck Kit,026/033,Team Aqua Ball,auth_only_source_no_alternate,"skip:api.pokewallet.io:pokewallet_auth_gated_no_bypass,skip:api.pokewallet.io:pokewallet_auth_gated_no_bypass,set_map:no_set_mapping:-",api.pokewallet.io,"{""pokemonTcgApiId"": null, ""pricechartingId"": null, ""tcgdexCardId"": null, ""tcgplayerProductId"": null}",catalogue_identity_retained,pokewallet_authenticated_acquire_path,run_pokewallet_authenticated_acquire_or_collector_scan,2026-10-09T10:03:49Z
pokemon|jp|24122|027/033|team_aqua_schemer,ja,24122,Aqua Deck Kit,027/033,Team Aqua Schemer,auth_only_source_no_alternate,"skip:api.pokewallet.io:pokewallet_auth_gated_no_bypass,skip:api.pokewallet.io:pokewallet_auth_gated_no_bypass,set_map:no_set_mapping:-",api.pokewallet.io,"{""pokemonTcgApiId"": null, ""pricechartingId"": null, ""tcgdexCardId"": null, ""tcgplayerProductId"": null}",catalogue_identity_retained,pokewallet_authenticated_acquire_path,run_pokewallet_authenticated_acquire_or_collector_scan,2026-10-09T10:03:49Z
pokemon|jp|24122|028/033|team_aqua_conspirator,ja,24122,Aqua Deck Kit,028/033,Team Aqua Conspirator,auth_only_source_no_alternate,"skip:api.pokewallet.io:pokewallet_auth_gated_no_bypass,skip:api.pokewallet.io:pokewallet_auth_gated_no_bypass,set_map:no_set_mapping:-",api.pokewallet.io,"{""pokemonTcgApiId"": null, ""pricechartingId"": null, ""tcgdexCardId"": null, ""tcgplayerProductId"": null}",catalogue_identity_retained,pokewallet_authenticated_acquire_path,run_pokewallet_authenticated_acquire_or_collector_scan,2026-10-09T10:03:49Z
pokemon|jp|24122|029/033|archie,ja,24122,Aqua Deck Kit,029/033,Archie,auth_only_source_no_alternate,"skip:api.pokewallet.io:pokewallet_auth_gated_no_bypass,skip:api.pokewallet.io:pokewallet_auth_gated_no_bypass,set_map:no_set_mapping:-",api.pokewallet.io,"{""pokemonTcgApiId"": null, ""pricechartingId"": null, ""tcgdexCardId"": null, ""tcgplayerProductId"": null}",catalogue_identity_retained,pokewallet_authenticated_acquire_path,run_pokewallet_authenticated_acquire_or_collector_scan,2026-10-09T10:03:49Z
pokemon|jp|24122|030/033|team_aqua_belt,ja,24122,Aqua Deck Kit,030/033,Team Aqua Belt,auth_only_source_no_alternate,"skip:api.pokewallet.io:pokewallet_auth_gated_no_bypass,skip:api.pokewallet.io:pokewallet_auth_gated_no_bypass,set_map:no_set_mapping:-",api.pokewallet.io,"{""pokemonTcgApiId"": null, ""pricechartingId"": null, ""tcgdexCardId"": null, ""tcgplayerProductId"": null}",catalogue_identity_retained,pokewallet_authenticated_acquire_path,run_pokewallet_authenticated_acquire_or_collector_scan,2026-10-09T10:03:49Z
pokemon|jp|24122|031/033|team_aqua_technical_machine_01,ja,24122,Aqua Deck Kit,031/033,Team Aqua Technical Machine 01,auth_only_source_no_alternate,"skip:api.pokewallet.io:pokewallet_auth_gated_no_bypass,skip:api.pokewallet.io:pokewallet_auth_gated_no_bypass,set_map:no_set_mapping:-",api.pokewallet.io,"{""pokemonTcgApiId"": null, ""pricechartingId"": null, ""tcgdexCardId"": null, ""tcgplayerProductId"": null}",catalogue_identity_retained,pokewallet_authenticated_acquire_path,run_pokewallet_authenticated_acquire_or_collector_scan,2026-10-09T10:03:49Z
pokemon|jp|24122|032/033|team_aqua_hideout,ja,24122,Aqua Deck Kit,032/033,Team Aqua Hideout,auth_only_source_no_alternate,"skip:api.pokewallet.io:pokewallet_auth_gated_no_bypass,skip:api.pokewallet.io:pokewallet_auth_gated_no_bypass,set_map:no_set_mapping:-",api.pokewallet.io,"{""pokemonTcgApiId"": null, ""pricechartingId"": null, ""tcgdexCardId"": null, ""tcgplayerProductId"": null}",catalogue_identity_retained,pokewallet_authenticated_acquire_path,run_pokewallet_authenticated_acquire_or_collector_scan,2026-10-09T10:03:49Z
pokemon|jp|24122|033/033|aqua_energy,ja,24122,Aqua Deck Kit,033/033,Aqua Energy,auth_only_source_no_alternate,"skip:api.pokewallet.io:pokewallet_auth_gated_no_bypass,skip:api.pokewallet.io:pokewallet_auth_gated_no_bypass,set_map:no_set_mapping:-",api.pokewallet.io,"{""pokemonTcgApiId"": null, ""pricechartingId"": null, ""tcgdexCardId"": null, ""tcgplayerProductId"": null}",catalogue_identity_retained,pokewallet_authenticated_acquire_path,run_pokewallet_authenticated_acquire_or_collector_scan,2026-10-09T10:03:49Z
pokemon|jp|24123|001/033|entei_ex,ja,24123,Magma Deck Kit,001/033,Entei ex,auth_only_source_no_alternate,"skip:api.pokewallet.io:pokewallet_auth_gated_no_bypass,skip:api.pokewallet.io:pokewallet_auth_gated_no_bypass,set_map:no_set_mapping:-",api.pokewallet.io,"{""pokemonTcgApiId"": null, ""pricechartingId"": null, ""tcgdexCardId"": null, ""tcgplayerProductId"": null}",catalogue_identity_retained,pokewallet_authenticated_acquire_path,run_pokewallet_authenticated_acquire_or_collector_scan,2026-10-09T10:03:49Z
pokemon|jp|24123|002/033|team_magmas_houndour_002_033,ja,24123,Magma Deck Kit,002/033,Team Magmas Houndour 002 033,auth_only_source_no_alternate,"skip:api.pokewallet.io:pokewallet_auth_gated_no_bypass,skip:api.pokewallet.io:pokewallet_auth_gated_no_bypass,set_map:no_set_mapping:-",api.pokewallet.io,"{""pokemonTcgApiId"": null, ""pricechartingId"": null, ""tcgdexCardId"": null, ""tcgplayerProductId"": null}",catalogue_identity_retained,pokewallet_authenticated_acquire_path,run_pokewallet_authenticated_acquire_or_collector_scan,2026-10-09T10:03:49Z
pokemon|jp|24123|003/033|team_magmas_houndour_003_033,ja,24123,Magma Deck Kit,003/033,Team Magmas Houndour 003 033,auth_only_source_no_alternate,"skip:api.pokewallet.io:pokewallet_auth_gated_no_bypass,skip:api.pokewallet.io:pokewallet_auth_gated_no_bypass,set_map:no_set_mapping:-",api.pokewallet.io,"{""pokemonTcgApiId"": null, ""pricechartingId"": null, ""tcgdexCardId"": null, ""tcgplayerProductId"": null}",catalogue_identity_retained,pokewallet_authenticated_acquire_path,run_pokewallet_authenticated_acquire_or_collector_scan,2026-10-09T10:03:49Z
pokemon|jp|24123|006/033|team_magmas_camerupt,ja,24123,Magma Deck Kit,006/033,Team Magmas Camerupt,auth_only_source_no_alternate,"skip:api.pokewallet.io:pokewallet_auth_gated_no_bypass,skip:api.pokewallet.io:pokewallet_auth_gated_no_bypass,set_map:no_set_mapping:-",api.pokewallet.io,"{""pokemonTcgApiId"": null, ""pricechartingId"": null, ""tcgdexCardId"": null, ""tcgplayerProductId"": null}",catalogue_identity_retained,pokewallet_authenticated_acquire_path,run_pokewallet_authenticated_acquire_or_collector_scan,2026-10-09T10:03:49Z
pokemon|jp|24123|007/033|team_magmas_rhyhorn_007_033,ja,24123,Magma Deck Kit,007/033,Team Magmas Rhyhorn 007 033,auth_only_source_no_alternate,"skip:api.pokewallet.io:pokewallet_auth_gated_no_bypass,skip:api.pokewallet.io:pokewallet_auth_gated_no_bypass,set_map:no_set_mapping:-",api.pokewallet.io,"{""pokemonTcgApiId"": null, ""pricechartingId"": null, ""tcgdexCardId"": null, ""tcgplayerProductId"": null}",catalogue_identity_retained,pokewallet_authenticated_acquire_path,run_pokewallet_authenticated_acquire_or_collector_scan,2026-10-09T10:03:49Z
pokemon|jp|24123|008/033|team_magmas_rhyhorn_008_033,ja,24123,Magma Deck Kit,008/033,Team Magmas Rhyhorn 008 033,auth_only_source_no_alternate,"skip:api.pokewallet.io:pokewallet_auth_gated_no_bypass,skip:api.pokewallet.io:pokewallet_auth_gated_no_bypass,set_map:no_set_mapping:-",api.pokewallet.io,"{""pokemonTcgApiId"": null, ""pricechartingId"": null, ""tcgdexCardId"": null, ""tcgplayerProductId"": null}",catalogue_identity_retained,pokewallet_authenticated_acquire_path,run_pokewallet_authenticated_acquire_or_collector_scan,2026-10-09T10:03:49Z
pokemon|jp|24123|009/033|team_magmas_rhydon,ja,24123,Magma Deck Kit,009/033,Team Magmas Rhydon,auth_only_source_no_alternate,"skip:api.pokewallet.io:pokewallet_auth_gated_no_bypass,skip:api.pokewallet.io:pokewallet_auth_gated_no_bypass,set_map:no_set_mapping:-",api.pokewallet.io,"{""pokemonTcgApiId"": null, ""pricechartingId"": null, ""tcgdexCardId"": null, ""tcgplayerProductId"": null}",catalogue_identity_retained,pokewallet_authenticated_acquire_path,run_pokewallet_authenticated_acquire_or_collector_scan,2026-10-09T10:03:49Z
pokemon|jp|24123|010/033|team_magmas_aron_010_033,ja,24123,Magma Deck Kit,010/033,Team Magmas Aron 010 033,auth_only_source_no_alternate,"skip:api.pokewallet.io:pokewallet_auth_gated_no_bypass,skip:api.pokewallet.io:pokewallet_auth_gated_no_bypass,set_map:no_set_mapping:-",api.pokewallet.io,"{""pokemonTcgApiId"": null, ""pricechartingId"": null, ""tcgdexCardId"": null, ""tcgplayerProductId"": null}",catalogue_identity_retained,pokewallet_authenticated_acquire_path,run_pokewallet_authenticated_acquire_or_collector_scan,2026-10-09T10:03:49Z
pokemon|jp|24123|011/033|team_magmas_aron_011_033,ja,24123,Magma Deck Kit,011/033,Team Magmas Aron 011 033,auth_only_source_no_alternate,"skip:api.pokewallet.io:pokewallet_auth_gated_no_bypass,skip:api.pokewallet.io:pokewallet_auth_gated_no_bypass,set_map:no_set_mapping:-",api.pokewallet.io,"{""pokemonTcgApiId"": null, ""pricechartingId"": null, ""tcgdexCardId"": null, ""tcgplayerProductId"": null}",catalogue_identity_retained,pokewallet_authenticated_acquire_path,run_pokewallet_authenticated_acquire_or_collector_scan,2026-10-09T10:03:49Z
pokemon|jp|24123|012/033|team_magmas_lairon_012_033,ja,24123,Magma Deck Kit,012/033,Team Magmas Lairon 012 033,auth_only_source_no_alternate,"skip:api.pokewallet.io:pokewallet_auth_gated_no_bypass,skip:api.pokewallet.io:pokewallet_auth_gated_no_bypass,set_map:no_set_mapping:-",api.pokewallet.io,"{""pokemonTcgApiId"": null, ""pricechartingId"": null, ""tcgdexCardId"": null, ""tcgplayerProductId"": null}",catalogue_identity_retained,pokewallet_authenticated_acquire_path,run_pokewallet_authenticated_acquire_or_collector_scan,2026-10-09T10:03:49Z
pokemon|jp|24123|013/033|team_magmas_lairon_013_033,ja,24123,Magma Deck Kit,013/033,Team Magmas Lairon 013 033,auth_only_source_no_alternate,"skip:api.pokewallet.io:pokewallet_auth_gated_no_bypass,skip:api.pokewallet.io:pokewallet_auth_gated_no_bypass,set_map:no_set_mapping:-",api.pokewallet.io,"{""pokemonTcgApiId"": null, ""pricechartingId"": null, ""tcgdexCardId"": null, ""tcgplayerProductId"": null}",catalogue_identity_retained,pokewallet_authenticated_acquire_path,run_pokewallet_authenticated_acquire_or_collector_scan,2026-10-09T10:03:49Z
pokemon|jp|24123|014/033|team_magmas_baltoy_014_033,ja,24123,Magma Deck Kit,014/033,Team Magmas Baltoy 014 033,auth_only_source_no_alternate,"skip:api.pokewallet.io:pokewallet_auth_gated_no_bypass,skip:api.pokewallet.io:pokewallet_auth_gated_no_bypass,set_map:no_set_mapping:-",api.pokewallet.io,"{""pokemonTcgApiId"": null, ""pricechartingId"": null, ""tcgdexCardId"": null, ""tcgplayerProductId"": null}",catalogue_identity_retained,pokewallet_authenticated_acquire_path,run_pokewallet_authenticated_acquire_or_collector_scan,2026-10-09T10:03:49Z
pokemon|jp|24123|015/033|team_magmas_baltoy_015_033,ja,24123,Magma Deck Kit,015/033,Team Magmas Baltoy 015 033,auth_only_source_no_alternate,"skip:api.pokewallet.io:pokewallet_auth_gated_no_bypass,skip:api.pokewallet.io:pokewallet_auth_gated_no_bypass,set_map:no_set_mapping:-",api.pokewallet.io,"{""pokemonTcgApiId"": null, ""pricechartingId"": null, ""tcgdexCardId"": null, ""tcgplayerProductId"": null}",catalogue_identity_retained,pokewallet_authenticated_acquire_path,run_pokewallet_authenticated_acquire_or_collector_scan,2026-10-09T10:03:49Z
pokemon|jp|24123|016/033|team_magmas_claydol,ja,24123,Magma Deck Kit,016/033,Team Magmas Claydol,auth_only_source_no_alternate,"skip:api.pokewallet.io:pokewallet_auth_gated_no_bypass,skip:api.pokewallet.io:pokewallet_auth_gated_no_bypass,set_map:no_set_mapping:-",api.pokewallet.io,"{""pokemonTcgApiId"": null, ""pricechartingId"": null, ""tcgdexCardId"": null, ""tcgplayerProductId"": null}",catalogue_identity_retained,pokewallet_authenticated_acquire_path,run_pokewallet_authenticated_acquire_or_collector_scan,2026-10-09T10:03:49Z
pokemon|jp|24123|017/033|team_magmas_aggron_017_033,ja,24123,Magma Deck Kit,017/033,Team Magmas Aggron 017 033,auth_only_source_no_alternate,"skip:api.pokewallet.io:pokewallet_auth_gated_no_bypass,skip:api.pokewallet.io:pokewallet_auth_gated_no_bypass,set_map:no_set_mapping:-",api.pokewallet.io,"{""pokemonTcgApiId"": null, ""pricechartingId"": null, ""tcgdexCardId"": null, ""tcgplayerProductId"": null}",catalogue_identity_retained,pokewallet_authenticated_acquire_path,run_pokewallet_authenticated_acquire_or_collector_scan,2026-10-09T10:03:49Z
pokemon|jp|24123|018/033|team_magmas_aggron_018_033,ja,24123,Magma Deck Kit,018/033,Team Magmas Aggron 018 033,auth_only_source_no_alternate,"skip:api.pokewallet.io:pokewallet_auth_gated_no_bypass,skip:api.pokewallet.io:pokewallet_auth_gated_no_bypass,set_map:no_set_mapping:-",api.pokewallet.io,"{""pokemonTcgApiId"": null, ""pricechartingId"": null, ""tcgdexCardId"": null, ""tcgplayerProductId"": null}",catalogue_identity_retained,pokewallet_authenticated_acquire_path,run_pokewallet_authenticated_acquire_or_collector_scan,2026-10-09T10:03:49Z
pokemon|jp|24123|019/033|team_magmas_groudon,ja,24123,Magma Deck Kit,019/033,Team Magmas Groudon,auth_only_source_no_alternate,"skip:api.pokewallet.io:pokewallet_auth_gated_no_bypass,skip:api.pokewallet.io:pokewallet_auth_gated_no_bypass,set_map:no_set_mapping:-",api.pokewallet.io,"{""pokemonTcgApiId"": null, ""pricechartingId"": null, ""tcgdexCardId"": null, ""tcgplayerProductId"": null}",catalogue_identity_retained,pokewallet_authenticated_acquire_path,run_pokewallet_authenticated_acquire_or_collector_scan,2026-10-09T10:03:49Z
pokemon|jp|24123|020/033|team_magmas_poochyena_020_033,ja,24123,Magma Deck Kit,020/033,Team Magmas Poochyena 020 033,auth_only_source_no_alternate,"skip:api.pokewallet.io:pokewallet_auth_gated_no_bypass,skip:api.pokewallet.io:pokewallet_auth_gated_no_bypass,set_map:no_set_mapping:-",api.pokewallet.io,"{""pokemonTcgApiId"": null, ""pricechartingId"": null, ""tcgdexCardId"": null, ""tcgplayerProductId"": null}",catalogue_identity_retained,pokewallet_authenticated_acquire_path,run_pokewallet_authenticated_acquire_or_collector_scan,2026-10-09T10:03:49Z
pokemon|jp|24123|022/033|team_magmas_mightyena_022_033,ja,24123,Magma Deck Kit,022/033,Team Magmas Mightyena 022 033,auth_only_source_no_alternate,"skip:api.pokewallet.io:pokewallet_auth_gated_no_bypass,skip:api.pokewallet.io:pokewallet_auth_gated_no_bypass,set_map:no_set_mapping:-",api.pokewallet.io,"{""pokemonTcgApiId"": null, ""pricechartingId"": null, ""tcgdexCardId"": null, ""tcgplayerProductId"": null}",catalogue_identity_retained,pokewallet_authenticated_acquire_path,run_pokewallet_authenticated_acquire_or_collector_scan,2026-10-09T10:03:49Z
pokemon|jp|24123|023/033|team_magmas_mightyena_023_033,ja,24123,Magma Deck Kit,023/033,Team Magmas Mightyena 023 033,auth_only_source_no_alternate,"skip:api.pokewallet.io:pokewallet_auth_gated_no_bypass,skip:api.pokewallet.io:pokewallet_auth_gated_no_bypass,set_map:no_set_mapping:-",api.pokewallet.io,"{""pokemonTcgApiId"": null, ""pricechartingId"": null, ""tcgdexCardId"": null, ""tcgplayerProductId"": null}",catalogue_identity_retained,pokewallet_authenticated_acquire_path,run_pokewallet_authenticated_acquire_or_collector_scan,2026-10-09T10:03:49Z
pokemon|jp|24123|024/033|potion,ja,24123,Magma Deck Kit,024/033,Potion,auth_only_source_no_alternate,"skip:api.pokewallet.io:pokewallet_auth_gated_no_bypass,skip:api.pokewallet.io:pokewallet_auth_gated_no_bypass,set_map:no_set_mapping:-",api.pokewallet.io,"{""pokemonTcgApiId"": null, ""pricechartingId"": null, ""tcgdexCardId"": null, ""tcgplayerProductId"": null}",catalogue_identity_retained,pokewallet_authenticated_acquire_path,run_pokewallet_authenticated_acquire_or_collector_scan,2026-10-09T10:03:49Z
pokemon|jp|24123|025/033|double_full_heal,ja,24123,Magma Deck Kit,025/033,Double Full Heal,auth_only_source_no_alternate,"skip:api.pokewallet.io:pokewallet_auth_gated_no_bypass,skip:api.pokewallet.io:pokewallet_auth_gated_no_bypass,set_map:no_set_mapping:-",api.pokewallet.io,"{""pokemonTcgApiId"": null, ""pricechartingId"": null, ""tcgdexCardId"": null, ""tcgplayerProductId"": null}",catalogue_identity_retained,pokewallet_authenticated_acquire_path,run_pokewallet_authenticated_acquire_or_collector_scan,2026-10-09T10:03:49Z
pokemon|jp|24123|027/033|team_magma_schemer,ja,24123,Magma Deck Kit,027/033,Team Magma Schemer,auth_only_source_no_alternate,"skip:api.pokewallet.io:pokewallet_auth_gated_no_bypass,skip:api.pokewallet.io:pokewallet_auth_gated_no_bypass,set_map:no_set_mapping:-",api.pokewallet.io,"{""pokemonTcgApiId"": null, ""pricechartingId"": null, ""tcgdexCardId"": null, ""tcgplayerProductId"": null}",catalogue_identity_retained,pokewallet_authenticated_acquire_path,run_pokewallet_authenticated_acquire_or_collector_scan,2026-10-09T10:03:49Z
pokemon|jp|24123|028/033|team_magma_conspirator,ja,24123,Magma Deck Kit,028/033,Team Magma Conspirator,auth_only_source_no_alternate,"skip:api.pokewallet.io:pokewallet_auth_gated_no_bypass,skip:api.pokewallet.io:pokewallet_auth_gated_no_bypass,set_map:no_set_mapping:-",api.pokewallet.io,"{""pokemonTcgApiId"": null, ""pricechartingId"": null, ""tcgdexCardId"": null, ""tcgplayerProductId"": null}",catalogue_identity_retained,pokewallet_authenticated_acquire_path,run_pokewallet_authenticated_acquire_or_collector_scan,2026-10-09T10:03:49Z
pokemon|jp|24123|029/033|maxie,ja,24123,Magma Deck Kit,029/033,Maxie,auth_only_source_no_alternate,"skip:api.pokewallet.io:pokewallet_auth_gated_no_bypass,skip:api.pokewallet.io:pokewallet_auth_gated_no_bypass,set_map:no_set_mapping:-",api.pokewallet.io,"{""pokemonTcgApiId"": null, ""pricechartingId"": null, ""tcgdexCardId"": null, ""tcgplayerProductId"": null}",catalogue_identity_retained,pokewallet_authenticated_acquire_path,run_pokewallet_authenticated_acquire_or_collector_scan,2026-10-09T10:03:49Z
pokemon|jp|24123|030/033|team_magma_belt,ja,24123,Magma Deck Kit,030/033,Team Magma Belt,auth_only_source_no_alternate,"skip:api.pokewallet.io:pokewallet_auth_gated_no_bypass,skip:api.pokewallet.io:pokewallet_auth_gated_no_bypass,set_map:no_set_mapping:-",api.pokewallet.io,"{""pokemonTcgApiId"": null, ""pricechartingId"": null, ""tcgdexCardId"": null, ""tcgplayerProductId"": null}",catalogue_identity_retained,pokewallet_authenticated_acquire_path,run_pokewallet_authenticated_acquire_or_collector_scan,2026-10-09T10:03:49Z
pokemon|jp|24123|031/033|team_magma_technical_machine_01,ja,24123,Magma Deck Kit,031/033,Team Magma Technical Machine 01,auth_only_source_no_alternate,"skip:api.pokewallet.io:pokewallet_auth_gated_no_bypass,skip:api.pokewallet.io:pokewallet_auth_gated_no_bypass,set_map:no_set_mapping:-",api.pokewallet.io,"{""pokemonTcgApiId"": null, ""pricechartingId"": null, ""tcgdexCardId"": null, ""tcgplayerProductId"": null}",catalogue_identity_retained,pokewallet_authenticated_acquire_path,run_pokewallet_authenticated_acquire_or_collector_scan,2026-10-09T10:03:49Z
pokemon|jp|24123|032/033|team_magma_hideout,ja,24123,Magma Deck Kit,032/033,Team Magma Hideout,auth_only_source_no_alternate,"skip:api.pokewallet.io:pokewallet_auth_gated_no_bypass,skip:api.pokewallet.io:pokewallet_auth_gated_no_bypass,set_map:no_set_mapping:-",api.pokewallet.io,"{""pokemonTcgApiId"": null, ""pricechartingId"": null, ""tcgdexCardId"": null, ""tcgplayerProductId"": null}",catalogue_identity_retained,pokewallet_authenticated_acquire_path,run_pokewallet_authenticated_acquire_or_collector_scan,2026-10-09T10:03:49Z
pokemon|jp|24126|001/019|numel_001_019,ja,24126,Salamence Constructed Starter Deck,001/019,Numel 001 019,auth_only_source_no_alternate,"skip:api.pokewallet.io:pokewallet_auth_gated_no_bypass,skip:api.pokewallet.io:pokewallet_auth_gated_no_bypass,set_map:no_set_mapping:-",api.pokewallet.io,"{""pokemonTcgApiId"": null, ""pricechartingId"": null, ""tcgdexCardId"": null, ""tcgplayerProductId"": null}",catalogue_identity_retained,pokewallet_authenticated_acquire_path,run_pokewallet_authenticated_acquire_or_collector_scan,2026-10-09T10:03:49Z
pokemon|jp|24126|002/019|numel_002_019,ja,24126,Salamence Constructed Starter Deck,002/019,Numel 002 019,auth_only_source_no_alternate,"skip:api.pokewallet.io:pokewallet_auth_gated_no_bypass,skip:api.pokewallet.io:pokewallet_auth_gated_no_bypass,set_map:no_set_mapping:-",api.pokewallet.io,"{""pokemonTcgApiId"": null, ""pricechartingId"": null, ""tcgdexCardId"": null, ""tcgplayerProductId"": null}",catalogue_identity_retained,pokewallet_authenticated_acquire_path,run_pokewallet_authenticated_acquire_or_collector_scan,2026-10-09T10:03:49Z
pokemon|jp|24126|003/019|camerupt,ja,24126,Salamence Constructed Starter Deck,003/019,Camerupt,auth_only_source_no_alternate,"skip:api.pokewallet.io:pokewallet_auth_gated_no_bypass,skip:api.pokewallet.io:pokewallet_auth_gated_no_bypass,set_map:no_set_mapping:-",api.pokewallet.io,"{""pokemonTcgApiId"": null, ""pricechartingId"": null, ""tcgdexCardId"": null, ""tcgplayerProductId"": null}",catalogue_identity_retained,pokewallet_authenticated_acquire_path,run_pokewallet_authenticated_acquire_or_collector_scan,2026-10-09T10:03:49Z
pokemon|jp|24126|004/019|corphish_004_019,ja,24126,Salamence Constructed Starter Deck,004/019,Corphish 004 019,auth_only_source_no_alternate,"skip:api.pokewallet.io:pokewallet_auth_gated_no_bypass,skip:api.pokewallet.io:pokewallet_auth_gated_no_bypass,set_map:no_set_mapping:-",api.pokewallet.io,"{""pokemonTcgApiId"": null, ""pricechartingId"": null, ""tcgdexCardId"": null, ""tcgplayerProductId"": null}",catalogue_identity_retained,pokewallet_authenticated_acquire_path,run_pokewallet_authenticated_acquire_or_collector_scan,2026-10-09T10:03:49Z
pokemon|jp|24126|005/019|corphish_005_019,ja,24126,Salamence Constructed Starter Deck,005/019,Corphish 005 019,auth_only_source_no_alternate,"skip:api.pokewallet.io:pokewallet_auth_gated_no_bypass,skip:api.pokewallet.io:pokewallet_auth_gated_no_bypass,set_map:no_set_mapping:-",api.pokewallet.io,"{""pokemonTcgApiId"": null, ""pricechartingId"": null, ""tcgdexCardId"": null, ""tcgplayerProductId"": null}",catalogue_identity_retained,pokewallet_authenticated_acquire_path,run_pokewallet_authenticated_acquire_or_collector_scan,2026-10-09T10:03:49Z
pokemon|jp|24126|006/019|crawdaunt,ja,24126,Salamence Constructed Starter Deck,006/019,Crawdaunt,auth_only_source_no_alternate,"skip:api.pokewallet.io:pokewallet_auth_gated_no_bypass,skip:api.pokewallet.io:pokewallet_auth_gated_no_bypass,set_map:no_set_mapping:-",api.pokewallet.io,"{""pokemonTcgApiId"": null, ""pricechartingId"": null, ""tcgdexCardId"": null, ""tcgplayerProductId"": null}",catalogue_identity_retained,pokewallet_authenticated_acquire_path,run_pokewallet_authenticated_acquire_or_collector_scan,2026-10-09T10:03:49Z
pokemon|jp|24126|007/019|bagon_007_019,ja,24126,Salamence Constructed Starter Deck,007/019,Bagon 007 019,auth_only_source_no_alternate,"skip:api.pokewallet.io:pokewallet_auth_gated_no_bypass,skip:api.pokewallet.io:pokewallet_auth_gated_no_bypass,set_map:no_set_mapping:-",api.pokewallet.io,"{""pokemonTcgApiId"": null, ""pricechartingId"": null, ""tcgdexCardId"": null, ""tcgplayerProductId"": null}",catalogue_identity_retained,pokewallet_authenticated_acquire_path,run_pokewallet_authenticated_acquire_or_collector_scan,2026-10-09T10:03:49Z
pokemon|jp|24126|008/019|bagon_008_019,ja,24126,Salamence Constructed Starter Deck,008/019,Bagon 008 019,auth_only_source_no_alternate,"skip:api.pokewallet.io:pokewallet_auth_gated_no_bypass,skip:api.pokewallet.io:pokewallet_auth_gated_no_bypass,set_map:no_set_mapping:-",api.pokewallet.io,"{""pokemonTcgApiId"": null, ""pricechartingId"": null, ""tcgdexCardId"": null, ""tcgplayerProductId"": null}",catalogue_identity_retained,pokewallet_authenticated_acquire_path,run_pokewallet_authenticated_acquire_or_collector_scan,2026-10-09T10:03:49Z
pokemon|jp|24126|009/019|shelgon_009_019,ja,24126,Salamence Constructed Starter Deck,009/019,Shelgon 009 019,auth_only_source_no_alternate,"skip:api.pokewallet.io:pokewallet_auth_gated_no_bypass,skip:api.pokewallet.io:pokewallet_auth_gated_no_bypass,set_map:no_set_mapping:-",api.pokewallet.io,"{""pokemonTcgApiId"": null, ""pricechartingId"": null, ""tcgdexCardId"": null, ""tcgplayerProductId"": null}",catalogue_identity_retained,pokewallet_authenticated_acquire_path,run_pokewallet_authenticated_acquire_or_collector_scan,2026-10-09T10:03:49Z
pokemon|jp|24126|010/019|shelgon_010_019,ja,24126,Salamence Constructed Starter Deck,010/019,Shelgon 010 019,auth_only_source_no_alternate,"skip:api.pokewallet.io:pokewallet_auth_gated_no_bypass,skip:api.pokewallet.io:pokewallet_auth_gated_no_bypass,set_map:no_set_mapping:-",api.pokewallet.io,"{""pokemonTcgApiId"": null, ""pricechartingId"": null, ""tcgdexCardId"": null, ""tcgplayerProductId"": null}",catalogue_identity_retained,pokewallet_authenticated_acquire_path,run_pokewallet_authenticated_acquire_or_collector_scan,2026-10-09T10:03:49Z
pokemon|jp|24126|011/019|salamence,ja,24126,Salamence Constructed Starter Deck,011/019,Salamence,auth_only_source_no_alternate,"skip:api.pokewallet.io:pokewallet_auth_gated_no_bypass,skip:api.pokewallet.io:pokewallet_auth_gated_no_bypass,set_map:no_set_mapping:-",api.pokewallet.io,"{""pokemonTcgApiId"": null, ""pricechartingId"": null, ""tcgdexCardId"": null, ""tcgplayerProductId"": null}",catalogue_identity_retained,pokewallet_authenticated_acquire_path,run_pokewallet_authenticated_acquire_or_collector_scan,2026-10-09T10:03:49Z
pokemon|jp|24126|012/019|latias_ex,ja,24126,Salamence Constructed Starter Deck,012/019,Latias ex,auth_only_source_no_alternate,"skip:api.pokewallet.io:pokewallet_auth_gated_no_bypass,skip:api.pokewallet.io:pokewallet_auth_gated_no_bypass,set_map:no_set_mapping:-",api.pokewallet.io,"{""pokemonTcgApiId"": null, ""pricechartingId"": null, ""tcgdexCardId"": null, ""tcgplayerProductId"": null}",catalogue_identity_retained,pokewallet_authenticated_acquire_path,run_pokewallet_authenticated_acquire_or_collector_scan,2026-10-09T10:03:49Z
pokemon|jp|24126|013/019|energy_recycle_system,ja,24126,Salamence Constructed Starter Deck,013/019,Energy Recycle System,auth_only_source_no_alternate,"skip:api.pokewallet.io:pokewallet_auth_gated_no_bypass,skip:api.pokewallet.io:pokewallet_auth_gated_no_bypass,set_map:no_set_mapping:-",api.pokewallet.io,"{""pokemonTcgApiId"": null, ""pricechartingId"": null, ""tcgdexCardId"": null, ""tcgplayerProductId"": null}",catalogue_identity_retained,pokewallet_authenticated_acquire_path,run_pokewallet_authenticated_acquire_or_collector_scan,2026-10-09T10:03:49Z
pokemon|jp|24126|014/019|potion,ja,24126,Salamence Constructed Starter Deck,014/019,Potion,auth_only_source_no_alternate,"skip:api.pokewallet.io:pokewallet_auth_gated_no_bypass,skip:api.pokewallet.io:pokewallet_auth_gated_no_bypass,set_map:no_set_mapping:-",api.pokewallet.io,"{""pokemonTcgApiId"": null, ""pricechartingId"": null, ""tcgdexCardId"": null, ""tcgplayerProductId"": null}",catalogue_identity_retained,pokewallet_authenticated_acquire_path,run_pokewallet_authenticated_acquire_or_collector_scan,2026-10-09T10:03:49Z
pokemon|jp|24126|017/019|tv_reporter,ja,24126,Salamence Constructed Starter Deck,017/019,TV Reporter,auth_only_source_no_alternate,"skip:api.pokewallet.io:pokewallet_auth_gated_no_bypass,skip:api.pokewallet.io:pokewallet_auth_gated_no_bypass,set_map:no_set_mapping:-",api.pokewallet.io,"{""pokemonTcgApiId"": null, ""pricechartingId"": null, ""tcgdexCardId"": null, ""tcgplayerProductId"": null}",catalogue_identity_retained,pokewallet_authenticated_acquire_path,run_pokewallet_authenticated_acquire_or_collector_scan,2026-10-09T10:03:49Z
pokemon|jp|24126|018/019|balloon_berry,ja,24126,Salamence Constructed Starter Deck,018/019,Balloon Berry,auth_only_source_no_alternate,"skip:api.pokewallet.io:pokewallet_auth_gated_no_bypass,skip:api.pokewallet.io:pokewallet_auth_gated_no_bypass,set_map:no_set_mapping:-",api.pokewallet.io,"{""pokemonTcgApiId"": null, ""pricechartingId"": null, ""tcgdexCardId"": null, ""tcgplayerProductId"": null}",catalogue_identity_retained,pokewallet_authenticated_acquire_path,run_pokewallet_authenticated_acquire_or_collector_scan,2026-10-09T10:03:49Z
pokemon|jp|24126|019/019|high_pressure_system,ja,24126,Salamence Constructed Starter Deck,019/019,High Pressure System,auth_only_source_no_alternate,"skip:api.pokewallet.io:pokewallet_auth_gated_no_bypass,skip:api.pokewallet.io:pokewallet_auth_gated_no_bypass,set_map:no_set_mapping:-",api.pokewallet.io,"{""pokemonTcgApiId"": null, ""pricechartingId"": null, ""tcgdexCardId"": null, ""tcgplayerProductId"": null}",catalogue_identity_retained,pokewallet_authenticated_acquire_path,run_pokewallet_authenticated_acquire_or_collector_scan,2026-10-09T10:03:49Z
pokemon|jp|24127|001/019|volbeat,ja,24127,Emerald Gift Box (Deoxys),001/019,Volbeat,auth_only_source_no_alternate,"skip:api.pokewallet.io:pokewallet_auth_gated_no_bypass,skip:api.pokewallet.io:pokewallet_auth_gated_no_bypass,set_map:ambiguous_set_name:-",api.pokewallet.io,"{""pokemonTcgApiId"": null, ""pricechartingId"": null, ""tcgdexCardId"": null, ""tcgplayerProductId"": null}",catalogue_identity_retained,pokewallet_authenticated_acquire_path,run_pokewallet_authenticated_acquire_or_collector_scan,2026-10-09T10:03:49Z
pokemon|jp|24127|002/019|illumise,ja,24127,Emerald Gift Box (Deoxys),002/019,Illumise,auth_only_source_no_alternate,"skip:api.pokewallet.io:pokewallet_auth_gated_no_bypass,skip:api.pokewallet.io:pokewallet_auth_gated_no_bypass,set_map:ambiguous_set_name:-",api.pokewallet.io,"{""pokemonTcgApiId"": null, ""pricechartingId"": null, ""tcgdexCardId"": null, ""tcgplayerProductId"": null}",catalogue_identity_retained,pokewallet_authenticated_acquire_path,run_pokewallet_authenticated_acquire_or_collector_scan,2026-10-09T10:03:49Z
pokemon|jp|24127|003/019|gulpin,ja,24127,Emerald Gift Box (Deoxys),003/019,Gulpin,auth_only_source_no_alternate,"skip:api.pokewallet.io:pokewallet_auth_gated_no_bypass,skip:api.pokewallet.io:pokewallet_auth_gated_no_bypass,set_map:ambiguous_set_name:-",api.pokewallet.io,"{""pokemonTcgApiId"": null, ""pricechartingId"": null, ""tcgdexCardId"": null, ""tcgplayerProductId"": null}",catalogue_identity_retained,pokewallet_authenticated_acquire_path,run_pokewallet_authenticated_acquire_or_collector_scan,2026-10-09T10:03:49Z
pokemon|jp|24127|004/019|swalot,ja,24127,Emerald Gift Box (Deoxys),004/019,Swalot,auth_only_source_no_alternate,"skip:api.pokewallet.io:pokewallet_auth_gated_no_bypass,skip:api.pokewallet.io:pokewallet_auth_gated_no_bypass,set_map:ambiguous_set_name:-",api.pokewallet.io,"{""pokemonTcgApiId"": null, ""pricechartingId"": null, ""tcgdexCardId"": null, ""tcgplayerProductId"": null}",catalogue_identity_retained,pokewallet_authenticated_acquire_path,run_pokewallet_authenticated_acquire_or_collector_scan,2026-10-09T10:03:49Z
pokemon|jp|24127|007/019|groudon,ja,24127,Emerald Gift Box (Deoxys),007/019,Groudon,auth_only_source_no_alternate,"skip:api.pokewallet.io:pokewallet_auth_gated_no_bypass,skip:api.pokewallet.io:pokewallet_auth_gated_no_bypass,set_map:ambiguous_set_name:-",api.pokewallet.io,"{""pokemonTcgApiId"": null, ""pricechartingId"": null, ""tcgdexCardId"": null, ""tcgplayerProductId"": null}",catalogue_identity_retained,pokewallet_authenticated_acquire_path,run_pokewallet_authenticated_acquire_or_collector_scan,2026-10-09T10:03:49Z
pokemon|jp|24127|008/019|zigzagoon,ja,24127,Emerald Gift Box (Deoxys),008/019,Zigzagoon,auth_only_source_no_alternate,"skip:api.pokewallet.io:pokewallet_auth_gated_no_bypass,skip:api.pokewallet.io:pokewallet_auth_gated_no_bypass,set_map:ambiguous_set_name:-",api.pokewallet.io,"{""pokemonTcgApiId"": null, ""pricechartingId"": null, ""tcgdexCardId"": null, ""tcgplayerProductId"": null}",catalogue_identity_retained,pokewallet_authenticated_acquire_path,run_pokewallet_authenticated_acquire_or_collector_scan,2026-10-09T10:03:49Z
pokemon|jp|24127|011/019|energy_search,ja,24127,Emerald Gift Box (Deoxys),011/019,Energy Search,auth_only_source_no_alternate,"skip:api.pokewallet.io:pokewallet_auth_gated_no_bypass,skip:api.pokewallet.io:pokewallet_auth_gated_no_bypass,set_map:ambiguous_set_name:-",api.pokewallet.io,"{""pokemonTcgApiId"": null, ""pricechartingId"": null, ""tcgdexCardId"": null, ""tcgplayerProductId"": null}",catalogue_identity_retained,pokewallet_authenticated_acquire_path,run_pokewallet_authenticated_acquire_or_collector_scan,2026-10-09T10:03:49Z
pokemon|jp|24127|012/019|life_herb,ja,24127,Emerald Gift Box (Deoxys),012/019,Life Herb,auth_only_source_no_alternate,"skip:api.pokewallet.io:pokewallet_auth_gated_no_bypass,skip:api.pokewallet.io:pokewallet_auth_gated_no_bypass,set_map:ambiguous_set_name:-",api.pokewallet.io,"{""pokemonTcgApiId"": null, ""pricechartingId"": null, ""tcgdexCardId"": null, ""tcgplayerProductId"": null}",catalogue_identity_retained,pokewallet_authenticated_acquire_path,run_pokewallet_authenticated_acquire_or_collector_scan,2026-10-09T10:03:49Z
pokemon|jp|24127|013/019|poke_ball,ja,24127,Emerald Gift Box (Deoxys),013/019,Poke Ball,auth_only_source_no_alternate,"skip:api.pokewallet.io:pokewallet_auth_gated_no_bypass,skip:api.pokewallet.io:pokewallet_auth_gated_no_bypass,set_map:ambiguous_set_name:-",api.pokewallet.io,"{""pokemonTcgApiId"": null, ""pricechartingId"": null, ""tcgdexCardId"": null, ""tcgplayerProductId"": null}",catalogue_identity_retained,pokewallet_authenticated_acquire_path,run_pokewallet_authenticated_acquire_or_collector_scan,2026-10-09T10:03:49Z
pokemon|jp|24127|016/019|spoink,ja,24127,Emerald Gift Box (Deoxys),016/019,Spoink,auth_only_source_no_alternate,"skip:api.pokewallet.io:pokewallet_auth_gated_no_bypass,skip:api.pokewallet.io:pokewallet_auth_gated_no_bypass,set_map:ambiguous_set_name:-",api.pokewallet.io,"{""pokemonTcgApiId"": null, ""pricechartingId"": null, ""tcgdexCardId"": null, ""tcgplayerProductId"": null}",catalogue_identity_retained,pokewallet_authenticated_acquire_path,run_pokewallet_authenticated_acquire_or_collector_scan,2026-10-09T10:03:49Z
pokemon|jp|24127|017/019|grumpig,ja,24127,Emerald Gift Box (Deoxys),017/019,Grumpig,auth_only_source_no_alternate,"skip:api.pokewallet.io:pokewallet_auth_gated_no_bypass,skip:api.pokewallet.io:pokewallet_auth_gated_no_bypass,set_map:ambiguous_set_name:-",api.pokewallet.io,"{""pokemonTcgApiId"": null, ""pricechartingId"": null, ""tcgdexCardId"": null, ""tcgplayerProductId"": null}",catalogue_identity_retained,pokewallet_authenticated_acquire_path,run_pokewallet_authenticated_acquire_or_collector_scan,2026-10-09T10:03:49Z
pokemon|jp|24127|019/019|deoxys_ex_019_019,ja,24127,Emerald Gift Box (Deoxys),019/019,Deoxys ex 019 019,auth_only_source_no_alternate,"skip:api.pokewallet.io:pokewallet_auth_gated_no_bypass,skip:api.pokewallet.io:pokewallet_auth_gated_no_bypass,set_map:ambiguous_set_name:-",api.pokewallet.io,"{""pokemonTcgApiId"": null, ""pricechartingId"": null, ""tcgdexCardId"": null, ""tcgplayerProductId"": null}",catalogue_identity_retained,pokewallet_authenticated_acquire_path,run_pokewallet_authenticated_acquire_or_collector_scan,2026-10-09T10:03:49Z
pokemon|jp|24130|009/019|swellow,ja,24130,Emerald Gift Box (Rayquaza),009/019,Swellow,auth_only_source_no_alternate,"skip:api.pokewallet.io:pokewallet_auth_gated_no_bypass,skip:api.pokewallet.io:pokewallet_auth_gated_no_bypass,set_map:ambiguous_set_name:-",api.pokewallet.io,"{""pokemonTcgApiId"": null, ""pricechartingId"": null, ""tcgdexCardId"": null, ""tcgplayerProductId"": null}",catalogue_identity_retained,pokewallet_authenticated_acquire_path,run_pokewallet_authenticated_acquire_or_collector_scan,2026-10-09T10:03:49Z
pokemon|jp|24130|018/019|rayquaza_ex,ja,24130,Emerald Gift Box (Rayquaza),018/019,Rayquaza ex,auth_only_source_no_alternate,"skip:api.pokewallet.io:pokewallet_auth_gated_no_bypass,skip:api.pokewallet.io:pokewallet_auth_gated_no_bypass,set_map:ambiguous_set_name:-",api.pokewallet.io,"{""pokemonTcgApiId"": null, ""pricechartingId"": null, ""tcgdexCardId"": null, ""tcgplayerProductId"": null}",catalogue_identity_retained,pokewallet_authenticated_acquire_path,run_pokewallet_authenticated_acquire_or_collector_scan,2026-10-09T10:03:49Z
pokemon|jp|24131|002/019|mudkip_002_019,ja,24131,Mudkip Constructed Starter Deck,002/019,Mudkip 002 019,auth_only_source_no_alternate,"skip:api.pokewallet.io:pokewallet_auth_gated_no_bypass,skip:api.pokewallet.io:pokewallet_auth_gated_no_bypass,set_map:no_set_mapping:-",api.pokewallet.io,"{""pokemonTcgApiId"": null, ""pricechartingId"": null, ""tcgdexCardId"": null, ""tcgplayerProductId"": null}",catalogue_identity_retained,pokewallet_authenticated_acquire_path,run_pokewallet_authenticated_acquire_or_collector_scan,2026-10-09T10:03:49Z
pokemon|jp|24131|003/019|mudkip_003_019,ja,24131,Mudkip Constructed Starter Deck,003/019,Mudkip 003 019,auth_only_source_no_alternate,"skip:api.pokewallet.io:pokewallet_auth_gated_no_bypass,skip:api.pokewallet.io:pokewallet_auth_gated_no_bypass,set_map:no_set_mapping:-",api.pokewallet.io,"{""pokemonTcgApiId"": null, ""pricechartingId"": null, ""tcgdexCardId"": null, ""tcgplayerProductId"": null}",catalogue_identity_retained,pokewallet_authenticated_acquire_path,run_pokewallet_authenticated_acquire_or_collector_scan,2026-10-09T10:03:49Z
pokemon|jp|24131|004/019|marshtomp_004_019,ja,24131,Mudkip Constructed Starter Deck,004/019,Marshtomp 004 019,auth_only_source_no_alternate,"skip:api.pokewallet.io:pokewallet_auth_gated_no_bypass,skip:api.pokewallet.io:pokewallet_auth_gated_no_bypass,set_map:no_set_mapping:-",api.pokewallet.io,"{""pokemonTcgApiId"": null, ""pricechartingId"": null, ""tcgdexCardId"": null, ""tcgplayerProductId"": null}",catalogue_identity_retained,pokewallet_authenticated_acquire_path,run_pokewallet_authenticated_acquire_or_collector_scan,2026-10-09T10:03:49Z
pokemon|jp|24131|005/019|marshtomp_005_019,ja,24131,Mudkip Constructed Starter Deck,005/019,Marshtomp 005 019,auth_only_source_no_alternate,"skip:api.pokewallet.io:pokewallet_auth_gated_no_bypass,skip:api.pokewallet.io:pokewallet_auth_gated_no_bypass,set_map:no_set_mapping:-",api.pokewallet.io,"{""pokemonTcgApiId"": null, ""pricechartingId"": null, ""tcgdexCardId"": null, ""tcgplayerProductId"": null}",catalogue_identity_retained,pokewallet_authenticated_acquire_path,run_pokewallet_authenticated_acquire_or_collector_scan,2026-10-09T10:03:49Z
pokemon|jp|24131|006/019|swampert,ja,24131,Mudkip Constructed Starter Deck,006/019,Swampert,auth_only_source_no_alternate,"skip:api.pokewallet.io:pokewallet_auth_gated_no_bypass,skip:api.pokewallet.io:pokewallet_auth_gated_no_bypass,set_map:no_set_mapping:-",api.pokewallet.io,"{""pokemonTcgApiId"": null, ""pricechartingId"": null, ""tcgdexCardId"": null, ""tcgplayerProductId"": null}",catalogue_identity_retained,pokewallet_authenticated_acquire_path,run_pokewallet_authenticated_acquire_or_collector_scan,2026-10-09T10:03:49Z
pokemon|jp|24131|010/019|aron_010_019,ja,24131,Mudkip Constructed Starter Deck,010/019,Aron 010 019,auth_only_source_no_alternate,"skip:api.pokewallet.io:pokewallet_auth_gated_no_bypass,skip:api.pokewallet.io:pokewallet_auth_gated_no_bypass,set_map:no_set_mapping:-",api.pokewallet.io,"{""pokemonTcgApiId"": null, ""pricechartingId"": null, ""tcgdexCardId"": null, ""tcgplayerProductId"": null}",catalogue_identity_retained,pokewallet_authenticated_acquire_path,run_pokewallet_authenticated_acquire_or_collector_scan,2026-10-09T10:03:49Z
pokemon|jp|24131|011/019|aron_011_019,ja,24131,Mudkip Constructed Starter Deck,011/019,Aron 011 019,auth_only_source_no_alternate,"skip:api.pokewallet.io:pokewallet_auth_gated_no_bypass,skip:api.pokewallet.io:pokewallet_auth_gated_no_bypass,set_map:no_set_mapping:-",api.pokewallet.io,"{""pokemonTcgApiId"": null, ""pricechartingId"": null, ""tcgdexCardId"": null, ""tcgplayerProductId"": null}",catalogue_identity_retained,pokewallet_authenticated_acquire_path,run_pokewallet_authenticated_acquire_or_collector_scan,2026-10-09T10:03:49Z
pokemon|jp|24131|013/019|energy_switch,ja,24131,Mudkip Constructed Starter Deck,013/019,Energy Switch,auth_only_source_no_alternate,"skip:api.pokewallet.io:pokewallet_auth_gated_no_bypass,skip:api.pokewallet.io:pokewallet_auth_gated_no_bypass,set_map:no_set_mapping:-",api.pokewallet.io,"{""pokemonTcgApiId"": null, ""pricechartingId"": null, ""tcgdexCardId"": null, ""tcgplayerProductId"": null}",catalogue_identity_retained,pokewallet_authenticated_acquire_path,run_pokewallet_authenticated_acquire_or_collector_scan,2026-10-09T10:03:49Z
pokemon|jp|24131|014/019|potion,ja,24131,Mudkip Constructed Starter Deck,014/019,Potion,auth_only_source_no_alternate,"skip:api.pokewallet.io:pokewallet_auth_gated_no_bypass,skip:api.pokewallet.io:pokewallet_auth_gated_no_bypass,set_map:no_set_mapping:-",api.pokewallet.io,"{""pokemonTcgApiId"": null, ""pricechartingId"": null, ""tcgdexCardId"": null, ""tcgplayerProductId"": null}",catalogue_identity_retained,pokewallet_authenticated_acquire_path,run_pokewallet_authenticated_acquire_or_collector_scan,2026-10-09T10:03:49Z
pokemon|jp|24131|015/019|pokenav,ja,24131,Mudkip Constructed Starter Deck,015/019,PokeNav,auth_only_source_no_alternate,"skip:api.pokewallet.io:pokewallet_auth_gated_no_bypass,skip:api.pokewallet.io:pokewallet_auth_gated_no_bypass,set_map:no_set_mapping:-",api.pokewallet.io,"{""pokemonTcgApiId"": null, ""pricechartingId"": null, ""tcgdexCardId"": null, ""tcgplayerProductId"": null}",catalogue_identity_retained,pokewallet_authenticated_acquire_path,run_pokewallet_authenticated_acquire_or_collector_scan,2026-10-09T10:03:49Z
pokemon|jp|24131|016/019|switch,ja,24131,Mudkip Constructed Starter Deck,016/019,Switch,auth_only_source_no_alternate,"skip:api.pokewallet.io:pokewallet_auth_gated_no_bypass,skip:api.pokewallet.io:pokewallet_auth_gated_no_bypass,set_map:no_set_mapping:-",api.pokewallet.io,"{""pokemonTcgApiId"": null, ""pricechartingId"": null, ""tcgdexCardId"": null, ""tcgplayerProductId"": null}",catalogue_identity_retained,pokewallet_authenticated_acquire_path,run_pokewallet_authenticated_acquire_or_collector_scan,2026-10-09T10:03:49Z
pokemon|jp|24131|017/019|poke_ball,ja,24131,Mudkip Constructed Starter Deck,017/019,Poke Ball,auth_only_source_no_alternate,"skip:api.pokewallet.io:pokewallet_auth_gated_no_bypass,skip:api.pokewallet.io:pokewallet_auth_gated_no_bypass,set_map:no_set_mapping:-",api.pokewallet.io,"{""pokemonTcgApiId"": null, ""pricechartingId"": null, ""tcgdexCardId"": null, ""tcgplayerProductId"": null}",catalogue_identity_retained,pokewallet_authenticated_acquire_path,run_pokewallet_authenticated_acquire_or_collector_scan,2026-10-09T10:03:49Z
pokemon|jp|24131|018/019|professor_birch,ja,24131,Mudkip Constructed Starter Deck,018/019,Professor Birch,auth_only_source_no_alternate,"skip:api.pokewallet.io:pokewallet_auth_gated_no_bypass,skip:api.pokewallet.io:pokewallet_auth_gated_no_bypass,set_map:no_set_mapping:-",api.pokewallet.io,"{""pokemonTcgApiId"": null, ""pricechartingId"": null, ""tcgdexCardId"": null, ""tcgplayerProductId"": null}",catalogue_identity_retained,pokewallet_authenticated_acquire_path,run_pokewallet_authenticated_acquire_or_collector_scan,2026-10-09T10:03:49Z
pokemon|jp|24131|019/019|lum_berry,ja,24131,Mudkip Constructed Starter Deck,019/019,Lum Berry,auth_only_source_no_alternate,"skip:api.pokewallet.io:pokewallet_auth_gated_no_bypass,skip:api.pokewallet.io:pokewallet_auth_gated_no_bypass,set_map:no_set_mapping:-",api.pokewallet.io,"{""pokemonTcgApiId"": null, ""pricechartingId"": null, ""tcgdexCardId"": null, ""tcgplayerProductId"": null}",catalogue_identity_retained,pokewallet_authenticated_acquire_path,run_pokewallet_authenticated_acquire_or_collector_scan,2026-10-09T10:03:49Z
pokemon|jp|24132|001/019|magmar_ex,ja,24132,Torchic Constructed Starter Deck,001/019,Magmar ex,auth_only_source_no_alternate,"skip:api.pokewallet.io:pokewallet_auth_gated_no_bypass,skip:api.pokewallet.io:pokewallet_auth_gated_no_bypass,set_map:no_set_mapping:-",api.pokewallet.io,"{""pokemonTcgApiId"": null, ""pricechartingId"": null, ""tcgdexCardId"": null, ""tcgplayerProductId"": null}",catalogue_identity_retained,pokewallet_authenticated_acquire_path,run_pokewallet_authenticated_acquire_or_collector_scan,2026-10-09T10:03:49Z
pokemon|jp|24132|002/019|torchic_002_019,ja,24132,Torchic Constructed Starter Deck,002/019,Torchic 002 019,auth_only_source_no_alternate,"skip:api.pokewallet.io:pokewallet_auth_gated_no_bypass,skip:api.pokewallet.io:pokewallet_auth_gated_no_bypass,set_map:no_set_mapping:-",api.pokewallet.io,"{""pokemonTcgApiId"": null, ""pricechartingId"": null, ""tcgdexCardId"": null, ""tcgplayerProductId"": null}",catalogue_identity_retained,pokewallet_authenticated_acquire_path,run_pokewallet_authenticated_acquire_or_collector_scan,2026-10-09T10:03:49Z
pokemon|jp|24132|004/019|combusken_004_019,ja,24132,Torchic Constructed Starter Deck,004/019,Combusken 004 019,auth_only_source_no_alternate,"skip:api.pokewallet.io:pokewallet_auth_gated_no_bypass,skip:api.pokewallet.io:pokewallet_auth_gated_no_bypass,set_map:no_set_mapping:-",api.pokewallet.io,"{""pokemonTcgApiId"": null, ""pricechartingId"": null, ""tcgdexCardId"": null, ""tcgplayerProductId"": null}",catalogue_identity_retained,pokewallet_authenticated_acquire_path,run_pokewallet_authenticated_acquire_or_collector_scan,2026-10-09T10:03:49Z
pokemon|jp|24132|005/019|combusken_005_019,ja,24132,Torchic Constructed Starter Deck,005/019,Combusken 005 019,auth_only_source_no_alternate,"skip:api.pokewallet.io:pokewallet_auth_gated_no_bypass,skip:api.pokewallet.io:pokewallet_auth_gated_no_bypass,set_map:no_set_mapping:-",api.pokewallet.io,"{""pokemonTcgApiId"": null, ""pricechartingId"": null, ""tcgdexCardId"": null, ""tcgplayerProductId"": null}",catalogue_identity_retained,pokewallet_authenticated_acquire_path,run_pokewallet_authenticated_acquire_or_collector_scan,2026-10-09T10:03:49Z
pokemon|jp|24132|006/019|blaziken,ja,24132,Torchic Constructed Starter Deck,006/019,Blaziken,auth_only_source_no_alternate,"skip:api.pokewallet.io:pokewallet_auth_gated_no_bypass,skip:api.pokewallet.io:pokewallet_auth_gated_no_bypass,set_map:no_set_mapping:-",api.pokewallet.io,"{""pokemonTcgApiId"": null, ""pricechartingId"": null, ""tcgdexCardId"": null, ""tcgplayerProductId"": null}",catalogue_identity_retained,pokewallet_authenticated_acquire_path,run_pokewallet_authenticated_acquire_or_collector_scan,2026-10-09T10:03:49Z
pokemon|jp|24132|007/019|electrike_007_019,ja,24132,Torchic Constructed Starter Deck,007/019,Electrike 007 019,auth_only_source_no_alternate,"skip:api.pokewallet.io:pokewallet_auth_gated_no_bypass,skip:api.pokewallet.io:pokewallet_auth_gated_no_bypass,set_map:no_set_mapping:-",api.pokewallet.io,"{""pokemonTcgApiId"": null, ""pricechartingId"": null, ""tcgdexCardId"": null, ""tcgplayerProductId"": null}",catalogue_identity_retained,pokewallet_authenticated_acquire_path,run_pokewallet_authenticated_acquire_or_collector_scan,2026-10-09T10:03:49Z
pokemon|jp|24132|008/019|electrike_008_019,ja,24132,Torchic Constructed Starter Deck,008/019,Electrike 008 019,auth_only_source_no_alternate,"skip:api.pokewallet.io:pokewallet_auth_gated_no_bypass,skip:api.pokewallet.io:pokewallet_auth_gated_no_bypass,set_map:no_set_mapping:-",api.pokewallet.io,"{""pokemonTcgApiId"": null, ""pricechartingId"": null, ""tcgdexCardId"": null, ""tcgplayerProductId"": null}",catalogue_identity_retained,pokewallet_authenticated_acquire_path,run_pokewallet_authenticated_acquire_or_collector_scan,2026-10-09T10:03:49Z
pokemon|jp|24132|009/019|manectric,ja,24132,Torchic Constructed Starter Deck,009/019,Manectric,auth_only_source_no_alternate,"skip:api.pokewallet.io:pokewallet_auth_gated_no_bypass,skip:api.pokewallet.io:pokewallet_auth_gated_no_bypass,set_map:no_set_mapping:-",api.pokewallet.io,"{""pokemonTcgApiId"": null, ""pricechartingId"": null, ""tcgdexCardId"": null, ""tcgplayerProductId"": null}",catalogue_identity_retained,pokewallet_authenticated_acquire_path,run_pokewallet_authenticated_acquire_or_collector_scan,2026-10-09T10:03:49Z
pokemon|jp|24132|010/019|poochyena_010_019,ja,24132,Torchic Constructed Starter Deck,010/019,Poochyena 010 019,auth_only_source_no_alternate,"skip:api.pokewallet.io:pokewallet_auth_gated_no_bypass,skip:api.pokewallet.io:pokewallet_auth_gated_no_bypass,set_map:no_set_mapping:-",api.pokewallet.io,"{""pokemonTcgApiId"": null, ""pricechartingId"": null, ""tcgdexCardId"": null, ""tcgplayerProductId"": null}",catalogue_identity_retained,pokewallet_authenticated_acquire_path,run_pokewallet_authenticated_acquire_or_collector_scan,2026-10-09T10:03:49Z
pokemon|jp|24132|011/019|poochyena_011_019,ja,24132,Torchic Constructed Starter Deck,011/019,Poochyena 011 019,auth_only_source_no_alternate,"skip:api.pokewallet.io:pokewallet_auth_gated_no_bypass,skip:api.pokewallet.io:pokewallet_auth_gated_no_bypass,set_map:no_set_mapping:-",api.pokewallet.io,"{""pokemonTcgApiId"": null, ""pricechartingId"": null, ""tcgdexCardId"": null, ""tcgplayerProductId"": null}",catalogue_identity_retained,pokewallet_authenticated_acquire_path,run_pokewallet_authenticated_acquire_or_collector_scan,2026-10-09T10:03:49Z
pokemon|jp|24132|012/019|mightyena,ja,24132,Torchic Constructed Starter Deck,012/019,Mightyena,auth_only_source_no_alternate,"skip:api.pokewallet.io:pokewallet_auth_gated_no_bypass,skip:api.pokewallet.io:pokewallet_auth_gated_no_bypass,set_map:no_set_mapping:-",api.pokewallet.io,"{""pokemonTcgApiId"": null, ""pricechartingId"": null, ""tcgdexCardId"": null, ""tcgplayerProductId"": null}",catalogue_identity_retained,pokewallet_authenticated_acquire_path,run_pokewallet_authenticated_acquire_or_collector_scan,2026-10-09T10:03:49Z
pokemon|jp|24132|013/019|energy_restore,ja,24132,Torchic Constructed Starter Deck,013/019,Energy Restore,auth_only_source_no_alternate,"skip:api.pokewallet.io:pokewallet_auth_gated_no_bypass,skip:api.pokewallet.io:pokewallet_auth_gated_no_bypass,set_map:no_set_mapping:-",api.pokewallet.io,"{""pokemonTcgApiId"": null, ""pricechartingId"": null, ""tcgdexCardId"": null, ""tcgplayerProductId"": null}",catalogue_identity_retained,pokewallet_authenticated_acquire_path,run_pokewallet_authenticated_acquire_or_collector_scan,2026-10-09T10:03:49Z
pokemon|jp|24132|014/019|potion,ja,24132,Torchic Constructed Starter Deck,014/019,Potion,auth_only_source_no_alternate,"skip:api.pokewallet.io:pokewallet_auth_gated_no_bypass,skip:api.pokewallet.io:pokewallet_auth_gated_no_bypass,set_map:no_set_mapping:-",api.pokewallet.io,"{""pokemonTcgApiId"": null, ""pricechartingId"": null, ""tcgdexCardId"": null, ""tcgplayerProductId"": null}",catalogue_identity_retained,pokewallet_authenticated_acquire_path,run_pokewallet_authenticated_acquire_or_collector_scan,2026-10-09T10:03:49Z
pokemon|jp|24132|015/019|pokenav,ja,24132,Torchic Constructed Starter Deck,015/019,PokeNav,auth_only_source_no_alternate,"skip:api.pokewallet.io:pokewallet_auth_gated_no_bypass,skip:api.pokewallet.io:pokewallet_auth_gated_no_bypass,set_map:no_set_mapping:-",api.pokewallet.io,"{""pokemonTcgApiId"": null, ""pricechartingId"": null, ""tcgdexCardId"": null, ""tcgplayerProductId"": null}",catalogue_identity_retained,pokewallet_authenticated_acquire_path,run_pokewallet_authenticated_acquire_or_collector_scan,2026-10-09T10:03:49Z
pokemon|jp|24132|016/019|pokemon_reversal,ja,24132,Torchic Constructed Starter Deck,016/019,Pokemon Reversal,auth_only_source_no_alternate,"skip:api.pokewallet.io:pokewallet_auth_gated_no_bypass,skip:api.pokewallet.io:pokewallet_auth_gated_no_bypass,set_map:no_set_mapping:-",api.pokewallet.io,"{""pokemonTcgApiId"": null, ""pricechartingId"": null, ""tcgdexCardId"": null, ""tcgplayerProductId"": null}",catalogue_identity_retained,pokewallet_authenticated_acquire_path,run_pokewallet_authenticated_acquire_or_collector_scan,2026-10-09T10:03:49Z
pokemon|jp|24132|017/019|poke_ball,ja,24132,Torchic Constructed Starter Deck,017/019,Poke Ball,auth_only_source_no_alternate,"skip:api.pokewallet.io:pokewallet_auth_gated_no_bypass,skip:api.pokewallet.io:pokewallet_auth_gated_no_bypass,set_map:no_set_mapping:-",api.pokewallet.io,"{""pokemonTcgApiId"": null, ""pricechartingId"": null, ""tcgdexCardId"": null, ""tcgplayerProductId"": null}",catalogue_identity_retained,pokewallet_authenticated_acquire_path,run_pokewallet_authenticated_acquire_or_collector_scan,2026-10-09T10:03:49Z
pokemon|jp|24132|018/019|professor_birch,ja,24132,Torchic Constructed Starter Deck,018/019,Professor Birch,auth_only_source_no_alternate,"skip:api.pokewallet.io:pokewallet_auth_gated_no_bypass,skip:api.pokewallet.io:pokewallet_auth_gated_no_bypass,set_map:no_set_mapping:-",api.pokewallet.io,"{""pokemonTcgApiId"": null, ""pricechartingId"": null, ""tcgdexCardId"": null, ""tcgplayerProductId"": null}",catalogue_identity_retained,pokewallet_authenticated_acquire_path,run_pokewallet_authenticated_acquire_or_collector_scan,2026-10-09T10:03:49Z
pokemon|jp|24132|019/019|lum_berry,ja,24132,Torchic Constructed Starter Deck,019/019,Lum Berry,auth_only_source_no_alternate,"skip:api.pokewallet.io:pokewallet_auth_gated_no_bypass,skip:api.pokewallet.io:pokewallet_auth_gated_no_bypass,set_map:no_set_mapping:-",api.pokewallet.io,"{""pokemonTcgApiId"": null, ""pricechartingId"": null, ""tcgdexCardId"": null, ""tcgplayerProductId"": null}",catalogue_identity_retained,pokewallet_authenticated_acquire_path,run_pokewallet_authenticated_acquire_or_collector_scan,2026-10-09T10:03:49Z
pokemon|jp|24133|002/019|treecko_002_019,ja,24133,Treecko Constructed Starter Deck,002/019,Treecko 002 019,auth_only_source_no_alternate,"skip:api.pokewallet.io:pokewallet_auth_gated_no_bypass,skip:api.pokewallet.io:pokewallet_auth_gated_no_bypass,set_map:no_set_mapping:-",api.pokewallet.io,"{""pokemonTcgApiId"": null, ""pricechartingId"": null, ""tcgdexCardId"": null, ""tcgplayerProductId"": null}",catalogue_identity_retained,pokewallet_authenticated_acquire_path,run_pokewallet_authenticated_acquire_or_collector_scan,2026-10-09T10:03:49Z
pokemon|jp|24133|003/019|treecko_003_019,ja,24133,Treecko Constructed Starter Deck,003/019,Treecko 003 019,auth_only_source_no_alternate,"skip:api.pokewallet.io:pokewallet_auth_gated_no_bypass,skip:api.pokewallet.io:pokewallet_auth_gated_no_bypass,set_map:no_set_mapping:-",api.pokewallet.io,"{""pokemonTcgApiId"": null, ""pricechartingId"": null, ""tcgdexCardId"": null, ""tcgplayerProductId"": null}",catalogue_identity_retained,pokewallet_authenticated_acquire_path,run_pokewallet_authenticated_acquire_or_collector_scan,2026-10-09T10:03:49Z
pokemon|jp|24133|004/019|grovyle_004_019,ja,24133,Treecko Constructed Starter Deck,004/019,Grovyle 004 019,auth_only_source_no_alternate,"skip:api.pokewallet.io:pokewallet_auth_gated_no_bypass,skip:api.pokewallet.io:pokewallet_auth_gated_no_bypass,set_map:no_set_mapping:-",api.pokewallet.io,"{""pokemonTcgApiId"": null, ""pricechartingId"": null, ""tcgdexCardId"": null, ""tcgplayerProductId"": null}",catalogue_identity_retained,pokewallet_authenticated_acquire_path,run_pokewallet_authenticated_acquire_or_collector_scan,2026-10-09T10:03:49Z
pokemon|jp|24133|005/019|grovyle_005_019,ja,24133,Treecko Constructed Starter Deck,005/019,Grovyle 005 019,auth_only_source_no_alternate,"skip:api.pokewallet.io:pokewallet_auth_gated_no_bypass,skip:api.pokewallet.io:pokewallet_auth_gated_no_bypass,set_map:no_set_mapping:-",api.pokewallet.io,"{""pokemonTcgApiId"": null, ""pricechartingId"": null, ""tcgdexCardId"": null, ""tcgplayerProductId"": null}",catalogue_identity_retained,pokewallet_authenticated_acquire_path,run_pokewallet_authenticated_acquire_or_collector_scan,2026-10-09T10:03:49Z
pokemon|jp|24133|006/019|sceptile,ja,24133,Treecko Constructed Starter Deck,006/019,Sceptile,auth_only_source_no_alternate,"skip:api.pokewallet.io:pokewallet_auth_gated_no_bypass,skip:api.pokewallet.io:pokewallet_auth_gated_no_bypass,set_map:no_set_mapping:-",api.pokewallet.io,"{""pokemonTcgApiId"": null, ""pricechartingId"": null, ""tcgdexCardId"": null, ""tcgplayerProductId"": null}",catalogue_identity_retained,pokewallet_authenticated_acquire_path,run_pokewallet_authenticated_acquire_or_collector_scan,2026-10-09T10:03:49Z
pokemon|jp|24133|007/019|makuhita_007_019,ja,24133,Treecko Constructed Starter Deck,007/019,Makuhita 007 019,auth_only_source_no_alternate,"skip:api.pokewallet.io:pokewallet_auth_gated_no_bypass,skip:api.pokewallet.io:pokewallet_auth_gated_no_bypass,set_map:no_set_mapping:-",api.pokewallet.io,"{""pokemonTcgApiId"": null, ""pricechartingId"": null, ""tcgdexCardId"": null, ""tcgplayerProductId"": null}",catalogue_identity_retained,pokewallet_authenticated_acquire_path,run_pokewallet_authenticated_acquire_or_collector_scan,2026-10-09T10:03:49Z
pokemon|jp|24133|008/019|makuhita_008_019,ja,24133,Treecko Constructed Starter Deck,008/019,Makuhita 008 019,auth_only_source_no_alternate,"skip:api.pokewallet.io:pokewallet_auth_gated_no_bypass,skip:api.pokewallet.io:pokewallet_auth_gated_no_bypass,set_map:no_set_mapping:-",api.pokewallet.io,"{""pokemonTcgApiId"": null, ""pricechartingId"": null, ""tcgdexCardId"": null, ""tcgplayerProductId"": null}",catalogue_identity_retained,pokewallet_authenticated_acquire_path,run_pokewallet_authenticated_acquire_or_collector_scan,2026-10-09T10:03:49Z
pokemon|jp|24133|009/019|hariyama,ja,24133,Treecko Constructed Starter Deck,009/019,Hariyama,auth_only_source_no_alternate,"skip:api.pokewallet.io:pokewallet_auth_gated_no_bypass,skip:api.pokewallet.io:pokewallet_auth_gated_no_bypass,set_map:no_set_mapping:-",api.pokewallet.io,"{""pokemonTcgApiId"": null, ""pricechartingId"": null, ""tcgdexCardId"": null, ""tcgplayerProductId"": null}",catalogue_identity_retained,pokewallet_authenticated_acquire_path,run_pokewallet_authenticated_acquire_or_collector_scan,2026-10-09T10:03:49Z
pokemon|jp|24133|010/019|skitty_010_019,ja,24133,Treecko Constructed Starter Deck,010/019,Skitty 010 019,auth_only_source_no_alternate,"skip:api.pokewallet.io:pokewallet_auth_gated_no_bypass,skip:api.pokewallet.io:pokewallet_auth_gated_no_bypass,set_map:no_set_mapping:-",api.pokewallet.io,"{""pokemonTcgApiId"": null, ""pricechartingId"": null, ""tcgdexCardId"": null, ""tcgplayerProductId"": null}",catalogue_identity_retained,pokewallet_authenticated_acquire_path,run_pokewallet_authenticated_acquire_or_collector_scan,2026-10-09T10:03:49Z
pokemon|jp|24133|011/019|skitty_011_019,ja,24133,Treecko Constructed Starter Deck,011/019,Skitty 011 019,auth_only_source_no_alternate,"skip:api.pokewallet.io:pokewallet_auth_gated_no_bypass,skip:api.pokewallet.io:pokewallet_auth_gated_no_bypass,set_map:no_set_mapping:-",api.pokewallet.io,"{""pokemonTcgApiId"": null, ""pricechartingId"": null, ""tcgdexCardId"": null, ""tcgplayerProductId"": null}",catalogue_identity_retained,pokewallet_authenticated_acquire_path,run_pokewallet_authenticated_acquire_or_collector_scan,2026-10-09T10:03:49Z
pokemon|jp|24133|012/019|delcatty,ja,24133,Treecko Constructed Starter Deck,012/019,Delcatty,auth_only_source_no_alternate,"skip:api.pokewallet.io:pokewallet_auth_gated_no_bypass,skip:api.pokewallet.io:pokewallet_auth_gated_no_bypass,set_map:no_set_mapping:-",api.pokewallet.io,"{""pokemonTcgApiId"": null, ""pricechartingId"": null, ""tcgdexCardId"": null, ""tcgplayerProductId"": null}",catalogue_identity_retained,pokewallet_authenticated_acquire_path,run_pokewallet_authenticated_acquire_or_collector_scan,2026-10-09T10:03:49Z
pokemon|jp|24133|013/019|energy_search,ja,24133,Treecko Constructed Starter Deck,013/019,Energy Search,auth_only_source_no_alternate,"skip:api.pokewallet.io:pokewallet_auth_gated_no_bypass,skip:api.pokewallet.io:pokewallet_auth_gated_no_bypass,set_map:no_set_mapping:-",api.pokewallet.io,"{""pokemonTcgApiId"": null, ""pricechartingId"": null, ""tcgdexCardId"": null, ""tcgplayerProductId"": null}",catalogue_identity_retained,pokewallet_authenticated_acquire_path,run_pokewallet_authenticated_acquire_or_collector_scan,2026-10-09T10:03:49Z
pokemon|jp|24133|014/019|energy_removal_2,ja,24133,Treecko Constructed Starter Deck,014/019,Energy Removal 2,auth_only_source_no_alternate,"skip:api.pokewallet.io:pokewallet_auth_gated_no_bypass,skip:api.pokewallet.io:pokewallet_auth_gated_no_bypass,set_map:no_set_mapping:-",api.pokewallet.io,"{""pokemonTcgApiId"": null, ""pricechartingId"": null, ""tcgdexCardId"": null, ""tcgplayerProductId"": null}",catalogue_identity_retained,pokewallet_authenticated_acquire_path,run_pokewallet_authenticated_acquire_or_collector_scan,2026-10-09T10:03:49Z
pokemon|jp|24133|015/019|potion,ja,24133,Treecko Constructed Starter Deck,015/019,Potion,auth_only_source_no_alternate,"skip:api.pokewallet.io:pokewallet_auth_gated_no_bypass,skip:api.pokewallet.io:pokewallet_auth_gated_no_bypass,set_map:no_set_mapping:-",api.pokewallet.io,"{""pokemonTcgApiId"": null, ""pricechartingId"": null, ""tcgdexCardId"": null, ""tcgplayerProductId"": null}",catalogue_identity_retained,pokewallet_authenticated_acquire_path,run_pokewallet_authenticated_acquire_or_collector_scan,2026-10-09T10:03:49Z
pokemon|jp|24133|016/019|pokenav,ja,24133,Treecko Constructed Starter Deck,016/019,PokeNav,auth_only_source_no_alternate,"skip:api.pokewallet.io:pokewallet_auth_gated_no_bypass,skip:api.pokewallet.io:pokewallet_auth_gated_no_bypass,set_map:no_set_mapping:-",api.pokewallet.io,"{""pokemonTcgApiId"": null, ""pricechartingId"": null, ""tcgdexCardId"": null, ""tcgplayerProductId"": null}",catalogue_identity_retained,pokewallet_authenticated_acquire_path,run_pokewallet_authenticated_acquire_or_collector_scan,2026-10-09T10:03:49Z
pokemon|jp|24133|017/019|poke_ball,ja,24133,Treecko Constructed Starter Deck,017/019,Poke Ball,auth_only_source_no_alternate,"skip:api.pokewallet.io:pokewallet_auth_gated_no_bypass,skip:api.pokewallet.io:pokewallet_auth_gated_no_bypass,set_map:no_set_mapping:-",api.pokewallet.io,"{""pokemonTcgApiId"": null, ""pricechartingId"": null, ""tcgdexCardId"": null, ""tcgplayerProductId"": null}",catalogue_identity_retained,pokewallet_authenticated_acquire_path,run_pokewallet_authenticated_acquire_or_collector_scan,2026-10-09T10:03:49Z
pokemon|jp|24133|019/019|lum_berry,ja,24133,Treecko Constructed Starter Deck,019/019,Lum Berry,auth_only_source_no_alternate,"skip:api.pokewallet.io:pokewallet_auth_gated_no_bypass,skip:api.pokewallet.io:pokewallet_auth_gated_no_bypass,set_map:no_set_mapping:-",api.pokewallet.io,"{""pokemonTcgApiId"": null, ""pricechartingId"": null, ""tcgdexCardId"": null, ""tcgplayerProductId"": null}",catalogue_identity_retained,pokewallet_authenticated_acquire_path,run_pokewallet_authenticated_acquire_or_collector_scan,2026-10-09T10:03:49Z
pokemon|jp|24134|001/020|spinarak,ja,24134,Black Deck Kit,001/020,Spinarak,auth_only_source_no_alternate,"skip:api.pokewallet.io:pokewallet_auth_gated_no_bypass,skip:api.pokewallet.io:pokewallet_auth_gated_no_bypass,set_map:no_set_mapping:-",api.pokewallet.io,"{""pokemonTcgApiId"": null, ""pricechartingId"": null, ""tcgdexCardId"": null, ""tcgplayerProductId"": null}",catalogue_identity_retained,pokewallet_authenticated_acquire_path,run_pokewallet_authenticated_acquire_or_collector_scan,2026-10-09T10:03:49Z
pokemon|jp|24134|002/020|dark_ariados,ja,24134,Black Deck Kit,002/020,Dark Ariados,auth_only_source_no_alternate,"skip:api.pokewallet.io:pokewallet_auth_gated_no_bypass,skip:api.pokewallet.io:pokewallet_auth_gated_no_bypass,set_map:no_set_mapping:-",api.pokewallet.io,"{""pokemonTcgApiId"": null, ""pricechartingId"": null, ""tcgdexCardId"": null, ""tcgplayerProductId"": null}",catalogue_identity_retained,pokewallet_authenticated_acquire_path,run_pokewallet_authenticated_acquire_or_collector_scan,2026-10-09T10:03:49Z
pokemon|jp|24134|003/020|slugma,ja,24134,Black Deck Kit,003/020,Slugma,auth_only_source_no_alternate,"skip:api.pokewallet.io:pokewallet_auth_gated_no_bypass,skip:api.pokewallet.io:pokewallet_auth_gated_no_bypass,set_map:no_set_mapping:-",api.pokewallet.io,"{""pokemonTcgApiId"": null, ""pricechartingId"": null, ""tcgdexCardId"": null, ""tcgplayerProductId"": null}",catalogue_identity_retained,pokewallet_authenticated_acquire_path,run_pokewallet_authenticated_acquire_or_collector_scan,2026-10-09T10:03:49Z
pokemon|jp|24134|004/020|houndour,ja,24134,Black Deck Kit,004/020,Houndour,auth_only_source_no_alternate,"skip:api.pokewallet.io:pokewallet_auth_gated_no_bypass,skip:api.pokewallet.io:pokewallet_auth_gated_no_bypass,set_map:no_set_mapping:-",api.pokewallet.io,"{""pokemonTcgApiId"": null, ""pricechartingId"": null, ""tcgdexCardId"": null, ""tcgplayerProductId"": null}",catalogue_identity_retained,pokewallet_authenticated_acquire_path,run_pokewallet_authenticated_acquire_or_collector_scan,2026-10-09T10:03:49Z
pokemon|jp|24134|005/020|dark_magcargo,ja,24134,Black Deck Kit,005/020,Dark Magcargo,auth_only_source_no_alternate,"skip:api.pokewallet.io:pokewallet_auth_gated_no_bypass,skip:api.pokewallet.io:pokewallet_auth_gated_no_bypass,set_map:no_set_mapping:-",api.pokewallet.io,"{""pokemonTcgApiId"": null, ""pricechartingId"": null, ""tcgdexCardId"": null, ""tcgplayerProductId"": null}",catalogue_identity_retained,pokewallet_authenticated_acquire_path,run_pokewallet_authenticated_acquire_or_collector_scan,2026-10-09T10:03:49Z
pokemon|jp|24134|006/020|dark_houndoom,ja,24134,Black Deck Kit,006/020,Dark Houndoom,auth_only_source_no_alternate,"skip:api.pokewallet.io:pokewallet_auth_gated_no_bypass,skip:api.pokewallet.io:pokewallet_auth_gated_no_bypass,set_map:no_set_mapping:-",api.pokewallet.io,"{""pokemonTcgApiId"": null, ""pricechartingId"": null, ""tcgdexCardId"": null, ""tcgplayerProductId"": null}",catalogue_identity_retained,pokewallet_authenticated_acquire_path,run_pokewallet_authenticated_acquire_or_collector_scan,2026-10-09T10:03:49Z
pokemon|jp|24134|007/020|larvitar_007_020,ja,24134,Black Deck Kit,007/020,Larvitar 007 020,auth_only_source_no_alternate,"skip:api.pokewallet.io:pokewallet_auth_gated_no_bypass,skip:api.pokewallet.io:pokewallet_auth_gated_no_bypass,set_map:no_set_mapping:-",api.pokewallet.io,"{""pokemonTcgApiId"": null, ""pricechartingId"": null, ""tcgdexCardId"": null, ""tcgplayerProductId"": null}",catalogue_identity_retained,pokewallet_authenticated_acquire_path,run_pokewallet_authenticated_acquire_or_collector_scan,2026-10-09T10:03:49Z
pokemon|jp|24134|009/020|dark_pupitar_009_020,ja,24134,Black Deck Kit,009/020,Dark Pupitar 009 020,auth_only_source_no_alternate,"skip:api.pokewallet.io:pokewallet_auth_gated_no_bypass,skip:api.pokewallet.io:pokewallet_auth_gated_no_bypass,set_map:no_set_mapping:-",api.pokewallet.io,"{""pokemonTcgApiId"": null, ""pricechartingId"": null, ""tcgdexCardId"": null, ""tcgplayerProductId"": null}",catalogue_identity_retained,pokewallet_authenticated_acquire_path,run_pokewallet_authenticated_acquire_or_collector_scan,2026-10-09T10:03:49Z
pokemon|jp|24134|010/020|dark_pupitar_010_020,ja,24134,Black Deck Kit,010/020,Dark Pupitar 010 020,auth_only_source_no_alternate,"skip:api.pokewallet.io:pokewallet_auth_gated_no_bypass,skip:api.pokewallet.io:pokewallet_auth_gated_no_bypass,set_map:no_set_mapping:-",api.pokewallet.io,"{""pokemonTcgApiId"": null, ""pricechartingId"": null, ""tcgdexCardId"": null, ""tcgplayerProductId"": null}",catalogue_identity_retained,pokewallet_authenticated_acquire_path,run_pokewallet_authenticated_acquire_or_collector_scan,2026-10-09T10:03:49Z
pokemon|jp|24134|011/020|dark_tyranitar_011_020,ja,24134,Black Deck Kit,011/020,Dark Tyranitar 011 020,auth_only_source_no_alternate,"skip:api.pokewallet.io:pokewallet_auth_gated_no_bypass,skip:api.pokewallet.io:pokewallet_auth_gated_no_bypass,set_map:no_set_mapping:-",api.pokewallet.io,"{""pokemonTcgApiId"": null, ""pricechartingId"": null, ""tcgdexCardId"": null, ""tcgplayerProductId"": null}",catalogue_identity_retained,pokewallet_authenticated_acquire_path,run_pokewallet_authenticated_acquire_or_collector_scan,2026-10-09T10:03:49Z
pokemon|jp|24134|012/020|dark_tyranitar_012_020,ja,24134,Black Deck Kit,012/020,Dark Tyranitar 012 020,auth_only_source_no_alternate,"skip:api.pokewallet.io:pokewallet_auth_gated_no_bypass,skip:api.pokewallet.io:pokewallet_auth_gated_no_bypass,set_map:no_set_mapping:-",api.pokewallet.io,"{""pokemonTcgApiId"": null, ""pricechartingId"": null, ""tcgdexCardId"": null, ""tcgplayerProductId"": null}",catalogue_identity_retained,pokewallet_authenticated_acquire_path,run_pokewallet_authenticated_acquire_or_collector_scan,2026-10-09T10:03:49Z
pokemon|jp|24134|014/020|rockets_moltres_ex,ja,24134,Black Deck Kit,014/020,Rockets Moltres ex,auth_only_source_no_alternate,"skip:api.pokewallet.io:pokewallet_auth_gated_no_bypass,skip:api.pokewallet.io:pokewallet_auth_gated_no_bypass,set_map:no_set_mapping:-",api.pokewallet.io,"{""pokemonTcgApiId"": null, ""pricechartingId"": null, ""tcgdexCardId"": null, ""tcgplayerProductId"": null}",catalogue_identity_retained,pokewallet_authenticated_acquire_path,run_pokewallet_authenticated_acquire_or_collector_scan,2026-10-09T10:03:49Z
pokemon|jp|24134|015/020|energy_search,ja,24134,Black Deck Kit,015/020,Energy Search,auth_only_source_no_alternate,"skip:api.pokewallet.io:pokewallet_auth_gated_no_bypass,skip:api.pokewallet.io:pokewallet_auth_gated_no_bypass,set_map:no_set_mapping:-",api.pokewallet.io,"{""pokemonTcgApiId"": null, ""pricechartingId"": null, ""tcgdexCardId"": null, ""tcgplayerProductId"": null}",catalogue_identity_retained,pokewallet_authenticated_acquire_path,run_pokewallet_authenticated_acquire_or_collector_scan,2026-10-09T10:03:49Z
pokemon|jp|24134|016/020|potion,ja,24134,Black Deck Kit,016/020,Potion,auth_only_source_no_alternate,"skip:api.pokewallet.io:pokewallet_auth_gated_no_bypass,skip:api.pokewallet.io:pokewallet_auth_gated_no_bypass,set_map:no_set_mapping:-",api.pokewallet.io,"{""pokemonTcgApiId"": null, ""pricechartingId"": null, ""tcgdexCardId"": null, ""tcgplayerProductId"": null}",catalogue_identity_retained,pokewallet_authenticated_acquire_path,run_pokewallet_authenticated_acquire_or_collector_scan,2026-10-09T10:03:49Z
pokemon|jp|24134|017/020|rockets_poke_ball,ja,24134,Black Deck Kit,017/020,Rockets Poke Ball,auth_only_source_no_alternate,"skip:api.pokewallet.io:pokewallet_auth_gated_no_bypass,skip:api.pokewallet.io:pokewallet_auth_gated_no_bypass,set_map:no_set_mapping:-",api.pokewallet.io,"{""pokemonTcgApiId"": null, ""pricechartingId"": null, ""tcgdexCardId"": null, ""tcgplayerProductId"": null}",catalogue_identity_retained,pokewallet_authenticated_acquire_path,run_pokewallet_authenticated_acquire_or_collector_scan,2026-10-09T10:03:49Z
pokemon|jp|24147|001/019|phantoms_beedrill,ja,24147,Movie Commemoration VS Pack: Sea's Manaphy,001/019,Phantoms Beedrill,auth_only_source_no_alternate,"skip:api.pokewallet.io:pokewallet_auth_gated_no_bypass,skip:api.pokewallet.io:pokewallet_auth_gated_no_bypass,set_map:ambiguous_set_name:-",api.pokewallet.io,"{""pokemonTcgApiId"": null, ""pricechartingId"": null, ""tcgdexCardId"": null, ""tcgplayerProductId"": null}",catalogue_identity_retained,pokewallet_authenticated_acquire_path,run_pokewallet_authenticated_acquire_or_collector_scan,2026-10-09T10:03:49Z
pokemon|jp|24147|002/019|mays_combusken,ja,24147,Movie Commemoration VS Pack: Sea's Manaphy,002/019,Mays Combusken,auth_only_source_no_alternate,"skip:api.pokewallet.io:pokewallet_auth_gated_no_bypass,skip:api.pokewallet.io:pokewallet_auth_gated_no_bypass,set_map:ambiguous_set_name:-",api.pokewallet.io,"{""pokemonTcgApiId"": null, ""pricechartingId"": null, ""tcgdexCardId"": null, ""tcgplayerProductId"": null}",catalogue_identity_retained,pokewallet_authenticated_acquire_path,run_pokewallet_authenticated_acquire_or_collector_scan,2026-10-09T10:03:49Z
pokemon|jp|24147|003/019|samiyas_mantyke,ja,24147,Movie Commemoration VS Pack: Sea's Manaphy,003/019,Samiyas Mantyke,auth_only_source_no_alternate,"skip:api.pokewallet.io:pokewallet_auth_gated_no_bypass,skip:api.pokewallet.io:pokewallet_auth_gated_no_bypass,set_map:ambiguous_set_name:-",api.pokewallet.io,"{""pokemonTcgApiId"": null, ""pricechartingId"": null, ""tcgdexCardId"": null, ""tcgplayerProductId"": null}",catalogue_identity_retained,pokewallet_authenticated_acquire_path,run_pokewallet_authenticated_acquire_or_collector_scan,2026-10-09T10:03:49Z
pokemon|jp|24147|004/019|samiyas_buizel,ja,24147,Movie Commemoration VS Pack: Sea's Manaphy,004/019,Samiyas Buizel,auth_only_source_no_alternate,"skip:api.pokewallet.io:pokewallet_auth_gated_no_bypass,skip:api.pokewallet.io:pokewallet_auth_gated_no_bypass,set_map:ambiguous_set_name:-",api.pokewallet.io,"{""pokemonTcgApiId"": null, ""pricechartingId"": null, ""tcgdexCardId"": null, ""tcgplayerProductId"": null}",catalogue_identity_retained,pokewallet_authenticated_acquire_path,run_pokewallet_authenticated_acquire_or_collector_scan,2026-10-09T10:03:49Z
pokemon|jp|24147|005/019|seas_manaphy,ja,24147,Movie Commemoration VS Pack: Sea's Manaphy,005/019,Seas Manaphy,auth_only_source_no_alternate,"skip:api.pokewallet.io:pokewallet_auth_gated_no_bypass,skip:api.pokewallet.io:pokewallet_auth_gated_no_bypass,set_map:ambiguous_set_name:-",api.pokewallet.io,"{""pokemonTcgApiId"": null, ""pricechartingId"": null, ""tcgdexCardId"": null, ""tcgplayerProductId"": null}",catalogue_identity_retained,pokewallet_authenticated_acquire_path,run_pokewallet_authenticated_acquire_or_collector_scan,2026-10-09T10:03:49Z
pokemon|jp|24147|006/019|sheps_walrein,ja,24147,Movie Commemoration VS Pack: Sea's Manaphy,006/019,Sheps Walrein,auth_only_source_no_alternate,"skip:api.pokewallet.io:pokewallet_auth_gated_no_bypass,skip:api.pokewallet.io:pokewallet_auth_gated_no_bypass,set_map:ambiguous_set_name:-",api.pokewallet.io,"{""pokemonTcgApiId"": null, ""pricechartingId"": null, ""tcgdexCardId"": null, ""tcgplayerProductId"": null}",catalogue_identity_retained,pokewallet_authenticated_acquire_path,run_pokewallet_authenticated_acquire_or_collector_scan,2026-10-09T10:03:49Z
pokemon|jp|24147|007/019|lizabeths_medicham,ja,24147,Movie Commemoration VS Pack: Sea's Manaphy,007/019,Lizabeths Medicham,auth_only_source_no_alternate,"skip:api.pokewallet.io:pokewallet_auth_gated_no_bypass,skip:api.pokewallet.io:pokewallet_auth_gated_no_bypass,set_map:ambiguous_set_name:-",api.pokewallet.io,"{""pokemonTcgApiId"": null, ""pricechartingId"": null, ""tcgdexCardId"": null, ""tcgplayerProductId"": null}",catalogue_identity_retained,pokewallet_authenticated_acquire_path,run_pokewallet_authenticated_acquire_or_collector_scan,2026-10-09T10:03:49Z
pokemon|jp|24147|008/019|brocks_marshtomp,ja,24147,Movie Commemoration VS Pack: Sea's Manaphy,008/019,Brocks Marshtomp,auth_only_source_no_alternate,"skip:api.pokewallet.io:pokewallet_auth_gated_no_bypass,skip:api.pokewallet.io:pokewallet_auth_gated_no_bypass,set_map:ambiguous_set_name:-",api.pokewallet.io,"{""pokemonTcgApiId"": null, ""pricechartingId"": null, ""tcgdexCardId"": null, ""tcgplayerProductId"": null}",catalogue_identity_retained,pokewallet_authenticated_acquire_path,run_pokewallet_authenticated_acquire_or_collector_scan,2026-10-09T10:03:49Z
pokemon|jp|24147|009/019|samiyas_fearow,ja,24147,Movie Commemoration VS Pack: Sea's Manaphy,009/019,Samiyas Fearow,auth_only_source_no_alternate,"skip:api.pokewallet.io:pokewallet_auth_gated_no_bypass,skip:api.pokewallet.io:pokewallet_auth_gated_no_bypass,set_map:ambiguous_set_name:-",api.pokewallet.io,"{""pokemonTcgApiId"": null, ""pricechartingId"": null, ""tcgdexCardId"": null, ""tcgplayerProductId"": null}",catalogue_identity_retained,pokewallet_authenticated_acquire_path,run_pokewallet_authenticated_acquire_or_collector_scan,2026-10-09T10:03:49Z
pokemon|jp|24147|010/019|ashs_aipom,ja,24147,Movie Commemoration VS Pack: Sea's Manaphy,010/019,Ashs Aipom,auth_only_source_no_alternate,"skip:api.pokewallet.io:pokewallet_auth_gated_no_bypass,skip:api.pokewallet.io:pokewallet_auth_gated_no_bypass,set_map:ambiguous_set_name:-",api.pokewallet.io,"{""pokemonTcgApiId"": null, ""pricechartingId"": null, ""tcgdexCardId"": null, ""tcgplayerProductId"": null}",catalogue_identity_retained,pokewallet_authenticated_acquire_path,run_pokewallet_authenticated_acquire_or_collector_scan,2026-10-09T10:03:49Z
pokemon|jp|24147|011/019|phantoms_chatot,ja,24147,Movie Commemoration VS Pack: Sea's Manaphy,011/019,Phantoms Chatot,auth_only_source_no_alternate,"skip:api.pokewallet.io:pokewallet_auth_gated_no_bypass,skip:api.pokewallet.io:pokewallet_auth_gated_no_bypass,set_map:ambiguous_set_name:-",api.pokewallet.io,"{""pokemonTcgApiId"": null, ""pricechartingId"": null, ""tcgdexCardId"": null, ""tcgplayerProductId"": null}",catalogue_identity_retained,pokewallet_authenticated_acquire_path,run_pokewallet_authenticated_acquire_or_collector_scan,2026-10-09T10:03:49Z
pokemon|jp|24147|012/019|energy_restore,ja,24147,Movie Commemoration VS Pack: Sea's Manaphy,012/019,Energy Restore,auth_only_source_no_alternate,"skip:api.pokewallet.io:pokewallet_auth_gated_no_bypass,skip:api.pokewallet.io:pokewallet_auth_gated_no_bypass,set_map:ambiguous_set_name:-",api.pokewallet.io,"{""pokemonTcgApiId"": null, ""pricechartingId"": null, ""tcgdexCardId"": null, ""tcgplayerProductId"": null}",catalogue_identity_retained,pokewallet_authenticated_acquire_path,run_pokewallet_authenticated_acquire_or_collector_scan,2026-10-09T10:03:49Z
pokemon|jp|24147|013/019|energy_search,ja,24147,Movie Commemoration VS Pack: Sea's Manaphy,013/019,Energy Search,auth_only_source_no_alternate,"skip:api.pokewallet.io:pokewallet_auth_gated_no_bypass,skip:api.pokewallet.io:pokewallet_auth_gated_no_bypass,set_map:ambiguous_set_name:-",api.pokewallet.io,"{""pokemonTcgApiId"": null, ""pricechartingId"": null, ""tcgdexCardId"": null, ""tcgplayerProductId"": null}",catalogue_identity_retained,pokewallet_authenticated_acquire_path,run_pokewallet_authenticated_acquire_or_collector_scan,2026-10-09T10:03:49Z
pokemon|jp|24147|016/019|manaphys_egg,ja,24147,Movie Commemoration VS Pack: Sea's Manaphy,016/019,Manaphys Egg,auth_only_source_no_alternate,"skip:api.pokewallet.io:pokewallet_auth_gated_no_bypass,skip:api.pokewallet.io:pokewallet_auth_gated_no_bypass,set_map:ambiguous_set_name:-",api.pokewallet.io,"{""pokemonTcgApiId"": null, ""pricechartingId"": null, ""tcgdexCardId"": null, ""tcgplayerProductId"": null}",catalogue_identity_retained,pokewallet_authenticated_acquire_path,run_pokewallet_authenticated_acquire_or_collector_scan,2026-10-09T10:03:49Z
pokemon|jp|24147|018/019|jackies_capture,ja,24147,Movie Commemoration VS Pack: Sea's Manaphy,018/019,Jackies Capture,auth_only_source_no_alternate,"skip:api.pokewallet.io:pokewallet_auth_gated_no_bypass,skip:api.pokewallet.io:pokewallet_auth_gated_no_bypass,set_map:ambiguous_set_name:-",api.pokewallet.io,"{""pokemonTcgApiId"": null, ""pricechartingId"": null, ""tcgdexCardId"": null, ""tcgplayerProductId"": null}",catalogue_identity_retained,pokewallet_authenticated_acquire_path,run_pokewallet_authenticated_acquire_or_collector_scan,2026-10-09T10:03:49Z
pokemon|jp|24147|019/019|rainbow_energy,ja,24147,Movie Commemoration VS Pack: Sea's Manaphy,019/019,Rainbow Energy,auth_only_source_no_alternate,"skip:api.pokewallet.io:pokewallet_auth_gated_no_bypass,skip:api.pokewallet.io:pokewallet_auth_gated_no_bypass,set_map:ambiguous_set_name:-",api.pokewallet.io,"{""pokemonTcgApiId"": null, ""pricechartingId"": null, ""tcgdexCardId"": null, ""tcgplayerProductId"": null}",catalogue_identity_retained,pokewallet_authenticated_acquire_path,run_pokewallet_authenticated_acquire_or_collector_scan,2026-10-09T10:03:49Z
pokemon|jp|24148|001/020|ashs_grovyle,ja,24148,Movie Commemoration VS Pack: Aura's Lucario,001/020,Ashs Grovyle,auth_only_source_no_alternate,"skip:api.pokewallet.io:pokewallet_auth_gated_no_bypass,skip:api.pokewallet.io:pokewallet_auth_gated_no_bypass,set_map:ambiguous_set_name:-",api.pokewallet.io,"{""pokemonTcgApiId"": null, ""pricechartingId"": null, ""tcgdexCardId"": null, ""tcgplayerProductId"": null}",catalogue_identity_retained,pokewallet_authenticated_acquire_path,run_pokewallet_authenticated_acquire_or_collector_scan,2026-10-09T10:03:49Z
pokemon|jp|24148|002/020|rotas_mew,ja,24148,Movie Commemoration VS Pack: Aura's Lucario,002/020,Rotas Mew,auth_only_source_no_alternate,"skip:api.pokewallet.io:pokewallet_auth_gated_no_bypass,skip:api.pokewallet.io:pokewallet_auth_gated_no_bypass,set_map:ambiguous_set_name:-",api.pokewallet.io,"{""pokemonTcgApiId"": null, ""pricechartingId"": null, ""tcgdexCardId"": null, ""tcgplayerProductId"": null}",catalogue_identity_retained,pokewallet_authenticated_acquire_path,run_pokewallet_authenticated_acquire_or_collector_scan,2026-10-09T10:03:49Z
pokemon|jp|24148|003/020|ilenes_mime_jr,ja,24148,Movie Commemoration VS Pack: Aura's Lucario,003/020,Ilenes Mime Jr,auth_only_source_no_alternate,"skip:api.pokewallet.io:pokewallet_auth_gated_no_bypass,skip:api.pokewallet.io:pokewallet_auth_gated_no_bypass,set_map:ambiguous_set_name:-",api.pokewallet.io,"{""pokemonTcgApiId"": null, ""pricechartingId"": null, ""tcgdexCardId"": null, ""tcgplayerProductId"": null}",catalogue_identity_retained,pokewallet_authenticated_acquire_path,run_pokewallet_authenticated_acquire_or_collector_scan,2026-10-09T10:03:49Z
pokemon|jp|24148|004/020|ashs_phanpy,ja,24148,Movie Commemoration VS Pack: Aura's Lucario,004/020,Ashs Phanpy,auth_only_source_no_alternate,"skip:api.pokewallet.io:pokewallet_auth_gated_no_bypass,skip:api.pokewallet.io:pokewallet_auth_gated_no_bypass,set_map:ambiguous_set_name:-",api.pokewallet.io,"{""pokemonTcgApiId"": null, ""pricechartingId"": null, ""tcgdexCardId"": null, ""tcgplayerProductId"": null}",catalogue_identity_retained,pokewallet_authenticated_acquire_path,run_pokewallet_authenticated_acquire_or_collector_scan,2026-10-09T10:03:49Z
pokemon|jp|24148|005/020|rotas_bonsly,ja,24148,Movie Commemoration VS Pack: Aura's Lucario,005/020,Rotas Bonsly,auth_only_source_no_alternate,"skip:api.pokewallet.io:pokewallet_auth_gated_no_bypass,skip:api.pokewallet.io:pokewallet_auth_gated_no_bypass,set_map:ambiguous_set_name:-",api.pokewallet.io,"{""pokemonTcgApiId"": null, ""pricechartingId"": null, ""tcgdexCardId"": null, ""tcgplayerProductId"": null}",catalogue_identity_retained,pokewallet_authenticated_acquire_path,run_pokewallet_authenticated_acquire_or_collector_scan,2026-10-09T10:03:49Z
pokemon|jp|24148|006/020|aarons_pidgeot,ja,24148,Movie Commemoration VS Pack: Aura's Lucario,006/020,Aarons Pidgeot,auth_only_source_no_alternate,"skip:api.pokewallet.io:pokewallet_auth_gated_no_bypass,skip:api.pokewallet.io:pokewallet_auth_gated_no_bypass,set_map:ambiguous_set_name:-",api.pokewallet.io,"{""pokemonTcgApiId"": null, ""pricechartingId"": null, ""tcgdexCardId"": null, ""tcgplayerProductId"": null}",catalogue_identity_retained,pokewallet_authenticated_acquire_path,run_pokewallet_authenticated_acquire_or_collector_scan,2026-10-09T10:03:49Z
pokemon|jp|24148|007/020|ashs_swellow,ja,24148,Movie Commemoration VS Pack: Aura's Lucario,007/020,Ashs Swellow,auth_only_source_no_alternate,"skip:api.pokewallet.io:pokewallet_auth_gated_no_bypass,skip:api.pokewallet.io:pokewallet_auth_gated_no_bypass,set_map:ambiguous_set_name:-",api.pokewallet.io,"{""pokemonTcgApiId"": null, ""pricechartingId"": null, ""tcgdexCardId"": null, ""tcgplayerProductId"": null}",catalogue_identity_retained,pokewallet_authenticated_acquire_path,run_pokewallet_authenticated_acquire_or_collector_scan,2026-10-09T10:03:49Z
pokemon|jp|24148|008/020|mays_munchlax,ja,24148,Movie Commemoration VS Pack: Aura's Lucario,008/020,Mays Munchlax,auth_only_source_no_alternate,"skip:api.pokewallet.io:pokewallet_auth_gated_no_bypass,skip:api.pokewallet.io:pokewallet_auth_gated_no_bypass,set_map:ambiguous_set_name:-",api.pokewallet.io,"{""pokemonTcgApiId"": null, ""pricechartingId"": null, ""tcgdexCardId"": null, ""tcgplayerProductId"": null}",catalogue_identity_retained,pokewallet_authenticated_acquire_path,run_pokewallet_authenticated_acquire_or_collector_scan,2026-10-09T10:03:49Z
pokemon|jp|24148|009/020|kidds_weavile_009_020,ja,24148,Movie Commemoration VS Pack: Aura's Lucario,009/020,Kidds Weavile 009 020,auth_only_source_no_alternate,"skip:api.pokewallet.io:pokewallet_auth_gated_no_bypass,skip:api.pokewallet.io:pokewallet_auth_gated_no_bypass,set_map:ambiguous_set_name:-",api.pokewallet.io,"{""pokemonTcgApiId"": null, ""pricechartingId"": null, ""tcgdexCardId"": null, ""tcgplayerProductId"": null}",catalogue_identity_retained,pokewallet_authenticated_acquire_path,run_pokewallet_authenticated_acquire_or_collector_scan,2026-10-09T10:03:49Z
pokemon|jp|24148|010/020|kidds_weavile_010_020,ja,24148,Movie Commemoration VS Pack: Aura's Lucario,010/020,Kidds Weavile 010 020,auth_only_source_no_alternate,"skip:api.pokewallet.io:pokewallet_auth_gated_no_bypass,skip:api.pokewallet.io:pokewallet_auth_gated_no_bypass,set_map:ambiguous_set_name:-",api.pokewallet.io,"{""pokemonTcgApiId"": null, ""pricechartingId"": null, ""tcgdexCardId"": null, ""tcgplayerProductId"": null}",catalogue_identity_retained,pokewallet_authenticated_acquire_path,run_pokewallet_authenticated_acquire_or_collector_scan,2026-10-09T10:03:49Z
pokemon|jp|24148|011/020|brocks_forretress,ja,24148,Movie Commemoration VS Pack: Aura's Lucario,011/020,Brocks Forretress,auth_only_source_no_alternate,"skip:api.pokewallet.io:pokewallet_auth_gated_no_bypass,skip:api.pokewallet.io:pokewallet_auth_gated_no_bypass,set_map:ambiguous_set_name:-",api.pokewallet.io,"{""pokemonTcgApiId"": null, ""pricechartingId"": null, ""tcgdexCardId"": null, ""tcgplayerProductId"": null}",catalogue_identity_retained,pokewallet_authenticated_acquire_path,run_pokewallet_authenticated_acquire_or_collector_scan,2026-10-09T10:03:49Z
pokemon|jp|24148|012/020|auras_lucario,ja,24148,Movie Commemoration VS Pack: Aura's Lucario,012/020,Auras Lucario,auth_only_source_no_alternate,"skip:api.pokewallet.io:pokewallet_auth_gated_no_bypass,skip:api.pokewallet.io:pokewallet_auth_gated_no_bypass,set_map:ambiguous_set_name:-",api.pokewallet.io,"{""pokemonTcgApiId"": null, ""pricechartingId"": null, ""tcgdexCardId"": null, ""tcgplayerProductId"": null}",catalogue_identity_retained,pokewallet_authenticated_acquire_path,run_pokewallet_authenticated_acquire_or_collector_scan,2026-10-09T10:03:49Z
pokemon|jp|24148|013/020|energy_search,ja,24148,Movie Commemoration VS Pack: Aura's Lucario,013/020,Energy Search,auth_only_source_no_alternate,"skip:api.pokewallet.io:pokewallet_auth_gated_no_bypass,skip:api.pokewallet.io:pokewallet_auth_gated_no_bypass,set_map:ambiguous_set_name:-",api.pokewallet.io,"{""pokemonTcgApiId"": null, ""pricechartingId"": null, ""tcgdexCardId"": null, ""tcgplayerProductId"": null}",catalogue_identity_retained,pokewallet_authenticated_acquire_path,run_pokewallet_authenticated_acquire_or_collector_scan,2026-10-09T10:03:49Z
pokemon|jp|24148|016/020|switch,ja,24148,Movie Commemoration VS Pack: Aura's Lucario,016/020,Switch,auth_only_source_no_alternate,"skip:api.pokewallet.io:pokewallet_auth_gated_no_bypass,skip:api.pokewallet.io:pokewallet_auth_gated_no_bypass,set_map:ambiguous_set_name:-",api.pokewallet.io,"{""pokemonTcgApiId"": null, ""pricechartingId"": null, ""tcgdexCardId"": null, ""tcgplayerProductId"": null}",catalogue_identity_retained,pokewallet_authenticated_acquire_path,run_pokewallet_authenticated_acquire_or_collector_scan,2026-10-09T10:03:49Z
pokemon|jp|24148|018/020|poke_ball,ja,24148,Movie Commemoration VS Pack: Aura's Lucario,018/020,Poke Ball,auth_only_source_no_alternate,"skip:api.pokewallet.io:pokewallet_auth_gated_no_bypass,skip:api.pokewallet.io:pokewallet_auth_gated_no_bypass,set_map:ambiguous_set_name:-",api.pokewallet.io,"{""pokemonTcgApiId"": null, ""pricechartingId"": null, ""tcgdexCardId"": null, ""tcgplayerProductId"": null}",catalogue_identity_retained,pokewallet_authenticated_acquire_path,run_pokewallet_authenticated_acquire_or_collector_scan,2026-10-09T10:03:49Z
pokemon|jp|24148|019/020|aarons_aura,ja,24148,Movie Commemoration VS Pack: Aura's Lucario,019/020,Aarons Aura,auth_only_source_no_alternate,"skip:api.pokewallet.io:pokewallet_auth_gated_no_bypass,skip:api.pokewallet.io:pokewallet_auth_gated_no_bypass,set_map:ambiguous_set_name:-",api.pokewallet.io,"{""pokemonTcgApiId"": null, ""pricechartingId"": null, ""tcgdexCardId"": null, ""tcgplayerProductId"": null}",catalogue_identity_retained,pokewallet_authenticated_acquire_path,run_pokewallet_authenticated_acquire_or_collector_scan,2026-10-09T10:03:49Z
pokemon|jp|24149|001/019|forinas_nuzleaf,ja,24149,Movie Commemoration VS Pack,001/019,Forinas Nuzleaf,auth_only_source_no_alternate,"skip:api.pokewallet.io:pokewallet_auth_gated_no_bypass,skip:api.pokewallet.io:pokewallet_auth_gated_no_bypass,set_map:ambiguous_set_name:-",api.pokewallet.io,"{""pokemonTcgApiId"": null, ""pricechartingId"": null, ""tcgdexCardId"": null, ""tcgplayerProductId"": null}",catalogue_identity_retained,pokewallet_authenticated_acquire_path,run_pokewallet_authenticated_acquire_or_collector_scan,2026-10-09T10:03:49Z
pokemon|jp|24149|002/019|forinas_breloom,ja,24149,Movie Commemoration VS Pack,002/019,Forinas Breloom,auth_only_source_no_alternate,"skip:api.pokewallet.io:pokewallet_auth_gated_no_bypass,skip:api.pokewallet.io:pokewallet_auth_gated_no_bypass,set_map:ambiguous_set_name:-",api.pokewallet.io,"{""pokemonTcgApiId"": null, ""pricechartingId"": null, ""tcgdexCardId"": null, ""tcgplayerProductId"": null}",catalogue_identity_retained,pokewallet_authenticated_acquire_path,run_pokewallet_authenticated_acquire_or_collector_scan,2026-10-09T10:03:49Z
pokemon|jp|24149|003/019|forinas_tropius,ja,24149,Movie Commemoration VS Pack,003/019,Forinas Tropius,auth_only_source_no_alternate,"skip:api.pokewallet.io:pokewallet_auth_gated_no_bypass,skip:api.pokewallet.io:pokewallet_auth_gated_no_bypass,set_map:ambiguous_set_name:-",api.pokewallet.io,"{""pokemonTcgApiId"": null, ""pricechartingId"": null, ""tcgdexCardId"": null, ""tcgplayerProductId"": null}",catalogue_identity_retained,pokewallet_authenticated_acquire_path,run_pokewallet_authenticated_acquire_or_collector_scan,2026-10-09T10:03:49Z
pokemon|jp|24149|004/019|forinas_jirachi,ja,24149,Movie Commemoration VS Pack,004/019,Forinas Jirachi,auth_only_source_no_alternate,"skip:api.pokewallet.io:pokewallet_auth_gated_no_bypass,skip:api.pokewallet.io:pokewallet_auth_gated_no_bypass,set_map:ambiguous_set_name:-",api.pokewallet.io,"{""pokemonTcgApiId"": null, ""pricechartingId"": null, ""tcgdexCardId"": null, ""tcgplayerProductId"": null}",catalogue_identity_retained,pokewallet_authenticated_acquire_path,run_pokewallet_authenticated_acquire_or_collector_scan,2026-10-09T10:03:49Z
pokemon|jp|24149|005/019|forinas_linoone,ja,24149,Movie Commemoration VS Pack,005/019,Forinas Linoone,auth_only_source_no_alternate,"skip:api.pokewallet.io:pokewallet_auth_gated_no_bypass,skip:api.pokewallet.io:pokewallet_auth_gated_no_bypass,set_map:ambiguous_set_name:-",api.pokewallet.io,"{""pokemonTcgApiId"": null, ""pricechartingId"": null, ""tcgdexCardId"": null, ""tcgplayerProductId"": null}",catalogue_identity_retained,pokewallet_authenticated_acquire_path,run_pokewallet_authenticated_acquire_or_collector_scan,2026-10-09T10:03:49Z
pokemon|jp|24149|007/019|forinas_altaria,ja,24149,Movie Commemoration VS Pack,007/019,Forinas Altaria,auth_only_source_no_alternate,"skip:api.pokewallet.io:pokewallet_auth_gated_no_bypass,skip:api.pokewallet.io:pokewallet_auth_gated_no_bypass,set_map:ambiguous_set_name:-",api.pokewallet.io,"{""pokemonTcgApiId"": null, ""pricechartingId"": null, ""tcgdexCardId"": null, ""tcgplayerProductId"": null}",catalogue_identity_retained,pokewallet_authenticated_acquire_path,run_pokewallet_authenticated_acquire_or_collector_scan,2026-10-09T10:03:49Z
pokemon|jp|24149|009/019|butlers_kirlia,ja,24149,Movie Commemoration VS Pack,009/019,Butlers Kirlia,auth_only_source_no_alternate,"skip:api.pokewallet.io:pokewallet_auth_gated_no_bypass,skip:api.pokewallet.io:pokewallet_auth_gated_no_bypass,set_map:ambiguous_set_name:-",api.pokewallet.io,"{""pokemonTcgApiId"": null, ""pricechartingId"": null, ""tcgdexCardId"": null, ""tcgplayerProductId"": null}",catalogue_identity_retained,pokewallet_authenticated_acquire_path,run_pokewallet_authenticated_acquire_or_collector_scan,2026-10-09T10:03:49Z
pokemon|jp|24149|010/019|butlers_dusclops,ja,24149,Movie Commemoration VS Pack,010/019,Butlers Dusclops,auth_only_source_no_alternate,"skip:api.pokewallet.io:pokewallet_auth_gated_no_bypass,skip:api.pokewallet.io:pokewallet_auth_gated_no_bypass,set_map:ambiguous_set_name:-",api.pokewallet.io,"{""pokemonTcgApiId"": null, ""pricechartingId"": null, ""tcgdexCardId"": null, ""tcgplayerProductId"": null}",catalogue_identity_retained,pokewallet_authenticated_acquire_path,run_pokewallet_authenticated_acquire_or_collector_scan,2026-10-09T10:03:49Z
pokemon|jp|24149|011/019|butlers_salamence,ja,24149,Movie Commemoration VS Pack,011/019,Butlers Salamence,auth_only_source_no_alternate,"skip:api.pokewallet.io:pokewallet_auth_gated_no_bypass,skip:api.pokewallet.io:pokewallet_auth_gated_no_bypass,set_map:ambiguous_set_name:-",api.pokewallet.io,"{""pokemonTcgApiId"": null, ""pricechartingId"": null, ""tcgdexCardId"": null, ""tcgplayerProductId"": null}",catalogue_identity_retained,pokewallet_authenticated_acquire_path,run_pokewallet_authenticated_acquire_or_collector_scan,2026-10-09T10:03:49Z
pokemon|jp|24149|012/019|butlers_mightyena,ja,24149,Movie Commemoration VS Pack,012/019,Butlers Mightyena,auth_only_source_no_alternate,"skip:api.pokewallet.io:pokewallet_auth_gated_no_bypass,skip:api.pokewallet.io:pokewallet_auth_gated_no_bypass,set_map:ambiguous_set_name:-",api.pokewallet.io,"{""pokemonTcgApiId"": null, ""pricechartingId"": null, ""tcgdexCardId"": null, ""tcgplayerProductId"": null}",catalogue_identity_retained,pokewallet_authenticated_acquire_path,run_pokewallet_authenticated_acquire_or_collector_scan,2026-10-09T10:03:49Z
pokemon|jp|24149|013/019|energy_restore,ja,24149,Movie Commemoration VS Pack,013/019,Energy Restore,auth_only_source_no_alternate,"skip:api.pokewallet.io:pokewallet_auth_gated_no_bypass,skip:api.pokewallet.io:pokewallet_auth_gated_no_bypass,set_map:ambiguous_set_name:-",api.pokewallet.io,"{""pokemonTcgApiId"": null, ""pricechartingId"": null, ""tcgdexCardId"": null, ""tcgplayerProductId"": null}",catalogue_identity_retained,pokewallet_authenticated_acquire_path,run_pokewallet_authenticated_acquire_or_collector_scan,2026-10-09T10:03:49Z
pokemon|jp|24149|015/019|potion,ja,24149,Movie Commemoration VS Pack,015/019,Potion,auth_only_source_no_alternate,"skip:api.pokewallet.io:pokewallet_auth_gated_no_bypass,skip:api.pokewallet.io:pokewallet_auth_gated_no_bypass,set_map:ambiguous_set_name:-",api.pokewallet.io,"{""pokemonTcgApiId"": null, ""pricechartingId"": null, ""tcgdexCardId"": null, ""tcgplayerProductId"": null}",catalogue_identity_retained,pokewallet_authenticated_acquire_path,run_pokewallet_authenticated_acquire_or_collector_scan,2026-10-09T10:03:49Z
pokemon|jp|24149|016/019|switch,ja,24149,Movie Commemoration VS Pack,016/019,Switch,auth_only_source_no_alternate,"skip:api.pokewallet.io:pokewallet_auth_gated_no_bypass,skip:api.pokewallet.io:pokewallet_auth_gated_no_bypass,set_map:ambiguous_set_name:-",api.pokewallet.io,"{""pokemonTcgApiId"": null, ""pricechartingId"": null, ""tcgdexCardId"": null, ""tcgplayerProductId"": null}",catalogue_identity_retained,pokewallet_authenticated_acquire_path,run_pokewallet_authenticated_acquire_or_collector_scan,2026-10-09T10:03:49Z
pokemon|jp|24149|017/019|pokemon_reversal,ja,24149,Movie Commemoration VS Pack,017/019,Pokemon Reversal,auth_only_source_no_alternate,"skip:api.pokewallet.io:pokewallet_auth_gated_no_bypass,skip:api.pokewallet.io:pokewallet_auth_gated_no_bypass,set_map:ambiguous_set_name:-",api.pokewallet.io,"{""pokemonTcgApiId"": null, ""pricechartingId"": null, ""tcgdexCardId"": null, ""tcgplayerProductId"": null}",catalogue_identity_retained,pokewallet_authenticated_acquire_path,run_pokewallet_authenticated_acquire_or_collector_scan,2026-10-09T10:03:49Z
pokemon|jp|24149|018/019|butlers_magic_trick,ja,24149,Movie Commemoration VS Pack,018/019,Butlers Magic Trick,auth_only_source_no_alternate,"skip:api.pokewallet.io:pokewallet_auth_gated_no_bypass,skip:api.pokewallet.io:pokewallet_auth_gated_no_bypass,set_map:ambiguous_set_name:-",api.pokewallet.io,"{""pokemonTcgApiId"": null, ""pricechartingId"": null, ""tcgdexCardId"": null, ""tcgplayerProductId"": null}",catalogue_identity_retained,pokewallet_authenticated_acquire_path,run_pokewallet_authenticated_acquire_or_collector_scan,2026-10-09T10:03:49Z
pokemon|jp|24149|019/019|wish_maker,ja,24149,Movie Commemoration VS Pack,019/019,Wish Maker,auth_only_source_no_alternate,"skip:api.pokewallet.io:pokewallet_auth_gated_no_bypass,skip:api.pokewallet.io:pokewallet_auth_gated_no_bypass,set_map:ambiguous_set_name:-",api.pokewallet.io,"{""pokemonTcgApiId"": null, ""pricechartingId"": null, ""tcgdexCardId"": null, ""tcgplayerProductId"": null}",catalogue_identity_retained,pokewallet_authenticated_acquire_path,run_pokewallet_authenticated_acquire_or_collector_scan,2026-10-09T10:03:49Z
pokemon|jp|24150|002/018|brocks_crobat,ja,24150,Theater Limited VS Pack,002/018,Brocks Crobat,auth_only_source_no_alternate,"skip:api.pokewallet.io:pokewallet_auth_gated_no_bypass,skip:api.pokewallet.io:pokewallet_auth_gated_no_bypass,set_map:ambiguous_set_name:-",api.pokewallet.io,"{""pokemonTcgApiId"": null, ""pricechartingId"": null, ""tcgdexCardId"": null, ""tcgplayerProductId"": null}",catalogue_identity_retained,pokewallet_authenticated_acquire_path,run_pokewallet_authenticated_acquire_or_collector_scan,2026-10-09T10:03:49Z
pokemon|jp|24150|003/018|mistys_politoed,ja,24150,Theater Limited VS Pack,003/018,Mistys Politoed,auth_only_source_no_alternate,"skip:api.pokewallet.io:pokewallet_auth_gated_no_bypass,skip:api.pokewallet.io:pokewallet_auth_gated_no_bypass,set_map:ambiguous_set_name:-",api.pokewallet.io,"{""pokemonTcgApiId"": null, ""pricechartingId"": null, ""tcgdexCardId"": null, ""tcgplayerProductId"": null}",catalogue_identity_retained,pokewallet_authenticated_acquire_path,run_pokewallet_authenticated_acquire_or_collector_scan,2026-10-09T10:03:49Z
pokemon|jp|24150|004/018|mistys_corsola,ja,24150,Theater Limited VS Pack,004/018,Mistys Corsola,auth_only_source_no_alternate,"skip:api.pokewallet.io:pokewallet_auth_gated_no_bypass,skip:api.pokewallet.io:pokewallet_auth_gated_no_bypass,set_map:ambiguous_set_name:-",api.pokewallet.io,"{""pokemonTcgApiId"": null, ""pricechartingId"": null, ""tcgdexCardId"": null, ""tcgplayerProductId"": null}",catalogue_identity_retained,pokewallet_authenticated_acquire_path,run_pokewallet_authenticated_acquire_or_collector_scan,2026-10-09T10:03:49Z
pokemon|jp|24150|005/018|rosss_wailmer,ja,24150,Theater Limited VS Pack,005/018,Rosss Wailmer,auth_only_source_no_alternate,"skip:api.pokewallet.io:pokewallet_auth_gated_no_bypass,skip:api.pokewallet.io:pokewallet_auth_gated_no_bypass,set_map:ambiguous_set_name:-",api.pokewallet.io,"{""pokemonTcgApiId"": null, ""pricechartingId"": null, ""tcgdexCardId"": null, ""tcgplayerProductId"": null}",catalogue_identity_retained,pokewallet_authenticated_acquire_path,run_pokewallet_authenticated_acquire_or_collector_scan,2026-10-09T10:03:49Z
pokemon|jp|24150|006/018|alto_mares_xatu,ja,24150,Theater Limited VS Pack,006/018,Alto Mares Xatu,auth_only_source_no_alternate,"skip:api.pokewallet.io:pokewallet_auth_gated_no_bypass,skip:api.pokewallet.io:pokewallet_auth_gated_no_bypass,set_map:ambiguous_set_name:-",api.pokewallet.io,"{""pokemonTcgApiId"": null, ""pricechartingId"": null, ""tcgdexCardId"": null, ""tcgplayerProductId"": null}",catalogue_identity_retained,pokewallet_authenticated_acquire_path,run_pokewallet_authenticated_acquire_or_collector_scan,2026-10-09T10:03:49Z
pokemon|jp|24150|007/018|annies_espeon,ja,24150,Theater Limited VS Pack,007/018,Annies Espeon,auth_only_source_no_alternate,"skip:api.pokewallet.io:pokewallet_auth_gated_no_bypass,skip:api.pokewallet.io:pokewallet_auth_gated_no_bypass,set_map:ambiguous_set_name:-",api.pokewallet.io,"{""pokemonTcgApiId"": null, ""pricechartingId"": null, ""tcgdexCardId"": null, ""tcgplayerProductId"": null}",catalogue_identity_retained,pokewallet_authenticated_acquire_path,run_pokewallet_authenticated_acquire_or_collector_scan,2026-10-09T10:03:49Z
pokemon|jp|24150|008/018|alto_mares_kabutops,ja,24150,Theater Limited VS Pack,008/018,Alto Mares Kabutops,auth_only_source_no_alternate,"skip:api.pokewallet.io:pokewallet_auth_gated_no_bypass,skip:api.pokewallet.io:pokewallet_auth_gated_no_bypass,set_map:ambiguous_set_name:-",api.pokewallet.io,"{""pokemonTcgApiId"": null, ""pricechartingId"": null, ""tcgdexCardId"": null, ""tcgplayerProductId"": null}",catalogue_identity_retained,pokewallet_authenticated_acquire_path,run_pokewallet_authenticated_acquire_or_collector_scan,2026-10-09T10:03:49Z
pokemon|jp|24150|009/018|alto_mares_aerodactyl,ja,24150,Theater Limited VS Pack,009/018,Alto Mares Aerodactyl,auth_only_source_no_alternate,"skip:api.pokewallet.io:pokewallet_auth_gated_no_bypass,skip:api.pokewallet.io:pokewallet_auth_gated_no_bypass,set_map:ambiguous_set_name:-",api.pokewallet.io,"{""pokemonTcgApiId"": null, ""pricechartingId"": null, ""tcgdexCardId"": null, ""tcgplayerProductId"": null}",catalogue_identity_retained,pokewallet_authenticated_acquire_path,run_pokewallet_authenticated_acquire_or_collector_scan,2026-10-09T10:03:49Z
pokemon|jp|24150|010/018|alto_mares_pidgeotto,ja,24150,Theater Limited VS Pack,010/018,Alto Mares Pidgeotto,auth_only_source_no_alternate,"skip:api.pokewallet.io:pokewallet_auth_gated_no_bypass,skip:api.pokewallet.io:pokewallet_auth_gated_no_bypass,set_map:ambiguous_set_name:-",api.pokewallet.io,"{""pokemonTcgApiId"": null, ""pricechartingId"": null, ""tcgdexCardId"": null, ""tcgplayerProductId"": null}",catalogue_identity_retained,pokewallet_authenticated_acquire_path,run_pokewallet_authenticated_acquire_or_collector_scan,2026-10-09T10:03:49Z
pokemon|jp|24150|011/018|alto_mares_latias,ja,24150,Theater Limited VS Pack,011/018,Alto Mares Latias,auth_only_source_no_alternate,"skip:api.pokewallet.io:pokewallet_auth_gated_no_bypass,skip:api.pokewallet.io:pokewallet_auth_gated_no_bypass,set_map:ambiguous_set_name:-",api.pokewallet.io,"{""pokemonTcgApiId"": null, ""pricechartingId"": null, ""tcgdexCardId"": null, ""tcgplayerProductId"": null}",catalogue_identity_retained,pokewallet_authenticated_acquire_path,run_pokewallet_authenticated_acquire_or_collector_scan,2026-10-09T10:03:49Z
pokemon|jp|24150|012/018|alto_mares_latios,ja,24150,Theater Limited VS Pack,012/018,Alto Mares Latios,auth_only_source_no_alternate,"skip:api.pokewallet.io:pokewallet_auth_gated_no_bypass,skip:api.pokewallet.io:pokewallet_auth_gated_no_bypass,set_map:ambiguous_set_name:-",api.pokewallet.io,"{""pokemonTcgApiId"": null, ""pricechartingId"": null, ""tcgdexCardId"": null, ""tcgplayerProductId"": null}",catalogue_identity_retained,pokewallet_authenticated_acquire_path,run_pokewallet_authenticated_acquire_or_collector_scan,2026-10-09T10:03:49Z
pokemon|jp|24150|013/018|energy_restore,ja,24150,Theater Limited VS Pack,013/018,Energy Restore,auth_only_source_no_alternate,"skip:api.pokewallet.io:pokewallet_auth_gated_no_bypass,skip:api.pokewallet.io:pokewallet_auth_gated_no_bypass,set_map:ambiguous_set_name:-",api.pokewallet.io,"{""pokemonTcgApiId"": null, ""pricechartingId"": null, ""tcgdexCardId"": null, ""tcgplayerProductId"": null}",catalogue_identity_retained,pokewallet_authenticated_acquire_path,run_pokewallet_authenticated_acquire_or_collector_scan,2026-10-09T10:03:49Z
pokemon|jp|24150|014/018|energy_search,ja,24150,Theater Limited VS Pack,014/018,Energy Search,auth_only_source_no_alternate,"skip:api.pokewallet.io:pokewallet_auth_gated_no_bypass,skip:api.pokewallet.io:pokewallet_auth_gated_no_bypass,set_map:ambiguous_set_name:-",api.pokewallet.io,"{""pokemonTcgApiId"": null, ""pricechartingId"": null, ""tcgdexCardId"": null, ""tcgplayerProductId"": null}",catalogue_identity_retained,pokewallet_authenticated_acquire_path,run_pokewallet_authenticated_acquire_or_collector_scan,2026-10-09T10:03:49Z
pokemon|jp|24150|015/018|potion,ja,24150,Theater Limited VS Pack,015/018,Potion,auth_only_source_no_alternate,"skip:api.pokewallet.io:pokewallet_auth_gated_no_bypass,skip:api.pokewallet.io:pokewallet_auth_gated_no_bypass,set_map:ambiguous_set_name:-",api.pokewallet.io,"{""pokemonTcgApiId"": null, ""pricechartingId"": null, ""tcgdexCardId"": null, ""tcgplayerProductId"": null}",catalogue_identity_retained,pokewallet_authenticated_acquire_path,run_pokewallet_authenticated_acquire_or_collector_scan,2026-10-09T10:03:49Z
pokemon|jp|24150|016/018|soul_dew,ja,24150,Theater Limited VS Pack,016/018,Soul Dew,auth_only_source_no_alternate,"skip:api.pokewallet.io:pokewallet_auth_gated_no_bypass,skip:api.pokewallet.io:pokewallet_auth_gated_no_bypass,set_map:ambiguous_set_name:-",api.pokewallet.io,"{""pokemonTcgApiId"": null, ""pricechartingId"": null, ""tcgdexCardId"": null, ""tcgplayerProductId"": null}",catalogue_identity_retained,pokewallet_authenticated_acquire_path,run_pokewallet_authenticated_acquire_or_collector_scan,2026-10-09T10:03:49Z
pokemon|jp|24150|017/018|switch,ja,24150,Theater Limited VS Pack,017/018,Switch,auth_only_source_no_alternate,"skip:api.pokewallet.io:pokewallet_auth_gated_no_bypass,skip:api.pokewallet.io:pokewallet_auth_gated_no_bypass,set_map:ambiguous_set_name:-",api.pokewallet.io,"{""pokemonTcgApiId"": null, ""pricechartingId"": null, ""tcgdexCardId"": null, ""tcgplayerProductId"": null}",catalogue_identity_retained,pokewallet_authenticated_acquire_path,run_pokewallet_authenticated_acquire_or_collector_scan,2026-10-09T10:03:49Z
pokemon|jp|24150|018/018|alto_mare_cube,ja,24150,Theater Limited VS Pack,018/018,Alto Mare Cube,auth_only_source_no_alternate,"skip:api.pokewallet.io:pokewallet_auth_gated_no_bypass,skip:api.pokewallet.io:pokewallet_auth_gated_no_bypass,set_map:ambiguous_set_name:-",api.pokewallet.io,"{""pokemonTcgApiId"": null, ""pricechartingId"": null, ""tcgdexCardId"": null, ""tcgplayerProductId"": null}",catalogue_identity_retained,pokewallet_authenticated_acquire_path,run_pokewallet_authenticated_acquire_or_collector_scan,2026-10-09T10:03:49Z
pokemon|jp|24151|001/018|oakleys_ariados,ja,24151,"Melee, Pokemon Scramble",001/018,Oakleys Ariados,auth_only_source_no_alternate,"skip:api.pokewallet.io:pokewallet_auth_gated_no_bypass,skip:api.pokewallet.io:pokewallet_auth_gated_no_bypass,set_map:no_set_mapping:-",api.pokewallet.io,"{""pokemonTcgApiId"": null, ""pricechartingId"": null, ""tcgdexCardId"": null, ""tcgplayerProductId"": null}",catalogue_identity_retained,pokewallet_authenticated_acquire_path,run_pokewallet_authenticated_acquire_or_collector_scan,2026-10-09T10:03:49Z
pokemon|jp|24151|003/018|mistys_politoed,ja,24151,"Melee, Pokemon Scramble",003/018,Mistys Politoed,auth_only_source_no_alternate,"skip:api.pokewallet.io:pokewallet_auth_gated_no_bypass,skip:api.pokewallet.io:pokewallet_auth_gated_no_bypass,set_map:no_set_mapping:-",api.pokewallet.io,"{""pokemonTcgApiId"": null, ""pricechartingId"": null, ""tcgdexCardId"": null, ""tcgplayerProductId"": null}",catalogue_identity_retained,pokewallet_authenticated_acquire_path,run_pokewallet_authenticated_acquire_or_collector_scan,2026-10-09T10:03:49Z
pokemon|jp|24151|005/018|rosss_wailmer,ja,24151,"Melee, Pokemon Scramble",005/018,Rosss Wailmer,auth_only_source_no_alternate,"skip:api.pokewallet.io:pokewallet_auth_gated_no_bypass,skip:api.pokewallet.io:pokewallet_auth_gated_no_bypass,set_map:no_set_mapping:-",api.pokewallet.io,"{""pokemonTcgApiId"": null, ""pricechartingId"": null, ""tcgdexCardId"": null, ""tcgplayerProductId"": null}",catalogue_identity_retained,pokewallet_authenticated_acquire_path,run_pokewallet_authenticated_acquire_or_collector_scan,2026-10-09T10:03:49Z
pokemon|jp|24151|006/018|alto_mares_xatu,ja,24151,"Melee, Pokemon Scramble",006/018,Alto Mares Xatu,auth_only_source_no_alternate,"skip:api.pokewallet.io:pokewallet_auth_gated_no_bypass,skip:api.pokewallet.io:pokewallet_auth_gated_no_bypass,set_map:no_set_mapping:-",api.pokewallet.io,"{""pokemonTcgApiId"": null, ""pricechartingId"": null, ""tcgdexCardId"": null, ""tcgplayerProductId"": null}",catalogue_identity_retained,pokewallet_authenticated_acquire_path,run_pokewallet_authenticated_acquire_or_collector_scan,2026-10-09T10:03:49Z
pokemon|jp|24151|009/018|alto_mares_aerodactyl,ja,24151,"Melee, Pokemon Scramble",009/018,Alto Mares Aerodactyl,auth_only_source_no_alternate,"skip:api.pokewallet.io:pokewallet_auth_gated_no_bypass,skip:api.pokewallet.io:pokewallet_auth_gated_no_bypass,set_map:no_set_mapping:-",api.pokewallet.io,"{""pokemonTcgApiId"": null, ""pricechartingId"": null, ""tcgdexCardId"": null, ""tcgplayerProductId"": null}",catalogue_identity_retained,pokewallet_authenticated_acquire_path,run_pokewallet_authenticated_acquire_or_collector_scan,2026-10-09T10:03:49Z
pokemon|jp|24154|004/009|pokeparks_pikachu,ja,24154,PokePark Forest,004/009,PokeParks Pikachu,auth_only_source_no_alternate,"skip:api.pokewallet.io:pokewallet_auth_gated_no_bypass,skip:api.pokewallet.io:pokewallet_auth_gated_no_bypass,set_map:no_set_mapping:-",api.pokewallet.io,"{""pokemonTcgApiId"": null, ""pricechartingId"": null, ""tcgdexCardId"": null, ""tcgplayerProductId"": null}",catalogue_identity_retained,pokewallet_authenticated_acquire_path,run_pokewallet_authenticated_acquire_or_collector_scan,2026-10-09T10:03:49Z
pokemon|jp|24154|006/009|pokeparks_latios,ja,24154,PokePark Forest,006/009,PokeParks Latios,auth_only_source_no_alternate,"skip:api.pokewallet.io:pokewallet_auth_gated_no_bypass,skip:api.pokewallet.io:pokewallet_auth_gated_no_bypass,set_map:no_set_mapping:-",api.pokewallet.io,"{""pokemonTcgApiId"": null, ""pricechartingId"": null, ""tcgdexCardId"": null, ""tcgplayerProductId"": null}",catalogue_identity_retained,pokewallet_authenticated_acquire_path,run_pokewallet_authenticated_acquire_or_collector_scan,2026-10-09T10:03:49Z
pokemon|jp|24154|007/009|pokeparks_whismur,ja,24154,PokePark Forest,007/009,PokeParks Whismur,auth_only_source_no_alternate,"skip:api.pokewallet.io:pokewallet_auth_gated_no_bypass,skip:api.pokewallet.io:pokewallet_auth_gated_no_bypass,set_map:no_set_mapping:-",api.pokewallet.io,"{""pokemonTcgApiId"": null, ""pricechartingId"": null, ""tcgdexCardId"": null, ""tcgplayerProductId"": null}",catalogue_identity_retained,pokewallet_authenticated_acquire_path,run_pokewallet_authenticated_acquire_or_collector_scan,2026-10-09T10:03:49Z
pokemon|jp|24156|001/018|bulbasaur,ja,24156,McDonald's Pokémon-e Minimum Pack,001/018,Bulbasaur,auth_only_source_no_alternate,"skip:api.pokewallet.io:pokewallet_auth_gated_no_bypass,skip:api.pokewallet.io:pokewallet_auth_gated_no_bypass,set_map:no_set_mapping:-",api.pokewallet.io,"{""pokemonTcgApiId"": null, ""pricechartingId"": null, ""tcgdexCardId"": null, ""tcgplayerProductId"": null}",catalogue_identity_retained,pokewallet_authenticated_acquire_path,run_pokewallet_authenticated_acquire_or_collector_scan,2026-10-09T10:03:49Z
pokemon|jp|24156|002/018|oddish,ja,24156,McDonald's Pokémon-e Minimum Pack,002/018,Oddish,auth_only_source_no_alternate,"skip:api.pokewallet.io:pokewallet_auth_gated_no_bypass,skip:api.pokewallet.io:pokewallet_auth_gated_no_bypass,set_map:no_set_mapping:-",api.pokewallet.io,"{""pokemonTcgApiId"": null, ""pricechartingId"": null, ""tcgdexCardId"": null, ""tcgplayerProductId"": null}",catalogue_identity_retained,pokewallet_authenticated_acquire_path,run_pokewallet_authenticated_acquire_or_collector_scan,2026-10-09T10:03:49Z
pokemon|jp|24156|003/018|chikorita,ja,24156,McDonald's Pokémon-e Minimum Pack,003/018,Chikorita,auth_only_source_no_alternate,"skip:api.pokewallet.io:pokewallet_auth_gated_no_bypass,skip:api.pokewallet.io:pokewallet_auth_gated_no_bypass,set_map:no_set_mapping:-",api.pokewallet.io,"{""pokemonTcgApiId"": null, ""pricechartingId"": null, ""tcgdexCardId"": null, ""tcgplayerProductId"": null}",catalogue_identity_retained,pokewallet_authenticated_acquire_path,run_pokewallet_authenticated_acquire_or_collector_scan,2026-10-09T10:03:49Z
pokemon|jp|24156|004/018|charmander,ja,24156,McDonald's Pokémon-e Minimum Pack,004/018,Charmander,auth_only_source_no_alternate,"skip:api.pokewallet.io:pokewallet_auth_gated_no_bypass,skip:api.pokewallet.io:pokewallet_auth_gated_no_bypass,set_map:no_set_mapping:-",api.pokewallet.io,"{""pokemonTcgApiId"": null, ""pricechartingId"": null, ""tcgdexCardId"": null, ""tcgplayerProductId"": null}",catalogue_identity_retained,pokewallet_authenticated_acquire_path,run_pokewallet_authenticated_acquire_or_collector_scan,2026-10-09T10:03:49Z
pokemon|jp|24156|005/018|vulpix,ja,24156,McDonald's Pokémon-e Minimum Pack,005/018,Vulpix,auth_only_source_no_alternate,"skip:api.pokewallet.io:pokewallet_auth_gated_no_bypass,skip:api.pokewallet.io:pokewallet_auth_gated_no_bypass,set_map:no_set_mapping:-",api.pokewallet.io,"{""pokemonTcgApiId"": null, ""pricechartingId"": null, ""tcgdexCardId"": null, ""tcgplayerProductId"": null}",catalogue_identity_retained,pokewallet_authenticated_acquire_path,run_pokewallet_authenticated_acquire_or_collector_scan,2026-10-09T10:03:49Z
pokemon|jp|24156|006/018|cyndaquil,ja,24156,McDonald's Pokémon-e Minimum Pack,006/018,Cyndaquil,auth_only_source_no_alternate,"skip:api.pokewallet.io:pokewallet_auth_gated_no_bypass,skip:api.pokewallet.io:pokewallet_auth_gated_no_bypass,set_map:no_set_mapping:-",api.pokewallet.io,"{""pokemonTcgApiId"": null, ""pricechartingId"": null, ""tcgdexCardId"": null, ""tcgplayerProductId"": null}",catalogue_identity_retained,pokewallet_authenticated_acquire_path,run_pokewallet_authenticated_acquire_or_collector_scan,2026-10-09T10:03:49Z
pokemon|jp|24156|007/018|squirtle,ja,24156,McDonald's Pokémon-e Minimum Pack,007/018,Squirtle,auth_only_source_no_alternate,"skip:api.pokewallet.io:pokewallet_auth_gated_no_bypass,skip:api.pokewallet.io:pokewallet_auth_gated_no_bypass,set_map:no_set_mapping:-",api.pokewallet.io,"{""pokemonTcgApiId"": null, ""pricechartingId"": null, ""tcgdexCardId"": null, ""tcgplayerProductId"": null}",catalogue_identity_retained,pokewallet_authenticated_acquire_path,run_pokewallet_authenticated_acquire_or_collector_scan,2026-10-09T10:03:49Z
pokemon|jp|24156|008/018|totodile,ja,24156,McDonald's Pokémon-e Minimum Pack,008/018,Totodile,auth_only_source_no_alternate,"skip:api.pokewallet.io:pokewallet_auth_gated_no_bypass,skip:api.pokewallet.io:pokewallet_auth_gated_no_bypass,set_map:no_set_mapping:-",api.pokewallet.io,"{""pokemonTcgApiId"": null, ""pricechartingId"": null, ""tcgdexCardId"": null, ""tcgplayerProductId"": null}",catalogue_identity_retained,pokewallet_authenticated_acquire_path,run_pokewallet_authenticated_acquire_or_collector_scan,2026-10-09T10:03:49Z
pokemon|jp|24156|009/018|marill,ja,24156,McDonald's Pokémon-e Minimum Pack,009/018,Marill,auth_only_source_no_alternate,"skip:api.pokewallet.io:pokewallet_auth_gated_no_bypass,skip:api.pokewallet.io:pokewallet_auth_gated_no_bypass,set_map:no_set_mapping:-",api.pokewallet.io,"{""pokemonTcgApiId"": null, ""pricechartingId"": null, ""tcgdexCardId"": null, ""tcgplayerProductId"": null}",catalogue_identity_retained,pokewallet_authenticated_acquire_path,run_pokewallet_authenticated_acquire_or_collector_scan,2026-10-09T10:03:49Z
pokemon|jp|24156|010/018|pikachu,ja,24156,McDonald's Pokémon-e Minimum Pack,010/018,Pikachu,auth_only_source_no_alternate,"skip:api.pokewallet.io:pokewallet_auth_gated_no_bypass,skip:api.pokewallet.io:pokewallet_auth_gated_no_bypass,set_map:no_set_mapping:-",api.pokewallet.io,"{""pokemonTcgApiId"": null, ""pricechartingId"": null, ""tcgdexCardId"": null, ""tcgplayerProductId"": null}",catalogue_identity_retained,pokewallet_authenticated_acquire_path,run_pokewallet_authenticated_acquire_or_collector_scan,2026-10-09T10:03:49Z
pokemon|jp|24156|011/018|chinchou,ja,24156,McDonald's Pokémon-e Minimum Pack,011/018,Chinchou,auth_only_source_no_alternate,"skip:api.pokewallet.io:pokewallet_auth_gated_no_bypass,skip:api.pokewallet.io:pokewallet_auth_gated_no_bypass,set_map:no_set_mapping:-",api.pokewallet.io,"{""pokemonTcgApiId"": null, ""pricechartingId"": null, ""tcgdexCardId"": null, ""tcgplayerProductId"": null}",catalogue_identity_retained,pokewallet_authenticated_acquire_path,run_pokewallet_authenticated_acquire_or_collector_scan,2026-10-09T10:03:49Z
pokemon|jp|24156|013/018|abra,ja,24156,McDonald's Pokémon-e Minimum Pack,013/018,Abra,auth_only_source_no_alternate,"skip:api.pokewallet.io:pokewallet_auth_gated_no_bypass,skip:api.pokewallet.io:pokewallet_auth_gated_no_bypass,set_map:no_set_mapping:-",api.pokewallet.io,"{""pokemonTcgApiId"": null, ""pricechartingId"": null, ""tcgdexCardId"": null, ""tcgplayerProductId"": null}",catalogue_identity_retained,pokewallet_authenticated_acquire_path,run_pokewallet_authenticated_acquire_or_collector_scan,2026-10-09T10:03:49Z
pokemon|jp|24156|014/018|slowpoke,ja,24156,McDonald's Pokémon-e Minimum Pack,014/018,Slowpoke,auth_only_source_no_alternate,"skip:api.pokewallet.io:pokewallet_auth_gated_no_bypass,skip:api.pokewallet.io:pokewallet_auth_gated_no_bypass,set_map:no_set_mapping:-",api.pokewallet.io,"{""pokemonTcgApiId"": null, ""pricechartingId"": null, ""tcgdexCardId"": null, ""tcgplayerProductId"": null}",catalogue_identity_retained,pokewallet_authenticated_acquire_path,run_pokewallet_authenticated_acquire_or_collector_scan,2026-10-09T10:03:49Z
pokemon|jp|24156|015/018|natu,ja,24156,McDonald's Pokémon-e Minimum Pack,015/018,Natu,auth_only_source_no_alternate,"skip:api.pokewallet.io:pokewallet_auth_gated_no_bypass,skip:api.pokewallet.io:pokewallet_auth_gated_no_bypass,set_map:no_set_mapping:-",api.pokewallet.io,"{""pokemonTcgApiId"": null, ""pricechartingId"": null, ""tcgdexCardId"": null, ""tcgplayerProductId"": null}",catalogue_identity_retained,pokewallet_authenticated_acquire_path,run_pokewallet_authenticated_acquire_or_collector_scan,2026-10-09T10:03:49Z
pokemon|jp|24156|016/018|sandshrew,ja,24156,McDonald's Pokémon-e Minimum Pack,016/018,Sandshrew,auth_only_source_no_alternate,"skip:api.pokewallet.io:pokewallet_auth_gated_no_bypass,skip:api.pokewallet.io:pokewallet_auth_gated_no_bypass,set_map:no_set_mapping:-",api.pokewallet.io,"{""pokemonTcgApiId"": null, ""pricechartingId"": null, ""tcgdexCardId"": null, ""tcgplayerProductId"": null}",catalogue_identity_retained,pokewallet_authenticated_acquire_path,run_pokewallet_authenticated_acquire_or_collector_scan,2026-10-09T10:03:49Z
pokemon|jp|24156|017/018|phanpy,ja,24156,McDonald's Pokémon-e Minimum Pack,017/018,Phanpy,auth_only_source_no_alternate,"skip:api.pokewallet.io:pokewallet_auth_gated_no_bypass,skip:api.pokewallet.io:pokewallet_auth_gated_no_bypass,set_map:no_set_mapping:-",api.pokewallet.io,"{""pokemonTcgApiId"": null, ""pricechartingId"": null, ""tcgdexCardId"": null, ""tcgplayerProductId"": null}",catalogue_identity_retained,pokewallet_authenticated_acquire_path,run_pokewallet_authenticated_acquire_or_collector_scan,2026-10-09T10:03:49Z
pokemon|jp|24156|018/018|larvitar,ja,24156,McDonald's Pokémon-e Minimum Pack,018/018,Larvitar,auth_only_source_no_alternate,"skip:api.pokewallet.io:pokewallet_auth_gated_no_bypass,skip:api.pokewallet.io:pokewallet_auth_gated_no_bypass,set_map:no_set_mapping:-",api.pokewallet.io,"{""pokemonTcgApiId"": null, ""pricechartingId"": null, ""tcgdexCardId"": null, ""tcgplayerProductId"": null}",catalogue_identity_retained,pokewallet_authenticated_acquire_path,run_pokewallet_authenticated_acquire_or_collector_scan,2026-10-09T10:03:49Z
pokemon|jp|24158|002/015|combusken,ja,24158,Master Kit (Torchic),002/015,Combusken,auth_only_source_no_alternate,"skip:api.pokewallet.io:pokewallet_auth_gated_no_bypass,skip:api.pokewallet.io:pokewallet_auth_gated_no_bypass,set_map:no_set_mapping:-",api.pokewallet.io,"{""pokemonTcgApiId"": null, ""pricechartingId"": null, ""tcgdexCardId"": null, ""tcgplayerProductId"": null}",catalogue_identity_retained,pokewallet_authenticated_acquire_path,run_pokewallet_authenticated_acquire_or_collector_scan,2026-10-09T10:03:49Z
pokemon|jp|24158|004/015|phanpy,ja,24158,Master Kit (Torchic),004/015,Phanpy,auth_only_source_no_alternate,"skip:api.pokewallet.io:pokewallet_auth_gated_no_bypass,skip:api.pokewallet.io:pokewallet_auth_gated_no_bypass,set_map:no_set_mapping:-",api.pokewallet.io,"{""pokemonTcgApiId"": null, ""pricechartingId"": null, ""tcgdexCardId"": null, ""tcgplayerProductId"": null}",catalogue_identity_retained,pokewallet_authenticated_acquire_path,run_pokewallet_authenticated_acquire_or_collector_scan,2026-10-09T10:03:49Z
pokemon|jp|24158|005/015|donphan,ja,24158,Master Kit (Torchic),005/015,Donphan,auth_only_source_no_alternate,"skip:api.pokewallet.io:pokewallet_auth_gated_no_bypass,skip:api.pokewallet.io:pokewallet_auth_gated_no_bypass,set_map:no_set_mapping:-",api.pokewallet.io,"{""pokemonTcgApiId"": null, ""pricechartingId"": null, ""tcgdexCardId"": null, ""tcgplayerProductId"": null}",catalogue_identity_retained,pokewallet_authenticated_acquire_path,run_pokewallet_authenticated_acquire_or_collector_scan,2026-10-09T10:03:49Z
pokemon|jp|24158|007/015|loudred,ja,24158,Master Kit (Torchic),007/015,Loudred,auth_only_source_no_alternate,"skip:api.pokewallet.io:pokewallet_auth_gated_no_bypass,skip:api.pokewallet.io:pokewallet_auth_gated_no_bypass,set_map:no_set_mapping:-",api.pokewallet.io,"{""pokemonTcgApiId"": null, ""pricechartingId"": null, ""tcgdexCardId"": null, ""tcgplayerProductId"": null}",catalogue_identity_retained,pokewallet_authenticated_acquire_path,run_pokewallet_authenticated_acquire_or_collector_scan,2026-10-09T10:03:49Z
pokemon|jp|24158|009/015|switch,ja,24158,Master Kit (Torchic),009/015,Switch,auth_only_source_no_alternate,"skip:api.pokewallet.io:pokewallet_auth_gated_no_bypass,skip:api.pokewallet.io:pokewallet_auth_gated_no_bypass,set_map:no_set_mapping:-",api.pokewallet.io,"{""pokemonTcgApiId"": null, ""pricechartingId"": null, ""tcgdexCardId"": null, ""tcgplayerProductId"": null}",catalogue_identity_retained,pokewallet_authenticated_acquire_path,run_pokewallet_authenticated_acquire_or_collector_scan,2026-10-09T10:03:49Z
pokemon|jp|24159|004/012|sableye,ja,24159,Master Kit (Side Deck),004/012,Sableye,auth_only_source_no_alternate,"skip:api.pokewallet.io:pokewallet_auth_gated_no_bypass,skip:api.pokewallet.io:pokewallet_auth_gated_no_bypass,set_map:no_set_mapping:-",api.pokewallet.io,"{""pokemonTcgApiId"": null, ""pricechartingId"": null, ""tcgdexCardId"": null, ""tcgplayerProductId"": null}",catalogue_identity_retained,pokewallet_authenticated_acquire_path,run_pokewallet_authenticated_acquire_or_collector_scan,2026-10-09T10:03:49Z
pokemon|jp|24159|007/012|professor_oaks_research,ja,24159,Master Kit (Side Deck),007/012,Professor Oaks Research,auth_only_source_no_alternate,"skip:api.pokewallet.io:pokewallet_auth_gated_no_bypass,skip:api.pokewallet.io:pokewallet_auth_gated_no_bypass,set_map:no_set_mapping:-",api.pokewallet.io,"{""pokemonTcgApiId"": null, ""pricechartingId"": null, ""tcgdexCardId"": null, ""tcgplayerProductId"": null}",catalogue_identity_retained,pokewallet_authenticated_acquire_path,run_pokewallet_authenticated_acquire_or_collector_scan,2026-10-09T10:03:49Z
pokemon|jp|24159|008/012|oran_berry,ja,24159,Master Kit (Side Deck),008/012,Oran Berry,auth_only_source_no_alternate,"skip:api.pokewallet.io:pokewallet_auth_gated_no_bypass,skip:api.pokewallet.io:pokewallet_auth_gated_no_bypass,set_map:no_set_mapping:-",api.pokewallet.io,"{""pokemonTcgApiId"": null, ""pricechartingId"": null, ""tcgdexCardId"": null, ""tcgplayerProductId"": null}",catalogue_identity_retained,pokewallet_authenticated_acquire_path,run_pokewallet_authenticated_acquire_or_collector_scan,2026-10-09T10:03:49Z
pokemon|jp|24159|009/012|multi_technical_machine_01,ja,24159,Master Kit (Side Deck),009/012,Multi Technical Machine 01,auth_only_source_no_alternate,"skip:api.pokewallet.io:pokewallet_auth_gated_no_bypass,skip:api.pokewallet.io:pokewallet_auth_gated_no_bypass,set_map:no_set_mapping:-",api.pokewallet.io,"{""pokemonTcgApiId"": null, ""pricechartingId"": null, ""tcgdexCardId"": null, ""tcgplayerProductId"": null}",catalogue_identity_retained,pokewallet_authenticated_acquire_path,run_pokewallet_authenticated_acquire_or_collector_scan,2026-10-09T10:03:49Z
pokemon|jp|24160|10.0|koffing,ja,24160,Intro Pack Neo (Chikorita),10.0,Koffing,auth_only_source_no_alternate,"skip:api.pokewallet.io:pokewallet_auth_gated_no_bypass,skip:api.pokewallet.io:pokewallet_auth_gated_no_bypass,set_map:no_set_mapping:-",api.pokewallet.io,"{""pokemonTcgApiId"": null, ""pricechartingId"": null, ""tcgdexCardId"": null, ""tcgplayerProductId"": null}",catalogue_identity_retained,pokewallet_authenticated_acquire_path,run_pokewallet_authenticated_acquire_or_collector_scan,2026-10-09T10:03:49Z
pokemon|jp|24160|11.0|basic_fighting_energy_11,ja,24160,Intro Pack Neo (Chikorita),11.0,Basic Fighting Energy 11,auth_only_source_no_alternate,"skip:api.pokewallet.io:pokewallet_auth_gated_no_bypass,skip:api.pokewallet.io:pokewallet_auth_gated_no_bypass,set_map:no_set_mapping:-",api.pokewallet.io,"{""pokemonTcgApiId"": null, ""pricechartingId"": null, ""tcgdexCardId"": null, ""tcgplayerProductId"": null}",catalogue_identity_retained,pokewallet_authenticated_acquire_path,run_pokewallet_authenticated_acquire_or_collector_scan,2026-10-09T10:03:49Z
pokemon|jp|24160|13.0|quilava,ja,24160,Intro Pack Neo (Chikorita),13.0,Quilava,auth_only_source_no_alternate,"skip:api.pokewallet.io:pokewallet_auth_gated_no_bypass,skip:api.pokewallet.io:pokewallet_auth_gated_no_bypass,set_map:no_set_mapping:-",api.pokewallet.io,"{""pokemonTcgApiId"": null, ""pricechartingId"": null, ""tcgdexCardId"": null, ""tcgplayerProductId"": null}",catalogue_identity_retained,pokewallet_authenticated_acquire_path,run_pokewallet_authenticated_acquire_or_collector_scan,2026-10-09T10:03:49Z
pokemon|jp|24160|18.0|basic_fighting_energy_18,ja,24160,Intro Pack Neo (Chikorita),18.0,Basic Fighting Energy 18,auth_only_source_no_alternate,"skip:api.pokewallet.io:pokewallet_auth_gated_no_bypass,skip:api.pokewallet.io:pokewallet_auth_gated_no_bypass,set_map:no_set_mapping:-",api.pokewallet.io,"{""pokemonTcgApiId"": null, ""pricechartingId"": null, ""tcgdexCardId"": null, ""tcgplayerProductId"": null}",catalogue_identity_retained,pokewallet_authenticated_acquire_path,run_pokewallet_authenticated_acquire_or_collector_scan,2026-10-09T10:03:49Z
pokemon|jp|24160|22.0|paras,ja,24160,Intro Pack Neo (Chikorita),22.0,Paras,auth_only_source_no_alternate,"skip:api.pokewallet.io:pokewallet_auth_gated_no_bypass,skip:api.pokewallet.io:pokewallet_auth_gated_no_bypass,set_map:no_set_mapping:-",api.pokewallet.io,"{""pokemonTcgApiId"": null, ""pricechartingId"": null, ""tcgdexCardId"": null, ""tcgplayerProductId"": null}",catalogue_identity_retained,pokewallet_authenticated_acquire_path,run_pokewallet_authenticated_acquire_or_collector_scan,2026-10-09T10:03:49Z
pokemon|jp|24160|30.0|chikorita_30,ja,24160,Intro Pack Neo (Chikorita),30.0,Chikorita 30,auth_only_source_no_alternate,"skip:api.pokewallet.io:pokewallet_auth_gated_no_bypass,skip:api.pokewallet.io:pokewallet_auth_gated_no_bypass,set_map:no_set_mapping:-",api.pokewallet.io,"{""pokemonTcgApiId"": null, ""pricechartingId"": null, ""tcgdexCardId"": null, ""tcgplayerProductId"": null}",catalogue_identity_retained,pokewallet_authenticated_acquire_path,run_pokewallet_authenticated_acquire_or_collector_scan,2026-10-09T10:03:49Z
pokemon|jp|24161|4.0|croconaw,ja,24161,Intro Pack Neo (Totodile),4.0,Croconaw,auth_only_source_no_alternate,"skip:api.pokewallet.io:pokewallet_auth_gated_no_bypass,skip:api.pokewallet.io:pokewallet_auth_gated_no_bypass,set_map:no_set_mapping:-",api.pokewallet.io,"{""pokemonTcgApiId"": null, ""pricechartingId"": null, ""tcgdexCardId"": null, ""tcgplayerProductId"": null}",catalogue_identity_retained,pokewallet_authenticated_acquire_path,run_pokewallet_authenticated_acquire_or_collector_scan,2026-10-09T10:03:49Z
pokemon|jp|24161|15.0|basic_lightning_energy_15,ja,24161,Intro Pack Neo (Totodile),15.0,Basic Lightning Energy 15,auth_only_source_no_alternate,"skip:api.pokewallet.io:pokewallet_auth_gated_no_bypass,skip:api.pokewallet.io:pokewallet_auth_gated_no_bypass,set_map:no_set_mapping:-",api.pokewallet.io,"{""pokemonTcgApiId"": null, ""pricechartingId"": null, ""tcgdexCardId"": null, ""tcgplayerProductId"": null}",catalogue_identity_retained,pokewallet_authenticated_acquire_path,run_pokewallet_authenticated_acquire_or_collector_scan,2026-10-09T10:03:49Z
pokemon|jp|24161|18.0|mareep_18,ja,24161,Intro Pack Neo (Totodile),18.0,Mareep 18,auth_only_source_no_alternate,"skip:api.pokewallet.io:pokewallet_auth_gated_no_bypass,skip:api.pokewallet.io:pokewallet_auth_gated_no_bypass,set_map:no_set_mapping:-",api.pokewallet.io,"{""pokemonTcgApiId"": null, ""pricechartingId"": null, ""tcgdexCardId"": null, ""tcgplayerProductId"": null}",catalogue_identity_retained,pokewallet_authenticated_acquire_path,run_pokewallet_authenticated_acquire_or_collector_scan,2026-10-09T10:03:49Z
pokemon|jp|24161|21.0|totodile_21,ja,24161,Intro Pack Neo (Totodile),21.0,Totodile 21,auth_only_source_no_alternate,"skip:api.pokewallet.io:pokewallet_auth_gated_no_bypass,skip:api.pokewallet.io:pokewallet_auth_gated_no_bypass,set_map:no_set_mapping:-",api.pokewallet.io,"{""pokemonTcgApiId"": null, ""pricechartingId"": null, ""tcgdexCardId"": null, ""tcgplayerProductId"": null}",catalogue_identity_retained,pokewallet_authenticated_acquire_path,run_pokewallet_authenticated_acquire_or_collector_scan,2026-10-09T10:03:49Z
pokemon|jp|24161|22.0|master_ball,ja,24161,Intro Pack Neo (Totodile),22.0,Master Ball,auth_only_source_no_alternate,"skip:api.pokewallet.io:pokewallet_auth_gated_no_bypass,skip:api.pokewallet.io:pokewallet_auth_gated_no_bypass,set_map:no_set_mapping:-",api.pokewallet.io,"{""pokemonTcgApiId"": null, ""pricechartingId"": null, ""tcgdexCardId"": null, ""tcgplayerProductId"": null}",catalogue_identity_retained,pokewallet_authenticated_acquire_path,run_pokewallet_authenticated_acquire_or_collector_scan,2026-10-09T10:03:49Z
pokemon|jp|24167|001/029|bulbasaur_001_029,ja,24167,Pokemon-e Starter Deck,001/029,Bulbasaur 001 029,auth_only_source_no_alternate,"skip:api.pokewallet.io:pokewallet_auth_gated_no_bypass,skip:api.pokewallet.io:pokewallet_auth_gated_no_bypass,set_map:no_set_mapping:-",api.pokewallet.io,"{""pokemonTcgApiId"": null, ""pricechartingId"": null, ""tcgdexCardId"": null, ""tcgplayerProductId"": null}",catalogue_identity_retained,pokewallet_authenticated_acquire_path,run_pokewallet_authenticated_acquire_or_collector_scan,2026-10-09T10:03:49Z
pokemon|jp|24167|002/029|bulbasaur_002_029,ja,24167,Pokemon-e Starter Deck,002/029,Bulbasaur 002 029,auth_only_source_no_alternate,"skip:api.pokewallet.io:pokewallet_auth_gated_no_bypass,skip:api.pokewallet.io:pokewallet_auth_gated_no_bypass,set_map:no_set_mapping:-",api.pokewallet.io,"{""pokemonTcgApiId"": null, ""pricechartingId"": null, ""tcgdexCardId"": null, ""tcgplayerProductId"": null}",catalogue_identity_retained,pokewallet_authenticated_acquire_path,run_pokewallet_authenticated_acquire_or_collector_scan,2026-10-09T10:03:49Z
pokemon|jp|24167|003/029|ivysaur,ja,24167,Pokemon-e Starter Deck,003/029,Ivysaur,auth_only_source_no_alternate,"skip:api.pokewallet.io:pokewallet_auth_gated_no_bypass,skip:api.pokewallet.io:pokewallet_auth_gated_no_bypass,set_map:no_set_mapping:-",api.pokewallet.io,"{""pokemonTcgApiId"": null, ""pricechartingId"": null, ""tcgdexCardId"": null, ""tcgplayerProductId"": null}",catalogue_identity_retained,pokewallet_authenticated_acquire_path,run_pokewallet_authenticated_acquire_or_collector_scan,2026-10-09T10:03:49Z
pokemon|jp|24167|004/029|venusaur,ja,24167,Pokemon-e Starter Deck,004/029,Venusaur,auth_only_source_no_alternate,"skip:api.pokewallet.io:pokewallet_auth_gated_no_bypass,skip:api.pokewallet.io:pokewallet_auth_gated_no_bypass,set_map:no_set_mapping:-",api.pokewallet.io,"{""pokemonTcgApiId"": null, ""pricechartingId"": null, ""tcgdexCardId"": null, ""tcgplayerProductId"": null}",catalogue_identity_retained,pokewallet_authenticated_acquire_path,run_pokewallet_authenticated_acquire_or_collector_scan,2026-10-09T10:03:49Z
pokemon|jp|24167|005/029|chikorita_005_029,ja,24167,Pokemon-e Starter Deck,005/029,Chikorita 005 029,auth_only_source_no_alternate,"skip:api.pokewallet.io:pokewallet_auth_gated_no_bypass,skip:api.pokewallet.io:pokewallet_auth_gated_no_bypass,set_map:no_set_mapping:-",api.pokewallet.io,"{""pokemonTcgApiId"": null, ""pricechartingId"": null, ""tcgdexCardId"": null, ""tcgplayerProductId"": null}",catalogue_identity_retained,pokewallet_authenticated_acquire_path,run_pokewallet_authenticated_acquire_or_collector_scan,2026-10-09T10:03:49Z
pokemon|jp|24167|006/029|chikorita_006_029,ja,24167,Pokemon-e Starter Deck,006/029,Chikorita 006 029,auth_only_source_no_alternate,"skip:api.pokewallet.io:pokewallet_auth_gated_no_bypass,skip:api.pokewallet.io:pokewallet_auth_gated_no_bypass,set_map:no_set_mapping:-",api.pokewallet.io,"{""pokemonTcgApiId"": null, ""pricechartingId"": null, ""tcgdexCardId"": null, ""tcgplayerProductId"": null}",catalogue_identity_retained,pokewallet_authenticated_acquire_path,run_pokewallet_authenticated_acquire_or_collector_scan,2026-10-09T10:03:49Z
pokemon|jp|24167|007/029|bayleef,ja,24167,Pokemon-e Starter Deck,007/029,Bayleef,auth_only_source_no_alternate,"skip:api.pokewallet.io:pokewallet_auth_gated_no_bypass,skip:api.pokewallet.io:pokewallet_auth_gated_no_bypass,set_map:no_set_mapping:-",api.pokewallet.io,"{""pokemonTcgApiId"": null, ""pricechartingId"": null, ""tcgdexCardId"": null, ""tcgplayerProductId"": null}",catalogue_identity_retained,pokewallet_authenticated_acquire_path,run_pokewallet_authenticated_acquire_or_collector_scan,2026-10-09T10:03:49Z
pokemon|jp|24167|008/029|meganium,ja,24167,Pokemon-e Starter Deck,008/029,Meganium,auth_only_source_no_alternate,"skip:api.pokewallet.io:pokewallet_auth_gated_no_bypass,skip:api.pokewallet.io:pokewallet_auth_gated_no_bypass,set_map:no_set_mapping:-",api.pokewallet.io,"{""pokemonTcgApiId"": null, ""pricechartingId"": null, ""tcgdexCardId"": null, ""tcgplayerProductId"": null}",catalogue_identity_retained,pokewallet_authenticated_acquire_path,run_pokewallet_authenticated_acquire_or_collector_scan,2026-10-09T10:03:49Z
pokemon|jp|24167|009/029|charmander_009_029,ja,24167,Pokemon-e Starter Deck,009/029,Charmander 009 029,auth_only_source_no_alternate,"skip:api.pokewallet.io:pokewallet_auth_gated_no_bypass,skip:api.pokewallet.io:pokewallet_auth_gated_no_bypass,set_map:no_set_mapping:-",api.pokewallet.io,"{""pokemonTcgApiId"": null, ""pricechartingId"": null, ""tcgdexCardId"": null, ""tcgplayerProductId"": null}",catalogue_identity_retained,pokewallet_authenticated_acquire_path,run_pokewallet_authenticated_acquire_or_collector_scan,2026-10-09T10:03:49Z
pokemon|jp|24167|011/029|charmeleon,ja,24167,Pokemon-e Starter Deck,011/029,Charmeleon,auth_only_source_no_alternate,"skip:api.pokewallet.io:pokewallet_auth_gated_no_bypass,skip:api.pokewallet.io:pokewallet_auth_gated_no_bypass,set_map:no_set_mapping:-",api.pokewallet.io,"{""pokemonTcgApiId"": null, ""pricechartingId"": null, ""tcgdexCardId"": null, ""tcgplayerProductId"": null}",catalogue_identity_retained,pokewallet_authenticated_acquire_path,run_pokewallet_authenticated_acquire_or_collector_scan,2026-10-09T10:03:49Z
pokemon|jp|24167|012/029|charizard,ja,24167,Pokemon-e Starter Deck,012/029,Charizard,auth_only_source_no_alternate,"skip:api.pokewallet.io:pokewallet_auth_gated_no_bypass,skip:api.pokewallet.io:pokewallet_auth_gated_no_bypass,set_map:no_set_mapping:-",api.pokewallet.io,"{""pokemonTcgApiId"": null, ""pricechartingId"": null, ""tcgdexCardId"": null, ""tcgplayerProductId"": null}",catalogue_identity_retained,pokewallet_authenticated_acquire_path,run_pokewallet_authenticated_acquire_or_collector_scan,2026-10-09T10:03:49Z
pokemon|jp|24167|015/029|quilava,ja,24167,Pokemon-e Starter Deck,015/029,Quilava,auth_only_source_no_alternate,"skip:api.pokewallet.io:pokewallet_auth_gated_no_bypass,skip:api.pokewallet.io:pokewallet_auth_gated_no_bypass,set_map:no_set_mapping:-",api.pokewallet.io,"{""pokemonTcgApiId"": null, ""pricechartingId"": null, ""tcgdexCardId"": null, ""tcgplayerProductId"": null}",catalogue_identity_retained,pokewallet_authenticated_acquire_path,run_pokewallet_authenticated_acquire_or_collector_scan,2026-10-09T10:03:49Z
pokemon|jp|24167|016/029|typhlosion,ja,24167,Pokemon-e Starter Deck,016/029,Typhlosion,auth_only_source_no_alternate,"skip:api.pokewallet.io:pokewallet_auth_gated_no_bypass,skip:api.pokewallet.io:pokewallet_auth_gated_no_bypass,set_map:no_set_mapping:-",api.pokewallet.io,"{""pokemonTcgApiId"": null, ""pricechartingId"": null, ""tcgdexCardId"": null, ""tcgplayerProductId"": null}",catalogue_identity_retained,pokewallet_authenticated_acquire_path,run_pokewallet_authenticated_acquire_or_collector_scan,2026-10-09T10:03:49Z
pokemon|jp|24167|018/029|squirtle_018_029,ja,24167,Pokemon-e Starter Deck,018/029,Squirtle 018 029,auth_only_source_no_alternate,"skip:api.pokewallet.io:pokewallet_auth_gated_no_bypass,skip:api.pokewallet.io:pokewallet_auth_gated_no_bypass,set_map:no_set_mapping:-",api.pokewallet.io,"{""pokemonTcgApiId"": null, ""pricechartingId"": null, ""tcgdexCardId"": null, ""tcgplayerProductId"": null}",catalogue_identity_retained,pokewallet_authenticated_acquire_path,run_pokewallet_authenticated_acquire_or_collector_scan,2026-10-09T10:03:49Z
pokemon|jp|24167|020/029|blastoise,ja,24167,Pokemon-e Starter Deck,020/029,Blastoise,auth_only_source_no_alternate,"skip:api.pokewallet.io:pokewallet_auth_gated_no_bypass,skip:api.pokewallet.io:pokewallet_auth_gated_no_bypass,set_map:no_set_mapping:-",api.pokewallet.io,"{""pokemonTcgApiId"": null, ""pricechartingId"": null, ""tcgdexCardId"": null, ""tcgplayerProductId"": null}",catalogue_identity_retained,pokewallet_authenticated_acquire_path,run_pokewallet_authenticated_acquire_or_collector_scan,2026-10-09T10:03:49Z
pokemon|jp|24167|021/029|totodile_021_029,ja,24167,Pokemon-e Starter Deck,021/029,Totodile 021 029,auth_only_source_no_alternate,"skip:api.pokewallet.io:pokewallet_auth_gated_no_bypass,skip:api.pokewallet.io:pokewallet_auth_gated_no_bypass,set_map:no_set_mapping:-",api.pokewallet.io,"{""pokemonTcgApiId"": null, ""pricechartingId"": null, ""tcgdexCardId"": null, ""tcgplayerProductId"": null}",catalogue_identity_retained,pokewallet_authenticated_acquire_path,run_pokewallet_authenticated_acquire_or_collector_scan,2026-10-09T10:03:49Z
pokemon|jp|24167|022/029|totodile_022_029,ja,24167,Pokemon-e Starter Deck,022/029,Totodile 022 029,auth_only_source_no_alternate,"skip:api.pokewallet.io:pokewallet_auth_gated_no_bypass,skip:api.pokewallet.io:pokewallet_auth_gated_no_bypass,set_map:no_set_mapping:-",api.pokewallet.io,"{""pokemonTcgApiId"": null, ""pricechartingId"": null, ""tcgdexCardId"": null, ""tcgplayerProductId"": null}",catalogue_identity_retained,pokewallet_authenticated_acquire_path,run_pokewallet_authenticated_acquire_or_collector_scan,2026-10-09T10:03:49Z
pokemon|jp|24167|023/029|croconaw,ja,24167,Pokemon-e Starter Deck,023/029,Croconaw,auth_only_source_no_alternate,"skip:api.pokewallet.io:pokewallet_auth_gated_no_bypass,skip:api.pokewallet.io:pokewallet_auth_gated_no_bypass,set_map:no_set_mapping:-",api.pokewallet.io,"{""pokemonTcgApiId"": null, ""pricechartingId"": null, ""tcgdexCardId"": null, ""tcgplayerProductId"": null}",catalogue_identity_retained,pokewallet_authenticated_acquire_path,run_pokewallet_authenticated_acquire_or_collector_scan,2026-10-09T10:03:49Z
pokemon|jp|24167|024/029|feraligatr,ja,24167,Pokemon-e Starter Deck,024/029,Feraligatr,auth_only_source_no_alternate,"skip:api.pokewallet.io:pokewallet_auth_gated_no_bypass,skip:api.pokewallet.io:pokewallet_auth_gated_no_bypass,set_map:no_set_mapping:-",api.pokewallet.io,"{""pokemonTcgApiId"": null, ""pricechartingId"": null, ""tcgdexCardId"": null, ""tcgplayerProductId"": null}",catalogue_identity_retained,pokewallet_authenticated_acquire_path,run_pokewallet_authenticated_acquire_or_collector_scan,2026-10-09T10:03:49Z
pokemon|jp|24167|025/029|potion,ja,24167,Pokemon-e Starter Deck,025/029,Potion,auth_only_source_no_alternate,"skip:api.pokewallet.io:pokewallet_auth_gated_no_bypass,skip:api.pokewallet.io:pokewallet_auth_gated_no_bypass,set_map:no_set_mapping:-",api.pokewallet.io,"{""pokemonTcgApiId"": null, ""pricechartingId"": null, ""tcgdexCardId"": null, ""tcgplayerProductId"": null}",catalogue_identity_retained,pokewallet_authenticated_acquire_path,run_pokewallet_authenticated_acquire_or_collector_scan,2026-10-09T10:03:49Z
pokemon|jp|24167|026/029|full_heal,ja,24167,Pokemon-e Starter Deck,026/029,Full Heal,auth_only_source_no_alternate,"skip:api.pokewallet.io:pokewallet_auth_gated_no_bypass,skip:api.pokewallet.io:pokewallet_auth_gated_no_bypass,set_map:no_set_mapping:-",api.pokewallet.io,"{""pokemonTcgApiId"": null, ""pricechartingId"": null, ""tcgdexCardId"": null, ""tcgplayerProductId"": null}",catalogue_identity_retained,pokewallet_authenticated_acquire_path,run_pokewallet_authenticated_acquire_or_collector_scan,2026-10-09T10:03:49Z
pokemon|jp|24167|027/029|switch,ja,24167,Pokemon-e Starter Deck,027/029,Switch,auth_only_source_no_alternate,"skip:api.pokewallet.io:pokewallet_auth_gated_no_bypass,skip:api.pokewallet.io:pokewallet_auth_gated_no_bypass,set_map:no_set_mapping:-",api.pokewallet.io,"{""pokemonTcgApiId"": null, ""pricechartingId"": null, ""tcgdexCardId"": null, ""tcgplayerProductId"": null}",catalogue_identity_retained,pokewallet_authenticated_acquire_path,run_pokewallet_authenticated_acquire_or_collector_scan,2026-10-09T10:03:49Z
pokemon|jp|24167|028/029|energy_search,ja,24167,Pokemon-e Starter Deck,028/029,Energy Search,auth_only_source_no_alternate,"skip:api.pokewallet.io:pokewallet_auth_gated_no_bypass,skip:api.pokewallet.io:pokewallet_auth_gated_no_bypass,set_map:no_set_mapping:-",api.pokewallet.io,"{""pokemonTcgApiId"": null, ""pricechartingId"": null, ""tcgdexCardId"": null, ""tcgplayerProductId"": null}",catalogue_identity_retained,pokewallet_authenticated_acquire_path,run_pokewallet_authenticated_acquire_or_collector_scan,2026-10-09T10:03:49Z
pokemon|jp|24167|029/029|moomoo_milk,ja,24167,Pokemon-e Starter Deck,029/029,Moomoo Milk,auth_only_source_no_alternate,"skip:api.pokewallet.io:pokewallet_auth_gated_no_bypass,skip:api.pokewallet.io:pokewallet_auth_gated_no_bypass,set_map:no_set_mapping:-",api.pokewallet.io,"{""pokemonTcgApiId"": null, ""pricechartingId"": null, ""tcgdexCardId"": null, ""tcgplayerProductId"": null}",catalogue_identity_retained,pokewallet_authenticated_acquire_path,run_pokewallet_authenticated_acquire_or_collector_scan,2026-10-09T10:03:49Z
pokemon|jp|24168|1.0|bulbasaur_1,ja,24168,Intro Pack (Bulbasaur),1.0,Bulbasaur 1,auth_only_source_no_alternate,"skip:api.pokewallet.io:pokewallet_auth_gated_no_bypass,skip:api.pokewallet.io:pokewallet_auth_gated_no_bypass,set_map:no_set_mapping:-",api.pokewallet.io,"{""pokemonTcgApiId"": null, ""pricechartingId"": null, ""tcgdexCardId"": null, ""tcgplayerProductId"": null}",catalogue_identity_retained,pokewallet_authenticated_acquire_path,run_pokewallet_authenticated_acquire_or_collector_scan,2026-10-09T10:03:49Z
pokemon|jp|24168|2.0|drowzee,ja,24168,Intro Pack (Bulbasaur),2.0,Drowzee,auth_only_source_no_alternate,"skip:api.pokewallet.io:pokewallet_auth_gated_no_bypass,skip:api.pokewallet.io:pokewallet_auth_gated_no_bypass,set_map:no_set_mapping:-",api.pokewallet.io,"{""pokemonTcgApiId"": null, ""pricechartingId"": null, ""tcgdexCardId"": null, ""tcgplayerProductId"": null}",catalogue_identity_retained,pokewallet_authenticated_acquire_path,run_pokewallet_authenticated_acquire_or_collector_scan,2026-10-09T10:03:49Z
pokemon|jp|24168|3.0|raichu,ja,24168,Intro Pack (Bulbasaur),3.0,Raichu,auth_only_source_no_alternate,"skip:api.pokewallet.io:pokewallet_auth_gated_no_bypass,skip:api.pokewallet.io:pokewallet_auth_gated_no_bypass,set_map:no_set_mapping:-",api.pokewallet.io,"{""pokemonTcgApiId"": null, ""pricechartingId"": null, ""tcgdexCardId"": null, ""tcgplayerProductId"": null}",catalogue_identity_retained,pokewallet_authenticated_acquire_path,run_pokewallet_authenticated_acquire_or_collector_scan,2026-10-09T10:03:49Z
pokemon|jp|24168|4.0|basic_grass_energy_4,ja,24168,Intro Pack (Bulbasaur),4.0,Basic Grass Energy 4,auth_only_source_no_alternate,"skip:api.pokewallet.io:pokewallet_auth_gated_no_bypass,skip:api.pokewallet.io:pokewallet_auth_gated_no_bypass,set_map:no_set_mapping:-",api.pokewallet.io,"{""pokemonTcgApiId"": null, ""pricechartingId"": null, ""tcgdexCardId"": null, ""tcgplayerProductId"": null}",catalogue_identity_retained,pokewallet_authenticated_acquire_path,run_pokewallet_authenticated_acquire_or_collector_scan,2026-10-09T10:03:49Z
pokemon|jp|24168|5.0|basic_grass_energy_5,ja,24168,Intro Pack (Bulbasaur),5.0,Basic Grass Energy 5,auth_only_source_no_alternate,"skip:api.pokewallet.io:pokewallet_auth_gated_no_bypass,skip:api.pokewallet.io:pokewallet_auth_gated_no_bypass,set_map:no_set_mapping:-",api.pokewallet.io,"{""pokemonTcgApiId"": null, ""pricechartingId"": null, ""tcgdexCardId"": null, ""tcgplayerProductId"": null}",catalogue_identity_retained,pokewallet_authenticated_acquire_path,run_pokewallet_authenticated_acquire_or_collector_scan,2026-10-09T10:03:49Z
pokemon|jp|24168|6.0|basic_lightning_energy_6,ja,24168,Intro Pack (Bulbasaur),6.0,Basic Lightning Energy 6,auth_only_source_no_alternate,"skip:api.pokewallet.io:pokewallet_auth_gated_no_bypass,skip:api.pokewallet.io:pokewallet_auth_gated_no_bypass,set_map:no_set_mapping:-",api.pokewallet.io,"{""pokemonTcgApiId"": null, ""pricechartingId"": null, ""tcgdexCardId"": null, ""tcgplayerProductId"": null}",catalogue_identity_retained,pokewallet_authenticated_acquire_path,run_pokewallet_authenticated_acquire_or_collector_scan,2026-10-09T10:03:49Z
pokemon|jp|24168|7.0|potion,ja,24168,Intro Pack (Bulbasaur),7.0,Potion,auth_only_source_no_alternate,"skip:api.pokewallet.io:pokewallet_auth_gated_no_bypass,skip:api.pokewallet.io:pokewallet_auth_gated_no_bypass,set_map:no_set_mapping:-",api.pokewallet.io,"{""pokemonTcgApiId"": null, ""pricechartingId"": null, ""tcgdexCardId"": null, ""tcgplayerProductId"": null}",catalogue_identity_retained,pokewallet_authenticated_acquire_path,run_pokewallet_authenticated_acquire_or_collector_scan,2026-10-09T10:03:49Z
pokemon|jp|24168|8.0|basic_grass_energy_8,ja,24168,Intro Pack (Bulbasaur),8.0,Basic Grass Energy 8,auth_only_source_no_alternate,"skip:api.pokewallet.io:pokewallet_auth_gated_no_bypass,skip:api.pokewallet.io:pokewallet_auth_gated_no_bypass,set_map:no_set_mapping:-",api.pokewallet.io,"{""pokemonTcgApiId"": null, ""pricechartingId"": null, ""tcgdexCardId"": null, ""tcgplayerProductId"": null}",catalogue_identity_retained,pokewallet_authenticated_acquire_path,run_pokewallet_authenticated_acquire_or_collector_scan,2026-10-09T10:03:49Z
pokemon|jp|24168|9.0|super_scoop_up,ja,24168,Intro Pack (Bulbasaur),9.0,Super Scoop Up,auth_only_source_no_alternate,"skip:api.pokewallet.io:pokewallet_auth_gated_no_bypass,skip:api.pokewallet.io:pokewallet_auth_gated_no_bypass,set_map:no_set_mapping:-",api.pokewallet.io,"{""pokemonTcgApiId"": null, ""pricechartingId"": null, ""tcgdexCardId"": null, ""tcgplayerProductId"": null}",catalogue_identity_retained,pokewallet_authenticated_acquire_path,run_pokewallet_authenticated_acquire_or_collector_scan,2026-10-09T10:03:49Z
pokemon|jp|24168|10.0|basic_lightning_energy_10,ja,24168,Intro Pack (Bulbasaur),10.0,Basic Lightning Energy 10,auth_only_source_no_alternate,"skip:api.pokewallet.io:pokewallet_auth_gated_no_bypass,skip:api.pokewallet.io:pokewallet_auth_gated_no_bypass,set_map:no_set_mapping:-",api.pokewallet.io,"{""pokemonTcgApiId"": null, ""pricechartingId"": null, ""tcgdexCardId"": null, ""tcgplayerProductId"": null}",catalogue_identity_retained,pokewallet_authenticated_acquire_path,run_pokewallet_authenticated_acquire_or_collector_scan,2026-10-09T10:03:49Z
pokemon|jp|24168|11.0|basic_grass_energy_11,ja,24168,Intro Pack (Bulbasaur),11.0,Basic Grass Energy 11,auth_only_source_no_alternate,"skip:api.pokewallet.io:pokewallet_auth_gated_no_bypass,skip:api.pokewallet.io:pokewallet_auth_gated_no_bypass,set_map:no_set_mapping:-",api.pokewallet.io,"{""pokemonTcgApiId"": null, ""pricechartingId"": null, ""tcgdexCardId"": null, ""tcgplayerProductId"": null}",catalogue_identity_retained,pokewallet_authenticated_acquire_path,run_pokewallet_authenticated_acquire_or_collector_scan,2026-10-09T10:03:49Z
pokemon|jp|24168|12.0|basic_lightning_energy_12,ja,24168,Intro Pack (Bulbasaur),12.0,Basic Lightning Energy 12,auth_only_source_no_alternate,"skip:api.pokewallet.io:pokewallet_auth_gated_no_bypass,skip:api.pokewallet.io:pokewallet_auth_gated_no_bypass,set_map:no_set_mapping:-",api.pokewallet.io,"{""pokemonTcgApiId"": null, ""pricechartingId"": null, ""tcgdexCardId"": null, ""tcgplayerProductId"": null}",catalogue_identity_retained,pokewallet_authenticated_acquire_path,run_pokewallet_authenticated_acquire_or_collector_scan,2026-10-09T10:03:49Z
pokemon|jp|24168|13.0|pikachu_13,ja,24168,Intro Pack (Bulbasaur),13.0,Pikachu 13,auth_only_source_no_alternate,"skip:api.pokewallet.io:pokewallet_auth_gated_no_bypass,skip:api.pokewallet.io:pokewallet_auth_gated_no_bypass,set_map:no_set_mapping:-",api.pokewallet.io,"{""pokemonTcgApiId"": null, ""pricechartingId"": null, ""tcgdexCardId"": null, ""tcgplayerProductId"": null}",catalogue_identity_retained,pokewallet_authenticated_acquire_path,run_pokewallet_authenticated_acquire_or_collector_scan,2026-10-09T10:03:49Z
pokemon|jp|24168|14.0|basic_lightning_energy_14,ja,24168,Intro Pack (Bulbasaur),14.0,Basic Lightning Energy 14,auth_only_source_no_alternate,"skip:api.pokewallet.io:pokewallet_auth_gated_no_bypass,skip:api.pokewallet.io:pokewallet_auth_gated_no_bypass,set_map:no_set_mapping:-",api.pokewallet.io,"{""pokemonTcgApiId"": null, ""pricechartingId"": null, ""tcgdexCardId"": null, ""tcgplayerProductId"": null}",catalogue_identity_retained,pokewallet_authenticated_acquire_path,run_pokewallet_authenticated_acquire_or_collector_scan,2026-10-09T10:03:49Z
pokemon|jp|24168|15.0|basic_grass_energy_15,ja,24168,Intro Pack (Bulbasaur),15.0,Basic Grass Energy 15,auth_only_source_no_alternate,"skip:api.pokewallet.io:pokewallet_auth_gated_no_bypass,skip:api.pokewallet.io:pokewallet_auth_gated_no_bypass,set_map:no_set_mapping:-",api.pokewallet.io,"{""pokemonTcgApiId"": null, ""pricechartingId"": null, ""tcgdexCardId"": null, ""tcgplayerProductId"": null}",catalogue_identity_retained,pokewallet_authenticated_acquire_path,run_pokewallet_authenticated_acquire_or_collector_scan,2026-10-09T10:03:49Z
pokemon|jp|24168|16.0|meowth,ja,24168,Intro Pack (Bulbasaur),16.0,Meowth,auth_only_source_no_alternate,"skip:api.pokewallet.io:pokewallet_auth_gated_no_bypass,skip:api.pokewallet.io:pokewallet_auth_gated_no_bypass,set_map:no_set_mapping:-",api.pokewallet.io,"{""pokemonTcgApiId"": null, ""pricechartingId"": null, ""tcgdexCardId"": null, ""tcgplayerProductId"": null}",catalogue_identity_retained,pokewallet_authenticated_acquire_path,run_pokewallet_authenticated_acquire_or_collector_scan,2026-10-09T10:03:49Z
pokemon|jp|24168|17.0|basic_lightning_energy_17,ja,24168,Intro Pack (Bulbasaur),17.0,Basic Lightning Energy 17,auth_only_source_no_alternate,"skip:api.pokewallet.io:pokewallet_auth_gated_no_bypass,skip:api.pokewallet.io:pokewallet_auth_gated_no_bypass,set_map:no_set_mapping:-",api.pokewallet.io,"{""pokemonTcgApiId"": null, ""pricechartingId"": null, ""tcgdexCardId"": null, ""tcgplayerProductId"": null}",catalogue_identity_retained,pokewallet_authenticated_acquire_path,run_pokewallet_authenticated_acquire_or_collector_scan,2026-10-09T10:03:49Z
pokemon|jp|24168|18.0|bulbasaur_18,ja,24168,Intro Pack (Bulbasaur),18.0,Bulbasaur 18,auth_only_source_no_alternate,"skip:api.pokewallet.io:pokewallet_auth_gated_no_bypass,skip:api.pokewallet.io:pokewallet_auth_gated_no_bypass,set_map:no_set_mapping:-",api.pokewallet.io,"{""pokemonTcgApiId"": null, ""pricechartingId"": null, ""tcgdexCardId"": null, ""tcgplayerProductId"": null}",catalogue_identity_retained,pokewallet_authenticated_acquire_path,run_pokewallet_authenticated_acquire_or_collector_scan,2026-10-09T10:03:49Z
pokemon|jp|24168|19.0|switch,ja,24168,Intro Pack (Bulbasaur),19.0,Switch,auth_only_source_no_alternate,"skip:api.pokewallet.io:pokewallet_auth_gated_no_bypass,skip:api.pokewallet.io:pokewallet_auth_gated_no_bypass,set_map:no_set_mapping:-",api.pokewallet.io,"{""pokemonTcgApiId"": null, ""pricechartingId"": null, ""tcgdexCardId"": null, ""tcgplayerProductId"": null}",catalogue_identity_retained,pokewallet_authenticated_acquire_path,run_pokewallet_authenticated_acquire_or_collector_scan,2026-10-09T10:03:49Z
pokemon|jp|24168|20.0|bills_teleporter,ja,24168,Intro Pack (Bulbasaur),20.0,Bills Teleporter,auth_only_source_no_alternate,"skip:api.pokewallet.io:pokewallet_auth_gated_no_bypass,skip:api.pokewallet.io:pokewallet_auth_gated_no_bypass,set_map:no_set_mapping:-",api.pokewallet.io,"{""pokemonTcgApiId"": null, ""pricechartingId"": null, ""tcgdexCardId"": null, ""tcgplayerProductId"": null}",catalogue_identity_retained,pokewallet_authenticated_acquire_path,run_pokewallet_authenticated_acquire_or_collector_scan,2026-10-09T10:03:49Z
pokemon|jp|24168|21.0|basic_grass_energy_21,ja,24168,Intro Pack (Bulbasaur),21.0,Basic Grass Energy 21,auth_only_source_no_alternate,"skip:api.pokewallet.io:pokewallet_auth_gated_no_bypass,skip:api.pokewallet.io:pokewallet_auth_gated_no_bypass,set_map:no_set_mapping:-",api.pokewallet.io,"{""pokemonTcgApiId"": null, ""pricechartingId"": null, ""tcgdexCardId"": null, ""tcgplayerProductId"": null}",catalogue_identity_retained,pokewallet_authenticated_acquire_path,run_pokewallet_authenticated_acquire_or_collector_scan,2026-10-09T10:03:49Z
pokemon|jp|24168|22.0|ivysaur_22,ja,24168,Intro Pack (Bulbasaur),22.0,Ivysaur 22,auth_only_source_no_alternate,"skip:api.pokewallet.io:pokewallet_auth_gated_no_bypass,skip:api.pokewallet.io:pokewallet_auth_gated_no_bypass,set_map:no_set_mapping:-",api.pokewallet.io,"{""pokemonTcgApiId"": null, ""pricechartingId"": null, ""tcgdexCardId"": null, ""tcgplayerProductId"": null}",catalogue_identity_retained,pokewallet_authenticated_acquire_path,run_pokewallet_authenticated_acquire_or_collector_scan,2026-10-09T10:03:49Z
pokemon|jp|24168|23.0|double_colorless_energy,ja,24168,Intro Pack (Bulbasaur),23.0,Double Colorless Energy,auth_only_source_no_alternate,"skip:api.pokewallet.io:pokewallet_auth_gated_no_bypass,skip:api.pokewallet.io:pokewallet_auth_gated_no_bypass,set_map:no_set_mapping:-",api.pokewallet.io,"{""pokemonTcgApiId"": null, ""pricechartingId"": null, ""tcgdexCardId"": null, ""tcgplayerProductId"": null}",catalogue_identity_retained,pokewallet_authenticated_acquire_path,run_pokewallet_authenticated_acquire_or_collector_scan,2026-10-09T10:03:49Z
pokemon|jp|24168|24.0|basic_psychic_energy_24,ja,24168,Intro Pack (Bulbasaur),24.0,Basic Psychic Energy 24,auth_only_source_no_alternate,"skip:api.pokewallet.io:pokewallet_auth_gated_no_bypass,skip:api.pokewallet.io:pokewallet_auth_gated_no_bypass,set_map:no_set_mapping:-",api.pokewallet.io,"{""pokemonTcgApiId"": null, ""pricechartingId"": null, ""tcgdexCardId"": null, ""tcgplayerProductId"": null}",catalogue_identity_retained,pokewallet_authenticated_acquire_path,run_pokewallet_authenticated_acquire_or_collector_scan,2026-10-09T10:03:49Z
pokemon|jp|24168|25.0|basic_grass_energy_25,ja,24168,Intro Pack (Bulbasaur),25.0,Basic Grass Energy 25,auth_only_source_no_alternate,"skip:api.pokewallet.io:pokewallet_auth_gated_no_bypass,skip:api.pokewallet.io:pokewallet_auth_gated_no_bypass,set_map:no_set_mapping:-",api.pokewallet.io,"{""pokemonTcgApiId"": null, ""pricechartingId"": null, ""tcgdexCardId"": null, ""tcgplayerProductId"": null}",catalogue_identity_retained,pokewallet_authenticated_acquire_path,run_pokewallet_authenticated_acquire_or_collector_scan,2026-10-09T10:03:49Z
pokemon|jp|24168|26.0|electabuzz,ja,24168,Intro Pack (Bulbasaur),26.0,Electabuzz,auth_only_source_no_alternate,"skip:api.pokewallet.io:pokewallet_auth_gated_no_bypass,skip:api.pokewallet.io:pokewallet_auth_gated_no_bypass,set_map:no_set_mapping:-",api.pokewallet.io,"{""pokemonTcgApiId"": null, ""pricechartingId"": null, ""tcgdexCardId"": null, ""tcgplayerProductId"": null}",catalogue_identity_retained,pokewallet_authenticated_acquire_path,run_pokewallet_authenticated_acquire_or_collector_scan,2026-10-09T10:03:49Z
pokemon|jp|24168|27.0|basic_psychic_energy_27,ja,24168,Intro Pack (Bulbasaur),27.0,Basic Psychic Energy 27,auth_only_source_no_alternate,"skip:api.pokewallet.io:pokewallet_auth_gated_no_bypass,skip:api.pokewallet.io:pokewallet_auth_gated_no_bypass,set_map:no_set_mapping:-",api.pokewallet.io,"{""pokemonTcgApiId"": null, ""pricechartingId"": null, ""tcgdexCardId"": null, ""tcgplayerProductId"": null}",catalogue_identity_retained,pokewallet_authenticated_acquire_path,run_pokewallet_authenticated_acquire_or_collector_scan,2026-10-09T10:03:49Z
pokemon|jp|24168|28.0|gust_of_wind,ja,24168,Intro Pack (Bulbasaur),28.0,Gust of Wind,auth_only_source_no_alternate,"skip:api.pokewallet.io:pokewallet_auth_gated_no_bypass,skip:api.pokewallet.io:pokewallet_auth_gated_no_bypass,set_map:no_set_mapping:-",api.pokewallet.io,"{""pokemonTcgApiId"": null, ""pricechartingId"": null, ""tcgdexCardId"": null, ""tcgplayerProductId"": null}",catalogue_identity_retained,pokewallet_authenticated_acquire_path,run_pokewallet_authenticated_acquire_or_collector_scan,2026-10-09T10:03:49Z
pokemon|jp|24168|29.0|bulbasaur_29,ja,24168,Intro Pack (Bulbasaur),29.0,Bulbasaur 29,auth_only_source_no_alternate,"skip:api.pokewallet.io:pokewallet_auth_gated_no_bypass,skip:api.pokewallet.io:pokewallet_auth_gated_no_bypass,set_map:no_set_mapping:-",api.pokewallet.io,"{""pokemonTcgApiId"": null, ""pricechartingId"": null, ""tcgdexCardId"": null, ""tcgplayerProductId"": null}",catalogue_identity_retained,pokewallet_authenticated_acquire_path,run_pokewallet_authenticated_acquire_or_collector_scan,2026-10-09T10:03:49Z
pokemon|jp|24168|30.0|doduo,ja,24168,Intro Pack (Bulbasaur),30.0,Doduo,auth_only_source_no_alternate,"skip:api.pokewallet.io:pokewallet_auth_gated_no_bypass,skip:api.pokewallet.io:pokewallet_auth_gated_no_bypass,set_map:no_set_mapping:-",api.pokewallet.io,"{""pokemonTcgApiId"": null, ""pricechartingId"": null, ""tcgdexCardId"": null, ""tcgplayerProductId"": null}",catalogue_identity_retained,pokewallet_authenticated_acquire_path,run_pokewallet_authenticated_acquire_or_collector_scan,2026-10-09T10:03:49Z
pokemon|jp|24168|31.0|basic_psychic_energy_31,ja,24168,Intro Pack (Bulbasaur),31.0,Basic Psychic Energy 31,auth_only_source_no_alternate,"skip:api.pokewallet.io:pokewallet_auth_gated_no_bypass,skip:api.pokewallet.io:pokewallet_auth_gated_no_bypass,set_map:no_set_mapping:-",api.pokewallet.io,"{""pokemonTcgApiId"": null, ""pricechartingId"": null, ""tcgdexCardId"": null, ""tcgplayerProductId"": null}",catalogue_identity_retained,pokewallet_authenticated_acquire_path,run_pokewallet_authenticated_acquire_or_collector_scan,2026-10-09T10:03:49Z
pokemon|jp|24168|32.0|ivysaur_32,ja,24168,Intro Pack (Bulbasaur),32.0,Ivysaur 32,auth_only_source_no_alternate,"skip:api.pokewallet.io:pokewallet_auth_gated_no_bypass,skip:api.pokewallet.io:pokewallet_auth_gated_no_bypass,set_map:no_set_mapping:-",api.pokewallet.io,"{""pokemonTcgApiId"": null, ""pricechartingId"": null, ""tcgdexCardId"": null, ""tcgplayerProductId"": null}",catalogue_identity_retained,pokewallet_authenticated_acquire_path,run_pokewallet_authenticated_acquire_or_collector_scan,2026-10-09T10:03:49Z
pokemon|jp|24168|33.0|basic_lightning_energy_33,ja,24168,Intro Pack (Bulbasaur),33.0,Basic Lightning Energy 33,auth_only_source_no_alternate,"skip:api.pokewallet.io:pokewallet_auth_gated_no_bypass,skip:api.pokewallet.io:pokewallet_auth_gated_no_bypass,set_map:no_set_mapping:-",api.pokewallet.io,"{""pokemonTcgApiId"": null, ""pricechartingId"": null, ""tcgdexCardId"": null, ""tcgplayerProductId"": null}",catalogue_identity_retained,pokewallet_authenticated_acquire_path,run_pokewallet_authenticated_acquire_or_collector_scan,2026-10-09T10:03:49Z
pokemon|jp|24168|34.0|basic_grass_energy_34,ja,24168,Intro Pack (Bulbasaur),34.0,Basic Grass Energy 34,auth_only_source_no_alternate,"skip:api.pokewallet.io:pokewallet_auth_gated_no_bypass,skip:api.pokewallet.io:pokewallet_auth_gated_no_bypass,set_map:no_set_mapping:-",api.pokewallet.io,"{""pokemonTcgApiId"": null, ""pricechartingId"": null, ""tcgdexCardId"": null, ""tcgplayerProductId"": null}",catalogue_identity_retained,pokewallet_authenticated_acquire_path,run_pokewallet_authenticated_acquire_or_collector_scan,2026-10-09T10:03:49Z
pokemon|jp|24168|35.0|bulbasaur_35,ja,24168,Intro Pack (Bulbasaur),35.0,Bulbasaur 35,auth_only_source_no_alternate,"skip:api.pokewallet.io:pokewallet_auth_gated_no_bypass,skip:api.pokewallet.io:pokewallet_auth_gated_no_bypass,set_map:no_set_mapping:-",api.pokewallet.io,"{""pokemonTcgApiId"": null, ""pricechartingId"": null, ""tcgdexCardId"": null, ""tcgplayerProductId"": null}",catalogue_identity_retained,pokewallet_authenticated_acquire_path,run_pokewallet_authenticated_acquire_or_collector_scan,2026-10-09T10:03:49Z
pokemon|jp|24168|36.0|basic_grass_energy_36,ja,24168,Intro Pack (Bulbasaur),36.0,Basic Grass Energy 36,auth_only_source_no_alternate,"skip:api.pokewallet.io:pokewallet_auth_gated_no_bypass,skip:api.pokewallet.io:pokewallet_auth_gated_no_bypass,set_map:no_set_mapping:-",api.pokewallet.io,"{""pokemonTcgApiId"": null, ""pricechartingId"": null, ""tcgdexCardId"": null, ""tcgplayerProductId"": null}",catalogue_identity_retained,pokewallet_authenticated_acquire_path,run_pokewallet_authenticated_acquire_or_collector_scan,2026-10-09T10:03:49Z
pokemon|jp|24168|37.0|jynx,ja,24168,Intro Pack (Bulbasaur),37.0,Jynx,auth_only_source_no_alternate,"skip:api.pokewallet.io:pokewallet_auth_gated_no_bypass,skip:api.pokewallet.io:pokewallet_auth_gated_no_bypass,set_map:no_set_mapping:-",api.pokewallet.io,"{""pokemonTcgApiId"": null, ""pricechartingId"": null, ""tcgdexCardId"": null, ""tcgplayerProductId"": null}",catalogue_identity_retained,pokewallet_authenticated_acquire_path,run_pokewallet_authenticated_acquire_or_collector_scan,2026-10-09T10:03:49Z
pokemon|jp|24168|38.0|basic_psychic_energy_38,ja,24168,Intro Pack (Bulbasaur),38.0,Basic Psychic Energy 38,auth_only_source_no_alternate,"skip:api.pokewallet.io:pokewallet_auth_gated_no_bypass,skip:api.pokewallet.io:pokewallet_auth_gated_no_bypass,set_map:no_set_mapping:-",api.pokewallet.io,"{""pokemonTcgApiId"": null, ""pricechartingId"": null, ""tcgdexCardId"": null, ""tcgplayerProductId"": null}",catalogue_identity_retained,pokewallet_authenticated_acquire_path,run_pokewallet_authenticated_acquire_or_collector_scan,2026-10-09T10:03:49Z
pokemon|jp|24168|39.0|koffing,ja,24168,Intro Pack (Bulbasaur),39.0,Koffing,auth_only_source_no_alternate,"skip:api.pokewallet.io:pokewallet_auth_gated_no_bypass,skip:api.pokewallet.io:pokewallet_auth_gated_no_bypass,set_map:no_set_mapping:-",api.pokewallet.io,"{""pokemonTcgApiId"": null, ""pricechartingId"": null, ""tcgdexCardId"": null, ""tcgplayerProductId"": null}",catalogue_identity_retained,pokewallet_authenticated_acquire_path,run_pokewallet_authenticated_acquire_or_collector_scan,2026-10-09T10:03:49Z
pokemon|jp|24168|40.0|pikachu_40,ja,24168,Intro Pack (Bulbasaur),40.0,Pikachu 40,auth_only_source_no_alternate,"skip:api.pokewallet.io:pokewallet_auth_gated_no_bypass,skip:api.pokewallet.io:pokewallet_auth_gated_no_bypass,set_map:no_set_mapping:-",api.pokewallet.io,"{""pokemonTcgApiId"": null, ""pricechartingId"": null, ""tcgdexCardId"": null, ""tcgplayerProductId"": null}",catalogue_identity_retained,pokewallet_authenticated_acquire_path,run_pokewallet_authenticated_acquire_or_collector_scan,2026-10-09T10:03:49Z
pokemon|jp|24169|1.0|growlithe_1,ja,24169,Intro Pack (Squirtle),1.0,Growlithe 1,auth_only_source_no_alternate,"skip:api.pokewallet.io:pokewallet_auth_gated_no_bypass,skip:api.pokewallet.io:pokewallet_auth_gated_no_bypass,set_map:no_set_mapping:-",api.pokewallet.io,"{""pokemonTcgApiId"": null, ""pricechartingId"": null, ""tcgdexCardId"": null, ""tcgplayerProductId"": null}",catalogue_identity_retained,pokewallet_authenticated_acquire_path,run_pokewallet_authenticated_acquire_or_collector_scan,2026-10-09T10:03:49Z
pokemon|jp|24169|2.0|diglett,ja,24169,Intro Pack (Squirtle),2.0,Diglett,auth_only_source_no_alternate,"skip:api.pokewallet.io:pokewallet_auth_gated_no_bypass,skip:api.pokewallet.io:pokewallet_auth_gated_no_bypass,set_map:no_set_mapping:-",api.pokewallet.io,"{""pokemonTcgApiId"": null, ""pricechartingId"": null, ""tcgdexCardId"": null, ""tcgplayerProductId"": null}",catalogue_identity_retained,pokewallet_authenticated_acquire_path,run_pokewallet_authenticated_acquire_or_collector_scan,2026-10-09T10:03:49Z
pokemon|jp|24169|3.0|wartortle_3,ja,24169,Intro Pack (Squirtle),3.0,Wartortle 3,auth_only_source_no_alternate,"skip:api.pokewallet.io:pokewallet_auth_gated_no_bypass,skip:api.pokewallet.io:pokewallet_auth_gated_no_bypass,set_map:no_set_mapping:-",api.pokewallet.io,"{""pokemonTcgApiId"": null, ""pricechartingId"": null, ""tcgdexCardId"": null, ""tcgplayerProductId"": null}",catalogue_identity_retained,pokewallet_authenticated_acquire_path,run_pokewallet_authenticated_acquire_or_collector_scan,2026-10-09T10:03:49Z
pokemon|jp|24169|4.0|basic_fire_energy_4,ja,24169,Intro Pack (Squirtle),4.0,Basic Fire Energy 4,auth_only_source_no_alternate,"skip:api.pokewallet.io:pokewallet_auth_gated_no_bypass,skip:api.pokewallet.io:pokewallet_auth_gated_no_bypass,set_map:no_set_mapping:-",api.pokewallet.io,"{""pokemonTcgApiId"": null, ""pricechartingId"": null, ""tcgdexCardId"": null, ""tcgplayerProductId"": null}",catalogue_identity_retained,pokewallet_authenticated_acquire_path,run_pokewallet_authenticated_acquire_or_collector_scan,2026-10-09T10:03:49Z
pokemon|jp|24169|5.0|basic_water_energy_5,ja,24169,Intro Pack (Squirtle),5.0,Basic Water Energy 5,auth_only_source_no_alternate,"skip:api.pokewallet.io:pokewallet_auth_gated_no_bypass,skip:api.pokewallet.io:pokewallet_auth_gated_no_bypass,set_map:no_set_mapping:-",api.pokewallet.io,"{""pokemonTcgApiId"": null, ""pricechartingId"": null, ""tcgdexCardId"": null, ""tcgplayerProductId"": null}",catalogue_identity_retained,pokewallet_authenticated_acquire_path,run_pokewallet_authenticated_acquire_or_collector_scan,2026-10-09T10:03:49Z
pokemon|jp|24169|6.0|basic_water_energy_6,ja,24169,Intro Pack (Squirtle),6.0,Basic Water Energy 6,auth_only_source_no_alternate,"skip:api.pokewallet.io:pokewallet_auth_gated_no_bypass,skip:api.pokewallet.io:pokewallet_auth_gated_no_bypass,set_map:no_set_mapping:-",api.pokewallet.io,"{""pokemonTcgApiId"": null, ""pricechartingId"": null, ""tcgdexCardId"": null, ""tcgplayerProductId"": null}",catalogue_identity_retained,pokewallet_authenticated_acquire_path,run_pokewallet_authenticated_acquire_or_collector_scan,2026-10-09T10:03:49Z
pokemon|jp|24169|7.0|full_heal,ja,24169,Intro Pack (Squirtle),7.0,Full Heal,auth_only_source_no_alternate,"skip:api.pokewallet.io:pokewallet_auth_gated_no_bypass,skip:api.pokewallet.io:pokewallet_auth_gated_no_bypass,set_map:no_set_mapping:-",api.pokewallet.io,"{""pokemonTcgApiId"": null, ""pricechartingId"": null, ""tcgdexCardId"": null, ""tcgplayerProductId"": null}",catalogue_identity_retained,pokewallet_authenticated_acquire_path,run_pokewallet_authenticated_acquire_or_collector_scan,2026-10-09T10:03:49Z
pokemon|jp|24169|8.0|basic_fire_energy_8,ja,24169,Intro Pack (Squirtle),8.0,Basic Fire Energy 8,auth_only_source_no_alternate,"skip:api.pokewallet.io:pokewallet_auth_gated_no_bypass,skip:api.pokewallet.io:pokewallet_auth_gated_no_bypass,set_map:no_set_mapping:-",api.pokewallet.io,"{""pokemonTcgApiId"": null, ""pricechartingId"": null, ""tcgdexCardId"": null, ""tcgplayerProductId"": null}",catalogue_identity_retained,pokewallet_authenticated_acquire_path,run_pokewallet_authenticated_acquire_or_collector_scan,2026-10-09T10:03:49Z
pokemon|jp|24169|9.0|poliwag,ja,24169,Intro Pack (Squirtle),9.0,Poliwag,auth_only_source_no_alternate,"skip:api.pokewallet.io:pokewallet_auth_gated_no_bypass,skip:api.pokewallet.io:pokewallet_auth_gated_no_bypass,set_map:no_set_mapping:-",api.pokewallet.io,"{""pokemonTcgApiId"": null, ""pricechartingId"": null, ""tcgdexCardId"": null, ""tcgplayerProductId"": null}",catalogue_identity_retained,pokewallet_authenticated_acquire_path,run_pokewallet_authenticated_acquire_or_collector_scan,2026-10-09T10:03:49Z
pokemon|jp|24169|10.0|wartortle_10,ja,24169,Intro Pack (Squirtle),10.0,Wartortle 10,auth_only_source_no_alternate,"skip:api.pokewallet.io:pokewallet_auth_gated_no_bypass,skip:api.pokewallet.io:pokewallet_auth_gated_no_bypass,set_map:no_set_mapping:-",api.pokewallet.io,"{""pokemonTcgApiId"": null, ""pricechartingId"": null, ""tcgdexCardId"": null, ""tcgplayerProductId"": null}",catalogue_identity_retained,pokewallet_authenticated_acquire_path,run_pokewallet_authenticated_acquire_or_collector_scan,2026-10-09T10:03:49Z
pokemon|jp|24169|11.0|basic_fire_energy_11,ja,24169,Intro Pack (Squirtle),11.0,Basic Fire Energy 11,auth_only_source_no_alternate,"skip:api.pokewallet.io:pokewallet_auth_gated_no_bypass,skip:api.pokewallet.io:pokewallet_auth_gated_no_bypass,set_map:no_set_mapping:-",api.pokewallet.io,"{""pokemonTcgApiId"": null, ""pricechartingId"": null, ""tcgdexCardId"": null, ""tcgplayerProductId"": null}",catalogue_identity_retained,pokewallet_authenticated_acquire_path,run_pokewallet_authenticated_acquire_or_collector_scan,2026-10-09T10:03:49Z
pokemon|jp|24169|12.0|basic_fighting_energy_12,ja,24169,Intro Pack (Squirtle),12.0,Basic Fighting Energy 12,auth_only_source_no_alternate,"skip:api.pokewallet.io:pokewallet_auth_gated_no_bypass,skip:api.pokewallet.io:pokewallet_auth_gated_no_bypass,set_map:no_set_mapping:-",api.pokewallet.io,"{""pokemonTcgApiId"": null, ""pricechartingId"": null, ""tcgdexCardId"": null, ""tcgplayerProductId"": null}",catalogue_identity_retained,pokewallet_authenticated_acquire_path,run_pokewallet_authenticated_acquire_or_collector_scan,2026-10-09T10:03:49Z
pokemon|jp|24169|13.0|spearow,ja,24169,Intro Pack (Squirtle),13.0,Spearow,auth_only_source_no_alternate,"skip:api.pokewallet.io:pokewallet_auth_gated_no_bypass,skip:api.pokewallet.io:pokewallet_auth_gated_no_bypass,set_map:no_set_mapping:-",api.pokewallet.io,"{""pokemonTcgApiId"": null, ""pricechartingId"": null, ""tcgdexCardId"": null, ""tcgplayerProductId"": null}",catalogue_identity_retained,pokewallet_authenticated_acquire_path,run_pokewallet_authenticated_acquire_or_collector_scan,2026-10-09T10:03:49Z
pokemon|jp|24169|14.0|jigglypuff,ja,24169,Intro Pack (Squirtle),14.0,Jigglypuff,auth_only_source_no_alternate,"skip:api.pokewallet.io:pokewallet_auth_gated_no_bypass,skip:api.pokewallet.io:pokewallet_auth_gated_no_bypass,set_map:no_set_mapping:-",api.pokewallet.io,"{""pokemonTcgApiId"": null, ""pricechartingId"": null, ""tcgdexCardId"": null, ""tcgplayerProductId"": null}",catalogue_identity_retained,pokewallet_authenticated_acquire_path,run_pokewallet_authenticated_acquire_or_collector_scan,2026-10-09T10:03:49Z
pokemon|jp|24169|15.0|basic_fighting_energy_15,ja,24169,Intro Pack (Squirtle),15.0,Basic Fighting Energy 15,auth_only_source_no_alternate,"skip:api.pokewallet.io:pokewallet_auth_gated_no_bypass,skip:api.pokewallet.io:pokewallet_auth_gated_no_bypass,set_map:no_set_mapping:-",api.pokewallet.io,"{""pokemonTcgApiId"": null, ""pricechartingId"": null, ""tcgdexCardId"": null, ""tcgplayerProductId"": null}",catalogue_identity_retained,pokewallet_authenticated_acquire_path,run_pokewallet_authenticated_acquire_or_collector_scan,2026-10-09T10:03:49Z
pokemon|jp|24169|16.0|squirtle_16,ja,24169,Intro Pack (Squirtle),16.0,Squirtle 16,auth_only_source_no_alternate,"skip:api.pokewallet.io:pokewallet_auth_gated_no_bypass,skip:api.pokewallet.io:pokewallet_auth_gated_no_bypass,set_map:no_set_mapping:-",api.pokewallet.io,"{""pokemonTcgApiId"": null, ""pricechartingId"": null, ""tcgdexCardId"": null, ""tcgplayerProductId"": null}",catalogue_identity_retained,pokewallet_authenticated_acquire_path,run_pokewallet_authenticated_acquire_or_collector_scan,2026-10-09T10:03:49Z
pokemon|jp|24169|17.0|basic_fighting_energy_17,ja,24169,Intro Pack (Squirtle),17.0,Basic Fighting Energy 17,auth_only_source_no_alternate,"skip:api.pokewallet.io:pokewallet_auth_gated_no_bypass,skip:api.pokewallet.io:pokewallet_auth_gated_no_bypass,set_map:no_set_mapping:-",api.pokewallet.io,"{""pokemonTcgApiId"": null, ""pricechartingId"": null, ""tcgdexCardId"": null, ""tcgplayerProductId"": null}",catalogue_identity_retained,pokewallet_authenticated_acquire_path,run_pokewallet_authenticated_acquire_or_collector_scan,2026-10-09T10:03:49Z
pokemon|jp|24169|18.0|squirtle_18,ja,24169,Intro Pack (Squirtle),18.0,Squirtle 18,auth_only_source_no_alternate,"skip:api.pokewallet.io:pokewallet_auth_gated_no_bypass,skip:api.pokewallet.io:pokewallet_auth_gated_no_bypass,set_map:no_set_mapping:-",api.pokewallet.io,"{""pokemonTcgApiId"": null, ""pricechartingId"": null, ""tcgdexCardId"": null, ""tcgplayerProductId"": null}",catalogue_identity_retained,pokewallet_authenticated_acquire_path,run_pokewallet_authenticated_acquire_or_collector_scan,2026-10-09T10:03:49Z
pokemon|jp|24169|19.0|energy_removal,ja,24169,Intro Pack (Squirtle),19.0,Energy Removal,auth_only_source_no_alternate,"skip:api.pokewallet.io:pokewallet_auth_gated_no_bypass,skip:api.pokewallet.io:pokewallet_auth_gated_no_bypass,set_map:no_set_mapping:-",api.pokewallet.io,"{""pokemonTcgApiId"": null, ""pricechartingId"": null, ""tcgdexCardId"": null, ""tcgplayerProductId"": null}",catalogue_identity_retained,pokewallet_authenticated_acquire_path,run_pokewallet_authenticated_acquire_or_collector_scan,2026-10-09T10:03:49Z
pokemon|jp|24169|20.0|basic_water_energy_20,ja,24169,Intro Pack (Squirtle),20.0,Basic Water Energy 20,auth_only_source_no_alternate,"skip:api.pokewallet.io:pokewallet_auth_gated_no_bypass,skip:api.pokewallet.io:pokewallet_auth_gated_no_bypass,set_map:no_set_mapping:-",api.pokewallet.io,"{""pokemonTcgApiId"": null, ""pricechartingId"": null, ""tcgdexCardId"": null, ""tcgplayerProductId"": null}",catalogue_identity_retained,pokewallet_authenticated_acquire_path,run_pokewallet_authenticated_acquire_or_collector_scan,2026-10-09T10:03:49Z
pokemon|jp|24169|21.0|bills_teleporter,ja,24169,Intro Pack (Squirtle),21.0,Bills Teleporter,auth_only_source_no_alternate,"skip:api.pokewallet.io:pokewallet_auth_gated_no_bypass,skip:api.pokewallet.io:pokewallet_auth_gated_no_bypass,set_map:no_set_mapping:-",api.pokewallet.io,"{""pokemonTcgApiId"": null, ""pricechartingId"": null, ""tcgdexCardId"": null, ""tcgplayerProductId"": null}",catalogue_identity_retained,pokewallet_authenticated_acquire_path,run_pokewallet_authenticated_acquire_or_collector_scan,2026-10-09T10:03:49Z
pokemon|jp|24169|22.0|basic_water_energy_22,ja,24169,Intro Pack (Squirtle),22.0,Basic Water Energy 22,auth_only_source_no_alternate,"skip:api.pokewallet.io:pokewallet_auth_gated_no_bypass,skip:api.pokewallet.io:pokewallet_auth_gated_no_bypass,set_map:no_set_mapping:-",api.pokewallet.io,"{""pokemonTcgApiId"": null, ""pricechartingId"": null, ""tcgdexCardId"": null, ""tcgplayerProductId"": null}",catalogue_identity_retained,pokewallet_authenticated_acquire_path,run_pokewallet_authenticated_acquire_or_collector_scan,2026-10-09T10:03:49Z
pokemon|jp|24169|23.0|basic_water_energy_23,ja,24169,Intro Pack (Squirtle),23.0,Basic Water Energy 23,auth_only_source_no_alternate,"skip:api.pokewallet.io:pokewallet_auth_gated_no_bypass,skip:api.pokewallet.io:pokewallet_auth_gated_no_bypass,set_map:no_set_mapping:-",api.pokewallet.io,"{""pokemonTcgApiId"": null, ""pricechartingId"": null, ""tcgdexCardId"": null, ""tcgplayerProductId"": null}",catalogue_identity_retained,pokewallet_authenticated_acquire_path,run_pokewallet_authenticated_acquire_or_collector_scan,2026-10-09T10:03:49Z
pokemon|jp|24169|24.0|potion,ja,24169,Intro Pack (Squirtle),24.0,Potion,auth_only_source_no_alternate,"skip:api.pokewallet.io:pokewallet_auth_gated_no_bypass,skip:api.pokewallet.io:pokewallet_auth_gated_no_bypass,set_map:no_set_mapping:-",api.pokewallet.io,"{""pokemonTcgApiId"": null, ""pricechartingId"": null, ""tcgdexCardId"": null, ""tcgplayerProductId"": null}",catalogue_identity_retained,pokewallet_authenticated_acquire_path,run_pokewallet_authenticated_acquire_or_collector_scan,2026-10-09T10:03:49Z
pokemon|jp|24169|25.0|double_colorless_energy,ja,24169,Intro Pack (Squirtle),25.0,Double Colorless Energy,auth_only_source_no_alternate,"skip:api.pokewallet.io:pokewallet_auth_gated_no_bypass,skip:api.pokewallet.io:pokewallet_auth_gated_no_bypass,set_map:no_set_mapping:-",api.pokewallet.io,"{""pokemonTcgApiId"": null, ""pricechartingId"": null, ""tcgdexCardId"": null, ""tcgplayerProductId"": null}",catalogue_identity_retained,pokewallet_authenticated_acquire_path,run_pokewallet_authenticated_acquire_or_collector_scan,2026-10-09T10:03:49Z
pokemon|jp|24169|26.0|growlithe_26,ja,24169,Intro Pack (Squirtle),26.0,Growlithe 26,auth_only_source_no_alternate,"skip:api.pokewallet.io:pokewallet_auth_gated_no_bypass,skip:api.pokewallet.io:pokewallet_auth_gated_no_bypass,set_map:no_set_mapping:-",api.pokewallet.io,"{""pokemonTcgApiId"": null, ""pricechartingId"": null, ""tcgdexCardId"": null, ""tcgplayerProductId"": null}",catalogue_identity_retained,pokewallet_authenticated_acquire_path,run_pokewallet_authenticated_acquire_or_collector_scan,2026-10-09T10:03:49Z
pokemon|jp|24169|27.0|basic_water_energy_27,ja,24169,Intro Pack (Squirtle),27.0,Basic Water Energy 27,auth_only_source_no_alternate,"skip:api.pokewallet.io:pokewallet_auth_gated_no_bypass,skip:api.pokewallet.io:pokewallet_auth_gated_no_bypass,set_map:no_set_mapping:-",api.pokewallet.io,"{""pokemonTcgApiId"": null, ""pricechartingId"": null, ""tcgdexCardId"": null, ""tcgplayerProductId"": null}",catalogue_identity_retained,pokewallet_authenticated_acquire_path,run_pokewallet_authenticated_acquire_or_collector_scan,2026-10-09T10:03:49Z
pokemon|jp|24169|28.0|basic_fire_energy_28,ja,24169,Intro Pack (Squirtle),28.0,Basic Fire Energy 28,auth_only_source_no_alternate,"skip:api.pokewallet.io:pokewallet_auth_gated_no_bypass,skip:api.pokewallet.io:pokewallet_auth_gated_no_bypass,set_map:no_set_mapping:-",api.pokewallet.io,"{""pokemonTcgApiId"": null, ""pricechartingId"": null, ""tcgdexCardId"": null, ""tcgplayerProductId"": null}",catalogue_identity_retained,pokewallet_authenticated_acquire_path,run_pokewallet_authenticated_acquire_or_collector_scan,2026-10-09T10:03:49Z
pokemon|jp|24169|29.0|super_scoop_up,ja,24169,Intro Pack (Squirtle),29.0,Super Scoop Up,auth_only_source_no_alternate,"skip:api.pokewallet.io:pokewallet_auth_gated_no_bypass,skip:api.pokewallet.io:pokewallet_auth_gated_no_bypass,set_map:no_set_mapping:-",api.pokewallet.io,"{""pokemonTcgApiId"": null, ""pricechartingId"": null, ""tcgdexCardId"": null, ""tcgplayerProductId"": null}",catalogue_identity_retained,pokewallet_authenticated_acquire_path,run_pokewallet_authenticated_acquire_or_collector_scan,2026-10-09T10:03:49Z
pokemon|jp|24169|30.0|basic_water_energy_30,ja,24169,Intro Pack (Squirtle),30.0,Basic Water Energy 30,auth_only_source_no_alternate,"skip:api.pokewallet.io:pokewallet_auth_gated_no_bypass,skip:api.pokewallet.io:pokewallet_auth_gated_no_bypass,set_map:no_set_mapping:-",api.pokewallet.io,"{""pokemonTcgApiId"": null, ""pricechartingId"": null, ""tcgdexCardId"": null, ""tcgplayerProductId"": null}",catalogue_identity_retained,pokewallet_authenticated_acquire_path,run_pokewallet_authenticated_acquire_or_collector_scan,2026-10-09T10:03:49Z
pokemon|jp|24169|31.0|basic_fire_energy_31,ja,24169,Intro Pack (Squirtle),31.0,Basic Fire Energy 31,auth_only_source_no_alternate,"skip:api.pokewallet.io:pokewallet_auth_gated_no_bypass,skip:api.pokewallet.io:pokewallet_auth_gated_no_bypass,set_map:no_set_mapping:-",api.pokewallet.io,"{""pokemonTcgApiId"": null, ""pricechartingId"": null, ""tcgdexCardId"": null, ""tcgplayerProductId"": null}",catalogue_identity_retained,pokewallet_authenticated_acquire_path,run_pokewallet_authenticated_acquire_or_collector_scan,2026-10-09T10:03:49Z
pokemon|jp|24169|32.0|arcanine,ja,24169,Intro Pack (Squirtle),32.0,Arcanine,auth_only_source_no_alternate,"skip:api.pokewallet.io:pokewallet_auth_gated_no_bypass,skip:api.pokewallet.io:pokewallet_auth_gated_no_bypass,set_map:no_set_mapping:-",api.pokewallet.io,"{""pokemonTcgApiId"": null, ""pricechartingId"": null, ""tcgdexCardId"": null, ""tcgplayerProductId"": null}",catalogue_identity_retained,pokewallet_authenticated_acquire_path,run_pokewallet_authenticated_acquire_or_collector_scan,2026-10-09T10:03:49Z
pokemon|jp|24169|33.0|basic_fire_energy_33,ja,24169,Intro Pack (Squirtle),33.0,Basic Fire Energy 33,auth_only_source_no_alternate,"skip:api.pokewallet.io:pokewallet_auth_gated_no_bypass,skip:api.pokewallet.io:pokewallet_auth_gated_no_bypass,set_map:no_set_mapping:-",api.pokewallet.io,"{""pokemonTcgApiId"": null, ""pricechartingId"": null, ""tcgdexCardId"": null, ""tcgplayerProductId"": null}",catalogue_identity_retained,pokewallet_authenticated_acquire_path,run_pokewallet_authenticated_acquire_or_collector_scan,2026-10-09T10:03:49Z
pokemon|jp|24169|34.0|basic_fighting_energy_34,ja,24169,Intro Pack (Squirtle),34.0,Basic Fighting Energy 34,auth_only_source_no_alternate,"skip:api.pokewallet.io:pokewallet_auth_gated_no_bypass,skip:api.pokewallet.io:pokewallet_auth_gated_no_bypass,set_map:no_set_mapping:-",api.pokewallet.io,"{""pokemonTcgApiId"": null, ""pricechartingId"": null, ""tcgdexCardId"": null, ""tcgplayerProductId"": null}",catalogue_identity_retained,pokewallet_authenticated_acquire_path,run_pokewallet_authenticated_acquire_or_collector_scan,2026-10-09T10:03:49Z
pokemon|jp|24169|35.0|machop,ja,24169,Intro Pack (Squirtle),35.0,Machop,auth_only_source_no_alternate,"skip:api.pokewallet.io:pokewallet_auth_gated_no_bypass,skip:api.pokewallet.io:pokewallet_auth_gated_no_bypass,set_map:no_set_mapping:-",api.pokewallet.io,"{""pokemonTcgApiId"": null, ""pricechartingId"": null, ""tcgdexCardId"": null, ""tcgplayerProductId"": null}",catalogue_identity_retained,pokewallet_authenticated_acquire_path,run_pokewallet_authenticated_acquire_or_collector_scan,2026-10-09T10:03:49Z
pokemon|jp|24169|36.0|basic_water_energy_36,ja,24169,Intro Pack (Squirtle),36.0,Basic Water Energy 36,auth_only_source_no_alternate,"skip:api.pokewallet.io:pokewallet_auth_gated_no_bypass,skip:api.pokewallet.io:pokewallet_auth_gated_no_bypass,set_map:no_set_mapping:-",api.pokewallet.io,"{""pokemonTcgApiId"": null, ""pricechartingId"": null, ""tcgdexCardId"": null, ""tcgplayerProductId"": null}",catalogue_identity_retained,pokewallet_authenticated_acquire_path,run_pokewallet_authenticated_acquire_or_collector_scan,2026-10-09T10:03:49Z
pokemon|jp|24169|37.0|squirtle_37,ja,24169,Intro Pack (Squirtle),37.0,Squirtle 37,auth_only_source_no_alternate,"skip:api.pokewallet.io:pokewallet_auth_gated_no_bypass,skip:api.pokewallet.io:pokewallet_auth_gated_no_bypass,set_map:no_set_mapping:-",api.pokewallet.io,"{""pokemonTcgApiId"": null, ""pricechartingId"": null, ""tcgdexCardId"": null, ""tcgplayerProductId"": null}",catalogue_identity_retained,pokewallet_authenticated_acquire_path,run_pokewallet_authenticated_acquire_or_collector_scan,2026-10-09T10:03:49Z
pokemon|jp|24169|38.0|basic_water_energy_38,ja,24169,Intro Pack (Squirtle),38.0,Basic Water Energy 38,auth_only_source_no_alternate,"skip:api.pokewallet.io:pokewallet_auth_gated_no_bypass,skip:api.pokewallet.io:pokewallet_auth_gated_no_bypass,set_map:no_set_mapping:-",api.pokewallet.io,"{""pokemonTcgApiId"": null, ""pricechartingId"": null, ""tcgdexCardId"": null, ""tcgplayerProductId"": null}",catalogue_identity_retained,pokewallet_authenticated_acquire_path,run_pokewallet_authenticated_acquire_or_collector_scan,2026-10-09T10:03:49Z
pokemon|jp|24169|39.0|magmar,ja,24169,Intro Pack (Squirtle),39.0,Magmar,auth_only_source_no_alternate,"skip:api.pokewallet.io:pokewallet_auth_gated_no_bypass,skip:api.pokewallet.io:pokewallet_auth_gated_no_bypass,set_map:no_set_mapping:-",api.pokewallet.io,"{""pokemonTcgApiId"": null, ""pricechartingId"": null, ""tcgdexCardId"": null, ""tcgplayerProductId"": null}",catalogue_identity_retained,pokewallet_authenticated_acquire_path,run_pokewallet_authenticated_acquire_or_collector_scan,2026-10-09T10:03:49Z
pokemon|jp|24169|40.0|squirtle_40,ja,24169,Intro Pack (Squirtle),40.0,Squirtle 40,auth_only_source_no_alternate,"skip:api.pokewallet.io:pokewallet_auth_gated_no_bypass,skip:api.pokewallet.io:pokewallet_auth_gated_no_bypass,set_map:no_set_mapping:-",api.pokewallet.io,"{""pokemonTcgApiId"": null, ""pricechartingId"": null, ""tcgdexCardId"": null, ""tcgplayerProductId"": null}",catalogue_identity_retained,pokewallet_authenticated_acquire_path,run_pokewallet_authenticated_acquire_or_collector_scan,2026-10-09T10:03:49Z
pokemon|jp|24208|Recommended Rules No. 1|4_prize_battle,ja,24208,Vending Machine cards Series 3 (Green),Recommended Rules No. 1,4 Prize Battle,no_permitted_image_after_reresolution,"skip:api.pokewallet.io:pokewallet_auth_gated_no_bypass,skip:api.pokewallet.io:pokewallet_auth_gated_no_bypass,set_map:unique_contains_name:S4a,tcgdex_set:no_localId_match",api.pokewallet.io,"{""pokemonTcgApiId"": null, ""pricechartingId"": null, ""tcgdexCardId"": null, ""tcgplayerProductId"": null}",catalogue_identity_retained,pokewallet_authenticated_acquire_path,manual_or_new_permitted_source,2026-10-09T10:03:49Z
pokemon|jp|24208|Recommended Rules No. 2|20_damage_from_confusion,ja,24208,Vending Machine cards Series 3 (Green),Recommended Rules No. 2,20 Damage from Confusion,no_permitted_image_after_reresolution,"skip:api.pokewallet.io:pokewallet_auth_gated_no_bypass,skip:api.pokewallet.io:pokewallet_auth_gated_no_bypass,set_map:unique_contains_name:S4a,tcgdex_set:no_localId_match",api.pokewallet.io,"{""pokemonTcgApiId"": null, ""pricechartingId"": null, ""tcgdexCardId"": null, ""tcgplayerProductId"": null}",catalogue_identity_retained,pokewallet_authenticated_acquire_path,manual_or_new_permitted_source,2026-10-09T10:03:49Z
pokemon|jp|24208|Recommended Rules No. 3|3_deck_battle,ja,24208,Vending Machine cards Series 3 (Green),Recommended Rules No. 3,3 Deck Battle,no_permitted_image_after_reresolution,"skip:api.pokewallet.io:pokewallet_auth_gated_no_bypass,skip:api.pokewallet.io:pokewallet_auth_gated_no_bypass,set_map:unique_contains_name:S4a,tcgdex_set:no_localId_match",api.pokewallet.io,"{""pokemonTcgApiId"": null, ""pricechartingId"": null, ""tcgdexCardId"": null, ""tcgplayerProductId"": null}",catalogue_identity_retained,pokewallet_authenticated_acquire_path,manual_or_new_permitted_source,2026-10-09T10:03:49Z
pokemon|jp|24208|Recommended Rules No. 4|3_vs_3_dugtrio_team_battle,ja,24208,Vending Machine cards Series 3 (Green),Recommended Rules No. 4,3 vs 3 Dugtrio Team Battle,no_permitted_image_after_reresolution,"skip:api.pokewallet.io:pokewallet_auth_gated_no_bypass,skip:api.pokewallet.io:pokewallet_auth_gated_no_bypass,set_map:unique_contains_name:S4a,tcgdex_set:no_localId_match",api.pokewallet.io,"{""pokemonTcgApiId"": null, ""pricechartingId"": null, ""tcgdexCardId"": null, ""tcgplayerProductId"": null}",catalogue_identity_retained,pokewallet_authenticated_acquire_path,manual_or_new_permitted_source,2026-10-09T10:03:49Z
pokemon|jp|24208|Recommended Rules No. 5|deck_exchange,ja,24208,Vending Machine cards Series 3 (Green),Recommended Rules No. 5,Deck Exchange,no_permitted_image_after_reresolution,"skip:api.pokewallet.io:pokewallet_auth_gated_no_bypass,skip:api.pokewallet.io:pokewallet_auth_gated_no_bypass,set_map:unique_contains_name:S4a,tcgdex_set:no_localId_match",api.pokewallet.io,"{""pokemonTcgApiId"": null, ""pricechartingId"": null, ""tcgdexCardId"": null, ""tcgplayerProductId"": null}",catalogue_identity_retained,pokewallet_authenticated_acquire_path,manual_or_new_permitted_source,2026-10-09T10:03:49Z
pokemon|jp|24503|003/019|skys_rayquaza,ja,24503,Movie Commemoration VS Pack: Sky-Splitting Deoxys,003/019,Skys Rayquaza,auth_only_source_no_alternate,"skip:api.pokewallet.io:pokewallet_auth_gated_no_bypass,skip:api.pokewallet.io:pokewallet_auth_gated_no_bypass,set_map:ambiguous_set_name:-",api.pokewallet.io,"{""pokemonTcgApiId"": null, ""pricechartingId"": null, ""tcgdexCardId"": null, ""tcgplayerProductId"": null}",catalogue_identity_retained,pokewallet_authenticated_acquire_path,run_pokewallet_authenticated_acquire_or_collector_scan,2026-10-09T10:03:49Z
pokemon|jp|24503|004/019|larousses_plusle,ja,24503,Movie Commemoration VS Pack: Sky-Splitting Deoxys,004/019,LaRousses Plusle,auth_only_source_no_alternate,"skip:api.pokewallet.io:pokewallet_auth_gated_no_bypass,skip:api.pokewallet.io:pokewallet_auth_gated_no_bypass,set_map:ambiguous_set_name:-",api.pokewallet.io,"{""pokemonTcgApiId"": null, ""pricechartingId"": null, ""tcgdexCardId"": null, ""tcgplayerProductId"": null}",catalogue_identity_retained,pokewallet_authenticated_acquire_path,run_pokewallet_authenticated_acquire_or_collector_scan,2026-10-09T10:03:49Z
pokemon|jp|24503|005/019|larousses_minun,ja,24503,Movie Commemoration VS Pack: Sky-Splitting Deoxys,005/019,LaRousses Minun,auth_only_source_no_alternate,"skip:api.pokewallet.io:pokewallet_auth_gated_no_bypass,skip:api.pokewallet.io:pokewallet_auth_gated_no_bypass,set_map:ambiguous_set_name:-",api.pokewallet.io,"{""pokemonTcgApiId"": null, ""pricechartingId"": null, ""tcgdexCardId"": null, ""tcgplayerProductId"": null}",catalogue_identity_retained,pokewallet_authenticated_acquire_path,run_pokewallet_authenticated_acquire_or_collector_scan,2026-10-09T10:03:49Z
pokemon|jp|24503|006/019|larousses_munchlax,ja,24503,Movie Commemoration VS Pack: Sky-Splitting Deoxys,006/019,LaRousses Munchlax,auth_only_source_no_alternate,"skip:api.pokewallet.io:pokewallet_auth_gated_no_bypass,skip:api.pokewallet.io:pokewallet_auth_gated_no_bypass,set_map:ambiguous_set_name:-",api.pokewallet.io,"{""pokemonTcgApiId"": null, ""pricechartingId"": null, ""tcgdexCardId"": null, ""tcgplayerProductId"": null}",catalogue_identity_retained,pokewallet_authenticated_acquire_path,run_pokewallet_authenticated_acquire_or_collector_scan,2026-10-09T10:03:49Z
pokemon|jp|24503|007/019|audreys_masquerain,ja,24503,Movie Commemoration VS Pack: Sky-Splitting Deoxys,007/019,Audreys Masquerain,auth_only_source_no_alternate,"skip:api.pokewallet.io:pokewallet_auth_gated_no_bypass,skip:api.pokewallet.io:pokewallet_auth_gated_no_bypass,set_map:ambiguous_set_name:-",api.pokewallet.io,"{""pokemonTcgApiId"": null, ""pricechartingId"": null, ""tcgdexCardId"": null, ""tcgplayerProductId"": null}",catalogue_identity_retained,pokewallet_authenticated_acquire_path,run_pokewallet_authenticated_acquire_or_collector_scan,2026-10-09T10:03:49Z
pokemon|jp|24503|008/019|kathryns_surskit,ja,24503,Movie Commemoration VS Pack: Sky-Splitting Deoxys,008/019,Kathryns Surskit,auth_only_source_no_alternate,"skip:api.pokewallet.io:pokewallet_auth_gated_no_bypass,skip:api.pokewallet.io:pokewallet_auth_gated_no_bypass,set_map:ambiguous_set_name:-",api.pokewallet.io,"{""pokemonTcgApiId"": null, ""pricechartingId"": null, ""tcgdexCardId"": null, ""tcgplayerProductId"": null}",catalogue_identity_retained,pokewallet_authenticated_acquire_path,run_pokewallet_authenticated_acquire_or_collector_scan,2026-10-09T10:03:49Z
pokemon|jp|24503|009/019|ashs_torkoal,ja,24503,Movie Commemoration VS Pack: Sky-Splitting Deoxys,009/019,Ashs Torkoal,auth_only_source_no_alternate,"skip:api.pokewallet.io:pokewallet_auth_gated_no_bypass,skip:api.pokewallet.io:pokewallet_auth_gated_no_bypass,set_map:ambiguous_set_name:-",api.pokewallet.io,"{""pokemonTcgApiId"": null, ""pricechartingId"": null, ""tcgdexCardId"": null, ""tcgplayerProductId"": null}",catalogue_identity_retained,pokewallet_authenticated_acquire_path,run_pokewallet_authenticated_acquire_or_collector_scan,2026-10-09T10:03:49Z
pokemon|jp|24503|010/019|sids_blastoise,ja,24503,Movie Commemoration VS Pack: Sky-Splitting Deoxys,010/019,Sids Blastoise,auth_only_source_no_alternate,"skip:api.pokewallet.io:pokewallet_auth_gated_no_bypass,skip:api.pokewallet.io:pokewallet_auth_gated_no_bypass,set_map:ambiguous_set_name:-",api.pokewallet.io,"{""pokemonTcgApiId"": null, ""pricechartingId"": null, ""tcgdexCardId"": null, ""tcgplayerProductId"": null}",catalogue_identity_retained,pokewallet_authenticated_acquire_path,run_pokewallet_authenticated_acquire_or_collector_scan,2026-10-09T10:03:49Z
pokemon|jp|24503|011/019|rebeccas_metagross,ja,24503,Movie Commemoration VS Pack: Sky-Splitting Deoxys,011/019,Rebeccas Metagross,auth_only_source_no_alternate,"skip:api.pokewallet.io:pokewallet_auth_gated_no_bypass,skip:api.pokewallet.io:pokewallet_auth_gated_no_bypass,set_map:ambiguous_set_name:-",api.pokewallet.io,"{""pokemonTcgApiId"": null, ""pricechartingId"": null, ""tcgdexCardId"": null, ""tcgplayerProductId"": null}",catalogue_identity_retained,pokewallet_authenticated_acquire_path,run_pokewallet_authenticated_acquire_or_collector_scan,2026-10-09T10:03:49Z
pokemon|jp|24503|012/019|rafes_blaziken,ja,24503,Movie Commemoration VS Pack: Sky-Splitting Deoxys,012/019,Rafes Blaziken,auth_only_source_no_alternate,"skip:api.pokewallet.io:pokewallet_auth_gated_no_bypass,skip:api.pokewallet.io:pokewallet_auth_gated_no_bypass,set_map:ambiguous_set_name:-",api.pokewallet.io,"{""pokemonTcgApiId"": null, ""pricechartingId"": null, ""tcgdexCardId"": null, ""tcgplayerProductId"": null}",catalogue_identity_retained,pokewallet_authenticated_acquire_path,run_pokewallet_authenticated_acquire_or_collector_scan,2026-10-09T10:03:49Z
pokemon|jp|24503|013/019|energy_switch,ja,24503,Movie Commemoration VS Pack: Sky-Splitting Deoxys,013/019,Energy Switch,auth_only_source_no_alternate,"skip:api.pokewallet.io:pokewallet_auth_gated_no_bypass,skip:api.pokewallet.io:pokewallet_auth_gated_no_bypass,set_map:ambiguous_set_name:-",api.pokewallet.io,"{""pokemonTcgApiId"": null, ""pricechartingId"": null, ""tcgdexCardId"": null, ""tcgplayerProductId"": null}",catalogue_identity_retained,pokewallet_authenticated_acquire_path,run_pokewallet_authenticated_acquire_or_collector_scan,2026-10-09T10:03:49Z
pokemon|jp|24503|014/019|energy_search,ja,24503,Movie Commemoration VS Pack: Sky-Splitting Deoxys,014/019,Energy Search,auth_only_source_no_alternate,"skip:api.pokewallet.io:pokewallet_auth_gated_no_bypass,skip:api.pokewallet.io:pokewallet_auth_gated_no_bypass,set_map:ambiguous_set_name:-",api.pokewallet.io,"{""pokemonTcgApiId"": null, ""pricechartingId"": null, ""tcgdexCardId"": null, ""tcgplayerProductId"": null}",catalogue_identity_retained,pokewallet_authenticated_acquire_path,run_pokewallet_authenticated_acquire_or_collector_scan,2026-10-09T10:03:49Z
pokemon|jp|24503|018/019|strength_charm,ja,24503,Movie Commemoration VS Pack: Sky-Splitting Deoxys,018/019,Strength Charm,auth_only_source_no_alternate,"skip:api.pokewallet.io:pokewallet_auth_gated_no_bypass,skip:api.pokewallet.io:pokewallet_auth_gated_no_bypass,set_map:ambiguous_set_name:-",api.pokewallet.io,"{""pokemonTcgApiId"": null, ""pricechartingId"": null, ""tcgdexCardId"": null, ""tcgplayerProductId"": null}",catalogue_identity_retained,pokewallet_authenticated_acquire_path,run_pokewallet_authenticated_acquire_or_collector_scan,2026-10-09T10:03:49Z
pokemon|jp|24503|019/019|magnetic_storm,ja,24503,Movie Commemoration VS Pack: Sky-Splitting Deoxys,019/019,Magnetic Storm,auth_only_source_no_alternate,"skip:api.pokewallet.io:pokewallet_auth_gated_no_bypass,skip:api.pokewallet.io:pokewallet_auth_gated_no_bypass,set_map:ambiguous_set_name:-",api.pokewallet.io,"{""pokemonTcgApiId"": null, ""pricechartingId"": null, ""tcgdexCardId"": null, ""tcgplayerProductId"": null}",catalogue_identity_retained,pokewallet_authenticated_acquire_path,run_pokewallet_authenticated_acquire_or_collector_scan,2026-10-09T10:03:49Z
pokemon|jp|m6|071/076|legendary_marine_trench_071_076,ja,m6,ストームエメラルダ,071/076,Legendary Marine Trench 071 076,not_yet_resolved,"api.pokewallet.io,cardscanr-images.andygore149.workers.dev,images.scrydex.com",cardscanr-images.andygore149.workers.dev,"{""pokemonTcgApiId"": null, ""pricechartingId"": null, ""tcgdexCardId"": null, ""tcgplayerProductId"": null}",catalogue_identity_retained,pokewallet_authenticated_acquire_path,manual_or_new_permitted_source,2026-10-09T10:03:49Z
pokemon|jp|m6|073/076|legendary_summit_073_076,ja,m6,ストームエメラルダ,073/076,Legendary Summit 073 076,not_yet_resolved,"api.pokewallet.io,cardscanr-images.andygore149.workers.dev,images.scrydex.com",cardscanr-images.andygore149.workers.dev,"{""pokemonTcgApiId"": null, ""pricechartingId"": null, ""tcgdexCardId"": null, ""tcgplayerProductId"": null}",catalogue_identity_retained,pokewallet_authenticated_acquire_path,manual_or_new_permitted_source,2026-10-09T10:03:49Z
pokemon|jp|m6|075/076|legendary_lava_tube_075_076,ja,m6,ストームエメラルダ,075/076,Legendary Lava Tube 075 076,not_yet_resolved,"api.pokewallet.io,cardscanr-images.andygore149.workers.dev,images.scrydex.com",cardscanr-images.andygore149.workers.dev,"{""pokemonTcgApiId"": null, ""pricechartingId"": null, ""tcgdexCardId"": null, ""tcgplayerProductId"": null}",catalogue_identity_retained,pokewallet_authenticated_acquire_path,manual_or_new_permitted_source,2026-10-09T10:03:49Z
